{"Epoch ": 29, "Training loss ": 2.2864439064969777, "Training accuracy ": 0.31225925925925924, "Validation loss ": 2.2864427088705592, "Validation accuracy ": 0.31433333333333335, "Testing loss ": 2.286480645829931, "Testing accuracy ": 0.3062, "_timestamp": 1709306652.7298956, "_runtime": 57.20089054107666, "_step": 59, "confusion_matrix_table": {"_type": "table-file", "sha256": "6e8582c999ca48b6fc0f607c25b65fcd8e742ed5d0f29c2a150617a9e3f3d9fc", "size": 3179, "artifact_path": "wandb-client-artifact://8t64agbee9ozxqo0x0vurwkym8vebuxgtdjelhxs0609m881rn7c7ztcp6css31mac2bme4ns50uur4i1v3fbuw5fg6e7k49o72r5v19wqzcmqr1ztvpewwhrlqggygj:latest/confusion_matrix_table.table.json", "_latest_artifact_path": "wandb-client-artifact://8t64agbee9ozxqo0x0vurwkym8vebuxgtdjelhxs0609m881rn7c7ztcp6css31mac2bme4ns50uur4i1v3fbuw5fg6e7k49o72r5v19wqzcmqr1ztvpewwhrlqggygj:latest/confusion_matrix_table.table.json", "path": "media/table/confusion_matrix_table_59_6e8582c999ca48b6fc0f.table.json", "ncols": 3, "nrows": 100}, "_wandb": {"runtime": 56}}