{"Epoch ": 24, "Training loss ": 0.1787776368830009, "Training accuracy ": 0.9342777777777778, "Validation loss ": 0.3467791779145402, "Validation accuracy ": 0.8883333333333333, "Testing loss ": 0.3771239901730353, "Testing accuracy ": 0.8821, "_timestamp": 1709134947.5988758, "_runtime": 435.85675287246704, "_step": 49, "confusion_matrix_table": {"_type": "table-file", "sha256": "4cca90bb9111afbaf75838a7ef2f0102b91e7b554fad0533858d51755aaea50b", "size": 3172, "artifact_path": "wandb-client-artifact://03bk7phlvse7wkas3joh09m6t5dlvgb3xz3le659r8q67d4rinirg5cce61wwknxcy1enhupq9wfxn6sna0s7d7tmhwdymb4e8xv5p1q9c3k0plqbt9x2pm8vhg4ewy4:latest/confusion_matrix_table.table.json", "_latest_artifact_path": "wandb-client-artifact://03bk7phlvse7wkas3joh09m6t5dlvgb3xz3le659r8q67d4rinirg5cce61wwknxcy1enhupq9wfxn6sna0s7d7tmhwdymb4e8xv5p1q9c3k0plqbt9x2pm8vhg4ewy4:latest/confusion_matrix_table.table.json", "path": "media/table/confusion_matrix_table_49_4cca90bb9111afbaf758.table.json", "ncols": 3, "nrows": 100}, "_wandb": {"runtime": 435}}