{"Epoch ": 24, "Training loss ": 0.2034736953359949, "Training accuracy ": 0.9256851851851852, "Validation loss ": 0.28696769077742357, "Validation accuracy ": 0.8961666666666667, "Testing loss ": 0.3236721087476752, "Testing accuracy ": 0.8866, "_timestamp": 1709128462.1455324, "_runtime": 124.36483240127563, "_step": 49, "confusion_matrix_table": {"_type": "table-file", "sha256": "14503e7735a280dd72474b7b0102f71b7c5c5ff5dbbab827de8a7253932dd530", "size": 3171, "artifact_path": "wandb-client-artifact://fkkv7rvchrmmtnv3ujnp7ssnqnpo9zqdxco379ykfjwe404fxlucxnjz92m3jakqdjz2tm6np3j8rf734deqhiry2vo2wq7d67gyocz60f4ha0cwaypbtp7ymdyzyzox:latest/confusion_matrix_table.table.json", "_latest_artifact_path": "wandb-client-artifact://fkkv7rvchrmmtnv3ujnp7ssnqnpo9zqdxco379ykfjwe404fxlucxnjz92m3jakqdjz2tm6np3j8rf734deqhiry2vo2wq7d67gyocz60f4ha0cwaypbtp7ymdyzyzox:latest/confusion_matrix_table.table.json", "path": "media/table/confusion_matrix_table_49_14503e7735a280dd7247.table.json", "ncols": 3, "nrows": 100}, "_wandb": {"runtime": 123}}