{"Epoch ": 24, "Training loss ": 0.28414490606595005, "Training accuracy ": 0.8962592592592593, "Validation loss ": 0.40270416559943534, "Validation accuracy ": 0.8688333333333333, "Testing loss ": 0.4215083636122757, "Testing accuracy ": 0.8628, "_timestamp": 1709405396.3541873, "_runtime": 59.736706256866455, "_step": 49, "confusion_matrix_table": {"_type": "table-file", "sha256": "b0165baf879762439d43a9973c615ba9c1f622e46798e0a68ac95568d2547d5c", "size": 3173, "artifact_path": "wandb-client-artifact://1gfsbwai8fyprpbcz1s38tiyzvqbjz2i6usjb8qxdw80mpn1tic4cka9ttinxfkrm6pu54oxdw6o93wq01i3gf1v8cqi4095dexfx6afsx916633b5facbf5kr63woy0:latest/confusion_matrix_table.table.json", "_latest_artifact_path": "wandb-client-artifact://1gfsbwai8fyprpbcz1s38tiyzvqbjz2i6usjb8qxdw80mpn1tic4cka9ttinxfkrm6pu54oxdw6o93wq01i3gf1v8cqi4095dexfx6afsx916633b5facbf5kr63woy0:latest/confusion_matrix_table.table.json", "path": "media/table/confusion_matrix_table_49_b0165baf879762439d43.table.json", "ncols": 3, "nrows": 100}, "_wandb": {"runtime": 59}}