{"Epoch ": 4, "Training loss ": 0.7167388850348194, "Training accuracy ": 0.28985185185185186, "Validation loss ": 0.7164747431397359, "Validation accuracy ": 0.2896666666666667, "Testing loss ": 0.7189812413164997, "Testing accuracy ": 0.2879, "_timestamp": 1709400548.9625046, "_runtime": 22.316405534744263, "_step": 9, "confusion_matrix_table": {"_type": "table-file", "sha256": "559ff975e73c394a767a5b15712fd40b42545d3292db38c6440260c46fedfce7", "size": 3150, "artifact_path": "wandb-client-artifact://946ek8cuwxo6glalirjc1cdrcjvzv0w1wpdzidven7j7kg3hw5kpoen9cebo07mhz5yw65frpcptfb60zbd35vrdc2n9cexbivwh1lbedfh9yp88wc63g99rfio9nz9r:latest/confusion_matrix_table.table.json", "_latest_artifact_path": "wandb-client-artifact://946ek8cuwxo6glalirjc1cdrcjvzv0w1wpdzidven7j7kg3hw5kpoen9cebo07mhz5yw65frpcptfb60zbd35vrdc2n9cexbivwh1lbedfh9yp88wc63g99rfio9nz9r:latest/confusion_matrix_table.table.json", "path": "media/table/confusion_matrix_table_9_559ff975e73c394a767a.table.json", "ncols": 3, "nrows": 100}, "_wandb": {"runtime": 21}}