{"Epoch ": 0, "Training loss ": 2.302574917135243, "Training accuracy ": 0.11098148148148149, "Validation loss ": 2.302574918730473, "Validation accuracy ": 0.11216666666666666, "Testing loss ": 2.302574920130353, "Testing accuracy ": 0.1116, "_timestamp": 1709043551.6278298, "_runtime": 9.652057886123657, "_step": 0, "_wandb": {"runtime": 8}}