{"Epoch ": 19, "Training loss ": 0.3589687052114671, "Training accuracy ": 0.8689814814814815, "Validation loss ": 0.4398885009209968, "Validation accuracy ": 0.8453333333333334, "Testing loss ": 0.4522951307818409, "Testing accuracy ": 0.8418, "_timestamp": 1709286675.385843, "_runtime": 52.41436004638672, "_step": 39, "confusion_matrix_table": {"_type": "table-file", "sha256": "2238391cf25f72c50d4fc4224ba76dd99d75a052eac915e1d415603251dc2a9f", "size": 3173, "artifact_path": "wandb-client-artifact://gkl7r3lme82g8trcztk9nx8xfx9g1g7ktjrdnf6c8gxj0bugtd4bqumnh2gcoueicnj8lvfikjpuaxqjtwwwwnjt4cnybx0ucdeenfj4myplfvigv39f0hrznozna193:latest/confusion_matrix_table.table.json", "_latest_artifact_path": "wandb-client-artifact://gkl7r3lme82g8trcztk9nx8xfx9g1g7ktjrdnf6c8gxj0bugtd4bqumnh2gcoueicnj8lvfikjpuaxqjtwwwwnjt4cnybx0ucdeenfj4myplfvigv39f0hrznozna193:latest/confusion_matrix_table.table.json", "path": "media/table/confusion_matrix_table_39_2238391cf25f72c50d4f.table.json", "ncols": 3, "nrows": 100}, "_wandb": {"runtime": 51}}