{"Epoch ": 9, "Training loss ": 0.29088099454284116, "Training accuracy ": 0.8937962962962963, "Validation loss ": 0.3506579166320204, "Validation accuracy ": 0.8776666666666667, "Testing loss ": 0.3791905887964347, "Testing accuracy ": 0.8627, "_timestamp": 1709129987.5520751, "_runtime": 51.488747119903564, "_step": 19, "confusion_matrix_table": {"_type": "table-file", "sha256": "85933d55f38f818bc8da91ed154e726f1ce29ba000a2563f2bead412518596c5", "size": 3171, "artifact_path": "wandb-client-artifact://kn2d09c83jje0mkfcsqf73om1knzum2rdv5pu2ytvq5fhlvr1v2vgs70l0g7r6ouy7tq2d7en30nrgy8vj5a0l79yqdep36e1nqvb48gxoj8kt1wi1yh64h9z6k7rl61:latest/confusion_matrix_table.table.json", "_latest_artifact_path": "wandb-client-artifact://kn2d09c83jje0mkfcsqf73om1knzum2rdv5pu2ytvq5fhlvr1v2vgs70l0g7r6ouy7tq2d7en30nrgy8vj5a0l79yqdep36e1nqvb48gxoj8kt1wi1yh64h9z6k7rl61:latest/confusion_matrix_table.table.json", "path": "media/table/confusion_matrix_table_19_85933d55f38f818bc8da.table.json", "ncols": 3, "nrows": 100}, "_wandb": {"runtime": 50}}