{"Epoch ": 4, "Training loss ": 0.47518673363408487, "Training accuracy ": 0.8384814814814815, "Validation loss ": 0.5180652861521136, "Validation accuracy ": 0.8226666666666667, "Testing loss ": 0.5336314606489228, "Testing accuracy ": 0.8182, "_timestamp": 1709128052.0338118, "_runtime": 44.95375370979309, "_step": 9, "confusion_matrix_table": {"_type": "table-file", "sha256": "3c5734ec8893fb1c74edb50575be670fb39b3da552b0a6e9026d6283e3df9d89", "size": 3180, "artifact_path": "wandb-client-artifact://az5hawxh5gjchwci9t0r1lz6ld6at5hbn1bgtjvn303y928pf1b0hdji739tbme4wwg28pe39vjbrawh1v9lu3sfsisdyzcj8y37lcpozprag0x8k2f0twtthxsn0g7z:latest/confusion_matrix_table.table.json", "_latest_artifact_path": "wandb-client-artifact://az5hawxh5gjchwci9t0r1lz6ld6at5hbn1bgtjvn303y928pf1b0hdji739tbme4wwg28pe39vjbrawh1v9lu3sfsisdyzcj8y37lcpozprag0x8k2f0twtthxsn0g7z:latest/confusion_matrix_table.table.json", "path": "media/table/confusion_matrix_table_9_3c5734ec8893fb1c74ed.table.json", "ncols": 3, "nrows": 100}, "_wandb": {"runtime": 44}}