{"Epoch ": 29, "Training loss ": 0.29798843338598135, "Training accuracy ": 0.8946666666666667, "Validation loss ": 0.32605461663863844, "Validation accuracy ": 0.8845, "Testing loss ": 0.3622777776073964, "Testing accuracy ": 0.8727, "_timestamp": 1709289615.879923, "_runtime": 401.0846891403198, "_step": 59, "confusion_matrix_table": {"_type": "table-file", "sha256": "5c87d4bc563282b948057b50eca21563324fc97678bf4408d9643e242827a3f5", "size": 3173, "artifact_path": "wandb-client-artifact://fnvjqdzsaf7r476x0r50k03o20mf9xesh3l6973wxjm7j5o8dyvovdgwljd98k51c86n10pzefngdssq1utz98vw2ujakx9lsbg7aw4gls7257c3fhe72dpncype6fz1:latest/confusion_matrix_table.table.json", "_latest_artifact_path": "wandb-client-artifact://fnvjqdzsaf7r476x0r50k03o20mf9xesh3l6973wxjm7j5o8dyvovdgwljd98k51c86n10pzefngdssq1utz98vw2ujakx9lsbg7aw4gls7257c3fhe72dpncype6fz1:latest/confusion_matrix_table.table.json", "path": "media/table/confusion_matrix_table_59_5c87d4bc563282b94805.table.json", "ncols": 3, "nrows": 100}, "_wandb": {"runtime": 400}}