{"Epoch ": 24, "Training loss ": 0.21480509322010846, "Training accuracy ": 0.9213888888888889, "Validation loss ": 0.3530119097528133, "Validation accuracy ": 0.8806666666666667, "Testing loss ": 0.3755511209889187, "Testing accuracy ": 0.8752, "_timestamp": 1709412538.071575, "_runtime": 55.56213593482971, "_step": 49, "confusion_matrix_table": {"_type": "table-file", "sha256": "c89a807a216acfb39fde84c2c12d54df73b7c5e2254c8dd9e99dbbba39af7aed", "size": 3168, "artifact_path": "wandb-client-artifact://cbpa81c7525lnzra3sgk3m184zoad8jizyyobxrr7h0j64grdcv5wfqvpy8f39ub7r7oa0yn3pqca7ldu0egn9w9etzdo4s7xxltic7ewkwwg80lzl74vqouo5zxvsor:latest/confusion_matrix_table.table.json", "_latest_artifact_path": "wandb-client-artifact://cbpa81c7525lnzra3sgk3m184zoad8jizyyobxrr7h0j64grdcv5wfqvpy8f39ub7r7oa0yn3pqca7ldu0egn9w9etzdo4s7xxltic7ewkwwg80lzl74vqouo5zxvsor:latest/confusion_matrix_table.table.json", "path": "media/table/confusion_matrix_table_49_c89a807a216acfb39fde.table.json", "ncols": 3, "nrows": 100}, "_wandb": {"runtime": 54}}