{"Epoch ": 4, "Training loss ": 0.41380482599142293, "Training accuracy ": 0.8459814814814814, "Validation loss ": 0.4329956568178372, "Validation accuracy ": 0.84, "Testing loss ": 0.46781455569810504, "Testing accuracy ": 0.8265, "_timestamp": 1709129417.0999675, "_runtime": 23.276424407958984, "_step": 9, "confusion_matrix_table": {"_type": "table-file", "sha256": "49d81ea01df29ebc4eaf56873249c846e97c017f48fe3710589fb846e534978f", "size": 3175, "artifact_path": "wandb-client-artifact://592pri3lx2rpe7ne6z4ljmgp0i5avumctb0g53t9ivs5r858mpbl3kwmlr8wd8cxgz45px9mz87c4h4bbxzesifrkgiau1qw3k56yid8ht3u0ary56e6tliopzrdhaj1:latest/confusion_matrix_table.table.json", "_latest_artifact_path": "wandb-client-artifact://592pri3lx2rpe7ne6z4ljmgp0i5avumctb0g53t9ivs5r858mpbl3kwmlr8wd8cxgz45px9mz87c4h4bbxzesifrkgiau1qw3k56yid8ht3u0ary56e6tliopzrdhaj1:latest/confusion_matrix_table.table.json", "path": "media/table/confusion_matrix_table_9_49d81ea01df29ebc4eaf.table.json", "ncols": 3, "nrows": 100}, "_wandb": {"runtime": 22}}