{"Epoch ": 14, "Training loss ": 0.15662268511596483, "Training accuracy ": 0.8918148148148148, "Validation loss ": 0.18190299003998492, "Validation accuracy ": 0.872, "Testing loss ": 0.19089767472775182, "Testing accuracy ": 0.87, "_timestamp": 1709581909.93142, "_runtime": 37.687050104141235, "_step": 29, "confusion_matrix_table": {"_type": "table-file", "sha256": "248c3cbb7c495b41a7215ca1f954623ea6e1154cafb4b13ffc974d30551bdde5", "size": 3171, "artifact_path": "wandb-client-artifact://l15ta02q2bkadc6k1x8ep65qqeu0eb3ryb23qdp9bkcwt8rjf6iwrypcvddd5l6x5hx0i86r7ie7v9527hymoax7rqdutky07vvjy0i7rcttf33vql4j24d9w5r6ksmw:latest/confusion_matrix_table.table.json", "_latest_artifact_path": "wandb-client-artifact://l15ta02q2bkadc6k1x8ep65qqeu0eb3ryb23qdp9bkcwt8rjf6iwrypcvddd5l6x5hx0i86r7ie7v9527hymoax7rqdutky07vvjy0i7rcttf33vql4j24d9w5r6ksmw:latest/confusion_matrix_table.table.json", "path": "media/table/confusion_matrix_table_29_248c3cbb7c495b41a721.table.json", "ncols": 3, "nrows": 100}, "_wandb": {"runtime": 36}}