{"Epoch ": 29, "Training loss ": 0.2831766979555272, "Training accuracy ": 0.894537037037037, "Validation loss ": 0.415922085179307, "Validation accuracy ": 0.8578333333333333, "Testing loss ": 0.4465676417248911, "Testing accuracy ": 0.8536, "_timestamp": 1709287188.0026495, "_runtime": 82.83663964271545, "_step": 59, "confusion_matrix_table": {"_type": "table-file", "sha256": "8932cc4b34bacb247c617de8419826bccfb30b46aeb0d81bcd9d65697af650a2", "size": 3173, "artifact_path": "wandb-client-artifact://6h3seoowgi9ivaxb65nd6fx9hbyeu7s8ks4yj950a0iehzzktsc96h40rg4s1b3jzj2p13t1lxpgurg4oeaii4sdxkow7mgpmndp74iujkcwiwhtke27g4cl51d3i17m:latest/confusion_matrix_table.table.json", "_latest_artifact_path": "wandb-client-artifact://6h3seoowgi9ivaxb65nd6fx9hbyeu7s8ks4yj950a0iehzzktsc96h40rg4s1b3jzj2p13t1lxpgurg4oeaii4sdxkow7mgpmndp74iujkcwiwhtke27g4cl51d3i17m:latest/confusion_matrix_table.table.json", "path": "media/table/confusion_matrix_table_59_8932cc4b34bacb247c61.table.json", "ncols": 3, "nrows": 100}, "_wandb": {"runtime": 82}}