{"Epoch ": 19, "Training loss ": 0.18253141487146934, "Training accuracy ": 0.8777962962962963, "Validation loss ": 0.1901972153354668, "Validation accuracy ": 0.8715, "Testing loss ": 0.20732677242654043, "Testing accuracy ": 0.8588, "_timestamp": 1709301855.8906672, "_runtime": 104.38565921783447, "_step": 39, "confusion_matrix_table": {"_type": "table-file", "sha256": "69dba2364a3e847e2e3c0250feaa23d5b64d5c4028f073bdb6e10cd8d7c3ea99", "size": 3173, "artifact_path": "wandb-client-artifact://ww3ch084pt4qy8rf2bj8tgge7ox799nai427y377wqau2g6vvm2omok856c1ta7rlkmiv5j30simc9lp3iby14en1bc0fhfyjg1q5kccbo6g6sdysqw130xmfokbbve1:latest/confusion_matrix_table.table.json", "_latest_artifact_path": "wandb-client-artifact://ww3ch084pt4qy8rf2bj8tgge7ox799nai427y377wqau2g6vvm2omok856c1ta7rlkmiv5j30simc9lp3iby14en1bc0fhfyjg1q5kccbo6g6sdysqw130xmfokbbve1:latest/confusion_matrix_table.table.json", "path": "media/table/confusion_matrix_table_39_69dba2364a3e847e2e3c.table.json", "ncols": 3, "nrows": 100}, "_wandb": {"runtime": 103}}