{"Epoch ": 14, "Training loss ": 0.19229323333366197, "Training accuracy ": 0.8698148148148148, "Validation loss ": 0.19406775031338763, "Validation accuracy ": 0.8673333333333333, "Testing loss ": 0.21167268327111816, "Testing accuracy ": 0.8564, "_timestamp": 1709628455.2818038, "_runtime": 34.89598274230957, "_step": 29, "confusion_matrix_table": {"_type": "table-file", "sha256": "244febc09381c5dcf9a207e5f5f1145b82c1919766abaf7c202a52f2e2426450", "size": 3171, "artifact_path": "wandb-client-artifact://gea1eqfm5hh08tf2hg4450fc2zgq5zgbdx1po2m363jvga78gwhidh8xxfzbwykqt42hjg84hjxgw5khdaot7bogvusso70yiqnjqxa7u1oa1nfhgb0db5m7mvs2k3y4:latest/confusion_matrix_table.table.json", "_latest_artifact_path": "wandb-client-artifact://gea1eqfm5hh08tf2hg4450fc2zgq5zgbdx1po2m363jvga78gwhidh8xxfzbwykqt42hjg84hjxgw5khdaot7bogvusso70yiqnjqxa7u1oa1nfhgb0db5m7mvs2k3y4:latest/confusion_matrix_table.table.json", "path": "media/table/confusion_matrix_table_29_244febc09381c5dcf9a2.table.json", "ncols": 3, "nrows": 100}, "_wandb": {"runtime": 34}}