{"Epoch ": 29, "Training loss ": 0.47388291324951143, "Training accuracy ": 0.8380555555555556, "Validation loss ": 0.4804010417613694, "Validation accuracy ": 0.8341666666666666, "Testing loss ": 0.5016493226310725, "Testing accuracy ": 0.8253, "_timestamp": 1709131756.3283193, "_runtime": 120.76991724967957, "_step": 59, "confusion_matrix_table": {"_type": "table-file", "sha256": "54c5100fdbf417b4ff358cf2d546e5e5ce08699741534b76789e81ccd738d61a", "size": 3178, "artifact_path": "wandb-client-artifact://bkvsh7159skh3xyzdc8zjf5d5egj2puasu94q3zkx9ntlh1chq3v9080pckhsx3lwmrwtm6uwo8kwo7g6e5wk9hdl4j2bk1gzmdt7do9p8khd60mwdv09e85wq5kudpl:latest/confusion_matrix_table.table.json", "_latest_artifact_path": "wandb-client-artifact://bkvsh7159skh3xyzdc8zjf5d5egj2puasu94q3zkx9ntlh1chq3v9080pckhsx3lwmrwtm6uwo8kwo7g6e5wk9hdl4j2bk1gzmdt7do9p8khd60mwdv09e85wq5kudpl:latest/confusion_matrix_table.table.json", "path": "media/table/confusion_matrix_table_59_54c5100fdbf417b4ff35.table.json", "ncols": 3, "nrows": 100}, "_wandb": {"runtime": 119}}