{"Epoch ": 14, "Training loss ": 0.8984512059761768, "Training accuracy ": 0.25474074074074077, "Validation loss ": 0.898439792060934, "Validation accuracy ": 0.25416666666666665, "Testing loss ": 0.8984507721717552, "Testing accuracy ": 0.2541, "_timestamp": 1709145241.282562, "_runtime": 82.28227305412292, "_step": 29, "confusion_matrix_table": {"_type": "table-file", "sha256": "e015b82550b55a2ca3a0e21ad85398ef33d97dda0f4371886fc89b6c819dbba2", "size": 3165, "artifact_path": "wandb-client-artifact://2n4ik364k50p6wg6o38zs20rbammm59epvtr910kgvzlihhkgnbj5akk2mh85icav56qvenq1ag109e6rgppt84uxl7ixnc44t4r4ohclbgpfjraea7tvqf9mgpur3t1:latest/confusion_matrix_table.table.json", "_latest_artifact_path": "wandb-client-artifact://2n4ik364k50p6wg6o38zs20rbammm59epvtr910kgvzlihhkgnbj5akk2mh85icav56qvenq1ag109e6rgppt84uxl7ixnc44t4r4ohclbgpfjraea7tvqf9mgpur3t1:latest/confusion_matrix_table.table.json", "path": "media/table/confusion_matrix_table_29_e015b82550b55a2ca3a0.table.json", "ncols": 3, "nrows": 100}, "_wandb": {"runtime": 81}}