{"Epoch ": 29, "Training loss ": 0.31610366388692157, "Training accuracy ": 0.8886851851851851, "Validation loss ": 0.35569712197000636, "Validation accuracy ": 0.8746666666666667, "Testing loss ": 0.37456317033968967, "Testing accuracy ": 0.8674, "_timestamp": 1709132336.3139794, "_runtime": 144.19756937026978, "_step": 59, "confusion_matrix_table": {"_type": "table-file", "sha256": "f077ea38153f08303a20d57c242de0cdbcc521b3eeea381d42b39771185c0713", "size": 3173, "artifact_path": "wandb-client-artifact://aph5211cadiuw13nj4b0l9n62jkwvn63qi9pi8fxqmehfswnn1zcp0ayqr5cscb25g9f99875wzifjtcrdlphuwvrlod9wby01b34b7r5t07aq4hgpg80wxl5vsl7g7q:latest/confusion_matrix_table.table.json", "_latest_artifact_path": "wandb-client-artifact://aph5211cadiuw13nj4b0l9n62jkwvn63qi9pi8fxqmehfswnn1zcp0ayqr5cscb25g9f99875wzifjtcrdlphuwvrlod9wby01b34b7r5t07aq4hgpg80wxl5vsl7g7q:latest/confusion_matrix_table.table.json", "path": "media/table/confusion_matrix_table_59_f077ea38153f08303a20.table.json", "ncols": 3, "nrows": 100}, "_wandb": {"runtime": 143}}