{"Epoch ": 19, "Training loss ": 0.5392106983283581, "Training accuracy ": 0.8115185185185185, "Validation loss ": 0.5905919180215657, "Validation accuracy ": 0.8003333333333333, "Testing loss ": 0.6240842116898966, "Testing accuracy ": 0.7947, "_timestamp": 1709106872.315096, "_runtime": 47.489420890808105, "_step": 39, "confusion_matrix_table": {"_type": "table-file", "sha256": "15572f1085438341647712af127fd7781e999f57ec39397fed9556061f3069bd", "size": 3175, "artifact_path": "wandb-client-artifact://ilz5202yhgqesdevav836idb0am4z7dh5mx35cr6073p9569gg7en3dge4gh097a3y97k5ae9the425fhnt00a50mdrtdx2owcg5ivk5h8f734ntf7amuk5ym0wg7zpp:latest/confusion_matrix_table.table.json", "_latest_artifact_path": "wandb-client-artifact://ilz5202yhgqesdevav836idb0am4z7dh5mx35cr6073p9569gg7en3dge4gh097a3y97k5ae9the425fhnt00a50mdrtdx2owcg5ivk5h8f734ntf7amuk5ym0wg7zpp:latest/confusion_matrix_table.table.json", "path": "media/table/confusion_matrix_table_39_15572f10854383416477.table.json", "ncols": 3, "nrows": 100}, "_wandb": {"runtime": 46}}