{"Epoch ": 24, "Training loss ": 0.23831269564934973, "Training accuracy ": 0.8392037037037037, "Validation loss ": 0.23392465620331654, "Validation accuracy ": 0.8443333333333334, "Testing loss ": 0.2523700327513798, "Testing accuracy ": 0.8256, "_timestamp": 1709537150.775884, "_runtime": 35.476786851882935, "_step": 49, "confusion_matrix_table": {"_type": "table-file", "sha256": "287c48d4ac259f1a287bb9be26896da1874dff8f75a6ce1b75f56cfcf254fc1a", "size": 3177, "artifact_path": "wandb-client-artifact://cgdchrk86pad84cby3m0ayft9c3wws7p8raki354lnlbx5i5l0tcvoz2s3mmb0t6udes3eyfz620qrmbl8sfyoj7i4z49go66dxg3q33n5i4uosn0d5926wmsbb67cmv:latest/confusion_matrix_table.table.json", "_latest_artifact_path": "wandb-client-artifact://cgdchrk86pad84cby3m0ayft9c3wws7p8raki354lnlbx5i5l0tcvoz2s3mmb0t6udes3eyfz620qrmbl8sfyoj7i4z49go66dxg3q33n5i4uosn0d5926wmsbb67cmv:latest/confusion_matrix_table.table.json", "path": "media/table/confusion_matrix_table_49_287c48d4ac259f1a287b.table.json", "ncols": 3, "nrows": 100}, "_wandb": {"runtime": 34}}