{"Epoch ": 24, "Training loss ": 0.09305265438331223, "Training accuracy ": 0.9379444444444445, "Validation loss ": 0.14925693338758103, "Validation accuracy ": 0.8983333333333333, "Testing loss ": 0.16865417384118073, "Testing accuracy ": 0.8867, "_timestamp": 1709577901.8066628, "_runtime": 438.61298179626465, "_step": 49, "confusion_matrix_table": {"_type": "table-file", "sha256": "788a5e1286d985446a7fa4e9b42a5abcd8ab32b3db65ca1d0c6d0b4bf3d66e0a", "size": 3167, "artifact_path": "wandb-client-artifact://pklytg0ollg2jhdny0lda7hnoi0qqvy3exhwbwv4a0hg4detk7bbnqtu6axtjdukjid2gkg0pfaqfvnyhz55kb9lcf30rqz9j60ds3gl2viuiye3mmshvm56lstkav9i:latest/confusion_matrix_table.table.json", "_latest_artifact_path": "wandb-client-artifact://pklytg0ollg2jhdny0lda7hnoi0qqvy3exhwbwv4a0hg4detk7bbnqtu6axtjdukjid2gkg0pfaqfvnyhz55kb9lcf30rqz9j60ds3gl2viuiye3mmshvm56lstkav9i:latest/confusion_matrix_table.table.json", "path": "media/table/confusion_matrix_table_49_788a5e1286d985446a7f.table.json", "ncols": 3, "nrows": 100}, "_wandb": {"runtime": 437}}