{"Epoch ": 4, "Training loss ": 0.5958758486607735, "Training accuracy ": 0.7973888888888889, "Validation loss ": 0.614892836839178, "Validation accuracy ": 0.7906666666666666, "Testing loss ": 0.6220359258153682, "Testing accuracy ": 0.7873, "_timestamp": 1709400929.0730455, "_runtime": 24.60749650001526, "_step": 9, "confusion_matrix_table": {"_type": "table-file", "sha256": "7cc2c5330361408df830c28cdcd805947c5f91f6ac22430ce393a92ac7205592", "size": 3178, "artifact_path": "wandb-client-artifact://62yqc6tbxxhga48sgo7vewk6ulmuqd2ioblmealwd9ouol1npcmcplsqi832ayitgew1mye7k9hlsefvxfedqqlx0379icj00vpgzbpojos050cgxez0gpcz89c10smy:latest/confusion_matrix_table.table.json", "_latest_artifact_path": "wandb-client-artifact://62yqc6tbxxhga48sgo7vewk6ulmuqd2ioblmealwd9ouol1npcmcplsqi832ayitgew1mye7k9hlsefvxfedqqlx0379icj00vpgzbpojos050cgxez0gpcz89c10smy:latest/confusion_matrix_table.table.json", "path": "media/table/confusion_matrix_table_9_7cc2c5330361408df830.table.json", "ncols": 3, "nrows": 100}, "_wandb": {"runtime": 23}}