{"Epoch ": 29, "Training loss ": 0.21037145919601902, "Training accuracy ": 0.9221851851851852, "Validation loss ": 0.3308649532293358, "Validation accuracy ": 0.8896666666666667, "Testing loss ": 0.378023969836724, "Testing accuracy ": 0.8781, "_timestamp": 1709490800.1279383, "_runtime": 723.3185791969299, "_step": 59, "confusion_matrix_table": {"_type": "table-file", "sha256": "1c1a41442e10ffda6a107ac718316f1f39ce830fb479bce42d56cf11de7fdb32", "size": 3172, "artifact_path": "wandb-client-artifact://6t4l57oztfpioza0ug1xkjfu9td5doh9bm9w9fvg1nlkoniu32ifaretls9kg1ovq2gaade6p254u6lfxaacydm1djwt8j7d1p2fovv01dncgr9s7v4wa03eypkjied5:latest/confusion_matrix_table.table.json", "_latest_artifact_path": "wandb-client-artifact://6t4l57oztfpioza0ug1xkjfu9td5doh9bm9w9fvg1nlkoniu32ifaretls9kg1ovq2gaade6p254u6lfxaacydm1djwt8j7d1p2fovv01dncgr9s7v4wa03eypkjied5:latest/confusion_matrix_table.table.json", "path": "media/table/confusion_matrix_table_59_1c1a41442e10ffda6a10.table.json", "ncols": 3, "nrows": 100}, "_wandb": {"runtime": 722}}