{"Epoch ": 19, "Training loss ": 7.827177912450371e-06, "Training accuracy ": 0.8551296296296297, "Validation loss ": 7.21512395546362e-05, "Validation accuracy ": 0.8511666666666666, "Testing loss ": 4.5918582362899837e-05, "Testing accuracy ": 0.8384, "_timestamp": 1709006043.1521056, "_runtime": 44.66002345085144, "_step": 39, "confusion_matrix_table": {"_type": "table-file", "sha256": "4b880099df8e00535e4e0ad6190d7cbe370d919d8a09d6e1d289ad1d1a333bc0", "size": 3175, "artifact_path": "wandb-client-artifact://mfw8gjuefx2vemydww7np8mrnfm2koblx8s6gb09uz8pqeznc5wdke5yarfnfp5xhd4bvwekw0ntke08tal0sufh018i302sr9snjndbavx9mazwj0er5jimso930g2q:latest/confusion_matrix_table.table.json", "_latest_artifact_path": "wandb-client-artifact://mfw8gjuefx2vemydww7np8mrnfm2koblx8s6gb09uz8pqeznc5wdke5yarfnfp5xhd4bvwekw0ntke08tal0sufh018i302sr9snjndbavx9mazwj0er5jimso930g2q:latest/confusion_matrix_table.table.json", "path": "media/table/confusion_matrix_table_39_4b880099df8e00535e4e.table.json", "ncols": 3, "nrows": 100}, "_wandb": {"runtime": 43}}