{"Epoch ": 19, "Training loss ": 0.29880180466046974, "Training accuracy ": 0.7782407407407408, "Validation loss ": 0.3059807101314862, "Validation accuracy ": 0.7758333333333334, "Testing loss ": 0.3200578570321067, "Testing accuracy ": 0.7624, "_timestamp": 1709629156.4413714, "_runtime": 48.6476194858551, "_step": 39, "confusion_matrix_table": {"_type": "table-file", "sha256": "205981cd9bd4e0a1bd77d4b07518ee65187922a003192bfba4d37d42edbb2fa4", "size": 3178, "artifact_path": "wandb-client-artifact://yctwx40jlfquowcwkxmz1vu8srzm34ikt9ejklixed815fnuo86cemrca6fq01ee9as1gpb02urgqdareaqvm3lj3sbm7qhou75wjxw0yu4jturnzm3nldnav6t7cdgn:latest/confusion_matrix_table.table.json", "_latest_artifact_path": "wandb-client-artifact://yctwx40jlfquowcwkxmz1vu8srzm34ikt9ejklixed815fnuo86cemrca6fq01ee9as1gpb02urgqdareaqvm3lj3sbm7qhou75wjxw0yu4jturnzm3nldnav6t7cdgn:latest/confusion_matrix_table.table.json", "path": "media/table/confusion_matrix_table_39_205981cd9bd4e0a1bd77.table.json", "ncols": 3, "nrows": 100}, "_wandb": {"runtime": 47}}