{"Epoch ": 24, "Training loss ": 0.6313710911337457, "Training accuracy ": 0.771, "Validation loss ": 0.6230142405222655, "Validation accuracy ": 0.7691666666666667, "Testing loss ": 0.6473617304027395, "Testing accuracy ": 0.763, "_timestamp": 1709302769.075041, "_runtime": 186.3558211326599, "_step": 49, "confusion_matrix_table": {"_type": "table-file", "sha256": "6e419c0800e34b833ed4468fc83db46775a88ebe15eaf7f8bccf72b6880ebd78", "size": 3183, "artifact_path": "wandb-client-artifact://sp310i2zgqrembah9y5kil4bcx6o685y9mgp49qs0n5ejmgtbgnjq7z65effgxvnbahmx5iyp1znfs6ujrmdr5xzmrbaz3fe4ql6p572pcdmkke8bggpfbd4lx1t386d:latest/confusion_matrix_table.table.json", "_latest_artifact_path": "wandb-client-artifact://sp310i2zgqrembah9y5kil4bcx6o685y9mgp49qs0n5ejmgtbgnjq7z65effgxvnbahmx5iyp1znfs6ujrmdr5xzmrbaz3fe4ql6p572pcdmkke8bggpfbd4lx1t386d:latest/confusion_matrix_table.table.json", "path": "media/table/confusion_matrix_table_49_6e419c0800e34b833ed4.table.json", "ncols": 3, "nrows": 100}, "_wandb": {"runtime": 185}}