{"Epoch ": 19, "Training loss ": 0.656884865423943, "Training accuracy ": 0.865037037037037, "Validation loss ": 0.6615779634809736, "Validation accuracy ": 0.8623333333333333, "Testing loss ": 0.6419659289080861, "Testing accuracy ": 0.8717, "_timestamp": 1709488840.0068984, "_runtime": 113.25714135169983, "_step": 39, "confusion_matrix_table": {"_type": "table-file", "sha256": "e8b472d4cf4edb4c25ceb90ddd39161f543c929f8077b4491e76d8a74f5a6539", "size": 3190, "artifact_path": "wandb-client-artifact://0iqsg0mkv8ioldwkv9giy3aueoriici286qjm3nlicv3e09f5m8gi58dihbqkc39mjp38ronvse3zp0uf2d5vvay35frm2gxu08gzsfx2aq8rjm8n1qrc7375s3xwzp5:latest/confusion_matrix_table.table.json", "_latest_artifact_path": "wandb-client-artifact://0iqsg0mkv8ioldwkv9giy3aueoriici286qjm3nlicv3e09f5m8gi58dihbqkc39mjp38ronvse3zp0uf2d5vvay35frm2gxu08gzsfx2aq8rjm8n1qrc7375s3xwzp5:latest/confusion_matrix_table.table.json", "path": "media/table/confusion_matrix_table_39_e8b472d4cf4edb4c25ce.table.json", "ncols": 3, "nrows": 100}, "_wandb": {"runtime": 112}}