{"Epoch ": 24, "Training loss ": 0.38018125621099563, "Training accuracy ": 0.8698703703703704, "Validation loss ": 0.4096748167055376, "Validation accuracy ": 0.8585, "Testing loss ": 0.42711560553690514, "Testing accuracy ": 0.8489, "_timestamp": 1709414583.1840572, "_runtime": 112.15132021903992, "_step": 49, "confusion_matrix_table": {"_type": "table-file", "sha256": "b27761ec5ac1f71deb152d3da55530e269247b794b5d5d798f72a11abcc127e1", "size": 3175, "artifact_path": "wandb-client-artifact://qix1vohbvqfjyvohmsegbi0j4kuy3c74ch0cn1g5xm2i3efyqdy6e5s2zs7uztk8qte9kwnjf53d7av7sozgf1wh5py8ny8n2nxa68qfc6x758q345jdm5tuec56asm6:latest/confusion_matrix_table.table.json", "_latest_artifact_path": "wandb-client-artifact://qix1vohbvqfjyvohmsegbi0j4kuy3c74ch0cn1g5xm2i3efyqdy6e5s2zs7uztk8qte9kwnjf53d7av7sozgf1wh5py8ny8n2nxa68qfc6x758q345jdm5tuec56asm6:latest/confusion_matrix_table.table.json", "path": "media/table/confusion_matrix_table_49_b27761ec5ac1f71deb15.table.json", "ncols": 3, "nrows": 100}, "_wandb": {"runtime": 111}}