{"Epoch ": 24, "Training loss ": 2.291468547820702, "Training accuracy ": 0.19646296296296295, "Validation loss ": 2.2914981972964954, "Validation accuracy ": 0.19716666666666666, "Testing loss ": 2.2914841483074357, "Testing accuracy ": 0.1966, "_timestamp": 1709625978.7477605, "_runtime": 276.73567056655884, "_step": 49, "confusion_matrix_table": {"_type": "table-file", "sha256": "054767cbec66f909ee5796a8f1cf05b1ac268c0b5d57bdefac5916b655d7c06c", "size": 3150, "artifact_path": "wandb-client-artifact://jf4z8sw1pzhfa1acv4pvur5tean7mq5jaedtxd05nbqgoyziao52vq3aoa1kv6c6yfmkx1qma03kw82qlydugvzyggldrzikom65r23jajjsak45lsck515vte5o75c0:latest/confusion_matrix_table.table.json", "_latest_artifact_path": "wandb-client-artifact://jf4z8sw1pzhfa1acv4pvur5tean7mq5jaedtxd05nbqgoyziao52vq3aoa1kv6c6yfmkx1qma03kw82qlydugvzyggldrzikom65r23jajjsak45lsck515vte5o75c0:latest/confusion_matrix_table.table.json", "path": "media/table/confusion_matrix_table_49_054767cbec66f909ee57.table.json", "ncols": 3, "nrows": 100}, "_wandb": {"runtime": 275}}