{"Epoch ": 9, "Training loss ": 2.3025750917772054, "Training accuracy ": 0.1, "Validation loss ": 2.3025750917913004, "Validation accuracy ": 0.1, "Testing loss ": 2.3025750918036265, "Testing accuracy ": 0.1, "_timestamp": 1709096225.2671478, "_runtime": 26.718671798706055, "_step": 9, "_wandb": {"runtime": 25}}