{"Epoch ": 4, "Training loss ": 0.5383074105863099, "Training accuracy ": 0.559537037037037, "Validation loss ": 0.5335300987886619, "Validation accuracy ": 0.5653333333333334, "Testing loss ": 0.5471622461677679, "Testing accuracy ": 0.5514, "_timestamp": 1709144917.5466566, "_runtime": 43.02999949455261, "_step": 9, "confusion_matrix_table": {"_type": "table-file", "sha256": "bd091396e253ce66eb1dae5dc26343016c7f4fe40e06840da4b6e5e9e54b8acc", "size": 3174, "artifact_path": "wandb-client-artifact://u9xqf0e28yxarkwal09rt5p4cvxobj3g3740z0h5ehgia2hx9lx3jb3qdfp6ybchlv6dwhig56vr8fqlzrio7x9mkzc1mf1929nq1as6c3xwuuyvno9ls5vnpjpo1qrm:latest/confusion_matrix_table.table.json", "_latest_artifact_path": "wandb-client-artifact://u9xqf0e28yxarkwal09rt5p4cvxobj3g3740z0h5ehgia2hx9lx3jb3qdfp6ybchlv6dwhig56vr8fqlzrio7x9mkzc1mf1929nq1as6c3xwuuyvno9ls5vnpjpo1qrm:latest/confusion_matrix_table.table.json", "path": "media/table/confusion_matrix_table_9_bd091396e253ce66eb1d.table.json", "ncols": 3, "nrows": 100}, "_wandb": {"runtime": 42}}