{"Epoch ": 29, "Training loss ": 0.862440188107931, "Training accuracy ": 0.6444444444444445, "Validation loss ": 0.920335352946511, "Validation accuracy ": 0.6401666666666667, "Testing loss ": 0.9242870125314677, "Testing accuracy ": 0.634, "_timestamp": 1709126872.977413, "_runtime": 43.155699014663696, "_step": 59, "confusion_matrix_table": {"_type": "table-file", "sha256": "97c6dccf62824166fc3143666d92abac59c2692d3c003c35dd1e3e9fa51a4d4c", "size": 3168, "artifact_path": "wandb-client-artifact://iwwzdwwg7k0koon3u3zj0pxxjwyu3axke97v13m2nl2qfuibzmtqe3z9nnmk9chqo2lftqvwm9yi08z6r5rx1t7lkjm813de53yof371blq37lt3eo6cy7a4s7m4eo15:latest/confusion_matrix_table.table.json", "_latest_artifact_path": "wandb-client-artifact://iwwzdwwg7k0koon3u3zj0pxxjwyu3axke97v13m2nl2qfuibzmtqe3z9nnmk9chqo2lftqvwm9yi08z6r5rx1t7lkjm813de53yof371blq37lt3eo6cy7a4s7m4eo15:latest/confusion_matrix_table.table.json", "path": "media/table/confusion_matrix_table_59_97c6dccf62824166fc31.table.json", "ncols": 3, "nrows": 100}, "_wandb": {"runtime": 42}}