{"Epoch ": 19, "Training loss ": 0.20821363587541694, "Training accuracy ": 0.9239444444444445, "Validation loss ": 0.3199096042764211, "Validation accuracy ": 0.8906666666666667, "Testing loss ": 0.3412893535348236, "Testing accuracy ": 0.8844, "_timestamp": 1709705948.2101364, "_runtime": 78.75143551826477, "_step": 39, "confusion_matrix_table": {"_type": "table-file", "sha256": "7c33b693c15700a98d0474897ff48b7be28e3b01b33de1450dba24d6cb37484d", "size": 3167, "artifact_path": "wandb-client-artifact://mq3vs0ipriw887z0uzwy7pfxmlx3gy5xqb598sn6jkj4vk18wblhdww1z4errux98l74jp7i03otb1ek0s1vv2fvm3kq92ebnxfcprmi3oz0e20kms9omufcvujsdqhw:latest/confusion_matrix_table.table.json", "_latest_artifact_path": "wandb-client-artifact://mq3vs0ipriw887z0uzwy7pfxmlx3gy5xqb598sn6jkj4vk18wblhdww1z4errux98l74jp7i03otb1ek0s1vv2fvm3kq92ebnxfcprmi3oz0e20kms9omufcvujsdqhw:latest/confusion_matrix_table.table.json", "path": "media/table/confusion_matrix_table_39_7c33b693c15700a98d04.table.json", "ncols": 3, "nrows": 100}, "_wandb": {"runtime": 78}}