{"Epoch ": 14, "Training loss ": 0.8399611525136998, "Training accuracy ": 0.7428148148148148, "Validation loss ": 0.8359822022851077, "Validation accuracy ": 0.7398333333333333, "Testing loss ": 0.8548045304759234, "Testing accuracy ": 0.7371, "_timestamp": 1709133476.3549428, "_runtime": 54.51091480255127, "_step": 29, "confusion_matrix_table": {"_type": "table-file", "sha256": "158eeee5b0bfb3e1ea95f0de18412f0add02567470b22d9892388dd92d128159", "size": 3179, "artifact_path": "wandb-client-artifact://mempzblhuk2fpiprltbe6aahxnmnxot4fm67ytdls5ltbkdioayf5qdjypmo1eatv9uw05hn5phencxr5nook5r24w6kn7wq1r1iz1ndxwua6t94gh0hnjhqrq8m7k7l:latest/confusion_matrix_table.table.json", "_latest_artifact_path": "wandb-client-artifact://mempzblhuk2fpiprltbe6aahxnmnxot4fm67ytdls5ltbkdioayf5qdjypmo1eatv9uw05hn5phencxr5nook5r24w6kn7wq1r1iz1ndxwua6t94gh0hnjhqrq8m7k7l:latest/confusion_matrix_table.table.json", "path": "media/table/confusion_matrix_table_29_158eeee5b0bfb3e1ea95.table.json", "ncols": 3, "nrows": 100}, "_wandb": {"runtime": 53}}