{"Epoch ": 29, "Training loss ": 0.1974612866535476, "Training accuracy ": 0.9287592592592593, "Validation loss ": 0.42275934125124853, "Validation accuracy ": 0.8798333333333334, "Testing loss ": 0.4443435367478586, "Testing accuracy ": 0.8752, "_timestamp": 1709138913.873248, "_runtime": 177.84058499336243, "_step": 59, "confusion_matrix_table": {"_type": "table-file", "sha256": "290c2ca5de035c3efe37e9d03ed29098a371c9b81076bf1562af4e3227489b2c", "size": 3170, "artifact_path": "wandb-client-artifact://dc05zo42mlntmwf7ik5rgzutzjfyu2nph6gcrfx5abbd67vbyj59keyf8io87t4h1x2ecppfw42k38ssaux3ker6ofkydrsubf1zc87h5hw2xjohdk6ztrhhdab3frof:latest/confusion_matrix_table.table.json", "_latest_artifact_path": "wandb-client-artifact://dc05zo42mlntmwf7ik5rgzutzjfyu2nph6gcrfx5abbd67vbyj59keyf8io87t4h1x2ecppfw42k38ssaux3ker6ofkydrsubf1zc87h5hw2xjohdk6ztrhhdab3frof:latest/confusion_matrix_table.table.json", "path": "media/table/confusion_matrix_table_59_290c2ca5de035c3efe37.table.json", "ncols": 3, "nrows": 100}, "_wandb": {"runtime": 177}}