{"Epoch ": 29, "Training loss ": 0.33735493789375876, "Training accuracy ": 0.8792407407407408, "Validation loss ": 0.36699657788024237, "Validation accuracy ": 0.8733333333333333, "Testing loss ": 0.38780829286523877, "Testing accuracy ": 0.8621, "_timestamp": 1709306757.986892, "_runtime": 71.44244909286499, "_step": 59, "confusion_matrix_table": {"_type": "table-file", "sha256": "999067c27a1b74571788e5109eafe367668c266ca7b6bc1a76db8e036bd06f71", "size": 3171, "artifact_path": "wandb-client-artifact://0c903px0th0fnxu8lwmj1x6q1stxsofanozundmgu2idvgsl1578cegwq1idcmhb739h4cfrm0swpmujiesarh6xf6f88od66wuvsjozafjmt7sayv53pwmd8wdmtvfq:latest/confusion_matrix_table.table.json", "_latest_artifact_path": "wandb-client-artifact://0c903px0th0fnxu8lwmj1x6q1stxsofanozundmgu2idvgsl1578cegwq1idcmhb739h4cfrm0swpmujiesarh6xf6f88od66wuvsjozafjmt7sayv53pwmd8wdmtvfq:latest/confusion_matrix_table.table.json", "path": "media/table/confusion_matrix_table_59_999067c27a1b74571788.table.json", "ncols": 3, "nrows": 100}, "_wandb": {"runtime": 70}}