{"Epoch ": 19, "Training loss ": 0.1566068623250764, "Training accuracy ": 0.8899444444444444, "Validation loss ": 0.16651923117446815, "Validation accuracy ": 0.8835, "Testing loss ": 0.19025960779710296, "Testing accuracy ": 0.8667, "_timestamp": 1709632722.5948613, "_runtime": 807.8805572986603, "_step": 39, "confusion_matrix_table": {"_type": "table-file", "sha256": "720908b6a1eba2565c5c45c6c623ff4e1d10d749037a7b73ea7274c527bfe272", "size": 3169, "artifact_path": "wandb-client-artifact://tiw6zmepbjgmetdl3koqwbssrseeic73tif2bouk85ufxrkr9ilqlib7guxm8ydq65oerr0gu3vsc89r8ycw2qfqu9onivk8l57slhjyi7lbyhw46qa3bb4829dbem3l:latest/confusion_matrix_table.table.json", "_latest_artifact_path": "wandb-client-artifact://tiw6zmepbjgmetdl3koqwbssrseeic73tif2bouk85ufxrkr9ilqlib7guxm8ydq65oerr0gu3vsc89r8ycw2qfqu9onivk8l57slhjyi7lbyhw46qa3bb4829dbem3l:latest/confusion_matrix_table.table.json", "path": "media/table/confusion_matrix_table_39_720908b6a1eba2565c5c.table.json", "ncols": 3, "nrows": 100}, "_wandb": {"runtime": 807}}