{"Epoch ": 29, "Training loss ": 0.0014243192792113778, "Training accuracy ": 0.9997037037037036, "Validation loss ": 0.10200562802300514, "Validation accuracy ": 0.9793333333333333, "Testing loss ": 0.0916506554328656, "Testing accuracy ": 0.9801, "_timestamp": 1709503230.7784164, "_runtime": 112.38038635253906, "_step": 59, "confusion_matrix_table": {"_type": "table-file", "sha256": "55722db3bd96557d6a3f1a01baf979a69cea57546c2a3cc7fb6350bc500c3e86", "size": 3146, "artifact_path": "wandb-client-artifact://p4c0uzjwt4arkg9dr3r6e1hcejqz454qm9q4pxik3buxfxkfh1fv85vvff3k0dmov8ezv2yk5sfhf7txi4kbe0v6a6cs2nyphvijw4unirv4t67370npxhc2fakcbh4y:latest/confusion_matrix_table.table.json", "_latest_artifact_path": "wandb-client-artifact://p4c0uzjwt4arkg9dr3r6e1hcejqz454qm9q4pxik3buxfxkfh1fv85vvff3k0dmov8ezv2yk5sfhf7txi4kbe0v6a6cs2nyphvijw4unirv4t67370npxhc2fakcbh4y:latest/confusion_matrix_table.table.json", "path": "media/table/confusion_matrix_table_59_55722db3bd96557d6a3f.table.json", "ncols": 3, "nrows": 100}, "_wandb": {"runtime": 111}}