{"Epoch ": 14, "Training loss ": 0.36673361135389926, "Training accuracy ": 0.7740185185185186, "Validation loss ": 0.3671190300938791, "Validation accuracy ": 0.7726666666666666, "Testing loss ": 0.3749110390808288, "Testing accuracy ": 0.7622, "_timestamp": 1709188074.3263702, "_runtime": 50.81739330291748, "_step": 29, "confusion_matrix_table": {"_type": "table-file", "sha256": "3d1129a77675c98b58589e5c9f11c8e1552c8e0f57072bf74132406446c07acc", "size": 3178, "artifact_path": "wandb-client-artifact://1gdrd4i4odvwmprq9t7m4du3ye9amf2lqdp1emnovgjvjv1uj2h8nmn8xp4uv68p29bdlob4zzcluttviyjo4trniby8gtgfsr2m3vhzer8ykl0o5cpeuo1nqqdeenf9:latest/confusion_matrix_table.table.json", "_latest_artifact_path": "wandb-client-artifact://1gdrd4i4odvwmprq9t7m4du3ye9amf2lqdp1emnovgjvjv1uj2h8nmn8xp4uv68p29bdlob4zzcluttviyjo4trniby8gtgfsr2m3vhzer8ykl0o5cpeuo1nqqdeenf9:latest/confusion_matrix_table.table.json", "path": "media/table/confusion_matrix_table_29_3d1129a77675c98b5858.table.json", "ncols": 3, "nrows": 100}, "_wandb": {"runtime": 50}}