{"Epoch ": 14, "Training loss ": 0.21460463521929699, "Training accuracy ": 0.8578703703703704, "Validation loss ": 0.2204296216699363, "Validation accuracy ": 0.852, "Testing loss ": 0.23331102119074015, "Testing accuracy ": 0.8402, "_timestamp": 1709530258.3502767, "_runtime": 32.14725875854492, "_step": 29, "confusion_matrix_table": {"_type": "table-file", "sha256": "8614c8eae8128c0ff703e8c39784234e9cc93293f73d56e0f15a10ed494aab4d", "size": 3175, "artifact_path": "wandb-client-artifact://z5o38cze7odbj58yhl6m0fx6v7j39s7tj7nw24aahk4k3locmznudrqzwj8x9idszjadyode8sc0h4eya6vs979ph7mp9f3l6ay1ftp4c1scfuci9et6jtwguzk7er7l:latest/confusion_matrix_table.table.json", "_latest_artifact_path": "wandb-client-artifact://z5o38cze7odbj58yhl6m0fx6v7j39s7tj7nw24aahk4k3locmznudrqzwj8x9idszjadyode8sc0h4eya6vs979ph7mp9f3l6ay1ftp4c1scfuci9et6jtwguzk7er7l:latest/confusion_matrix_table.table.json", "path": "media/table/confusion_matrix_table_29_8614c8eae8128c0ff703.table.json", "ncols": 3, "nrows": 100}, "_wandb": {"runtime": 31}}