{"Epoch ": 14, "Training loss ": 0.32947884104261066, "Training accuracy ": 0.8866296296296297, "Validation loss ": 0.3588512730631615, "Validation accuracy ": 0.8763333333333333, "Testing loss ": 0.403429846116808, "Testing accuracy ": 0.8659, "_timestamp": 1709451802.4194343, "_runtime": 62.42384338378906, "_step": 29, "confusion_matrix_table": {"_type": "table-file", "sha256": "61962d47b7839c0fae689569ee17f81778f518451a6b80222ccc21a8a9313a26", "size": 3171, "artifact_path": "wandb-client-artifact://hc53qwfta07yfjwrz0y66wh6eslbkn9ly0gu1gndmc76uyb1z56fzz52cifm1limp8gj0h5tt5uvy9v9vqw191moomkms8k25uajn7dp0p4par207ufiqlei70lpj80q:latest/confusion_matrix_table.table.json", "_latest_artifact_path": "wandb-client-artifact://hc53qwfta07yfjwrz0y66wh6eslbkn9ly0gu1gndmc76uyb1z56fzz52cifm1limp8gj0h5tt5uvy9v9vqw191moomkms8k25uajn7dp0p4par207ufiqlei70lpj80q:latest/confusion_matrix_table.table.json", "path": "media/table/confusion_matrix_table_29_61962d47b7839c0fae68.table.json", "ncols": 3, "nrows": 100}, "_wandb": {"runtime": 61}}