{"Epoch ": 9, "Training loss ": 1.252203360839424, "Training accuracy ": 0.27874074074074073, "Validation loss ": 1.2540323306983634, "Validation accuracy ": 0.2796666666666667, "Testing loss ": 1.2569619000787602, "Testing accuracy ": 0.2778, "_timestamp": 1709562963.1580057, "_runtime": 137.31793665885925, "_step": 19, "confusion_matrix_table": {"_type": "table-file", "sha256": "429f2dc88e0ea4d334b7bcf55257888daf927d7bb7d7a394f9bfdafd7ace258a", "size": 3149, "artifact_path": "wandb-client-artifact://xnqqjro22mqyxc0uf984ta4se7c8q9h0us9pc980c0pqsygj4vm6pn2156kypp5g626xlxjrqysotq2aqr121jfbqxepqj1ixtcdfpnrm91n8mb1a6uwdb7gjh5qanm0:latest/confusion_matrix_table.table.json", "_latest_artifact_path": "wandb-client-artifact://xnqqjro22mqyxc0uf984ta4se7c8q9h0us9pc980c0pqsygj4vm6pn2156kypp5g626xlxjrqysotq2aqr121jfbqxepqj1ixtcdfpnrm91n8mb1a6uwdb7gjh5qanm0:latest/confusion_matrix_table.table.json", "path": "media/table/confusion_matrix_table_19_429f2dc88e0ea4d334b7.table.json", "ncols": 3, "nrows": 100}, "_wandb": {"runtime": 136}}