{"Epoch ": 19, "Training loss ": 1.0052070602524246, "Training accuracy ": 0.7101666666666666, "Validation loss ": 1.0073606809861118, "Validation accuracy ": 0.7123333333333334, "Testing loss ": 1.0145201911779604, "Testing accuracy ": 0.704, "_timestamp": 1709312126.0848804, "_runtime": 132.30914330482483, "_step": 39, "confusion_matrix_table": {"_type": "table-file", "sha256": "b0dbbed8763331ff2bd54c1002b3b8230d32bdaae3d7ae64bc46cd93cd34c629", "size": 3189, "artifact_path": "wandb-client-artifact://jodxun8xg5o5rr67riup4n6zou9v1i9pxzkq6ft940p5h0oytgzbqx13sd8aawsl0t1sjvhqr24i93yaz23tnhfpaxhjasms3ly14ncm9e800bcemm3sn1nv4rb9nyt6:latest/confusion_matrix_table.table.json", "_latest_artifact_path": "wandb-client-artifact://jodxun8xg5o5rr67riup4n6zou9v1i9pxzkq6ft940p5h0oytgzbqx13sd8aawsl0t1sjvhqr24i93yaz23tnhfpaxhjasms3ly14ncm9e800bcemm3sn1nv4rb9nyt6:latest/confusion_matrix_table.table.json", "path": "media/table/confusion_matrix_table_39_b0dbbed8763331ff2bd5.table.json", "ncols": 3, "nrows": 100}, "_wandb": {"runtime": 131}}