{"Epoch ": 19, "Training loss ": 0.16647290136825826, "Training accuracy ": 0.8753148148148148, "Validation loss ": 0.18869210460031888, "Validation accuracy ": 0.8648333333333333, "Testing loss ": 0.19916003471312954, "Testing accuracy ": 0.8567, "_timestamp": 1709302118.5663831, "_runtime": 106.4150002002716, "_step": 39, "confusion_matrix_table": {"_type": "table-file", "sha256": "f4df98437092ad0e2798111c527a6ad501c3264e2252b9024c183bb1530173f2", "size": 3171, "artifact_path": "wandb-client-artifact://t3v28nnpn1k7ysz0kh47i3sog23dl8iamjcqc72wk39agmzvjsxsymv716qoxc11dk2kb8y4x7k1y15xg6814gfj32ch1jjknv3d7bqi5w245rws98p2fackow2d0yuz:latest/confusion_matrix_table.table.json", "_latest_artifact_path": "wandb-client-artifact://t3v28nnpn1k7ysz0kh47i3sog23dl8iamjcqc72wk39agmzvjsxsymv716qoxc11dk2kb8y4x7k1y15xg6814gfj32ch1jjknv3d7bqi5w245rws98p2fackow2d0yuz:latest/confusion_matrix_table.table.json", "path": "media/table/confusion_matrix_table_39_f4df98437092ad0e2798.table.json", "ncols": 3, "nrows": 100}, "_wandb": {"runtime": 105}}