{"Epoch ": 4, "Training loss ": 2.3034121640020455, "Training accuracy ": 0.1, "Validation loss ": 2.3034121640090217, "Validation accuracy ": 0.1, "Testing loss ": 2.303412164003577, "Testing accuracy ": 0.1, "_timestamp": 1709098889.8867078, "_runtime": 55.06246280670166, "_step": 4, "_wandb": {"runtime": 54}}