{"Epoch ": 4, "Training loss ": 0.9386573996770609, "Training accuracy ": 0.7432037037037037, "Validation loss ": 0.9625855175187608, "Validation accuracy ": 0.7395, "Testing loss ": 0.9935424786044174, "Testing accuracy ": 0.7325, "_timestamp": 1709129979.8824418, "_runtime": 34.753339767456055, "_step": 9, "confusion_matrix_table": {"_type": "table-file", "sha256": "b143e92b724a17253554c6758b8962af7ddb84e1b18975cfe3f09351d3f19f59", "size": 3180, "artifact_path": "wandb-client-artifact://qh7833edyxtfy2yxihhugn1zbpggsg03ey7wvg030fmi3x9suxafb3em7haqk7tsj2zhfgs29sa9kir89qvczt78a0h9pn7py1pn26pcdn71e1lci8ir4mzso210cs10:latest/confusion_matrix_table.table.json", "_latest_artifact_path": "wandb-client-artifact://qh7833edyxtfy2yxihhugn1zbpggsg03ey7wvg030fmi3x9suxafb3em7haqk7tsj2zhfgs29sa9kir89qvczt78a0h9pn7py1pn26pcdn71e1lci8ir4mzso210cs10:latest/confusion_matrix_table.table.json", "path": "media/table/confusion_matrix_table_9_b143e92b724a17253554.table.json", "ncols": 3, "nrows": 100}, "_wandb": {"runtime": 33}}