{"Epoch ": 19, "Training loss ": 0.1244117715366382, "Training accuracy ": 0.9138888888888889, "Validation loss ": 0.16954146697777803, "Validation accuracy ": 0.885, "Testing loss ": 0.17856539482186676, "Testing accuracy ": 0.8813, "_timestamp": 1709538176.8040967, "_runtime": 132.7936327457428, "_step": 39, "confusion_matrix_table": {"_type": "table-file", "sha256": "30606c3281afbc79b0087f4193b2e19c5eadeb4421b072290ee1b3b0ee5017c4", "size": 3170, "artifact_path": "wandb-client-artifact://kyuf78r9eynxunq4sybti0rhwp8s8ksxrxeazd52kysr31fmkydiiptw427cc98bbayhs9gmy3walmsalu5lciwhgbtrjv1zgqk1032wzmqxbm41p9oq38nhexgmiswp:latest/confusion_matrix_table.table.json", "_latest_artifact_path": "wandb-client-artifact://kyuf78r9eynxunq4sybti0rhwp8s8ksxrxeazd52kysr31fmkydiiptw427cc98bbayhs9gmy3walmsalu5lciwhgbtrjv1zgqk1032wzmqxbm41p9oq38nhexgmiswp:latest/confusion_matrix_table.table.json", "path": "media/table/confusion_matrix_table_39_30606c3281afbc79b008.table.json", "ncols": 3, "nrows": 100}, "_wandb": {"runtime": 132}}