{"Epoch ": 24, "Training loss ": 0.07861544591194464, "Training accuracy ": 0.977462962962963, "Validation loss ": 0.14269431142711658, "Validation accuracy ": 0.956, "Testing loss ": 0.12844717829158914, "Testing accuracy ": 0.9659, "_timestamp": 1709490074.4291172, "_runtime": 55.56931018829346, "_step": 49, "confusion_matrix_table": {"_type": "table-file", "sha256": "e83b1b515466949762956806061e7aa6a8cdbccb65c10b19e24dfc8f85973f05", "size": 3150, "artifact_path": "wandb-client-artifact://iinsl0l9z5nq97tcfyu8r5m3vfb2h8dioc1p9ea4a9ykadmbgtnx7tn33p4eigit3jeabb6mzgf0mtlnhpmvhag22oeca1j6fya57e9xw3xczos3euksczs77hpw5omq:latest/confusion_matrix_table.table.json", "_latest_artifact_path": "wandb-client-artifact://iinsl0l9z5nq97tcfyu8r5m3vfb2h8dioc1p9ea4a9ykadmbgtnx7tn33p4eigit3jeabb6mzgf0mtlnhpmvhag22oeca1j6fya57e9xw3xczos3euksczs77hpw5omq:latest/confusion_matrix_table.table.json", "path": "media/table/confusion_matrix_table_49_e83b1b51546694976295.table.json", "ncols": 3, "nrows": 100}, "_wandb": {"runtime": 54}}