{"Epoch ": 24, "Training loss ": 0.642355954665414, "Training accuracy ": 0.6219814814814815, "Validation loss ": 0.6411310531829617, "Validation accuracy ": 0.621, "Testing loss ": 0.644815804298816, "Testing accuracy ": 0.6164, "_timestamp": 1709539898.398495, "_runtime": 36.04512000083923, "_step": 49, "confusion_matrix_table": {"_type": "table-file", "sha256": "7a4ea95ad3ee841287acb26f11723857988faec233ad61483b618e6b5ce7dbc7", "size": 3186, "artifact_path": "wandb-client-artifact://cj9cw6dan9suvjo5g84be3z6qe7g8yptxybr59ykqanum1h1783guj8fl0b700f534io2p67xaxq3j3iyzy9j1ivq3xet7zfwmklrgj8k72g6rd5xhzb7wfl3afkb530:latest/confusion_matrix_table.table.json", "_latest_artifact_path": "wandb-client-artifact://cj9cw6dan9suvjo5g84be3z6qe7g8yptxybr59ykqanum1h1783guj8fl0b700f534io2p67xaxq3j3iyzy9j1ivq3xet7zfwmklrgj8k72g6rd5xhzb7wfl3afkb530:latest/confusion_matrix_table.table.json", "path": "media/table/confusion_matrix_table_49_7a4ea95ad3ee841287ac.table.json", "ncols": 3, "nrows": 100}, "_wandb": {"runtime": 35}}