{"Epoch ": 4, "Training loss ": 2.3025891465481285, "Training accuracy ": 0.1, "Validation loss ": 2.3025891678407246, "Validation accuracy ": 0.1, "Testing loss ": 2.3025891373159224, "Testing accuracy ": 0.1, "_timestamp": 1709097532.6747122, "_runtime": 33.8919882774353, "_step": 4, "_wandb": {"runtime": 33}}