{"Epoch ": 29, "Training loss ": 0.12643134248125984, "Training accuracy ": 0.9120370370370371, "Validation loss ": 0.16796231753141186, "Validation accuracy ": 0.8873333333333333, "Testing loss ": 0.19274101773078117, "Testing accuracy ": 0.8708, "_timestamp": 1709531153.479342, "_runtime": 239.32716298103333, "_step": 59, "confusion_matrix_table": {"_type": "table-file", "sha256": "c49405d462d4240dfa7143fd23633d6c2a459cebaf49ae47f7f730972d460b54", "size": 3174, "artifact_path": "wandb-client-artifact://anqpo8oyhkn1ba2gko750md48tbdis8kylkb349qhigljq8nyngfwj558kgaxr5ye0k5tdqev849nnf8lqfcy0gi3wce0d6eyv3zut1q3snl2951n3hufm09vqbv8fee:latest/confusion_matrix_table.table.json", "_latest_artifact_path": "wandb-client-artifact://anqpo8oyhkn1ba2gko750md48tbdis8kylkb349qhigljq8nyngfwj558kgaxr5ye0k5tdqev849nnf8lqfcy0gi3wce0d6eyv3zut1q3snl2951n3hufm09vqbv8fee:latest/confusion_matrix_table.table.json", "path": "media/table/confusion_matrix_table_59_c49405d462d4240dfa71.table.json", "ncols": 3, "nrows": 100}, "_wandb": {"runtime": 238}}