{"Epoch ": 24, "Training loss ": 0.12995961462390918, "Training accuracy ": 0.9220925925925926, "Validation loss ": 0.13279523759415646, "Validation accuracy ": 0.9193333333333333, "Testing loss ": 0.12860834723589964, "Testing accuracy ": 0.9221, "_timestamp": 1709533828.546443, "_runtime": 67.85981607437134, "_step": 49, "confusion_matrix_table": {"_type": "table-file", "sha256": "3c54c746229c923547a4dcc9f26b25739255e521ab675efa7f91a78f7d3e41e4", "size": 3176, "artifact_path": "wandb-client-artifact://sef1f6haa3123p405wd6w9zihczk4g97ywyo60w6932ux9azicydk0botvg4fls4u1z3cg6szmxlqg140kf86ln35lle3ktwv2yylsokktydgajnn935io0ub605jg46:latest/confusion_matrix_table.table.json", "_latest_artifact_path": "wandb-client-artifact://sef1f6haa3123p405wd6w9zihczk4g97ywyo60w6932ux9azicydk0botvg4fls4u1z3cg6szmxlqg140kf86ln35lle3ktwv2yylsokktydgajnn935io0ub605jg46:latest/confusion_matrix_table.table.json", "path": "media/table/confusion_matrix_table_49_3c54c746229c923547a4.table.json", "ncols": 3, "nrows": 100}, "_wandb": {"runtime": 67}}