{"Epoch ": 19, "Training loss ": 0.5919648140290443, "Training accuracy ": 0.8049074074074074, "Validation loss ": 0.5925041254306427, "Validation accuracy ": 0.8078333333333333, "Testing loss ": 0.6171137894419396, "Testing accuracy ": 0.792, "_timestamp": 1709485002.0228353, "_runtime": 40.23288416862488, "_step": 39, "confusion_matrix_table": {"_type": "table-file", "sha256": "7555a60a95d931d60fa8bfcf1e48fe72804a1658b0a375fcb57e50e74f269e97", "size": 3181, "artifact_path": "wandb-client-artifact://k8aubsu6l8w4jcuqr555ebl5x35fkyst8eufhtqk02sy6fwj9ompbrgzn1z0whi7d5lncvi1cejr5fklcrm5q4dal4736emdaty371rgzg9y586huscvvhjpk7snbstr:latest/confusion_matrix_table.table.json", "_latest_artifact_path": "wandb-client-artifact://k8aubsu6l8w4jcuqr555ebl5x35fkyst8eufhtqk02sy6fwj9ompbrgzn1z0whi7d5lncvi1cejr5fklcrm5q4dal4736emdaty371rgzg9y586huscvvhjpk7snbstr:latest/confusion_matrix_table.table.json", "path": "media/table/confusion_matrix_table_39_7555a60a95d931d60fa8.table.json", "ncols": 3, "nrows": 100}, "_wandb": {"runtime": 39}}