{"Epoch ": 14, "Training loss ": 0.31662226139278477, "Training accuracy ": 0.8837777777777778, "Validation loss ": 0.3796114975740545, "Validation accuracy ": 0.8685, "Testing loss ": 0.41162439267125545, "Testing accuracy ": 0.8552, "_timestamp": 1709405926.6310236, "_runtime": 82.85498571395874, "_step": 29, "confusion_matrix_table": {"_type": "table-file", "sha256": "50dd1359f5b8f4c184f463cacdbeda828de10ef25de15ef7ff201571bba854f7", "size": 3174, "artifact_path": "wandb-client-artifact://qijh361x0wtmd7tya7paekmmqn7mnvq70zfctcg32fz2ng1ozav6ja1v243u79cipq0jouui7cb5ck65qd2nraf39u1bjajjuvv2il7bo9btasesapratqanx8tigiaq:latest/confusion_matrix_table.table.json", "_latest_artifact_path": "wandb-client-artifact://qijh361x0wtmd7tya7paekmmqn7mnvq70zfctcg32fz2ng1ozav6ja1v243u79cipq0jouui7cb5ck65qd2nraf39u1bjajjuvv2il7bo9btasesapratqanx8tigiaq:latest/confusion_matrix_table.table.json", "path": "media/table/confusion_matrix_table_29_50dd1359f5b8f4c184f4.table.json", "ncols": 3, "nrows": 100}, "_wandb": {"runtime": 81}}