{"Epoch ": 24, "Training loss ": 0.3846858095641151, "Training accuracy ": 0.866037037037037, "Validation loss ": 0.40142754411253845, "Validation accuracy ": 0.8596666666666667, "Testing loss ": 0.4259904044285134, "Testing accuracy ": 0.8491, "_timestamp": 1709476727.9788752, "_runtime": 262.80355405807495, "_step": 49, "confusion_matrix_table": {"_type": "table-file", "sha256": "499eb19c5586123e4089571a46174de647c19a8375530dcb09c1133fe0dd13d9", "size": 3174, "artifact_path": "wandb-client-artifact://oli9fq9n286mreyzkk1b1sadrhyd9wo6xuqxajw241is2rfcxqx24094en66rplosm56rise5nh66sr8fivofz9zshw1lb8tqywivrjngpsw0ttbdpmm2qogrs2fcrsl:latest/confusion_matrix_table.table.json", "_latest_artifact_path": "wandb-client-artifact://oli9fq9n286mreyzkk1b1sadrhyd9wo6xuqxajw241is2rfcxqx24094en66rplosm56rise5nh66sr8fivofz9zshw1lb8tqywivrjngpsw0ttbdpmm2qogrs2fcrsl:latest/confusion_matrix_table.table.json", "path": "media/table/confusion_matrix_table_49_499eb19c5586123e4089.table.json", "ncols": 3, "nrows": 100}, "_wandb": {"runtime": 262}}