{"Epoch ": 14, "Training loss ": 0.09780649487080349, "Training accuracy ": 0.9350740740740741, "Validation loss ": 0.11152983973011293, "Validation accuracy ": 0.9268333333333333, "Testing loss ": 0.10521782596346395, "Testing accuracy ": 0.9306, "_timestamp": 1709531390.057636, "_runtime": 38.426527976989746, "_step": 29, "confusion_matrix_table": {"_type": "table-file", "sha256": "882cc1a4c72a890c0d51fbe697b8e9774f56276c50ccee66f8e18c5f95edb72e", "size": 3174, "artifact_path": "wandb-client-artifact://80don23dh08mvnys5mg1wotgp5kkcqvhkxosiyf0zdiydsdlyht8p71aqfs76qfuvzj392ljhwvu1yefdgp49ma1ombvmb8erzz9zdsbqpn77l8rb2d5f524wyvsiilq:latest/confusion_matrix_table.table.json", "_latest_artifact_path": "wandb-client-artifact://80don23dh08mvnys5mg1wotgp5kkcqvhkxosiyf0zdiydsdlyht8p71aqfs76qfuvzj392ljhwvu1yefdgp49ma1ombvmb8erzz9zdsbqpn77l8rb2d5f524wyvsiilq:latest/confusion_matrix_table.table.json", "path": "media/table/confusion_matrix_table_29_882cc1a4c72a890c0d51.table.json", "ncols": 3, "nrows": 100}, "_wandb": {"runtime": 37}}