{"Epoch ": 14, "Training loss ": 0.26765878308918517, "Training accuracy ": 0.9034074074074074, "Validation loss ": 0.3282735689818439, "Validation accuracy ": 0.8766666666666667, "Testing loss ": 0.3644433226045544, "Testing accuracy ": 0.8694, "_timestamp": 1709298529.1383922, "_runtime": 28.740421295166016, "_step": 29, "confusion_matrix_table": {"_type": "table-file", "sha256": "6aa50ca3297e270eb19d8116add5a7841a0bd2812a395eecee4f7355e6d2f7b4", "size": 3173, "artifact_path": "wandb-client-artifact://f09fy9647g44kukdc7d4uy52ye5kn9py6nleseesgij3hm8ybtd6sgad62pzavoza8dzawx1bd07tyhn02knm2qq5dmatwm7rmdn3q5yxhitj3vhjnwpssu7rd8xth6b:latest/confusion_matrix_table.table.json", "_latest_artifact_path": "wandb-client-artifact://f09fy9647g44kukdc7d4uy52ye5kn9py6nleseesgij3hm8ybtd6sgad62pzavoza8dzawx1bd07tyhn02knm2qq5dmatwm7rmdn3q5yxhitj3vhjnwpssu7rd8xth6b:latest/confusion_matrix_table.table.json", "path": "media/table/confusion_matrix_table_29_6aa50ca3297e270eb19d.table.json", "ncols": 3, "nrows": 100}, "_wandb": {"runtime": 27}}