{"Epoch ": 29, "Training loss ": 0.8524845566105207, "Training accuracy ": 0.25985185185185183, "Validation loss ": 0.8576533282519948, "Validation accuracy ": 0.25433333333333336, "Testing loss ": 0.8564413464959847, "Testing accuracy ": 0.2536, "_timestamp": 1709575354.4106512, "_runtime": 926.6890273094177, "_step": 59, "confusion_matrix_table": {"_type": "table-file", "sha256": "3335da2685437b2e70921b67e848a9e169b828cf77079d363ff3492d898eac93", "size": 3171, "artifact_path": "wandb-client-artifact://vri5hlo1dkrampsnemldx4ec22u87i8doird8zqi50kup5cxzhdkck2ccz87rqymb53fr706mvmg1tiax235wdm16q0fhmelpah2rhpayh8fjxmjoyn8vca3s9qqhztb:latest/confusion_matrix_table.table.json", "_latest_artifact_path": "wandb-client-artifact://vri5hlo1dkrampsnemldx4ec22u87i8doird8zqi50kup5cxzhdkck2ccz87rqymb53fr706mvmg1tiax235wdm16q0fhmelpah2rhpayh8fjxmjoyn8vca3s9qqhztb:latest/confusion_matrix_table.table.json", "path": "media/table/confusion_matrix_table_59_3335da2685437b2e7092.table.json", "ncols": 3, "nrows": 100}, "_wandb": {"runtime": 925}}