{"Epoch ": 24, "Training loss ": 0.14674486715489457, "Training accuracy ": 0.8970925925925926, "Validation loss ": 0.182412633974336, "Validation accuracy ": 0.8756666666666667, "Testing loss ": 0.19476157129052163, "Testing accuracy ": 0.8653, "_timestamp": 1709529708.8265736, "_runtime": 149.47922563552856, "_step": 49, "confusion_matrix_table": {"_type": "table-file", "sha256": "2652f87005c0915b0efe84faea24147c0bbfe53399eabc3dfb09e5af6049cbd0", "size": 3175, "artifact_path": "wandb-client-artifact://9z96n65nq3bhb5t2raxbacmthf3v9xnwn0bumb1i377rjy670m0vdatgi7operz94j117jup1du3vsui9rjd80q1rd4ws86ddgnh9f616kc705u4wua70m27d2cqm17w:latest/confusion_matrix_table.table.json", "_latest_artifact_path": "wandb-client-artifact://9z96n65nq3bhb5t2raxbacmthf3v9xnwn0bumb1i377rjy670m0vdatgi7operz94j117jup1du3vsui9rjd80q1rd4ws86ddgnh9f616kc705u4wua70m27d2cqm17w:latest/confusion_matrix_table.table.json", "path": "media/table/confusion_matrix_table_49_2652f87005c0915b0efe.table.json", "ncols": 3, "nrows": 100}, "_wandb": {"runtime": 148}}