{"Epoch ": 24, "Training loss ": 0.05198576084449434, "Training accuracy ": 0.9680555555555556, "Validation loss ": 0.07981416694806497, "Validation accuracy ": 0.9486666666666667, "Testing loss ": 0.07232039213671636, "Testing accuracy ": 0.9545, "_timestamp": 1709530834.4038305, "_runtime": 142.791419506073, "_step": 49, "confusion_matrix_table": {"_type": "table-file", "sha256": "1229578cad440f798daa82c2dbe32fd07ea58bdc7cf342cc7bb0dc5bffbe7be5", "size": 3157, "artifact_path": "wandb-client-artifact://w28x1njckor533b0kkb4kswcgeozap9mdlpw7p03f4umpxvsut3vakig6j5t0fchoecmcqve63qwql4mychpyw5p776v63hf80y19tbd87befgznqkkx6kiiibmk0fbb:latest/confusion_matrix_table.table.json", "_latest_artifact_path": "wandb-client-artifact://w28x1njckor533b0kkb4kswcgeozap9mdlpw7p03f4umpxvsut3vakig6j5t0fchoecmcqve63qwql4mychpyw5p776v63hf80y19tbd87befgznqkkx6kiiibmk0fbb:latest/confusion_matrix_table.table.json", "path": "media/table/confusion_matrix_table_49_1229578cad440f798daa.table.json", "ncols": 3, "nrows": 100}, "_wandb": {"runtime": 142}}