{"Epoch ": 19, "Training loss ": 0.2724790681360461, "Training accuracy ": 0.8981481481481481, "Validation loss ": 0.3722632922670531, "Validation accuracy ": 0.874, "Testing loss ": 0.41568074187549126, "Testing accuracy ": 0.8602, "_timestamp": 1709131975.543627, "_runtime": 148.45442605018616, "_step": 39, "confusion_matrix_table": {"_type": "table-file", "sha256": "93f125c802027c9500a69f47890b9fce634d6aae0b4299a08510db2689e7dff5", "size": 3170, "artifact_path": "wandb-client-artifact://eiqfloa1lgyh3ac2p88lerypbugosq6h58zdlkbrmzrqjbfhmsn85wfrzaqddf6vkrw4mmct12iuncl1k3xj1qmhaq1o3tto1f60zmo4627am7iwzjucid4zqq8z24tw:latest/confusion_matrix_table.table.json", "_latest_artifact_path": "wandb-client-artifact://eiqfloa1lgyh3ac2p88lerypbugosq6h58zdlkbrmzrqjbfhmsn85wfrzaqddf6vkrw4mmct12iuncl1k3xj1qmhaq1o3tto1f60zmo4627am7iwzjucid4zqq8z24tw:latest/confusion_matrix_table.table.json", "path": "media/table/confusion_matrix_table_39_93f125c802027c9500a6.table.json", "ncols": 3, "nrows": 100}, "_wandb": {"runtime": 147}}