{"Epoch ": 19, "Training loss ": 0.13993200374189996, "Training accuracy ": 0.9048518518518519, "Validation loss ": 0.1669624565039672, "Validation accuracy ": 0.8811666666666667, "Testing loss ": 0.17615535566507176, "Testing accuracy ": 0.8774, "_timestamp": 1709533045.8997154, "_runtime": 100.17207050323486, "_step": 39, "confusion_matrix_table": {"_type": "table-file", "sha256": "70776028d7a21a52d81e0f0dc88e075b515ef7b37fd693299c15be6ba1e4dab6", "size": 3169, "artifact_path": "wandb-client-artifact://yz01zctafxrdw1277dymaf6w3th1mkije1ihfgwpysfxpapugidjboms8tl2tn3ed5amnllnmf8v6ryfzoag2hi477hadgl2v8hp98lfmicmsf9eszg9laif4aoklgwf:latest/confusion_matrix_table.table.json", "_latest_artifact_path": "wandb-client-artifact://yz01zctafxrdw1277dymaf6w3th1mkije1ihfgwpysfxpapugidjboms8tl2tn3ed5amnllnmf8v6ryfzoag2hi477hadgl2v8hp98lfmicmsf9eszg9laif4aoklgwf:latest/confusion_matrix_table.table.json", "path": "media/table/confusion_matrix_table_39_70776028d7a21a52d81e.table.json", "ncols": 3, "nrows": 100}, "_wandb": {"runtime": 99}}