{"Epoch ": 24, "Training loss ": 0.29707246947024957, "Training accuracy ": 0.8933888888888889, "Validation loss ": 0.34165852340059527, "Validation accuracy ": 0.8778333333333334, "Testing loss ": 0.37541926670540066, "Testing accuracy ": 0.8658, "_timestamp": 1709455557.7998772, "_runtime": 30.493643283843994, "_step": 49, "confusion_matrix_table": {"_type": "table-file", "sha256": "49390e7e31702841be865201ab165feb755dbce5039b81c7bc83f42f7e1ef512", "size": 3171, "artifact_path": "wandb-client-artifact://kbkdxoo1jru2yy1u1sg9abkdciamcyj9yk1d6g5zzkmhn98rotj79u9h4sotigadog1z24npqemb1g826dxrftpil6hlet9mihcqfjfykcf9mb3mqfxeyrmb4g667map:latest/confusion_matrix_table.table.json", "_latest_artifact_path": "wandb-client-artifact://kbkdxoo1jru2yy1u1sg9abkdciamcyj9yk1d6g5zzkmhn98rotj79u9h4sotigadog1z24npqemb1g826dxrftpil6hlet9mihcqfjfykcf9mb3mqfxeyrmb4g667map:latest/confusion_matrix_table.table.json", "path": "media/table/confusion_matrix_table_49_49390e7e31702841be86.table.json", "ncols": 3, "nrows": 100}, "_wandb": {"runtime": 29}}