{"Epoch ": 19, "Training loss ": 0.2726965833951263, "Training accuracy ": 0.9021851851851852, "Validation loss ": 0.3271573603488119, "Validation accuracy ": 0.8776666666666667, "Testing loss ": 0.34684233952004023, "Testing accuracy ": 0.8772, "_timestamp": 1709630951.4676738, "_runtime": 115.69101285934448, "_step": 39, "confusion_matrix_table": {"_type": "table-file", "sha256": "d549e5ff41bc8d4cc2463adb390acd9cea1fdc2546d99c73d989064310d24db9", "size": 3171, "artifact_path": "wandb-client-artifact://1ypmv2bvscgu45zn0u37f80rsg92gsasyg82erkp5d1l47sjove02ta0k8w975rnchszqrbck3ggx7kt0fmy28o7pqb8jxor38hst5vu8j1v5501tm3tfxg0h956ylny:latest/confusion_matrix_table.table.json", "_latest_artifact_path": "wandb-client-artifact://1ypmv2bvscgu45zn0u37f80rsg92gsasyg82erkp5d1l47sjove02ta0k8w975rnchszqrbck3ggx7kt0fmy28o7pqb8jxor38hst5vu8j1v5501tm3tfxg0h956ylny:latest/confusion_matrix_table.table.json", "path": "media/table/confusion_matrix_table_39_d549e5ff41bc8d4cc246.table.json", "ncols": 3, "nrows": 100}, "_wandb": {"runtime": 114}}