{"Epoch ": 29, "Training loss ": 0.21315383903403914, "Training accuracy ": 0.9206296296296296, "Validation loss ": 0.3601824187282733, "Validation accuracy ": 0.8765, "Testing loss ": 0.38852973103937344, "Testing accuracy ": 0.8739, "_timestamp": 1709295933.583492, "_runtime": 661.9364459514618, "_step": 59, "confusion_matrix_table": {"_type": "table-file", "sha256": "b840de9df51f3d0ee02025d535dd11beb89bf1cd093d1f753e5eb2bdb4219552", "size": 3172, "artifact_path": "wandb-client-artifact://y2d18bhxaa9qgixxe85vo8jd9zi6hqlsyuyr81ooy6tsxwqjzcsmk4i0prhxk77s78q05g3atxgozn713q07ue2gd9nkq40p6rt1bvb8dh7fjntpa0nn87jkuiybe5a6:latest/confusion_matrix_table.table.json", "_latest_artifact_path": "wandb-client-artifact://y2d18bhxaa9qgixxe85vo8jd9zi6hqlsyuyr81ooy6tsxwqjzcsmk4i0prhxk77s78q05g3atxgozn713q07ue2gd9nkq40p6rt1bvb8dh7fjntpa0nn87jkuiybe5a6:latest/confusion_matrix_table.table.json", "path": "media/table/confusion_matrix_table_59_b840de9df51f3d0ee020.table.json", "ncols": 3, "nrows": 100}, "_wandb": {"runtime": 661}}