{"Epoch ": 9, "Training loss ": 0.028100480151034137, "Training accuracy ": 0.9912592592592593, "Validation loss ": 0.1580626593684897, "Validation accuracy ": 0.9713333333333334, "Testing loss ": 0.13423974909918762, "Testing accuracy ": 0.9729, "_timestamp": 1709501793.9098153, "_runtime": 111.75264430046082, "_step": 19, "confusion_matrix_table": {"_type": "table-file", "sha256": "8aaf2c8fff2a672143506b602bbd8fad62c1ef280ad96786452a98a45dcb4517", "size": 3149, "artifact_path": "wandb-client-artifact://1lmviunrav1owykc3oh386cdckylepg465w753ur6erjygtsvv3rjwkjdn6so6ydltcwl7nbk2hwajooqhowpf2p54f46h43gljwz76ysthxcd3i26lttwww9rel2yho:latest/confusion_matrix_table.table.json", "_latest_artifact_path": "wandb-client-artifact://1lmviunrav1owykc3oh386cdckylepg465w753ur6erjygtsvv3rjwkjdn6so6ydltcwl7nbk2hwajooqhowpf2p54f46h43gljwz76ysthxcd3i26lttwww9rel2yho:latest/confusion_matrix_table.table.json", "path": "media/table/confusion_matrix_table_19_8aaf2c8fff2a67214350.table.json", "ncols": 3, "nrows": 100}, "_wandb": {"runtime": 110}}