{"Epoch ": 24, "Training loss ": 0.363050776913666, "Training accuracy ": 0.8733703703703704, "Validation loss ": 0.3780989720566018, "Validation accuracy ": 0.8681666666666666, "Testing loss ": 0.40793481866817405, "Testing accuracy ": 0.856, "_timestamp": 1709449633.9651206, "_runtime": 115.0770754814148, "_step": 49, "confusion_matrix_table": {"_type": "table-file", "sha256": "3c696c72146f18dc241ca6c9225f2d6fefdadc49de739db5c513e3a4b777d7ce", "size": 3171, "artifact_path": "wandb-client-artifact://s80pzdwxklheobtyfuyghljedaz959qcps2ltmohfq2g0inul18lqcg6afpbd2gke2c7mafztdifw392p4zqpqsdzow20pvn6wxfs2xu44tv1kztteusj5epue0umcq0:latest/confusion_matrix_table.table.json", "_latest_artifact_path": "wandb-client-artifact://s80pzdwxklheobtyfuyghljedaz959qcps2ltmohfq2g0inul18lqcg6afpbd2gke2c7mafztdifw392p4zqpqsdzow20pvn6wxfs2xu44tv1kztteusj5epue0umcq0:latest/confusion_matrix_table.table.json", "path": "media/table/confusion_matrix_table_49_3c696c72146f18dc241c.table.json", "ncols": 3, "nrows": 100}, "_wandb": {"runtime": 114}}