{"Epoch ": 24, "Training loss ": 0.30716933863823626, "Training accuracy ": 0.8897037037037037, "Validation loss ": 0.38405773854090475, "Validation accuracy ": 0.8666666666666667, "Testing loss ": 0.42368976075816134, "Testing accuracy ": 0.8513, "_timestamp": 1709406041.8355734, "_runtime": 102.24636554718018, "_step": 49, "confusion_matrix_table": {"_type": "table-file", "sha256": "c9f44716c2533f3dfa3f89888acc89694006b936274135f20c086ad11a47263f", "size": 3175, "artifact_path": "wandb-client-artifact://iezmpbspxqvqdu2ul46dsrh2rva0nammhsqih3mgb96sp03yof7f8zxit2jiq311sotbkdx4h2lsif618ocvax69mmdfx15l7bzpcizg2zh3m3k9d1a66fdytrs59ure:latest/confusion_matrix_table.table.json", "_latest_artifact_path": "wandb-client-artifact://iezmpbspxqvqdu2ul46dsrh2rva0nammhsqih3mgb96sp03yof7f8zxit2jiq311sotbkdx4h2lsif618ocvax69mmdfx15l7bzpcizg2zh3m3k9d1a66fdytrs59ure:latest/confusion_matrix_table.table.json", "path": "media/table/confusion_matrix_table_49_c9f44716c2533f3dfa3f.table.json", "ncols": 3, "nrows": 100}, "_wandb": {"runtime": 101}}