{"Epoch ": 29, "Training loss ": 0.28297004011961824, "Training accuracy ": 0.9011481481481481, "Validation loss ": 0.38690405990166177, "Validation accuracy ": 0.8715, "Testing loss ": 0.4392903983107786, "Testing accuracy ": 0.8558, "_timestamp": 1709289716.8791773, "_runtime": 111.79823923110962, "_step": 59, "confusion_matrix_table": {"_type": "table-file", "sha256": "2b182004f82f9a66eeac12eacfa8b7228f933e394f9beb68d858d891439075f4", "size": 3172, "artifact_path": "wandb-client-artifact://o28fmmntsqyurq3sz1znzthoj0tdz0d4h9x2jsd9sp71mvhebxpglrvvo4628othxdh8bdt9ccr73hwtgfy0lavmf51o0oz5m6lr1gipl2i4dace555k2jn6pku8jode:latest/confusion_matrix_table.table.json", "_latest_artifact_path": "wandb-client-artifact://o28fmmntsqyurq3sz1znzthoj0tdz0d4h9x2jsd9sp71mvhebxpglrvvo4628othxdh8bdt9ccr73hwtgfy0lavmf51o0oz5m6lr1gipl2i4dace555k2jn6pku8jode:latest/confusion_matrix_table.table.json", "path": "media/table/confusion_matrix_table_59_2b182004f82f9a66eeac.table.json", "ncols": 3, "nrows": 100}, "_wandb": {"runtime": 111}}