{"Epoch ": 9, "Training loss ": 1.791833971817046, "Training accuracy ": 0.5401851851851852, "Validation loss ": 1.7895849885919448, "Validation accuracy ": 0.5388333333333334, "Testing loss ": 1.793990353079269, "Testing accuracy ": 0.5358, "_timestamp": 1709135383.6356163, "_runtime": 53.77120923995972, "_step": 19, "confusion_matrix_table": {"_type": "table-file", "sha256": "6b29724a6664b773106b6bfa27197836ab2304d7786b1f3e41c5c160f34cd6f1", "size": 3190, "artifact_path": "wandb-client-artifact://dzv2ln26popisjfwwikrwe5vujx8wi9hq36ml2wbyxf7eevz1hzcl1i4x5w6i291pr95h3m844mnefy26mw3t6oo9dirumhw4wyakkl6i4455pfawxeltwcjtd8tepcn:latest/confusion_matrix_table.table.json", "_latest_artifact_path": "wandb-client-artifact://dzv2ln26popisjfwwikrwe5vujx8wi9hq36ml2wbyxf7eevz1hzcl1i4x5w6i291pr95h3m844mnefy26mw3t6oo9dirumhw4wyakkl6i4455pfawxeltwcjtd8tepcn:latest/confusion_matrix_table.table.json", "path": "media/table/confusion_matrix_table_19_6b29724a6664b773106b.table.json", "ncols": 3, "nrows": 100}, "_wandb": {"runtime": 53}}