{"Epoch ": 4, "Training loss ": 0.24171210711207408, "Training accuracy ": 0.8447407407407408, "Validation loss ": 0.2404682170891784, "Validation accuracy ": 0.845, "Testing loss ": 0.2548728262447502, "Testing accuracy ": 0.8334, "_timestamp": 1709181199.752418, "_runtime": 12.060358047485352, "_step": 9, "confusion_matrix_table": {"_type": "table-file", "sha256": "59ebb9220cb01348b0aeb4337cdbd0851c3d93ed3bd848708783c56534359d56", "size": 3177, "artifact_path": "wandb-client-artifact://2njj2c4ndsgoq6r18ndvg6a81cecukxfmihf0oblnhnkscd859us91iep6v3f3r4jlrvu1c7z2z4n348fqg6y4979hiictd2jiye8treg2tf7sfk84xh523w1xhyk1ew:latest/confusion_matrix_table.table.json", "_latest_artifact_path": "wandb-client-artifact://2njj2c4ndsgoq6r18ndvg6a81cecukxfmihf0oblnhnkscd859us91iep6v3f3r4jlrvu1c7z2z4n348fqg6y4979hiictd2jiye8treg2tf7sfk84xh523w1xhyk1ew:latest/confusion_matrix_table.table.json", "path": "media/table/confusion_matrix_table_9_59ebb9220cb01348b0ae.table.json", "ncols": 3, "nrows": 100}, "_wandb": {"runtime": 11}}