{"Epoch ": 29, "Training loss ": 0.18906922056928194, "Training accuracy ": 0.9309259259259259, "Validation loss ": 0.31314388977459395, "Validation accuracy ": 0.8878333333333334, "Testing loss ": 0.3366479705842952, "Testing accuracy ": 0.8842, "_timestamp": 1709300628.4422934, "_runtime": 871.5467154979706, "_step": 59, "confusion_matrix_table": {"_type": "table-file", "sha256": "c2822f379172d8c4fb4a847910b375041451dc0c6e26a1db4cec3ce90475bd3f", "size": 3169, "artifact_path": "wandb-client-artifact://ok5feybil916izf89izyjtvm1j3nh6sustppvyj0g2kdw3joe3nhb1h3ke6ipme2e2iigeohzz8ibep8nswcnb6hp50f21eo713tj3m2shfdgsmjvdcgnyzxi6anoscy:latest/confusion_matrix_table.table.json", "_latest_artifact_path": "wandb-client-artifact://ok5feybil916izf89izyjtvm1j3nh6sustppvyj0g2kdw3joe3nhb1h3ke6ipme2e2iigeohzz8ibep8nswcnb6hp50f21eo713tj3m2shfdgsmjvdcgnyzxi6anoscy:latest/confusion_matrix_table.table.json", "path": "media/table/confusion_matrix_table_59_c2822f379172d8c4fb4a.table.json", "ncols": 3, "nrows": 100}, "_wandb": {"runtime": 870}}