{"Epoch ": 29, "Training loss ": 0.2013465202005055, "Training accuracy ": 0.9249444444444445, "Validation loss ": 0.32046014689807134, "Validation accuracy ": 0.8876666666666667, "Testing loss ": 0.34385414081885, "Testing accuracy ": 0.8786, "_timestamp": 1709499558.1163752, "_runtime": 198.8284342288971, "_step": 59, "confusion_matrix_table": {"_type": "table-file", "sha256": "bc27f887d1d987ef8574b9c12c6ee6ddb86a2d6462c2ffbd519a2b00034d5c03", "size": 3170, "artifact_path": "wandb-client-artifact://8jkwhxktgv2a6dqdf52kkh0e5n4re6tjwcjulbojdzprafs2pa8r88vb2duhw3vjxiqomwujxq6het2p4ka1l07tf90on3e3t6q12n7t739ga8qllyv0j1u9ffl115eh:latest/confusion_matrix_table.table.json", "_latest_artifact_path": "wandb-client-artifact://8jkwhxktgv2a6dqdf52kkh0e5n4re6tjwcjulbojdzprafs2pa8r88vb2duhw3vjxiqomwujxq6het2p4ka1l07tf90on3e3t6q12n7t739ga8qllyv0j1u9ffl115eh:latest/confusion_matrix_table.table.json", "path": "media/table/confusion_matrix_table_59_bc27f887d1d987ef8574.table.json", "ncols": 3, "nrows": 100}, "_wandb": {"runtime": 198}}