{"Epoch ": 4, "Training loss ": 0.33531569394465055, "Training accuracy ": 0.7707962962962963, "Validation loss ": 0.3457842944124624, "Validation accuracy ": 0.7663333333333333, "Testing loss ": 0.35540734374894434, "Testing accuracy ": 0.7567, "_timestamp": 1709308566.3208663, "_runtime": 39.95533633232117, "_step": 9, "confusion_matrix_table": {"_type": "table-file", "sha256": "a384b2be8431d501261cdc48cbd004f356aecd68ef642a729f4e096d70c56cdf", "size": 3171, "artifact_path": "wandb-client-artifact://798v5jtdoaa1a0o10kco5mvieyd2uhi6sss2e43f04yhxuot4eh5jlsmjxzablwvtj1ehp8b23v737ig1xdv7hb5f66o8przrueq650mm1fkdcfc2tpqpspyl70g9q3e:latest/confusion_matrix_table.table.json", "_latest_artifact_path": "wandb-client-artifact://798v5jtdoaa1a0o10kco5mvieyd2uhi6sss2e43f04yhxuot4eh5jlsmjxzablwvtj1ehp8b23v737ig1xdv7hb5f66o8przrueq650mm1fkdcfc2tpqpspyl70g9q3e:latest/confusion_matrix_table.table.json", "path": "media/table/confusion_matrix_table_9_a384b2be8431d501261c.table.json", "ncols": 3, "nrows": 100}, "_wandb": {"runtime": 39}}