{"Epoch ": 9, "Training loss ": 0.05681470150275053, "Training accuracy ": 0.964462962962963, "Validation loss ": 0.0841422067125159, "Validation accuracy ": 0.946, "Testing loss ": 0.08360906426962739, "Testing accuracy ": 0.9469, "_timestamp": 1709530611.9617932, "_runtime": 42.14541721343994, "_step": 19, "confusion_matrix_table": {"_type": "table-file", "sha256": "00e3f0b799fb1441e972b9b8ecc02e57dbac458df3930f00aaf80a207ec1c4ac", "size": 3162, "artifact_path": "wandb-client-artifact://ujey391w24mlsnto6snvn78e1kpu2k94wtl326i16dp0oxn52nnr9urom57xicliqdg181615z06q2so7pwekmcb5nguzcuklrs74vjyotwzqwfr4tsnhh7k0k8xki42:latest/confusion_matrix_table.table.json", "_latest_artifact_path": "wandb-client-artifact://ujey391w24mlsnto6snvn78e1kpu2k94wtl326i16dp0oxn52nnr9urom57xicliqdg181615z06q2so7pwekmcb5nguzcuklrs74vjyotwzqwfr4tsnhh7k0k8xki42:latest/confusion_matrix_table.table.json", "path": "media/table/confusion_matrix_table_19_00e3f0b799fb1441e972.table.json", "ncols": 3, "nrows": 100}, "_wandb": {"runtime": 41}}