{"Epoch ": 29, "Training loss ": 0.2152732891960571, "Training accuracy ": 0.9193888888888889, "Validation loss ": 0.41771497733772534, "Validation accuracy ": 0.8846666666666667, "Testing loss ": 0.4512529295077079, "Testing accuracy ": 0.8731, "_timestamp": 1709404600.2723696, "_runtime": 175.800550699234, "_step": 59, "confusion_matrix_table": {"_type": "table-file", "sha256": "82c81ef8c636bec59df2c7a6fc63f3b65a44e41a943c8b08fd4ca0acf4f096f3", "size": 3170, "artifact_path": "wandb-client-artifact://9fm2unw5nydp8kbg2fvhw3dgu1wyi7k6lzclwg4z7dejac6u9vsth3y7khbyzloz0d2xbeohibvbafh0ysepnatggl1mb4uopq1qhy7n9n3i3uzhf072xm2d85x5wcn4:latest/confusion_matrix_table.table.json", "_latest_artifact_path": "wandb-client-artifact://9fm2unw5nydp8kbg2fvhw3dgu1wyi7k6lzclwg4z7dejac6u9vsth3y7khbyzloz0d2xbeohibvbafh0ysepnatggl1mb4uopq1qhy7n9n3i3uzhf072xm2d85x5wcn4:latest/confusion_matrix_table.table.json", "path": "media/table/confusion_matrix_table_59_82c81ef8c636bec59df2.table.json", "ncols": 3, "nrows": 100}, "_wandb": {"runtime": 174}}