{"Epoch ": 24, "Training loss ": 0.2779359532367023, "Training accuracy ": 0.9282962962962963, "Validation loss ": 0.3101873325336539, "Validation accuracy ": 0.9141666666666667, "Testing loss ": 0.2727661835964333, "Testing accuracy ": 0.9287, "_timestamp": 1709495129.6183567, "_runtime": 83.64238166809082, "_step": 49, "confusion_matrix_table": {"_type": "table-file", "sha256": "dc169ee4f7dec359ef2428256e15fd3bccf1633f7dce5125af45b18ecd3765ff", "size": 3174, "artifact_path": "wandb-client-artifact://8qtcv5taimmk7vgdf7us3r6946rhy7iuyzzwmrpltd8pp0gwlic0ma0l22twbz67m8f9cosu9kkfllxvjnyq8q45ro9grlx44xpuvu43dg1vhxs8la1ywxk80ouqvjoa:latest/confusion_matrix_table.table.json", "_latest_artifact_path": "wandb-client-artifact://8qtcv5taimmk7vgdf7us3r6946rhy7iuyzzwmrpltd8pp0gwlic0ma0l22twbz67m8f9cosu9kkfllxvjnyq8q45ro9grlx44xpuvu43dg1vhxs8la1ywxk80ouqvjoa:latest/confusion_matrix_table.table.json", "path": "media/table/confusion_matrix_table_49_dc169ee4f7dec359ef24.table.json", "ncols": 3, "nrows": 100}, "_wandb": {"runtime": 82}}