{"Epoch ": 4, "Training loss ": 0.3178430021518514, "Training accuracy ": 0.8848703703703704, "Validation loss ": 0.3463473223168566, "Validation accuracy ": 0.874, "Testing loss ": 0.3804885160221003, "Testing accuracy ": 0.8635, "_timestamp": 1709474078.1164343, "_runtime": 29.620112419128418, "_step": 9, "confusion_matrix_table": {"_type": "table-file", "sha256": "2428540dd285c50c4a67b8f5bcd983d51fc796a8b2c7a280398590ea690cb226", "size": 3174, "artifact_path": "wandb-client-artifact://lkxwruy5o4ctdn8ui1rk9i2zbc6ppg3j8u9hqcjjmxpgauvx0mjjy062ut25yil6x8suxl06fk72fr35vv1g28l6fy3x1n4xaelcm5po9k79s2m1dtmpvuuxs88fkw5g:latest/confusion_matrix_table.table.json", "_latest_artifact_path": "wandb-client-artifact://lkxwruy5o4ctdn8ui1rk9i2zbc6ppg3j8u9hqcjjmxpgauvx0mjjy062ut25yil6x8suxl06fk72fr35vv1g28l6fy3x1n4xaelcm5po9k79s2m1dtmpvuuxs88fkw5g:latest/confusion_matrix_table.table.json", "path": "media/table/confusion_matrix_table_9_2428540dd285c50c4a67.table.json", "ncols": 3, "nrows": 100}, "_wandb": {"runtime": 28}}