{"Epoch ": 19, "Training loss ": 0.23338191951108075, "Training accuracy ": 0.9152037037037037, "Validation loss ": 0.36230514942235353, "Validation accuracy ": 0.88, "Testing loss ": 0.40849466756273395, "Testing accuracy ": 0.869, "_timestamp": 1709140034.4736414, "_runtime": 149.04759740829468, "_step": 39, "confusion_matrix_table": {"_type": "table-file", "sha256": "5c4e5c7480123964706c97d4648e68e52294c931f7b4c408cbeb7e7baf6dd236", "size": 3171, "artifact_path": "wandb-client-artifact://wsn0rtalaf0dj19a7aj1vd9r5vaxibttuy8ders306mvloyholrqlontizk22kg2nrueh52m5wxrh8bp9mi7m7lleiknuwyir0ed8pm05juwo4kwtx0ufv5arkg0tdu1:latest/confusion_matrix_table.table.json", "_latest_artifact_path": "wandb-client-artifact://wsn0rtalaf0dj19a7aj1vd9r5vaxibttuy8ders306mvloyholrqlontizk22kg2nrueh52m5wxrh8bp9mi7m7lleiknuwyir0ed8pm05juwo4kwtx0ufv5arkg0tdu1:latest/confusion_matrix_table.table.json", "path": "media/table/confusion_matrix_table_39_5c4e5c7480123964706c.table.json", "ncols": 3, "nrows": 100}, "_wandb": {"runtime": 148}}