{"Epoch ": 24, "Training loss ": 0.6977078697131279, "Training accuracy ": 0.806537037037037, "Validation loss ": 0.7895195787560993, "Validation accuracy ": 0.7966666666666666, "Testing loss ": 0.8610003071629971, "Testing accuracy ": 0.7857, "_timestamp": 1709480891.5724444, "_runtime": 65.85769248008728, "_step": 49, "confusion_matrix_table": {"_type": "table-file", "sha256": "c64f2dc4c808a76f66291dcc5abb9441c0daa431aac850a5dfff32bd9584cf40", "size": 3174, "artifact_path": "wandb-client-artifact://5ybfvv2n2hsvef6dktgtjixlg730ldi3x4oyvovzul4jy36h06ut62exn6kpit35pbmxrnpdvgivpjueq13hucexl2w5kaqo88ixcvu8u8gmc9dyhm7p4ryweksw85ee:latest/confusion_matrix_table.table.json", "_latest_artifact_path": "wandb-client-artifact://5ybfvv2n2hsvef6dktgtjixlg730ldi3x4oyvovzul4jy36h06ut62exn6kpit35pbmxrnpdvgivpjueq13hucexl2w5kaqo88ixcvu8u8gmc9dyhm7p4ryweksw85ee:latest/confusion_matrix_table.table.json", "path": "media/table/confusion_matrix_table_49_c64f2dc4c808a76f6629.table.json", "ncols": 3, "nrows": 100}, "_wandb": {"runtime": 65}}