{"Epoch ": 19, "Training loss ": 0.20262935718824876, "Training accuracy ": 0.8542777777777778, "Validation loss ": 0.2209207876582086, "Validation accuracy ": 0.8433333333333334, "Testing loss ": 0.23678481149334785, "Testing accuracy ": 0.8338, "_timestamp": 1709307262.867669, "_runtime": 100.15029406547546, "_step": 39, "confusion_matrix_table": {"_type": "table-file", "sha256": "8406fe1840dd01063eeae2ba74b42d632ea01be9bb811a8805f2721f40c4f6b4", "size": 3171, "artifact_path": "wandb-client-artifact://g7hz3lzb07xwojrpjhp85j4olh0lho6w6ujvmrr1foy8cz0fdfjofwi5rhmws47qqp8zyegyvkk6c0dk1j079qo9lg3o2cjkm8up5pgmi21n92kabgm83kcw2phqxkt4:latest/confusion_matrix_table.table.json", "_latest_artifact_path": "wandb-client-artifact://g7hz3lzb07xwojrpjhp85j4olh0lho6w6ujvmrr1foy8cz0fdfjofwi5rhmws47qqp8zyegyvkk6c0dk1j079qo9lg3o2cjkm8up5pgmi21n92kabgm83kcw2phqxkt4:latest/confusion_matrix_table.table.json", "path": "media/table/confusion_matrix_table_39_8406fe1840dd01063eea.table.json", "ncols": 3, "nrows": 100}, "_wandb": {"runtime": 99}}