{"Epoch ": 29, "Training loss ": 0.9615999044865086, "Training accuracy ": 0.792425925925926, "Validation loss ": 0.9883348817593914, "Validation accuracy ": 0.7773333333333333, "Testing loss ": 0.9562187048654444, "Testing accuracy ": 0.7937, "_timestamp": 1709497613.4078667, "_runtime": 81.98901677131653, "_step": 59, "confusion_matrix_table": {"_type": "table-file", "sha256": "4c15b1c105de9cf6af495dbc11c375d269d2af8e04ab75a70f14c779e25c0784", "size": 3189, "artifact_path": "wandb-client-artifact://093p9sj3o56f1lr6u5jdkg53gugbuzqry4da25b0tnm776m6nnyu1j4wtlrjfjudjlgtjzkvx3cq9pf20tqosuu9n9atp3xetusazqqktv4fbcxwlc4r2vfy1irk3g56:latest/confusion_matrix_table.table.json", "_latest_artifact_path": "wandb-client-artifact://093p9sj3o56f1lr6u5jdkg53gugbuzqry4da25b0tnm776m6nnyu1j4wtlrjfjudjlgtjzkvx3cq9pf20tqosuu9n9atp3xetusazqqktv4fbcxwlc4r2vfy1irk3g56:latest/confusion_matrix_table.table.json", "path": "media/table/confusion_matrix_table_59_4c15b1c105de9cf6af49.table.json", "ncols": 3, "nrows": 100}, "_wandb": {"runtime": 81}}