{"Epoch ": 19, "Training loss ": 0.054901759242207325, "Training accuracy ": 0.9643148148148148, "Validation loss ": 0.09125374593278032, "Validation accuracy ": 0.9436666666666667, "Testing loss ": 0.08486049271719692, "Testing accuracy ": 0.9471, "_timestamp": 1709530459.6328855, "_runtime": 97.49619650840759, "_step": 39, "confusion_matrix_table": {"_type": "table-file", "sha256": "1cb53983afaf70514cad9078bb80f5adb8357fa0aa5fb8f7d4dfca553f37e38f", "size": 3163, "artifact_path": "wandb-client-artifact://i3qmju8gpja905spqpexma4fvyygd0b3hg7px0rc5vs7zceacrdx89ixio0xh1aek0n0amzt09g1e9yrjnk8rbnc7a6iehsiqumgirvnh1i9bcej7er765hp10qsxsvc:latest/confusion_matrix_table.table.json", "_latest_artifact_path": "wandb-client-artifact://i3qmju8gpja905spqpexma4fvyygd0b3hg7px0rc5vs7zceacrdx89ixio0xh1aek0n0amzt09g1e9yrjnk8rbnc7a6iehsiqumgirvnh1i9bcej7er765hp10qsxsvc:latest/confusion_matrix_table.table.json", "path": "media/table/confusion_matrix_table_39_1cb53983afaf70514cad.table.json", "ncols": 3, "nrows": 100}, "_wandb": {"runtime": 96}}