{"Epoch ": 4, "Training loss ": 2.3028289236792454, "Training accuracy ": 0.1, "Validation loss ": 2.3028289242687054, "Validation accuracy ": 0.1, "Testing loss ": 2.30282892406401, "Testing accuracy ": 0.1, "_timestamp": 1709400240.2987752, "_runtime": 19.539435148239136, "_step": 9, "confusion_matrix_table": {"_type": "table-file", "sha256": "0ee415feb6e88801bea131a71c2983f6ab863018fdbc5640c49db930f958dd1d", "size": 3152, "artifact_path": "wandb-client-artifact://c2e78d2mlqv93rsswrpq7ylk34ecg3pb7hx30ns7ddoa8alu540z7t9ol5b1i5s38r5zpa5fycs3dn0uovujgjdlrldogw851cz3fapolv05rhebj749xop5w1x2vqqd:latest/confusion_matrix_table.table.json", "_latest_artifact_path": "wandb-client-artifact://c2e78d2mlqv93rsswrpq7ylk34ecg3pb7hx30ns7ddoa8alu540z7t9ol5b1i5s38r5zpa5fycs3dn0uovujgjdlrldogw851cz3fapolv05rhebj749xop5w1x2vqqd:latest/confusion_matrix_table.table.json", "path": "media/table/confusion_matrix_table_9_0ee415feb6e88801bea1.table.json", "ncols": 3, "nrows": 100}, "_wandb": {"runtime": 18}}