{"Epoch": 14, "Training loss": 0.9781857354710712, "Training accuracy": 0.7098518518518518, "Validation loss": 1.0139688098183275, "Validation accuracy": 0.699, "Testing loss": 1.0261181727149637, "Testing accuracy": 0.6988, "_timestamp": 1709120538.1050215, "_runtime": 46.23558855056763, "_step": 29, "confusion_matrix_table": {"_type": "table-file", "sha256": "9cbef68b2b141a2886f339972226cdf632e6bb903a5381d66ca60d9b7f2ee5e0", "size": 3179, "artifact_path": "wandb-client-artifact://7ol9jhnwyelnr17r3in3iugr361jrt4v2axavhrg3qcz31adp3ptwnnxp38buskmv2hgq1yc5f2n8gwrq2y0ogtxhko6tiyeuuvlmm3s2zsiw6ab4bqope7ggeqq1moo:latest/confusion_matrix_table.table.json", "_latest_artifact_path": "wandb-client-artifact://7ol9jhnwyelnr17r3in3iugr361jrt4v2axavhrg3qcz31adp3ptwnnxp38buskmv2hgq1yc5f2n8gwrq2y0ogtxhko6tiyeuuvlmm3s2zsiw6ab4bqope7ggeqq1moo:latest/confusion_matrix_table.table.json", "path": "media/table/confusion_matrix_table_29_9cbef68b2b141a2886f3.table.json", "ncols": 3, "nrows": 100}, "_wandb": {"runtime": 45}}