{"Epoch ": 4, "Training loss ": 0.31654725803976813, "Training accuracy ": 0.8855555555555555, "Validation loss ": 0.342700248537799, "Validation accuracy ": 0.8791666666666667, "Testing loss ": 0.3873045881342407, "Testing accuracy ": 0.8572, "_timestamp": 1709292728.4473178, "_runtime": 23.282946825027466, "_step": 9, "confusion_matrix_table": {"_type": "table-file", "sha256": "eb48b99a0492f6dea94260eac1f2b21cb89eaca7115f5d91435d3b5c6c13dbef", "size": 3172, "artifact_path": "wandb-client-artifact://wg6dfq48cn85kg0aubyyhb0lyiagqqbs0p00we5iabumjixfuz5wjdc4mdy1g8xcy0snr380rkximxxd2q4x1ebsa8eowe0250mnm1coreg2d4430kczob43q0b37lcw:latest/confusion_matrix_table.table.json", "_latest_artifact_path": "wandb-client-artifact://wg6dfq48cn85kg0aubyyhb0lyiagqqbs0p00we5iabumjixfuz5wjdc4mdy1g8xcy0snr380rkximxxd2q4x1ebsa8eowe0250mnm1coreg2d4430kczob43q0b37lcw:latest/confusion_matrix_table.table.json", "path": "media/table/confusion_matrix_table_9_eb48b99a0492f6dea942.table.json", "ncols": 3, "nrows": 100}, "_wandb": {"runtime": 22}}