{"Epoch ": 4, "Training loss ": 0.5118131676632898, "Training accuracy ": 0.821462962962963, "Validation loss ": 0.5115679412563013, "Validation accuracy ": 0.8203333333333334, "Testing loss ": 0.536156807657939, "Testing accuracy ": 0.8105, "_timestamp": 1709486041.7834785, "_runtime": 152.62931561470032, "_step": 9, "confusion_matrix_table": {"_type": "table-file", "sha256": "18bdeb37674ac50e8ea8957a59074a66319e934d88d03b52c72abc420d6550e7", "size": 3179, "artifact_path": "wandb-client-artifact://bppqsrtfal686cqodhcicznnee1qw8bhrj1dnarpj6xte215ezapy32wmnosiy7oiluioqj010juvimadqas2yeal5ars2aoj1hp433whgsi3njq5zrez549trivvnwb:latest/confusion_matrix_table.table.json", "_latest_artifact_path": "wandb-client-artifact://bppqsrtfal686cqodhcicznnee1qw8bhrj1dnarpj6xte215ezapy32wmnosiy7oiluioqj010juvimadqas2yeal5ars2aoj1hp433whgsi3njq5zrez549trivvnwb:latest/confusion_matrix_table.table.json", "path": "media/table/confusion_matrix_table_9_18bdeb37674ac50e8ea8.table.json", "ncols": 3, "nrows": 100}, "_wandb": {"runtime": 151}}