{"Epoch ": 19, "Training loss ": 1.6117667601337309, "Training accuracy ": 0.36442592592592593, "Validation loss ": 1.6103738145259952, "Validation accuracy ": 0.36816666666666664, "Testing loss ": 1.6259470537809972, "Testing accuracy ": 0.3619, "_timestamp": 1708960013.7437541, "_runtime": 39.50544810295105, "_step": 39, "confusion_matrix_table": {"_type": "table-file", "sha256": "1d88b7aa1a36d1c07bcd778b0fdeb35b9c0e2adb42b84a201eb8bfa45196b229", "size": 3154, "artifact_path": "wandb-client-artifact://zq58oslpk5p5dcdmpil6plhr9sy5fcebft38gfs9sjc4as1bjac3ihmqtcfabwmi6timbps4dms0qzgay1ay1psfl6azceh7o3ehwmd68hiaizgov3zdlh8t383b0xf9:latest/confusion_matrix_table.table.json", "_latest_artifact_path": "wandb-client-artifact://zq58oslpk5p5dcdmpil6plhr9sy5fcebft38gfs9sjc4as1bjac3ihmqtcfabwmi6timbps4dms0qzgay1ay1psfl6azceh7o3ehwmd68hiaizgov3zdlh8t383b0xf9:latest/confusion_matrix_table.table.json", "path": "media/table/confusion_matrix_table_39_1d88b7aa1a36d1c07bcd.table.json", "ncols": 3, "nrows": 100}, "_wandb": {"runtime": 38}}