{"Epoch ": 14, "Training loss ": 0.3731263398461152, "Training accuracy ": 0.8879259259259259, "Validation loss ": 0.44542978122579713, "Validation accuracy ": 0.8743333333333333, "Testing loss ": 0.4892593954561464, "Testing accuracy ": 0.8616, "_timestamp": 1709450575.7203765, "_runtime": 114.69118452072144, "_step": 29, "confusion_matrix_table": {"_type": "table-file", "sha256": "a8e24b989d0430c31b597d0f7c649aaa606e5d68245189cd211da3ccc26991b9", "size": 3172, "artifact_path": "wandb-client-artifact://m8vg4zuzlzqxxv3x7208h1q0uqhse7fjdqfyyjo671rtl18yyfgxevjvsd885wq1ghgpdiduaahebpr6j01u7ji712mvjje6jcv3p1ij05v7scf1ginbufwx0p50a118:latest/confusion_matrix_table.table.json", "_latest_artifact_path": "wandb-client-artifact://m8vg4zuzlzqxxv3x7208h1q0uqhse7fjdqfyyjo671rtl18yyfgxevjvsd885wq1ghgpdiduaahebpr6j01u7ji712mvjje6jcv3p1ij05v7scf1ginbufwx0p50a118:latest/confusion_matrix_table.table.json", "path": "media/table/confusion_matrix_table_29_a8e24b989d0430c31b59.table.json", "ncols": 3, "nrows": 100}, "_wandb": {"runtime": 113}}