{"Epoch ": 24, "Training loss ": 0.2580926259744483, "Training accuracy ": 0.9040555555555555, "Validation loss ": 0.36672703020046477, "Validation accuracy ": 0.8768333333333334, "Testing loss ": 0.38253601791342146, "Testing accuracy ": 0.8661, "_timestamp": 1709299001.3390977, "_runtime": 124.84378981590271, "_step": 49, "confusion_matrix_table": {"_type": "table-file", "sha256": "d8373e7df5e6df5b17967b7123999aacd15b09bc2ab8f3ddfb411a8b8643a751", "size": 3173, "artifact_path": "wandb-client-artifact://flkkwii8617dck6f8w9bcr7k3vbhove37fcc17o655zvufvipl4zf4p7ofiu7m5c8vcmim8guwr0d6fmn9iqi0yzsvfgjv6pbtvsz24thr7ndup1d4qyfzazx0myhj3v:latest/confusion_matrix_table.table.json", "_latest_artifact_path": "wandb-client-artifact://flkkwii8617dck6f8w9bcr7k3vbhove37fcc17o655zvufvipl4zf4p7ofiu7m5c8vcmim8guwr0d6fmn9iqi0yzsvfgjv6pbtvsz24thr7ndup1d4qyfzazx0myhj3v:latest/confusion_matrix_table.table.json", "path": "media/table/confusion_matrix_table_49_d8373e7df5e6df5b1796.table.json", "ncols": 3, "nrows": 100}, "_wandb": {"runtime": 124}}