{"Epoch ": 4, "Training loss ": 0.7304618752751088, "Training accuracy ": 0.7528333333333334, "Validation loss ": 0.7396255790243543, "Validation accuracy ": 0.7508333333333334, "Testing loss ": 0.748392974906059, "Testing accuracy ": 0.7472, "_timestamp": 1709098137.579121, "_runtime": 19.036163091659546, "_step": 4, "_wandb": {"runtime": 18}}