{"Epoch": 19, "Training loss": 0.21682601151245084, "Training accuracy": 0.9211666666666667, "Validation loss": 0.3285973436571956, "Validation accuracy": 0.8901666666666667, "Testing loss": 0.3693609372435197, "Testing accuracy": 0.8755, "_timestamp": 1709122477.7216074, "_runtime": 99.42916655540466, "_step": 39, "confusion_matrix_table": {"_type": "table-file", "sha256": "4cbf92ed379c26c1e61bb5ad6624ca1959abbd1a861a4700529cb171cc50490d", "size": 3169, "artifact_path": "wandb-client-artifact://1uiemkd4k9wzoytuqudf518ihdmn6hwpuualoy5jgkug0b08nulvlch7vy3ka4w5erbvyjak6u0obvpcephljmybc7ox53xepnc2g28phsh4dzohl6m53vx6dk122ogo:latest/confusion_matrix_table.table.json", "_latest_artifact_path": "wandb-client-artifact://1uiemkd4k9wzoytuqudf518ihdmn6hwpuualoy5jgkug0b08nulvlch7vy3ka4w5erbvyjak6u0obvpcephljmybc7ox53xepnc2g28phsh4dzohl6m53vx6dk122ogo:latest/confusion_matrix_table.table.json", "path": "media/table/confusion_matrix_table_39_4cbf92ed379c26c1e61b.table.json", "ncols": 3, "nrows": 100}, "_wandb": {"runtime": 98}}