{"Epoch ": 9, "Training loss ": 0.38920029392167155, "Training accuracy ": 0.8612592592592593, "Validation loss ": 0.3983954222165445, "Validation accuracy ": 0.8546666666666667, "Testing loss ": 0.4279226120828451, "Testing accuracy ": 0.8452, "_timestamp": 1709635227.23054, "_runtime": 103.72478699684143, "_step": 19, "confusion_matrix_table": {"_type": "table-file", "sha256": "16898fd8ef950805595e83f192e5c247d6ea12f245743da8a44dd94cfdd139ee", "size": 3176, "artifact_path": "wandb-client-artifact://yfcypnoe308mhkxmcx46baytdkeuivcaze4v74mq43vq1rxcgb1ta3aafpdu192qccc8wvq1x2mk2epq65tb0b3g3g4nin5dt88rck4v127nr4g14wncggocjnlnroep:latest/confusion_matrix_table.table.json", "_latest_artifact_path": "wandb-client-artifact://yfcypnoe308mhkxmcx46baytdkeuivcaze4v74mq43vq1rxcgb1ta3aafpdu192qccc8wvq1x2mk2epq65tb0b3g3g4nin5dt88rck4v127nr4g14wncggocjnlnroep:latest/confusion_matrix_table.table.json", "path": "media/table/confusion_matrix_table_19_16898fd8ef950805595e.table.json", "ncols": 3, "nrows": 100}, "_wandb": {"runtime": 102}}