{"Epoch ": 24, "Training loss ": 0.43745737119618455, "Training accuracy ": 0.8549074074074074, "Validation loss ": 0.47226623335636936, "Validation accuracy ": 0.8421666666666666, "Testing loss ": 0.47053740202504934, "Testing accuracy ": 0.8395, "_timestamp": 1709478481.6295187, "_runtime": 158.67220163345337, "_step": 49, "confusion_matrix_table": {"_type": "table-file", "sha256": "817ce096cf81d1f8713f768e8c0a5909b50619333bb51c0f6e35d2eb8cd57fa1", "size": 3174, "artifact_path": "wandb-client-artifact://ob7bfhr5rznao6q128pljet92igpvy7z1yu2926xq647f5lomaavg8smuftls9ymp0v345vw19m1i1a6n9rxu6pn3k7ozbrbuw56nkerl21tq938gnbzsomgekh27zng:latest/confusion_matrix_table.table.json", "_latest_artifact_path": "wandb-client-artifact://ob7bfhr5rznao6q128pljet92igpvy7z1yu2926xq647f5lomaavg8smuftls9ymp0v345vw19m1i1a6n9rxu6pn3k7ozbrbuw56nkerl21tq938gnbzsomgekh27zng:latest/confusion_matrix_table.table.json", "path": "media/table/confusion_matrix_table_49_817ce096cf81d1f8713f.table.json", "ncols": 3, "nrows": 100}, "_wandb": {"runtime": 157}}