{"Epoch ": 24, "Training loss ": 0.274747203258695, "Training accuracy ": 0.9058703703703703, "Validation loss ": 0.381944733220934, "Validation accuracy ": 0.8773333333333333, "Testing loss ": 0.4040196986374228, "Testing accuracy ": 0.8665, "_timestamp": 1709134024.622697, "_runtime": 78.5677502155304, "_step": 49, "confusion_matrix_table": {"_type": "table-file", "sha256": "79419ea1b6ee3d7f161121e562228c0cfe1f157a0d02699641b6b0df4bc8f442", "size": 3170, "artifact_path": "wandb-client-artifact://xefo5chk8vhmtoz3nyt2tnlx1pvakb5hqas8tctyoym2d70cuafasfwwtok2lw8f2q1rolau5fkcbkp0c4v2twa6yjzmj78fnhmsok4aquwxsn45t3c6g7zg4ppui64w:latest/confusion_matrix_table.table.json", "_latest_artifact_path": "wandb-client-artifact://xefo5chk8vhmtoz3nyt2tnlx1pvakb5hqas8tctyoym2d70cuafasfwwtok2lw8f2q1rolau5fkcbkp0c4v2twa6yjzmj78fnhmsok4aquwxsn45t3c6g7zg4ppui64w:latest/confusion_matrix_table.table.json", "path": "media/table/confusion_matrix_table_49_79419ea1b6ee3d7f1611.table.json", "ncols": 3, "nrows": 100}, "_wandb": {"runtime": 77}}