{"Epoch ": 24, "Training loss ": 2.3009045676376814, "Training accuracy ": 0.11374074074074074, "Validation loss ": 2.303657518774243, "Validation accuracy ": 0.1, "Testing loss ": 2.301054748540307, "Testing accuracy ": 0.1135, "_timestamp": 1709498166.4421914, "_runtime": 148.9059202671051, "_step": 49, "confusion_matrix_table": {"_type": "table-file", "sha256": "d1569761db429b76055faeaf2e107bee2147105aec334a738d9337d7991aa86c", "size": 3147, "artifact_path": "wandb-client-artifact://ibs8ghl26kfq81ws5x4e46othpgr0b1w3fr2w5yiozzudow5oj0v591ytqln4uqatdhy38cobxcn8t0locgtec0s97lpkbropiqudpt90btudet8q4ko4mtqklvda8oi:latest/confusion_matrix_table.table.json", "_latest_artifact_path": "wandb-client-artifact://ibs8ghl26kfq81ws5x4e46othpgr0b1w3fr2w5yiozzudow5oj0v591ytqln4uqatdhy38cobxcn8t0locgtec0s97lpkbropiqudpt90btudet8q4ko4mtqklvda8oi:latest/confusion_matrix_table.table.json", "path": "media/table/confusion_matrix_table_49_d1569761db429b76055f.table.json", "ncols": 3, "nrows": 100}, "_wandb": {"runtime": 148}}