{"Epoch ": 24, "Training loss ": 0.19588658994614636, "Training accuracy ": 0.8638703703703704, "Validation loss ": 0.201909339627896, "Validation accuracy ": 0.8605, "Testing loss ": 0.2166259840286618, "Testing accuracy ": 0.8484, "_timestamp": 1709538024.118495, "_runtime": 107.6645519733429, "_step": 49, "confusion_matrix_table": {"_type": "table-file", "sha256": "928f35e7e3e5928e80aa2b34eca69305231d25ad718a76149c830ca5a42c4850", "size": 3175, "artifact_path": "wandb-client-artifact://zc7ehvaqrvgt405n6mz71lx4717m42huklvjtxgeoomqviwajlw8ojx6veftqej126pg3dk0jewkbftqh1ow7feywcj8dc6vkhltdr8se75n7zt6nixbtlnth9pnfqln:latest/confusion_matrix_table.table.json", "_latest_artifact_path": "wandb-client-artifact://zc7ehvaqrvgt405n6mz71lx4717m42huklvjtxgeoomqviwajlw8ojx6veftqej126pg3dk0jewkbftqh1ow7feywcj8dc6vkhltdr8se75n7zt6nixbtlnth9pnfqln:latest/confusion_matrix_table.table.json", "path": "media/table/confusion_matrix_table_49_928f35e7e3e5928e80aa.table.json", "ncols": 3, "nrows": 100}, "_wandb": {"runtime": 106}}