{"Epoch ": 9, "Training loss ": 0.14889373505416778, "Training accuracy ": 0.9582962962962963, "Validation loss ": 0.21744099669587516, "Validation accuracy ": 0.9411666666666667, "Testing loss ": 0.21127514368218153, "Testing accuracy ": 0.9412, "_timestamp": 1709496087.8874192, "_runtime": 29.255391120910645, "_step": 19, "confusion_matrix_table": {"_type": "table-file", "sha256": "724ba4b0eb3be1949d92d39b37b7bf028d77c7209e7d7aa79566dc626b9217e3", "size": 3163, "artifact_path": "wandb-client-artifact://nfi5ye6ze6cyjx6b3qz7oi7huaa4z5a481olmfxc9otbs9u1i4k6dk293nlvp73d2kqnp75cpoi5xgtxneopojpl97kwedksqfr8qqf9dkrmvfegjhbi3yel7587b0q7:latest/confusion_matrix_table.table.json", "_latest_artifact_path": "wandb-client-artifact://nfi5ye6ze6cyjx6b3qz7oi7huaa4z5a481olmfxc9otbs9u1i4k6dk293nlvp73d2kqnp75cpoi5xgtxneopojpl97kwedksqfr8qqf9dkrmvfegjhbi3yel7587b0q7:latest/confusion_matrix_table.table.json", "path": "media/table/confusion_matrix_table_19_724ba4b0eb3be1949d92.table.json", "ncols": 3, "nrows": 100}, "_wandb": {"runtime": 28}}