{"Epoch ": 4, "Training loss ": 0.3095435347486251, "Training accuracy ": 0.8837962962962963, "Validation loss ": 0.3487676679597245, "Validation accuracy ": 0.8736666666666667, "Testing loss ": 0.3768022836560832, "Testing accuracy ": 0.8639, "_timestamp": 1709295600.9296162, "_runtime": 20.448485136032104, "_step": 9, "confusion_matrix_table": {"_type": "table-file", "sha256": "744576c6c57bba71ccdc9099a82adbf493b16c71c935d70f13aaebf21384f5b4", "size": 3168, "artifact_path": "wandb-client-artifact://lixjgpvepuozd2hku92cezfx2o3lnrmpkv928xuotg8yke7yakl2uqf445gufskwxlqe7y6vu1lhyvwrhqfxd07362vd1ljc50q1tf467uy16s1yy1bmp10wa9xia03k:latest/confusion_matrix_table.table.json", "_latest_artifact_path": "wandb-client-artifact://lixjgpvepuozd2hku92cezfx2o3lnrmpkv928xuotg8yke7yakl2uqf445gufskwxlqe7y6vu1lhyvwrhqfxd07362vd1ljc50q1tf467uy16s1yy1bmp10wa9xia03k:latest/confusion_matrix_table.table.json", "path": "media/table/confusion_matrix_table_9_744576c6c57bba71ccdc.table.json", "ncols": 3, "nrows": 100}, "_wandb": {"runtime": 19}}