{"Epoch ": 29, "Training loss ": 0.24245993789736706, "Training accuracy ": 0.9119074074074074, "Validation loss ": 0.396055608090393, "Validation accuracy ": 0.879, "Testing loss ": 0.4148478517671405, "Testing accuracy ": 0.8728, "_timestamp": 1709139866.2897243, "_runtime": 85.46331644058228, "_step": 59, "confusion_matrix_table": {"_type": "table-file", "sha256": "894b67d9e052c5d79854ff98806e42732acf0f91b7bdd57ef040b5eac489e4fb", "size": 3170, "artifact_path": "wandb-client-artifact://lq5bmf230u4xvlf3twx2ftdd8w5rqritlmf1cssw7rqvht2afubsz1revz0c52fv9rjbz2w834abw8w71ohjc14jf7z0gi7qx9f0ewp20wzjeoxuvo6v1ye5k3g3e5eu:latest/confusion_matrix_table.table.json", "_latest_artifact_path": "wandb-client-artifact://lq5bmf230u4xvlf3twx2ftdd8w5rqritlmf1cssw7rqvht2afubsz1revz0c52fv9rjbz2w834abw8w71ohjc14jf7z0gi7qx9f0ewp20wzjeoxuvo6v1ye5k3g3e5eu:latest/confusion_matrix_table.table.json", "path": "media/table/confusion_matrix_table_59_894b67d9e052c5d79854.table.json", "ncols": 3, "nrows": 100}, "_wandb": {"runtime": 84}}