{"Epoch ": 14, "Training loss ": 0.33690155411670175, "Training accuracy ": 0.8807222222222222, "Validation loss ": 0.40514778978689286, "Validation accuracy ": 0.8576666666666667, "Testing loss ": 0.412749660879814, "Testing accuracy ": 0.8534, "_timestamp": 1709448574.7419488, "_runtime": 27.320870876312256, "_step": 29, "confusion_matrix_table": {"_type": "table-file", "sha256": "d42e9166426cfdd718fb687fd705b472e0fc70d3d16fe920544bcd448a59d203", "size": 3174, "artifact_path": "wandb-client-artifact://na0ynm78wp67v02hbq7k6dninofo2i70w9aya87grnkjqfaexm8pxsj2rnbegqva8hsaiad4x7iiom30gz6ovb2f5ns2y1l9740tm32sjxag4mklndwkg12cdfq1h9st:latest/confusion_matrix_table.table.json", "_latest_artifact_path": "wandb-client-artifact://na0ynm78wp67v02hbq7k6dninofo2i70w9aya87grnkjqfaexm8pxsj2rnbegqva8hsaiad4x7iiom30gz6ovb2f5ns2y1l9740tm32sjxag4mklndwkg12cdfq1h9st:latest/confusion_matrix_table.table.json", "path": "media/table/confusion_matrix_table_29_d42e9166426cfdd718fb.table.json", "ncols": 3, "nrows": 100}, "_wandb": {"runtime": 26}}