{"Epoch ": 4, "Training loss ": 0.48221789636555273, "Training accuracy ": 0.8290185185185185, "Validation loss ": 0.5000940227380692, "Validation accuracy ": 0.8193333333333334, "Testing loss ": 0.5284512051925709, "Testing accuracy ": 0.8101, "_timestamp": 1709130334.4850533, "_runtime": 39.58023238182068, "_step": 9, "confusion_matrix_table": {"_type": "table-file", "sha256": "67964ecdd727e3152daafedd7b3b2b79da32f32aec4ec5f10b10c37103b93104", "size": 3182, "artifact_path": "wandb-client-artifact://na3ofv2j8id8yyao8n20rw64iiy0btcdxubx2jdpcbv4c2iq7t1mjcn93nsdhirzou1uvwabmx8r749zkurascxsdyndbszval62ph9meu427qugvmpyvp6i3yxi2n38:latest/confusion_matrix_table.table.json", "_latest_artifact_path": "wandb-client-artifact://na3ofv2j8id8yyao8n20rw64iiy0btcdxubx2jdpcbv4c2iq7t1mjcn93nsdhirzou1uvwabmx8r749zkurascxsdyndbszval62ph9meu427qugvmpyvp6i3yxi2n38:latest/confusion_matrix_table.table.json", "path": "media/table/confusion_matrix_table_9_67964ecdd727e3152daa.table.json", "ncols": 3, "nrows": 100}, "_wandb": {"runtime": 38}}