{"Epoch ": 19, "Training loss ": 0.21577664309039019, "Training accuracy ": 0.9204074074074075, "Validation loss ": 0.3205175384550673, "Validation accuracy ": 0.8865, "Testing loss ": 0.34576797483735594, "Testing accuracy ": 0.8825, "_timestamp": 1709713916.4158711, "_runtime": 74.29431414604187, "_step": 39, "confusion_matrix_table": {"_type": "table-file", "sha256": "397173423c5280d853af275ece7cee381f555ca9da87b52e59858265791dfc1f", "size": 3166, "artifact_path": "wandb-client-artifact://jb45iu7bul43xek35olrwm2iuhmis9v7zwpernko36x29jg3obfx6x1z4r5t2vhqt0wznrcmoq6u99u3kvaywkdu8je9m8svv3jw01avy8iam8l2mtzxzx43zpu6chmw:latest/confusion_matrix_table.table.json", "_latest_artifact_path": "wandb-client-artifact://jb45iu7bul43xek35olrwm2iuhmis9v7zwpernko36x29jg3obfx6x1z4r5t2vhqt0wznrcmoq6u99u3kvaywkdu8je9m8svv3jw01avy8iam8l2mtzxzx43zpu6chmw:latest/confusion_matrix_table.table.json", "path": "media/table/confusion_matrix_table_39_397173423c5280d853af.table.json", "ncols": 3, "nrows": 100}, "_wandb": {"runtime": 73}}