{"Epoch ": 29, "Training loss ": 0.21487662977720595, "Training accuracy ": 0.9238888888888889, "Validation loss ": 0.4363476805094869, "Validation accuracy ": 0.8816666666666667, "Testing loss ": 0.45013263794013353, "Testing accuracy ": 0.8699, "_timestamp": 1709403900.6034224, "_runtime": 201.3376383781433, "_step": 59, "confusion_matrix_table": {"_type": "table-file", "sha256": "32f668873a929e7784ef8dc2a9056e6a42a25b7a87f268d514741faaf3db6aa1", "size": 3172, "artifact_path": "wandb-client-artifact://5bfdg4djegfi95rt9z79t6c69adn012h8nh2itr6ow266evf346yrxex9kkiij0db1zuk6i65akax28bvoam6zc4mufkjpv5x62b4k8g7vego4lso7b3qbbe25droing:latest/confusion_matrix_table.table.json", "_latest_artifact_path": "wandb-client-artifact://5bfdg4djegfi95rt9z79t6c69adn012h8nh2itr6ow266evf346yrxex9kkiij0db1zuk6i65akax28bvoam6zc4mufkjpv5x62b4k8g7vego4lso7b3qbbe25droing:latest/confusion_matrix_table.table.json", "path": "media/table/confusion_matrix_table_59_32f668873a929e7784ef.table.json", "ncols": 3, "nrows": 100}, "_wandb": {"runtime": 200}}