{"Epoch ": 4, "Training loss ": 0.4654192514526605, "Training accuracy ": 0.6233148148148148, "Validation loss ": 0.45941917897629697, "Validation accuracy ": 0.6255, "Testing loss ": 0.4730929755365818, "Testing accuracy ": 0.618, "_timestamp": 1709181343.615403, "_runtime": 17.836010932922363, "_step": 9, "confusion_matrix_table": {"_type": "table-file", "sha256": "4c812dda4f9262c5e86bafb12340dd084aa5a4972356d07f3e7b458b2fc08987", "size": 3175, "artifact_path": "wandb-client-artifact://r9sj8nh8x8kjzvq9hzuginwt53qkvb9srw6cua1o9uco8j3s24t5xljxtz26klpuviugaf3kulvu0jxfab3u3rnhaq17p4rtv66iqf1gishxgwc23khr9vrxzae1jea2:latest/confusion_matrix_table.table.json", "_latest_artifact_path": "wandb-client-artifact://r9sj8nh8x8kjzvq9hzuginwt53qkvb9srw6cua1o9uco8j3s24t5xljxtz26klpuviugaf3kulvu0jxfab3u3rnhaq17p4rtv66iqf1gishxgwc23khr9vrxzae1jea2:latest/confusion_matrix_table.table.json", "path": "media/table/confusion_matrix_table_9_4c812dda4f9262c5e86b.table.json", "ncols": 3, "nrows": 100}, "_wandb": {"runtime": 17}}