{"Epoch ": 4, "Training loss ": 0.28035347165510416, "Training accuracy ": 0.8022777777777778, "Validation loss ": 0.2949808163002186, "Validation accuracy ": 0.7901666666666667, "Testing loss ": 0.29680689464117066, "Testing accuracy ": 0.7888, "_timestamp": 1709564922.0473871, "_runtime": 28.40610408782959, "_step": 9, "confusion_matrix_table": {"_type": "table-file", "sha256": "ab5c6a71df06d060660538a11074b727b1ea09a3d415478063cd691e72a22374", "size": 3173, "artifact_path": "wandb-client-artifact://118gpvkimethl7nvdwszkx8epgv9ckjwmnp1mrptxct4mbwl82ro4zupwv3ekqezvx8e9f71llsjdy8piyvnpvfyhmk4ztasprfxel5xihafyhxkdwq68fz32d3chmeu:latest/confusion_matrix_table.table.json", "_latest_artifact_path": "wandb-client-artifact://118gpvkimethl7nvdwszkx8epgv9ckjwmnp1mrptxct4mbwl82ro4zupwv3ekqezvx8e9f71llsjdy8piyvnpvfyhmk4ztasprfxel5xihafyhxkdwq68fz32d3chmeu:latest/confusion_matrix_table.table.json", "path": "media/table/confusion_matrix_table_9_ab5c6a71df06d0606605.table.json", "ncols": 3, "nrows": 100}, "_wandb": {"runtime": 27}}