{"Epoch ": 19, "Training loss ": 0.1216171748663401, "Training accuracy ": 0.9161481481481482, "Validation loss ": 0.1605849298293683, "Validation accuracy ": 0.8911666666666667, "Testing loss ": 0.17774878411420192, "Testing accuracy ": 0.8794, "_timestamp": 1709313376.1587467, "_runtime": 207.5134527683258, "_step": 39, "confusion_matrix_table": {"_type": "table-file", "sha256": "322e5351763b03720013bd2a16b799c5feb0c148d4cc4a49c4bf15025564565c", "size": 3169, "artifact_path": "wandb-client-artifact://av52dzch6zuipfe6r19cf8y4y0vpjl0jmzt7qy5gvl3afwjb36x2bwlsb3kg0qaux5m4768sg20kchqxum0ognom7ihhilxllnfcw82d3m921zf3gscuhinbmsyyh8o3:latest/confusion_matrix_table.table.json", "_latest_artifact_path": "wandb-client-artifact://av52dzch6zuipfe6r19cf8y4y0vpjl0jmzt7qy5gvl3afwjb36x2bwlsb3kg0qaux5m4768sg20kchqxum0ognom7ihhilxllnfcw82d3m921zf3gscuhinbmsyyh8o3:latest/confusion_matrix_table.table.json", "path": "media/table/confusion_matrix_table_39_322e5351763b03720013.table.json", "ncols": 3, "nrows": 100}, "_wandb": {"runtime": 206}}