{"Epoch ": 29, "Training loss ": 0.15439176067686172, "Training accuracy ": 0.8979259259259259, "Validation loss ": 0.1640252228378773, "Validation accuracy ": 0.8896666666666667, "Testing loss ": 0.1844314153617779, "Testing accuracy ": 0.8739, "_timestamp": 1709579183.7118108, "_runtime": 146.40123677253723, "_step": 59, "confusion_matrix_table": {"_type": "table-file", "sha256": "94610f8fc5c275d0d450dee2190c526be74f209358c8f87333606d022dfc50a2", "size": 3170, "artifact_path": "wandb-client-artifact://2013o6yxen8efz2oaxyh111okwph6yy305p80jsn1vvl6jzp4yv4wps0rb9o7i39ceaelvy6ns895e6u6m2ldiiumdw9bgh0a41d89ml6w1ypbtu6e9ox9tcyd2cfp8w:latest/confusion_matrix_table.table.json", "_latest_artifact_path": "wandb-client-artifact://2013o6yxen8efz2oaxyh111okwph6yy305p80jsn1vvl6jzp4yv4wps0rb9o7i39ceaelvy6ns895e6u6m2ldiiumdw9bgh0a41d89ml6w1ypbtu6e9ox9tcyd2cfp8w:latest/confusion_matrix_table.table.json", "path": "media/table/confusion_matrix_table_59_94610f8fc5c275d0d450.table.json", "ncols": 3, "nrows": 100}, "_wandb": {"runtime": 145}}