{"Epoch ": 19, "Training loss ": 0.17538069008406038, "Training accuracy ": 0.8800370370370371, "Validation loss ": 0.1797243460726133, "Validation accuracy ": 0.875, "Testing loss ": 0.19813847964289794, "Testing accuracy ": 0.8637, "_timestamp": 1709576038.835885, "_runtime": 173.49780011177063, "_step": 39, "confusion_matrix_table": {"_type": "table-file", "sha256": "6b727df76c3463055f8c71cb2ec02624a990a6badf6fe7786adff8b5b3a430f8", "size": 3171, "artifact_path": "wandb-client-artifact://zwq5wesjntegme7ysc735ul5v9z1d0uwqxc14hm0wsk94rpv0uz56iona5y1bi9fo0y4d03o88xpmy18oyxq6p4uq2af8pkdc09xs0tpckf2bsh5wgjh9m59run14j5x:latest/confusion_matrix_table.table.json", "_latest_artifact_path": "wandb-client-artifact://zwq5wesjntegme7ysc735ul5v9z1d0uwqxc14hm0wsk94rpv0uz56iona5y1bi9fo0y4d03o88xpmy18oyxq6p4uq2af8pkdc09xs0tpckf2bsh5wgjh9m59run14j5x:latest/confusion_matrix_table.table.json", "path": "media/table/confusion_matrix_table_39_6b727df76c3463055f8c.table.json", "ncols": 3, "nrows": 100}, "_wandb": {"runtime": 172}}