{"Epoch ": 19, "Training loss ": 0.3238843657435518, "Training accuracy ": 0.7208888888888889, "Validation loss ": 0.3280148644334738, "Validation accuracy ": 0.72, "Testing loss ": 0.3399446455941712, "Testing accuracy ": 0.7049, "_timestamp": 1709561397.3789122, "_runtime": 388.2183573246002, "_step": 39, "confusion_matrix_table": {"_type": "table-file", "sha256": "78fb49bb94d8f0a44b0dbaf3e8115614ed8e2124c6dc98ffd0320ad239872d48", "size": 3173, "artifact_path": "wandb-client-artifact://o7fel9od1lh602ev5ou731kztsjo63o8bygnawy565zvfk8l3ghejghym49cdhuf2e139yd55c7xqer1icwlxrf6di0hsq7d8tasofiwpy9isazpme9cjkjzrikyqksx:latest/confusion_matrix_table.table.json", "_latest_artifact_path": "wandb-client-artifact://o7fel9od1lh602ev5ou731kztsjo63o8bygnawy565zvfk8l3ghejghym49cdhuf2e139yd55c7xqer1icwlxrf6di0hsq7d8tasofiwpy9isazpme9cjkjzrikyqksx:latest/confusion_matrix_table.table.json", "path": "media/table/confusion_matrix_table_39_78fb49bb94d8f0a44b0d.table.json", "ncols": 3, "nrows": 100}, "_wandb": {"runtime": 387}}