{"Epoch ": 9, "Training loss ": 1.6852038539102154, "Training accuracy ": 0.5111851851851852, "Validation loss ": 1.695657603743733, "Validation accuracy ": 0.5073333333333333, "Testing loss ": 1.6908971380755737, "Testing accuracy ": 0.5109, "_timestamp": 1709308496.117868, "_runtime": 16.79665184020996, "_step": 19, "confusion_matrix_table": {"_type": "table-file", "sha256": "23ce6df75c388bfc9ca755b370c15f034fc5fa0ba04793c8753f46139cec31d8", "size": 3191, "artifact_path": "wandb-client-artifact://x8wh4rk45nyrunototl9azcgrl0fksyck0ny6s7c32uvqn8vi1gsq5mp7xo45o64e1v04an87unbn1h7u7uh9qik1zbdlx7g0ixlerfbzn400hra839ag4j8uvm1mrtn:latest/confusion_matrix_table.table.json", "_latest_artifact_path": "wandb-client-artifact://x8wh4rk45nyrunototl9azcgrl0fksyck0ny6s7c32uvqn8vi1gsq5mp7xo45o64e1v04an87unbn1h7u7uh9qik1zbdlx7g0ixlerfbzn400hra839ag4j8uvm1mrtn:latest/confusion_matrix_table.table.json", "path": "media/table/confusion_matrix_table_19_23ce6df75c388bfc9ca7.table.json", "ncols": 3, "nrows": 100}, "_wandb": {"runtime": 16}}