{"Epoch ": 1, "Training loss ": 7.72426481319895e-06, "Training accuracy ": 0.8441666666666666, "Validation loss ": 7.11448072139281e-05, "Validation accuracy ": 0.8375, "Testing loss ": 4.7572421476882574e-05, "Testing accuracy ": 0.8264, "_timestamp": 1709005801.788748, "_runtime": 10.892385005950928, "_step": 3, "confusion_matrix_table": {"_type": "table-file", "sha256": "2571791d4ec719513f762928e162944d84aa06f0d9f87c1b6ce70be571590ec3", "size": 3175, "artifact_path": "wandb-client-artifact://wbp2erhtbtg3jhve2qgd1evd33v7smf9qz24l6dp416owre4raqhlrmi5wmm31991b98w7t51ozeh66eqn5y252nnm301znmragrpfvnb4qxiiwbjf9bfqwqgj3j2vqf:latest/confusion_matrix_table.table.json", "_latest_artifact_path": "wandb-client-artifact://wbp2erhtbtg3jhve2qgd1evd33v7smf9qz24l6dp416owre4raqhlrmi5wmm31991b98w7t51ozeh66eqn5y252nnm301znmragrpfvnb4qxiiwbjf9bfqwqgj3j2vqf:latest/confusion_matrix_table.table.json", "path": "media/table/confusion_matrix_table_3_2571791d4ec719513f76.table.json", "ncols": 3, "nrows": 100}, "_wandb": {"runtime": 10}}