{"Epoch ": 29, "Training loss ": 0.02104493876641477, "Training accuracy ": 0.9957592592592592, "Validation loss ": 0.07754971527192019, "Validation accuracy ": 0.9768333333333333, "Testing loss ": 0.07202421374313785, "Testing accuracy ": 0.9778, "_timestamp": 1709494755.2485235, "_runtime": 245.29699444770813, "_step": 59, "confusion_matrix_table": {"_type": "table-file", "sha256": "d647936ac7424633f4d1289fe01893ea2b73d2452b21a1d69048db62ba747b8b", "size": 3149, "artifact_path": "wandb-client-artifact://7dbv78ihh74qalc4booyfk00u9kl24v3i28i3gleah61liwi8v7teptmzhr522xqalevmz2egzooea04647rnjwah0qdlxs9astpzv4u10f16o416ad1h9aw062d2v1c:latest/confusion_matrix_table.table.json", "_latest_artifact_path": "wandb-client-artifact://7dbv78ihh74qalc4booyfk00u9kl24v3i28i3gleah61liwi8v7teptmzhr522xqalevmz2egzooea04647rnjwah0qdlxs9astpzv4u10f16o416ad1h9aw062d2v1c:latest/confusion_matrix_table.table.json", "path": "media/table/confusion_matrix_table_59_d647936ac7424633f4d1.table.json", "ncols": 3, "nrows": 100}, "_wandb": {"runtime": 244}}