{"Epoch ": 24, "Training loss ": 0.20818241429225043, "Training accuracy ": 0.8582222222222222, "Validation loss ": 0.21825797627261015, "Validation accuracy ": 0.8541666666666666, "Testing loss ": 0.22881264153037542, "Testing accuracy ": 0.8429, "_timestamp": 1709310497.5868602, "_runtime": 70.81688022613525, "_step": 49, "confusion_matrix_table": {"_type": "table-file", "sha256": "14145dad7891d6458bbd7b2ecce138bb1ccc2a84423a610326f3c03d04f6e811", "size": 3174, "artifact_path": "wandb-client-artifact://v2eziylc8t4l82ccelakqft8gusjozns9pg6znus0g16ncegeug9ob4w9o1raktiim7bzo7nrlcs1fwf2uew3kq774fmsm1985fgpe0zladfs5ftmj48ly7q0jczxl3j:latest/confusion_matrix_table.table.json", "_latest_artifact_path": "wandb-client-artifact://v2eziylc8t4l82ccelakqft8gusjozns9pg6znus0g16ncegeug9ob4w9o1raktiim7bzo7nrlcs1fwf2uew3kq774fmsm1985fgpe0zladfs5ftmj48ly7q0jczxl3j:latest/confusion_matrix_table.table.json", "path": "media/table/confusion_matrix_table_49_14145dad7891d6458bbd.table.json", "ncols": 3, "nrows": 100}, "_wandb": {"runtime": 70}}