{"Epoch ": 4, "Training loss ": 2.3027043986612075, "Training accuracy ": 0.1, "Validation loss ": 2.302704398661208, "Validation accuracy ": 0.1, "Testing loss ": 2.3027043986612075, "Testing accuracy ": 0.1, "_timestamp": 1709129680.8883014, "_runtime": 34.141417264938354, "_step": 9, "confusion_matrix_table": {"_type": "table-file", "sha256": "14aba07669112483f4c4ff17d067555ba1f0fe451130bd585ffc3d5776033d9c", "size": 3152, "artifact_path": "wandb-client-artifact://i0rxi113i0eq3wfitfc33guf09te0u8ez9bwxd0haw10cpd7t3xhirgsnff8iumocc7708ak6sv2wpi02j4lfu9uz6k0y0ib7dmi7bxtm46jtxx7vbj357k80em2jsok:latest/confusion_matrix_table.table.json", "_latest_artifact_path": "wandb-client-artifact://i0rxi113i0eq3wfitfc33guf09te0u8ez9bwxd0haw10cpd7t3xhirgsnff8iumocc7708ak6sv2wpi02j4lfu9uz6k0y0ib7dmi7bxtm46jtxx7vbj357k80em2jsok:latest/confusion_matrix_table.table.json", "path": "media/table/confusion_matrix_table_9_14aba07669112483f4c4.table.json", "ncols": 3, "nrows": 100}, "_wandb": {"runtime": 33}}