{"Epoch ": 19, "Training loss ": 0.20027969905508233, "Training accuracy ": 0.8642962962962963, "Validation loss ": 0.21573561854297285, "Validation accuracy ": 0.8491666666666666, "Testing loss ": 0.22506206361828432, "Testing accuracy ": 0.8445, "_timestamp": 1709185769.60977, "_runtime": 29.344083070755005, "_step": 39, "confusion_matrix_table": {"_type": "table-file", "sha256": "796c014a717829c8ffbbf9bc1b0d3103ccadcab3fa2acc78991ed59522f1881c", "size": 3174, "artifact_path": "wandb-client-artifact://y6gtbg6hx1xnrz9tfevynz89uogismjdqwrz677mjmjf3hd6wtf6ooz07okxdz0f8tgw0btzkmnblzzomysmerksqimi9w3mi5lnv2ra5pew02sdkc786xwf4dldrxpl:latest/confusion_matrix_table.table.json", "_latest_artifact_path": "wandb-client-artifact://y6gtbg6hx1xnrz9tfevynz89uogismjdqwrz677mjmjf3hd6wtf6ooz07okxdz0f8tgw0btzkmnblzzomysmerksqimi9w3mi5lnv2ra5pew02sdkc786xwf4dldrxpl:latest/confusion_matrix_table.table.json", "path": "media/table/confusion_matrix_table_39_796c014a717829c8ffbb.table.json", "ncols": 3, "nrows": 100}, "_wandb": {"runtime": 28}}