{"Epoch ": 29, "Training loss ": 0.30840080235061335, "Training accuracy ": 0.7750925925925926, "Validation loss ": 0.3298135498754894, "Validation accuracy ": 0.7641666666666667, "Testing loss ": 0.34533532721973165, "Testing accuracy ": 0.7541, "_timestamp": 1709311636.0171344, "_runtime": 198.8513674736023, "_step": 59, "confusion_matrix_table": {"_type": "table-file", "sha256": "427a2d3564ee5c0aab965c4d8d3a561bf77914a6b2ff4fa741e204c0d5398a2e", "size": 3185, "artifact_path": "wandb-client-artifact://jwi5irr8kexdro4lfcx3m3z9pyfd86kbjf1z6celb9fx2kqc7ztwnqll3rlkxlllflfo8r02rz9sblpef7wmcfocgm1i6ks3aq9mixd965je2vezzthldb8f5bpc3ji4:latest/confusion_matrix_table.table.json", "_latest_artifact_path": "wandb-client-artifact://jwi5irr8kexdro4lfcx3m3z9pyfd86kbjf1z6celb9fx2kqc7ztwnqll3rlkxlllflfo8r02rz9sblpef7wmcfocgm1i6ks3aq9mixd965je2vezzthldb8f5bpc3ji4:latest/confusion_matrix_table.table.json", "path": "media/table/confusion_matrix_table_59_427a2d3564ee5c0aab96.table.json", "ncols": 3, "nrows": 100}, "_wandb": {"runtime": 197}}