{"Epoch ": 24, "Training loss ": 0.12928414989110945, "Training accuracy ": 0.966462962962963, "Validation loss ": 0.14671603449978773, "Validation accuracy ": 0.959, "Testing loss ": 0.13693575852573783, "Testing accuracy ": 0.9611, "_timestamp": 1709499910.8474114, "_runtime": 210.89451432228088, "_step": 49, "confusion_matrix_table": {"_type": "table-file", "sha256": "467cbbbe98eb3dcad63fc5f69aabf527ae2b5bf7248719cd8e2a7b3f85d2a790", "size": 3154, "artifact_path": "wandb-client-artifact://pf08faxow1jirujlg4440iyq0zflz19ur7nzq1c38c8cwalerucgvtw83l00gtiqjwwq79s7qhwj5dm8bcxbwf6y4h28g48a2oez7h9cvrvv162f6815fcrfrmkp4nhv:latest/confusion_matrix_table.table.json", "_latest_artifact_path": "wandb-client-artifact://pf08faxow1jirujlg4440iyq0zflz19ur7nzq1c38c8cwalerucgvtw83l00gtiqjwwq79s7qhwj5dm8bcxbwf6y4h28g48a2oez7h9cvrvv162f6815fcrfrmkp4nhv:latest/confusion_matrix_table.table.json", "path": "media/table/confusion_matrix_table_49_467cbbbe98eb3dcad63f.table.json", "ncols": 3, "nrows": 100}, "_wandb": {"runtime": 210}}