{"Epoch ": 9, "Training loss ": 1.1379774491258305, "Training accuracy ": 0.7972962962962963, "Validation loss ": 1.1542360994670402, "Validation accuracy ": 0.7878333333333334, "Testing loss ": 1.123208350839276, "Testing accuracy ": 0.8041, "_timestamp": 1709493731.8508947, "_runtime": 45.82371664047241, "_step": 19, "confusion_matrix_table": {"_type": "table-file", "sha256": "cd5e29c6e39dfd925d64cd26a918201c3396d6b54e1fd0c9b2c5ada147daca50", "size": 3192, "artifact_path": "wandb-client-artifact://aiysyp9pbhku64zgxh7ji55e9zpjej5simax37in76s9f6lodhl86481qpxgie7yricdb8hz7uul4qqedrjyofitqrjqxtj2ewfzf6sxfpaf9i2reu6uauf0m7kqj3l4:latest/confusion_matrix_table.table.json", "_latest_artifact_path": "wandb-client-artifact://aiysyp9pbhku64zgxh7ji55e9zpjej5simax37in76s9f6lodhl86481qpxgie7yricdb8hz7uul4qqedrjyofitqrjqxtj2ewfzf6sxfpaf9i2reu6uauf0m7kqj3l4:latest/confusion_matrix_table.table.json", "path": "media/table/confusion_matrix_table_19_cd5e29c6e39dfd925d64.table.json", "ncols": 3, "nrows": 100}, "_wandb": {"runtime": 45}}