{"Epoch ": 19, "Training loss ": 0.30483355639384274, "Training accuracy ": 0.890462962962963, "Validation loss ": 0.3670591253471383, "Validation accuracy ": 0.8715, "Testing loss ": 0.4056198750715083, "Testing accuracy ": 0.8614, "_timestamp": 1709292590.3915386, "_runtime": 27.698537588119507, "_step": 39, "confusion_matrix_table": {"_type": "table-file", "sha256": "381e254de290b342250de29ad18d908972bef270dfe162924b94a8a1ace22a14", "size": 3174, "artifact_path": "wandb-client-artifact://mqd4jny18oj36hyks2rk1fx5ihpiahd0b80oto1bbqzg4nfjwdolapupe1fzaaa8m3hqrozt5p4camo9cmz4wxts8b4rqnmqsa9gwr6q4x7saer47m9hepq28afno9ea:latest/confusion_matrix_table.table.json", "_latest_artifact_path": "wandb-client-artifact://mqd4jny18oj36hyks2rk1fx5ihpiahd0b80oto1bbqzg4nfjwdolapupe1fzaaa8m3hqrozt5p4camo9cmz4wxts8b4rqnmqsa9gwr6q4x7saer47m9hepq28afno9ea:latest/confusion_matrix_table.table.json", "path": "media/table/confusion_matrix_table_39_381e254de290b342250d.table.json", "ncols": 3, "nrows": 100}, "_wandb": {"runtime": 26}}