{"Epoch ": 19, "Training loss ": 0.3696638981073823, "Training accuracy ": 0.8728888888888889, "Validation loss ": 0.39790934818636037, "Validation accuracy ": 0.8661666666666666, "Testing loss ": 0.42921811533597154, "Testing accuracy ": 0.8535, "_timestamp": 1709131427.9015746, "_runtime": 278.3591525554657, "_step": 39, "confusion_matrix_table": {"_type": "table-file", "sha256": "b508c79df80ef8255460bff9ed8da3790c48f0d5b12d59af1783a20c028f677f", "size": 3173, "artifact_path": "wandb-client-artifact://dbk3a4cmkvkmkvgr4vvnamaxbv8pryomlp429ll6d4htl0bzcv5tdwqcyj0livfmo9u2ncjwj0xq2ueaswqey16gp6bnz42aj6rajgglnovjfdky051u5m8de6dlux2y:latest/confusion_matrix_table.table.json", "_latest_artifact_path": "wandb-client-artifact://dbk3a4cmkvkmkvgr4vvnamaxbv8pryomlp429ll6d4htl0bzcv5tdwqcyj0livfmo9u2ncjwj0xq2ueaswqey16gp6bnz42aj6rajgglnovjfdky051u5m8de6dlux2y:latest/confusion_matrix_table.table.json", "path": "media/table/confusion_matrix_table_39_b508c79df80ef8255460.table.json", "ncols": 3, "nrows": 100}, "_wandb": {"runtime": 277}}