{"Epoch ": 4, "Training loss ": 2.303228169664106, "Training accuracy ": 0.1, "Validation loss ": 2.3032281696732224, "Validation accuracy ": 0.1, "Testing loss ": 2.3032281696750014, "Testing accuracy ": 0.1, "_timestamp": 1709100005.8557117, "_runtime": 87.05429863929749, "_step": 4, "_wandb": {"runtime": 86}}