{"Epoch ": 14, "Training loss ": 0.640978944474238, "Training accuracy ": 0.7852592592592592, "Validation loss ": 0.6392608997199494, "Validation accuracy ": 0.7851666666666667, "Testing loss ": 0.6643503553250796, "Testing accuracy ": 0.7755, "_timestamp": 1709450228.4779944, "_runtime": 22.537766456604004, "_step": 29, "confusion_matrix_table": {"_type": "table-file", "sha256": "f3d7f38493a22db40f519c6aeac5e23b6d5e5b414f0ce62fc889422f7e30cbdd", "size": 3183, "artifact_path": "wandb-client-artifact://zmdmbbtndwh5uoqwp4hewejj5t9fpjywjevk0j72afme8zjcszz00t264irnbgfxwrhmrjs11d1meeipcto14w88qh2ckadkg2axc89vkorw136kmm8jkcoet44m8bdy:latest/confusion_matrix_table.table.json", "_latest_artifact_path": "wandb-client-artifact://zmdmbbtndwh5uoqwp4hewejj5t9fpjywjevk0j72afme8zjcszz00t264irnbgfxwrhmrjs11d1meeipcto14w88qh2ckadkg2axc89vkorw136kmm8jkcoet44m8bdy:latest/confusion_matrix_table.table.json", "path": "media/table/confusion_matrix_table_29_f3d7f38493a22db40f51.table.json", "ncols": 3, "nrows": 100}, "_wandb": {"runtime": 21}}