{"Epoch ": 29, "Training loss ": 0.2853436465536442, "Training accuracy ": 0.8970185185185185, "Validation loss ": 0.3535385100422675, "Validation accuracy ": 0.8743333333333333, "Testing loss ": 0.38782506776243486, "Testing accuracy ": 0.865, "_timestamp": 1709293300.5471783, "_runtime": 41.470590353012085, "_step": 59, "confusion_matrix_table": {"_type": "table-file", "sha256": "c3025fbf6dddd9dee4460fd38d8b10a9008dd88240e44e944d263e560967cd44", "size": 3175, "artifact_path": "wandb-client-artifact://lzek2whd3whwiaaqdqfbacq1j9imvhgij7et62ytmwxpx4mw9t97corytxddw60njuh2s1kjtxj9nm2vvjf2h9xvs9udi5govm15fdz2y04cjy7xccj4u6if67ilu0jq:latest/confusion_matrix_table.table.json", "_latest_artifact_path": "wandb-client-artifact://lzek2whd3whwiaaqdqfbacq1j9imvhgij7et62ytmwxpx4mw9t97corytxddw60njuh2s1kjtxj9nm2vvjf2h9xvs9udi5govm15fdz2y04cjy7xccj4u6if67ilu0jq:latest/confusion_matrix_table.table.json", "path": "media/table/confusion_matrix_table_59_c3025fbf6dddd9dee446.table.json", "ncols": 3, "nrows": 100}, "_wandb": {"runtime": 40}}