{"Epoch ": 29, "Training loss ": 0.49358720610967155, "Training accuracy ": 0.837037037037037, "Validation loss ": 0.5435475786228433, "Validation accuracy ": 0.8241666666666667, "Testing loss ": 0.5602116888787465, "Testing accuracy ": 0.8163, "_timestamp": 1709131625.2870603, "_runtime": 153.39157629013062, "_step": 59, "confusion_matrix_table": {"_type": "table-file", "sha256": "9748676a18d50a9211f9ee7e53d1275544541d3eeae57f4ee6a2a2eaa98032a2", "size": 3177, "artifact_path": "wandb-client-artifact://89rcjphuk5v46a40feonqydhcxpy021jsb3oy7y3fr6rbbn3vip6uko8ocea92tsken4b04n0bpd13argdfjuckmmbkbu2agse70wcvcp9gxovw0pi2liuxcub054963:latest/confusion_matrix_table.table.json", "_latest_artifact_path": "wandb-client-artifact://89rcjphuk5v46a40feonqydhcxpy021jsb3oy7y3fr6rbbn3vip6uko8ocea92tsken4b04n0bpd13argdfjuckmmbkbu2agse70wcvcp9gxovw0pi2liuxcub054963:latest/confusion_matrix_table.table.json", "path": "media/table/confusion_matrix_table_59_9748676a18d50a9211f9.table.json", "ncols": 3, "nrows": 100}, "_wandb": {"runtime": 152}}