{"Epoch ": 4, "Training loss ": 0.44192292269771266, "Training accuracy ": 0.8427962962962963, "Validation loss ": 0.437805393081414, "Validation accuracy ": 0.8431666666666666, "Testing loss ": 0.4807223865303824, "Testing accuracy ": 0.8283, "_timestamp": 1709102649.2374284, "_runtime": 59.10153245925903, "_step": 4, "_wandb": {"runtime": 53}}