{"Epoch ": 9, "Training loss ": 0.04694556382016501, "Training accuracy ": 0.9847777777777778, "Validation loss ": 0.15653131202417125, "Validation accuracy ": 0.9626666666666667, "Testing loss ": 0.15319560449951475, "Testing accuracy ": 0.9662, "_timestamp": 1709495247.4038756, "_runtime": 132.64209151268005, "_step": 19, "confusion_matrix_table": {"_type": "table-file", "sha256": "97e2998ff0e923b4a210b810f8da7596b00ddb28c2106f45866ca9401d77310f", "size": 3154, "artifact_path": "wandb-client-artifact://147tb8ja6aefzizg78dcvin7xy0ri3yhd8s03635y561js39yr3f4t5tzogdwr3g0d8kx4qmfjbqota9jjiwbhta1qfrq3og0kp5d9g2oqgj6ft3m42jcdue5d9hz4ch:latest/confusion_matrix_table.table.json", "_latest_artifact_path": "wandb-client-artifact://147tb8ja6aefzizg78dcvin7xy0ri3yhd8s03635y561js39yr3f4t5tzogdwr3g0d8kx4qmfjbqota9jjiwbhta1qfrq3og0kp5d9g2oqgj6ft3m42jcdue5d9hz4ch:latest/confusion_matrix_table.table.json", "path": "media/table/confusion_matrix_table_19_97e2998ff0e923b4a210.table.json", "ncols": 3, "nrows": 100}, "_wandb": {"runtime": 131}}