{"Epoch ": 14, "Training loss ": 0.3747902973463353, "Training accuracy ": 0.7598148148148148, "Validation loss ": 0.37391630931618375, "Validation accuracy ": 0.764, "Testing loss ": 0.3827856011413451, "Testing accuracy ": 0.7469, "_timestamp": 1709308241.3521724, "_runtime": 47.391029357910156, "_step": 29, "confusion_matrix_table": {"_type": "table-file", "sha256": "3d88b813968050a3d845532fefcc4e7b4b302cfb429ddd6825a74963efe2d9dd", "size": 3184, "artifact_path": "wandb-client-artifact://ccf7qpafdooj5da4vz9t5rnwl5hsmnqv5ub4apdxofnjssdxidzg7i0ivv5tulefcv2td922wfe1k0fq6dszaxd4fbmt2g5dsjvwzm3m6vrj9e243jnse2x7zh4hh291:latest/confusion_matrix_table.table.json", "_latest_artifact_path": "wandb-client-artifact://ccf7qpafdooj5da4vz9t5rnwl5hsmnqv5ub4apdxofnjssdxidzg7i0ivv5tulefcv2td922wfe1k0fq6dszaxd4fbmt2g5dsjvwzm3m6vrj9e243jnse2x7zh4hh291:latest/confusion_matrix_table.table.json", "path": "media/table/confusion_matrix_table_29_3d88b813968050a3d845.table.json", "ncols": 3, "nrows": 100}, "_wandb": {"runtime": 46}}