{"Epoch ": 19, "Training loss ": 0.31738178883731194, "Training accuracy ": 0.8868888888888888, "Validation loss ": 0.3493200583551302, "Validation accuracy ": 0.874, "Testing loss ": 0.3813084640510897, "Testing accuracy ": 0.8629, "_timestamp": 1709286205.6337597, "_runtime": 25.008418798446655, "_step": 39, "confusion_matrix_table": {"_type": "table-file", "sha256": "2521aba8d6515145c41d9b31d5efdc7486e20d48ade4248814df57a40f4e4d5f", "size": 3172, "artifact_path": "wandb-client-artifact://bw8odn6hn9i668g238gkiytcjakd1xvv9t1qedonu37iqvic4v5rq16dfoyslfcymff88v0fbu1lnocfmujrlpng6c575wfdhhclejnv3un50ousibovsbcf3fl5p1g3:latest/confusion_matrix_table.table.json", "_latest_artifact_path": "wandb-client-artifact://bw8odn6hn9i668g238gkiytcjakd1xvv9t1qedonu37iqvic4v5rq16dfoyslfcymff88v0fbu1lnocfmujrlpng6c575wfdhhclejnv3un50ousibovsbcf3fl5p1g3:latest/confusion_matrix_table.table.json", "path": "media/table/confusion_matrix_table_39_2521aba8d6515145c41d.table.json", "ncols": 3, "nrows": 100}, "_wandb": {"runtime": 24}}