{"Epoch ": 4, "Training loss ": 1.3860896517364745, "Training accuracy ": 0.5209074074074074, "Validation loss ": 1.3740486839208257, "Validation accuracy ": 0.5256666666666666, "Testing loss ": 1.3916897099191927, "Testing accuracy ": 0.5174, "_timestamp": 1709103794.9961896, "_runtime": 10.158462524414062, "_step": 4, "_wandb": {"runtime": 9}}