{"Epoch ": 29, "Training loss ": 0.24710996488232242, "Training accuracy ": 0.8247222222222222, "Validation loss ": 0.2739163225134091, "Validation accuracy ": 0.8116666666666666, "Testing loss ": 0.28539845341145864, "Testing accuracy ": 0.8026, "_timestamp": 1709183200.4667227, "_runtime": 312.43036580085754, "_step": 59, "confusion_matrix_table": {"_type": "table-file", "sha256": "dc99e6847dc3a8872d32f907c418d201237518db25d1d0bc71ac9b22195feff1", "size": 3175, "artifact_path": "wandb-client-artifact://mofd31qb6f2v4ncfucnqjbo9hasvazndyklxlhoyq8z0i1cp387e8uj8xulnddfmtsp0v22wejw34738eyr52jo9vsjzybrgz465gtgh1cmt2npjz25cd08nwczvh0j5:latest/confusion_matrix_table.table.json", "_latest_artifact_path": "wandb-client-artifact://mofd31qb6f2v4ncfucnqjbo9hasvazndyklxlhoyq8z0i1cp387e8uj8xulnddfmtsp0v22wejw34738eyr52jo9vsjzybrgz465gtgh1cmt2npjz25cd08nwczvh0j5:latest/confusion_matrix_table.table.json", "path": "media/table/confusion_matrix_table_59_dc99e6847dc3a8872d32.table.json", "ncols": 3, "nrows": 100}, "_wandb": {"runtime": 311}}