{"Epoch ": 19, "Training loss ": 0.2697771442356902, "Training accuracy ": 0.9014629629629629, "Validation loss ": 0.31173495452363137, "Validation accuracy ": 0.8866666666666667, "Testing loss ": 0.3521776906675126, "Testing accuracy ": 0.8752, "_timestamp": 1709449497.8369806, "_runtime": 159.7593936920166, "_step": 39, "confusion_matrix_table": {"_type": "table-file", "sha256": "39641c7fea25bcbd128b1e28d17b5eee3d0fa26cad5472bc91875a840d85b5e3", "size": 3170, "artifact_path": "wandb-client-artifact://28uao7da4dsgw68pft1way4do5hw0yumvmu5zurh8rbfra4hjox1llohlqozxdfhb2um7t1cinj5naog84zjzvoiykkmtxwct2vcd38a70cv3ppp40jx3d4v01dfffgc:latest/confusion_matrix_table.table.json", "_latest_artifact_path": "wandb-client-artifact://28uao7da4dsgw68pft1way4do5hw0yumvmu5zurh8rbfra4hjox1llohlqozxdfhb2um7t1cinj5naog84zjzvoiykkmtxwct2vcd38a70cv3ppp40jx3d4v01dfffgc:latest/confusion_matrix_table.table.json", "path": "media/table/confusion_matrix_table_39_39641c7fea25bcbd128b.table.json", "ncols": 3, "nrows": 100}, "_wandb": {"runtime": 159}}