{"Epoch ": 4, "Training loss ": 0.2844657618138044, "Training accuracy ": 0.8224814814814815, "Validation loss ": 0.2911233182840296, "Validation accuracy ": 0.8185, "Testing loss ": 0.29562832920859716, "Testing accuracy ": 0.8115, "_timestamp": 1709151415.8914537, "_runtime": 26.22682476043701, "_step": 9, "confusion_matrix_table": {"_type": "table-file", "sha256": "e080b7b001945953fc16d115cb0b3999d7fecd25428ae60e2a3130df179fc805", "size": 3177, "artifact_path": "wandb-client-artifact://gjntbclox9uehkcz5a6b1n21oujctpvsund40z2yfeq6ce63eh0ag6630wrd4f9h0q8536qw54k38zyl9abevle77egewa25ten0r97g3i1zcwbk8fhl4ihdbyqwd2xi:latest/confusion_matrix_table.table.json", "_latest_artifact_path": "wandb-client-artifact://gjntbclox9uehkcz5a6b1n21oujctpvsund40z2yfeq6ce63eh0ag6630wrd4f9h0q8536qw54k38zyl9abevle77egewa25ten0r97g3i1zcwbk8fhl4ihdbyqwd2xi:latest/confusion_matrix_table.table.json", "path": "media/table/confusion_matrix_table_9_e080b7b001945953fc16.table.json", "ncols": 3, "nrows": 100}, "_wandb": {"runtime": 25}}