{"Epoch ": 14, "Training loss ": 2.2684621062490056, "Training accuracy ": 0.2592962962962963, "Validation loss ": 2.271508458744892, "Validation accuracy ": 0.24783333333333332, "Testing loss ": 2.268188270651037, "Testing accuracy ": 0.2723, "_timestamp": 1709498618.2014973, "_runtime": 389.1407563686371, "_step": 29, "confusion_matrix_table": {"_type": "table-file", "sha256": "94c0b4d5fbfd2560141ae7990b0a54588f00d5953e4d447968bece7ab96f95d0", "size": 3166, "artifact_path": "wandb-client-artifact://z3ztffealn1lf8mt63d2e4xev31bdsbuoiyk1r1lhmwztrichtbqi4eqzr6gom7ij10xa5bod2d1x8kev8aof45d0nyeif2baj9s8wvofeqh5biuyxx3r6dw3ygz56vw:latest/confusion_matrix_table.table.json", "_latest_artifact_path": "wandb-client-artifact://z3ztffealn1lf8mt63d2e4xev31bdsbuoiyk1r1lhmwztrichtbqi4eqzr6gom7ij10xa5bod2d1x8kev8aof45d0nyeif2baj9s8wvofeqh5biuyxx3r6dw3ygz56vw:latest/confusion_matrix_table.table.json", "path": "media/table/confusion_matrix_table_29_94c0b4d5fbfd2560141a.table.json", "ncols": 3, "nrows": 100}, "_wandb": {"runtime": 388}}