{"Epoch ": 14, "Training loss ": 0.3594704637372756, "Training accuracy ": 0.8742592592592593, "Validation loss ": 0.38707309847995564, "Validation accuracy ": 0.8665, "Testing loss ": 0.4098619625818447, "Testing accuracy ": 0.8542, "_timestamp": 1709495991.0396981, "_runtime": 44.09116816520691, "_step": 29, "confusion_matrix_table": {"_type": "table-file", "sha256": "b53cd3fff16afba4d56631ebd5c0491f1d4cc85cf4ddc63b699602212292ac85", "size": 3174, "artifact_path": "wandb-client-artifact://61yspp87vve89pgeknblx25twuybtxsi08zp1qe39a3exbgmsu66un3w11w2y1iskvl5odtjfwjaayi0fx54iuni1ys25z6kgmq299a14po4ttidny9aggw430q7ijhu:latest/confusion_matrix_table.table.json", "_latest_artifact_path": "wandb-client-artifact://61yspp87vve89pgeknblx25twuybtxsi08zp1qe39a3exbgmsu66un3w11w2y1iskvl5odtjfwjaayi0fx54iuni1ys25z6kgmq299a14po4ttidny9aggw430q7ijhu:latest/confusion_matrix_table.table.json", "path": "media/table/confusion_matrix_table_29_b53cd3fff16afba4d566.table.json", "ncols": 3, "nrows": 100}, "_wandb": {"runtime": 43}}