{"Epoch ": 4, "Training loss ": 0.5315755427385458, "Training accuracy ": 0.7982222222222223, "Validation loss ": 0.5415526723101654, "Validation accuracy ": 0.7956666666666666, "Testing loss ": 0.5857939692366242, "Testing accuracy ": 0.7831, "_timestamp": 1709128679.7700648, "_runtime": 30.92811679840088, "_step": 9, "confusion_matrix_table": {"_type": "table-file", "sha256": "fa777f74214c4365a954a638edbc2b25be8c406621f9430a244a3783e48a2bdf", "size": 3179, "artifact_path": "wandb-client-artifact://g8ik7wiolk5cyghife5qxkr3yxxkyn0r51ctwf21cd5yd63k73kuwplddxah04tybnmk8o5g25fz9kyca8fq2q25tuj4f067oykbutqf5zjzueowzica65iyt2lduylf:latest/confusion_matrix_table.table.json", "_latest_artifact_path": "wandb-client-artifact://g8ik7wiolk5cyghife5qxkr3yxxkyn0r51ctwf21cd5yd63k73kuwplddxah04tybnmk8o5g25fz9kyca8fq2q25tuj4f067oykbutqf5zjzueowzica65iyt2lduylf:latest/confusion_matrix_table.table.json", "path": "media/table/confusion_matrix_table_9_fa777f74214c4365a954.table.json", "ncols": 3, "nrows": 100}, "_wandb": {"runtime": 30}}