{"Epoch ": 4, "Training loss ": 0.6169817038071738, "Training accuracy ": 0.8023518518518519, "Validation loss ": 0.622117334355918, "Validation accuracy ": 0.8048333333333333, "Testing loss ": 0.6363844301346321, "Testing accuracy ": 0.7894, "_timestamp": 1709126824.3962812, "_runtime": 22.714813232421875, "_step": 9, "confusion_matrix_table": {"_type": "table-file", "sha256": "d16fccbafad38445651749cf7ace62ecc93bb90e31e95e76f1d63e63a7618434", "size": 3184, "artifact_path": "wandb-client-artifact://aiw3w6hxfp6gbbfz3vksvy9773f337owl1icm3p2gswn4wrmxaliemura9ktbm4layb5chdkzs3241l1woermaocpqtd8s6hsaimyiutocu658f451sg25oiectn2ezy:latest/confusion_matrix_table.table.json", "_latest_artifact_path": "wandb-client-artifact://aiw3w6hxfp6gbbfz3vksvy9773f337owl1icm3p2gswn4wrmxaliemura9ktbm4layb5chdkzs3241l1woermaocpqtd8s6hsaimyiutocu658f451sg25oiectn2ezy:latest/confusion_matrix_table.table.json", "path": "media/table/confusion_matrix_table_9_d16fccbafad384456517.table.json", "ncols": 3, "nrows": 100}, "_wandb": {"runtime": 21}}