{"Epoch ": 19, "Training loss ": 0.16032967783686533, "Training accuracy ": 0.884537037037037, "Validation loss ": 0.19873906884057563, "Validation accuracy ": 0.8611666666666666, "Testing loss ": 0.2090351761716925, "Testing accuracy ": 0.8549, "_timestamp": 1709580104.246116, "_runtime": 182.28769302368164, "_step": 39, "confusion_matrix_table": {"_type": "table-file", "sha256": "25caaf11b614d25ab0789048da56d7d5d549aff9d2f9ce2115c4d59edea8a8cc", "size": 3173, "artifact_path": "wandb-client-artifact://5dnc9dkewesh0znvarefqbl0q1i63qb17lber7jwpnkxqqh2yjx2oa0cyq2787k0z4zczell9r4vatj1kflhtcwu1r9d83cmtvdgf2t402jiermew0dt9v6yqmkaqx0w:latest/confusion_matrix_table.table.json", "_latest_artifact_path": "wandb-client-artifact://5dnc9dkewesh0znvarefqbl0q1i63qb17lber7jwpnkxqqh2yjx2oa0cyq2787k0z4zczell9r4vatj1kflhtcwu1r9d83cmtvdgf2t402jiermew0dt9v6yqmkaqx0w:latest/confusion_matrix_table.table.json", "path": "media/table/confusion_matrix_table_39_25caaf11b614d25ab078.table.json", "ncols": 3, "nrows": 100}, "_wandb": {"runtime": 181}}