{"Epoch ": 14, "Training loss ": 0.495849302571729, "Training accuracy ": 0.8329814814814814, "Validation loss ": 0.49929207297514955, "Validation accuracy ": 0.8308333333333333, "Testing loss ": 0.536924976072643, "Testing accuracy ": 0.8187, "_timestamp": 1709474436.5356565, "_runtime": 160.60041856765747, "_step": 29, "confusion_matrix_table": {"_type": "table-file", "sha256": "eca1477fbf1304aebd07fda749b46ca8812b7b54710c7fc320298784268bfa3a", "size": 3180, "artifact_path": "wandb-client-artifact://9xny04aldgbrhc526ttnc1i1a919kd0qx63s0akj9w19loac6ikngoceqy3oc63u7drbp9lw27ydsm54cjpqkqyriujmw5pncmwatmjfazmg2tgsgmnzoefgil039z1t:latest/confusion_matrix_table.table.json", "_latest_artifact_path": "wandb-client-artifact://9xny04aldgbrhc526ttnc1i1a919kd0qx63s0akj9w19loac6ikngoceqy3oc63u7drbp9lw27ydsm54cjpqkqyriujmw5pncmwatmjfazmg2tgsgmnzoefgil039z1t:latest/confusion_matrix_table.table.json", "path": "media/table/confusion_matrix_table_29_eca1477fbf1304aebd07.table.json", "ncols": 3, "nrows": 100}, "_wandb": {"runtime": 159}}