{"Epoch ": 24, "Training loss ": 0.14191518224287722, "Training accuracy ": 0.903425925925926, "Validation loss ": 0.15684659151560743, "Validation accuracy ": 0.8915, "Testing loss ": 0.17638289221845554, "Testing accuracy ": 0.8786, "_timestamp": 1709539104.4413714, "_runtime": 102.03775453567505, "_step": 49, "confusion_matrix_table": {"_type": "table-file", "sha256": "67ec4e3febfc14ba9d0088f10eaea42476f983152557b0077e375c4bea23c454", "size": 3170, "artifact_path": "wandb-client-artifact://xehlbtu7jnrzg8vvpjcuzd95hyhpttojy0c7a1qnyfzqxqprgeev2n2b1xnpjnv807bg124et7b31j7djrlh9521tjgutr2b71f5jiq4kzz275t99opancjyenk6kw5m:latest/confusion_matrix_table.table.json", "_latest_artifact_path": "wandb-client-artifact://xehlbtu7jnrzg8vvpjcuzd95hyhpttojy0c7a1qnyfzqxqprgeev2n2b1xnpjnv807bg124et7b31j7djrlh9521tjgutr2b71f5jiq4kzz275t99opancjyenk6kw5m:latest/confusion_matrix_table.table.json", "path": "media/table/confusion_matrix_table_49_67ec4e3febfc14ba9d00.table.json", "ncols": 3, "nrows": 100}, "_wandb": {"runtime": 101}}