{"Epoch ": 24, "Training loss ": 0.18892466038032749, "Training accuracy ": 0.8684074074074074, "Validation loss ": 0.20711278263942126, "Validation accuracy ": 0.8551666666666666, "Testing loss ": 0.2227593869739511, "Testing accuracy ": 0.8439, "_timestamp": 1709564493.9671838, "_runtime": 439.3653898239136, "_step": 49, "confusion_matrix_table": {"_type": "table-file", "sha256": "0bd6499c8ee475998bda0e46bf2d496e8c9948268565d045ae2b73c509ba8159", "size": 3178, "artifact_path": "wandb-client-artifact://l4ojj5f5nu3bgshjj3dp8u0yh7u2oz0dce1thph1ewbav9t42qfryfx9iprhlyeuq4el717jvclmuwu6i4oxqpya27n51tz86tg8xchh1vr57bneckj0xd83f4oytgii:latest/confusion_matrix_table.table.json", "_latest_artifact_path": "wandb-client-artifact://l4ojj5f5nu3bgshjj3dp8u0yh7u2oz0dce1thph1ewbav9t42qfryfx9iprhlyeuq4el717jvclmuwu6i4oxqpya27n51tz86tg8xchh1vr57bneckj0xd83f4oytgii:latest/confusion_matrix_table.table.json", "path": "media/table/confusion_matrix_table_49_0bd6499c8ee475998bda.table.json", "ncols": 3, "nrows": 100}, "_wandb": {"runtime": 438}}