{"Epoch ": 4, "Training loss ": 0.7554139383046203, "Training accuracy ": 0.1953888888888889, "Validation loss ": 0.7586014141766474, "Validation accuracy ": 0.19583333333333333, "Testing loss ": 0.7597557803706527, "Testing accuracy ": 0.1941, "_timestamp": 1709402693.589599, "_runtime": 34.68299579620361, "_step": 9, "confusion_matrix_table": {"_type": "table-file", "sha256": "6772644aaa00852029215cba1b4fb4332609243152fdb22fdcf67254840bb5e8", "size": 3155, "artifact_path": "wandb-client-artifact://9fx6c9dlgmoj05uu5vrv7qbdhdnwmig431w28fanwx1qycdep0aueah3gzcfuvu6mmekse3we1laq3sxev7b2or7g3dt9hais7uyjw43mnae9knmvkn9qerk21coivln:latest/confusion_matrix_table.table.json", "_latest_artifact_path": "wandb-client-artifact://9fx6c9dlgmoj05uu5vrv7qbdhdnwmig431w28fanwx1qycdep0aueah3gzcfuvu6mmekse3we1laq3sxev7b2or7g3dt9hais7uyjw43mnae9knmvkn9qerk21coivln:latest/confusion_matrix_table.table.json", "path": "media/table/confusion_matrix_table_9_6772644aaa0085202921.table.json", "ncols": 3, "nrows": 100}, "_wandb": {"runtime": 33}}