{"Epoch ": 29, "Training loss ": 0.207265388767863, "Training accuracy ": 0.9272037037037038, "Validation loss ": 0.3213388581779242, "Validation accuracy ": 0.8853333333333333, "Testing loss ": 0.3375545834019476, "Testing accuracy ": 0.88, "_timestamp": 1709525345.3508682, "_runtime": 75.99966430664062, "_step": 59, "confusion_matrix_table": {"_type": "table-file", "sha256": "10f5dccbf779393492c50869c660a0249958107ccfd569550ef4a2b644834636", "size": 3172, "artifact_path": "wandb-client-artifact://ijez1luzruckgwbr2uukpjn0e0qcs9wi3ulhe7dug03oza1y24gkg7f2o83s2f7rxnmyvt675kgjyau10cogz9bwu31fppwn82ir9qy8of2k1tl4hvr3a3e0i0l61os6:latest/confusion_matrix_table.table.json", "_latest_artifact_path": "wandb-client-artifact://ijez1luzruckgwbr2uukpjn0e0qcs9wi3ulhe7dug03oza1y24gkg7f2o83s2f7rxnmyvt675kgjyau10cogz9bwu31fppwn82ir9qy8of2k1tl4hvr3a3e0i0l61os6:latest/confusion_matrix_table.table.json", "path": "media/table/confusion_matrix_table_59_10f5dccbf779393492c5.table.json", "ncols": 3, "nrows": 100}, "_wandb": {"runtime": 75}}