{"Epoch ": 29, "Training loss ": 0.1538882250997489, "Training accuracy ": 0.8936481481481482, "Validation loss ": 0.18710573405802783, "Validation accuracy ": 0.8666666666666667, "Testing loss ": 0.1992843257948977, "Testing accuracy ": 0.8623, "_timestamp": 1709575752.5383432, "_runtime": 80.12824726104736, "_step": 59, "confusion_matrix_table": {"_type": "table-file", "sha256": "671fc6c1fe5b557f0aa039b6eecb1e241b05a8b568351faf640d49aef61c20f5", "size": 3174, "artifact_path": "wandb-client-artifact://onhajv70m2i4hi0ztypxwvh86jligypw30niqr5b1uev9mom5c6nwj967cuvn19mihqvtd40h2ymf4xy5cyaufl79a7llew1r0vszm9od9qn3a5qsaitz1wtmec79tvn:latest/confusion_matrix_table.table.json", "_latest_artifact_path": "wandb-client-artifact://onhajv70m2i4hi0ztypxwvh86jligypw30niqr5b1uev9mom5c6nwj967cuvn19mihqvtd40h2ymf4xy5cyaufl79a7llew1r0vszm9od9qn3a5qsaitz1wtmec79tvn:latest/confusion_matrix_table.table.json", "path": "media/table/confusion_matrix_table_59_671fc6c1fe5b557f0aa0.table.json", "ncols": 3, "nrows": 100}, "_wandb": {"runtime": 79}}