{"Epoch ": 29, "Training loss ": 0.1475134172733335, "Training accuracy ": 0.8995, "Validation loss ": 0.17128459086512643, "Validation accuracy ": 0.8798333333333334, "Testing loss ": 0.18049753578271155, "Testing accuracy ": 0.8756, "_timestamp": 1709536984.5565753, "_runtime": 48.29743528366089, "_step": 59, "confusion_matrix_table": {"_type": "table-file", "sha256": "c9f1c6cad3754f1ec8118699d6e45cb4a70a9ac0a114845413546c3337239156", "size": 3172, "artifact_path": "wandb-client-artifact://7slmlxk8qdx0bsbn3dxr6p67k72fm5fytx47p3ema50fdgnf3vtfudxwn0w2rvi1wc461dlbeqhytsb2g8mssg05e318kktmsi5cm768evkr7ly7d23pxqcklpjyfell:latest/confusion_matrix_table.table.json", "_latest_artifact_path": "wandb-client-artifact://7slmlxk8qdx0bsbn3dxr6p67k72fm5fytx47p3ema50fdgnf3vtfudxwn0w2rvi1wc461dlbeqhytsb2g8mssg05e318kktmsi5cm768evkr7ly7d23pxqcklpjyfell:latest/confusion_matrix_table.table.json", "path": "media/table/confusion_matrix_table_59_c9f1c6cad3754f1ec811.table.json", "ncols": 3, "nrows": 100}, "_wandb": {"runtime": 47}}