{"Epoch ": 19, "Training loss ": 0.2682612392616924, "Training accuracy ": 0.8290185185185185, "Validation loss ": 0.26632921279437594, "Validation accuracy ": 0.8258333333333333, "Testing loss ": 0.28043497606107415, "Testing accuracy ": 0.8133, "_timestamp": 1709309840.9245534, "_runtime": 113.5239143371582, "_step": 39, "confusion_matrix_table": {"_type": "table-file", "sha256": "17274f907fe6ec5dfdda837831c31178625b1851a6e49032339ecdc673f9f98d", "size": 3175, "artifact_path": "wandb-client-artifact://rp4313io0jkjkyk0qsgkap2ck9oc0f00s1fy1ejz0wyhzl8m8cqoukjd2v25d65452gsfui5wxafjhcv5tdsbzs9fpjwvx4ohu4487xqleu8vlakmzcad4nopme1wxb7:latest/confusion_matrix_table.table.json", "_latest_artifact_path": "wandb-client-artifact://rp4313io0jkjkyk0qsgkap2ck9oc0f00s1fy1ejz0wyhzl8m8cqoukjd2v25d65452gsfui5wxafjhcv5tdsbzs9fpjwvx4ohu4487xqleu8vlakmzcad4nopme1wxb7:latest/confusion_matrix_table.table.json", "path": "media/table/confusion_matrix_table_39_17274f907fe6ec5dfdda.table.json", "ncols": 3, "nrows": 100}, "_wandb": {"runtime": 112}}