{"Epoch ": 29, "Training loss ": 0.276792281653275, "Training accuracy ": 0.9007592592592593, "Validation loss ": 0.3719464879522774, "Validation accuracy ": 0.8673333333333333, "Testing loss ": 0.3962635677746675, "Testing accuracy ": 0.861, "_timestamp": 1709455992.542587, "_runtime": 29.54463815689087, "_step": 59, "confusion_matrix_table": {"_type": "table-file", "sha256": "af977880cf3ed320540181d5eeda9d687b3b152b8bdb25595bd5cf92198464db", "size": 3173, "artifact_path": "wandb-client-artifact://iy1bga96gj2lyj6w6ixcv2thl7crv47gacltf5w0i2geve1bke58tg7xlcg3i8bci44d8mkiaqqynnzw13x778mvwwpancl8rmomrpw4a50iuh9l52k0l2tqrc2jtag7:latest/confusion_matrix_table.table.json", "_latest_artifact_path": "wandb-client-artifact://iy1bga96gj2lyj6w6ixcv2thl7crv47gacltf5w0i2geve1bke58tg7xlcg3i8bci44d8mkiaqqynnzw13x778mvwwpancl8rmomrpw4a50iuh9l52k0l2tqrc2jtag7:latest/confusion_matrix_table.table.json", "path": "media/table/confusion_matrix_table_59_af977880cf3ed3205401.table.json", "ncols": 3, "nrows": 100}, "_wandb": {"runtime": 28}}