{"Epoch ": 4, "Training loss ": 0.428771198419805, "Training accuracy ": 0.8496851851851852, "Validation loss ": 0.4490223248734349, "Validation accuracy ": 0.8393333333333334, "Testing loss ": 0.4648244846534927, "Testing accuracy ": 0.835, "_timestamp": 1709102577.1471503, "_runtime": 71.60018229484558, "_step": 4, "_wandb": {"runtime": 70}}