{"Epoch ": 19, "Training loss ": 0.30338410661656223, "Training accuracy ": 0.8905, "Validation loss ": 0.3322111707791424, "Validation accuracy ": 0.881, "Testing loss ": 0.36764977407465066, "Testing accuracy ": 0.869, "_timestamp": 1709124704.4260557, "_runtime": 41.79976177215576, "_step": 39, "confusion_matrix_table": {"_type": "table-file", "sha256": "940ee5b2d588c571d483d0006c2b6670f33a88b19e5bf7b39464819c415e70b2", "size": 3171, "artifact_path": "wandb-client-artifact://0pxpyio0w3e22702nnf6r0ucd3wn6zbpk9usl9g710qqjq11z3ulan89ig1j7monz3mcau11evd7rtcf34xk5ejr830yh35s1etycbd2svgbp7wa0amzauppzyxmj88i:latest/confusion_matrix_table.table.json", "_latest_artifact_path": "wandb-client-artifact://0pxpyio0w3e22702nnf6r0ucd3wn6zbpk9usl9g710qqjq11z3ulan89ig1j7monz3mcau11evd7rtcf34xk5ejr830yh35s1etycbd2svgbp7wa0amzauppzyxmj88i:latest/confusion_matrix_table.table.json", "path": "media/table/confusion_matrix_table_39_940ee5b2d588c571d483.table.json", "ncols": 3, "nrows": 100}, "_wandb": {"runtime": 40}}