{"Epoch ": 24, "Training loss ": 0.42917413012803923, "Training accuracy ": 0.854925925925926, "Validation loss ": 0.4238980595597161, "Validation accuracy ": 0.8533333333333334, "Testing loss ": 0.4633869414441253, "Testing accuracy ": 0.8382, "_timestamp": 1709454006.7806113, "_runtime": 52.44505023956299, "_step": 49, "confusion_matrix_table": {"_type": "table-file", "sha256": "80c815cd81e0daf475c590552805dbe01a4d64727cf5c81241a677678427e5e9", "size": 3176, "artifact_path": "wandb-client-artifact://z6vwoodz3gbc2r88oy7y17s75namym5qgyg30ywfp9wcpvrwnki2yrnlznlcjoj9spnngeioughvng9xn8fw2o4gng69lyhe352xd3y1mohsnr9l9hrn7ctljn0g41hp:latest/confusion_matrix_table.table.json", "_latest_artifact_path": "wandb-client-artifact://z6vwoodz3gbc2r88oy7y17s75namym5qgyg30ywfp9wcpvrwnki2yrnlznlcjoj9spnngeioughvng9xn8fw2o4gng69lyhe352xd3y1mohsnr9l9hrn7ctljn0g41hp:latest/confusion_matrix_table.table.json", "path": "media/table/confusion_matrix_table_49_80c815cd81e0daf475c5.table.json", "ncols": 3, "nrows": 100}, "_wandb": {"runtime": 51}}