{"Epoch ": 14, "Training loss ": 0.200911357703126, "Training accuracy ": 0.862537037037037, "Validation loss ": 0.21152616956653594, "Validation accuracy ": 0.8523333333333334, "Testing loss ": 0.22073133296792122, "Testing accuracy ": 0.8469, "_timestamp": 1709635480.7527473, "_runtime": 108.86393618583679, "_step": 29, "confusion_matrix_table": {"_type": "table-file", "sha256": "efeeada503692bf3c14ad4de9db4c972e7ff2143a706b71ad8f59f8a4ea39ad3", "size": 3175, "artifact_path": "wandb-client-artifact://5xsvnx9bw4479kmifpstwsnvwesvz3r5qhpzio9ufcwlr9cdg3jlfhuo2bwif4pze9i760jmnfewu5f8y9b01ulhwsv4iax1eq4jt7iuzu9ajx5gufx0dij843kaig6c:latest/confusion_matrix_table.table.json", "_latest_artifact_path": "wandb-client-artifact://5xsvnx9bw4479kmifpstwsnvwesvz3r5qhpzio9ufcwlr9cdg3jlfhuo2bwif4pze9i760jmnfewu5f8y9b01ulhwsv4iax1eq4jt7iuzu9ajx5gufx0dij843kaig6c:latest/confusion_matrix_table.table.json", "path": "media/table/confusion_matrix_table_29_efeeada503692bf3c14a.table.json", "ncols": 3, "nrows": 100}, "_wandb": {"runtime": 108}}