{"Epoch ": 29, "Training loss ": 0.23770405870370231, "Training accuracy ": 0.9130555555555555, "Validation loss ": 0.308885135687565, "Validation accuracy ": 0.8891666666666667, "Testing loss ": 0.34474349192905074, "Testing accuracy ": 0.878, "_timestamp": 1709287253.4725852, "_runtime": 142.9925491809845, "_step": 59, "confusion_matrix_table": {"_type": "table-file", "sha256": "83d35fb294b0d8107f4f9a721191eb0d02b0eee049dea4d0a651a483b96d6c8b", "size": 3172, "artifact_path": "wandb-client-artifact://totwh167f2x9117gwervh676994f2io8wwxprovjv5vadvdmx9y11t4gdji46osblaqijochcfq0chx3p5xh9a7rfzx2gw83zw97erddwfzbat1f6thq9ff20knrbvzt:latest/confusion_matrix_table.table.json", "_latest_artifact_path": "wandb-client-artifact://totwh167f2x9117gwervh676994f2io8wwxprovjv5vadvdmx9y11t4gdji46osblaqijochcfq0chx3p5xh9a7rfzx2gw83zw97erddwfzbat1f6thq9ff20knrbvzt:latest/confusion_matrix_table.table.json", "path": "media/table/confusion_matrix_table_59_83d35fb294b0d8107f4f.table.json", "ncols": 3, "nrows": 100}, "_wandb": {"runtime": 142}}