{"Epoch ": 29, "Training loss ": 0.3421831330467926, "Training accuracy ": 0.8764444444444445, "Validation loss ": 0.4367448938662516, "Validation accuracy ": 0.8493333333333334, "Testing loss ": 0.45094529726968197, "Testing accuracy ": 0.8443, "_timestamp": 1709413745.2028918, "_runtime": 57.624764919281006, "_step": 59, "confusion_matrix_table": {"_type": "table-file", "sha256": "c384ba18fbbdae8651cf79a8380b1b06320a9d5770ce496132a73fe351f1dddb", "size": 3174, "artifact_path": "wandb-client-artifact://wbujq1trqsp3w3tliahgq3qtol0nj1ktatn3m8p6dkg6oe0d1yblodwdp23jdahn8lug19yaocjefbm5fqts2a5mdoxxvyh950ijrxbr1rekorxql5eqwtl8s07iwfb0:latest/confusion_matrix_table.table.json", "_latest_artifact_path": "wandb-client-artifact://wbujq1trqsp3w3tliahgq3qtol0nj1ktatn3m8p6dkg6oe0d1yblodwdp23jdahn8lug19yaocjefbm5fqts2a5mdoxxvyh950ijrxbr1rekorxql5eqwtl8s07iwfb0:latest/confusion_matrix_table.table.json", "path": "media/table/confusion_matrix_table_59_c384ba18fbbdae8651cf.table.json", "ncols": 3, "nrows": 100}, "_wandb": {"runtime": 56}}