{"Epoch ": 9, "Training loss ": 0.3782930900736893, "Training accuracy ": 0.8707222222222222, "Validation loss ": 0.42871077942589886, "Validation accuracy ": 0.8521666666666666, "Testing loss ": 0.45145074884768976, "Testing accuracy ": 0.8467, "_timestamp": 1709308825.1371968, "_runtime": 21.206183671951294, "_step": 19, "confusion_matrix_table": {"_type": "table-file", "sha256": "88385dc74c5f59c370db52f7a1cf0b8abf6656698b0c29d27b460a85182b7b0f", "size": 3174, "artifact_path": "wandb-client-artifact://qk6poefqw9dja6wukcpxyw77sp5813qq3v6e703o6x89fpnz2k4lexwczcf1ze0gdxfbc9zh8sjr9hakax0kdexs0lphmnidelnm13cr8qrs00p7ls8onqjjob6w57qj:latest/confusion_matrix_table.table.json", "_latest_artifact_path": "wandb-client-artifact://qk6poefqw9dja6wukcpxyw77sp5813qq3v6e703o6x89fpnz2k4lexwczcf1ze0gdxfbc9zh8sjr9hakax0kdexs0lphmnidelnm13cr8qrs00p7ls8onqjjob6w57qj:latest/confusion_matrix_table.table.json", "path": "media/table/confusion_matrix_table_19_88385dc74c5f59c370db.table.json", "ncols": 3, "nrows": 100}, "_wandb": {"runtime": 20}}