{"Epoch ": 4, "Training loss ": 0.36413309211742173, "Training accuracy ": 0.8662962962962963, "Validation loss ": 0.41556131267664037, "Validation accuracy ": 0.8525, "Testing loss ": 0.42342365450329755, "Testing accuracy ": 0.8456, "_timestamp": 1709401990.9417365, "_runtime": 19.350906372070312, "_step": 9, "confusion_matrix_table": {"_type": "table-file", "sha256": "d29f8eebafc3c1980d8ad16c5b917d23229a24bd21a469a0efbdfccfbeec2043", "size": 3174, "artifact_path": "wandb-client-artifact://pb76srwx9to06ng3ia6mxp9f69hguvb456uy3ghc002jga0fpqcyh9dby8w566d52ahsrvvh8032vftpz176iwwgepcvquffqbk70tsu8apiatl8xy7sbmjaaztkq25s:latest/confusion_matrix_table.table.json", "_latest_artifact_path": "wandb-client-artifact://pb76srwx9to06ng3ia6mxp9f69hguvb456uy3ghc002jga0fpqcyh9dby8w566d52ahsrvvh8032vftpz176iwwgepcvquffqbk70tsu8apiatl8xy7sbmjaaztkq25s:latest/confusion_matrix_table.table.json", "path": "media/table/confusion_matrix_table_9_d29f8eebafc3c1980d8a.table.json", "ncols": 3, "nrows": 100}, "_wandb": {"runtime": 18}}