{"Epoch ": 4, "Training loss ": 0.8947280483499059, "Training accuracy ": 0.6930185185185185, "Validation loss ": 0.893456284396379, "Validation accuracy ": 0.6895, "Testing loss ": 0.9084053026566582, "Testing accuracy ": 0.6805, "_timestamp": 1709007389.2027788, "_runtime": 11.968200922012329, "_step": 9, "confusion_matrix_table": {"_type": "table-file", "sha256": "6aedbadd531ed518d7fffcf5762cf5dc709b7ff2ac9b6874fd3abfa6c60d2ef3", "size": 3188, "artifact_path": "wandb-client-artifact://2je517b2y0zkg9sj828xvvua2wjzzii359hxxzbpuefjbvwpp0nuemli0m91ul7to8xojb8kk8fu9qi7slemuhr86xbvq7z10f1bs5090yw290hbz42z3bqgf23nnz1u:latest/confusion_matrix_table.table.json", "_latest_artifact_path": "wandb-client-artifact://2je517b2y0zkg9sj828xvvua2wjzzii359hxxzbpuefjbvwpp0nuemli0m91ul7to8xojb8kk8fu9qi7slemuhr86xbvq7z10f1bs5090yw290hbz42z3bqgf23nnz1u:latest/confusion_matrix_table.table.json", "path": "media/table/confusion_matrix_table_9_6aedbadd531ed518d7ff.table.json", "ncols": 3, "nrows": 100}, "_wandb": {"runtime": 11}}