{"Epoch ": 24, "Training loss ": 0.22829992005400762, "Training accuracy ": 0.9173333333333333, "Validation loss ": 0.4170877512974211, "Validation accuracy ": 0.8796666666666667, "Testing loss ": 0.43445580117949, "Testing accuracy ": 0.8683, "_timestamp": 1709408375.6081243, "_runtime": 345.9190423488617, "_step": 49, "confusion_matrix_table": {"_type": "table-file", "sha256": "95b9b448554f48d778fe2c72a4420efa74822041a75d7c6333aa3f3d2246604a", "size": 3171, "artifact_path": "wandb-client-artifact://qlrejfuazixhnd4s8mj0akjt916su7etspw29raa3o411ororl413ykke6x6c11q5yfeld74fix26ur0ywa879ng5fjybmz90pysigl6kz05wu0p4nlawxqtelroi8fy:latest/confusion_matrix_table.table.json", "_latest_artifact_path": "wandb-client-artifact://qlrejfuazixhnd4s8mj0akjt916su7etspw29raa3o411ororl413ykke6x6c11q5yfeld74fix26ur0ywa879ng5fjybmz90pysigl6kz05wu0p4nlawxqtelroi8fy:latest/confusion_matrix_table.table.json", "path": "media/table/confusion_matrix_table_49_95b9b448554f48d778fe.table.json", "ncols": 3, "nrows": 100}, "_wandb": {"runtime": 345}}