{"Epoch ": 4, "Training loss ": 0.42051461308971544, "Training accuracy ": 0.8511666666666666, "Validation loss ": 0.42541714672496944, "Validation accuracy ": 0.8475, "Testing loss ": 0.4567541032704587, "Testing accuracy ": 0.8388, "_timestamp": 1709102423.5871434, "_runtime": 41.6565375328064, "_step": 4, "_wandb": {"runtime": 36}}