{"Epoch ": 9, "Training loss ": 0.1667530266324909, "Training accuracy ": 0.884962962962963, "Validation loss ": 0.1824404189225971, "Validation accuracy ": 0.8726666666666667, "Testing loss ": 0.1951965656045335, "Testing accuracy ": 0.8648, "_timestamp": 1709149225.3226209, "_runtime": 28.711140871047974, "_step": 19, "confusion_matrix_table": {"_type": "table-file", "sha256": "50df78b59a6ab3ef3c13e4ec3e0f86cf23b4afe93cba7a44e9cbfdfa1852a9df", "size": 3172, "artifact_path": "wandb-client-artifact://5m91sp2a3ofs9amc0hftzk6a06pgci7kok1g15qrvq16jsreli9wfh8e3uress6bgmixkmf2ol3oceg1yf6j09bxpszs92h11z0gn9lzwpl2zuump5wu638eudiulzfu:latest/confusion_matrix_table.table.json", "_latest_artifact_path": "wandb-client-artifact://5m91sp2a3ofs9amc0hftzk6a06pgci7kok1g15qrvq16jsreli9wfh8e3uress6bgmixkmf2ol3oceg1yf6j09bxpszs92h11z0gn9lzwpl2zuump5wu638eudiulzfu:latest/confusion_matrix_table.table.json", "path": "media/table/confusion_matrix_table_19_50df78b59a6ab3ef3c13.table.json", "ncols": 3, "nrows": 100}, "_wandb": {"runtime": 27}}