{"Epoch ": 9, "Training loss ": 0.34825519690826656, "Training accuracy ": 0.8757962962962963, "Validation loss ": 0.38689662838393474, "Validation accuracy ": 0.8688333333333333, "Testing loss ": 0.4085740660380827, "Testing accuracy ": 0.8574, "_timestamp": 1709454578.6511939, "_runtime": 19.57349395751953, "_step": 19, "confusion_matrix_table": {"_type": "table-file", "sha256": "0a421ae19528d93b61f7f603d27758603abb420f4bf35d0e2a60a25382d15f97", "size": 3173, "artifact_path": "wandb-client-artifact://h2lexo2dxxkte5r0ufyk5q9cb1e7himy72hy1qa9tzbsdr0m3n727vmrmza2tycfdhzk1so9hei0018xdh9qfted1cp98snrjs0pku2ayfpply8so7n4ayuk6o9pyfqf:latest/confusion_matrix_table.table.json", "_latest_artifact_path": "wandb-client-artifact://h2lexo2dxxkte5r0ufyk5q9cb1e7himy72hy1qa9tzbsdr0m3n727vmrmza2tycfdhzk1so9hei0018xdh9qfted1cp98snrjs0pku2ayfpply8so7n4ayuk6o9pyfqf:latest/confusion_matrix_table.table.json", "path": "media/table/confusion_matrix_table_19_0a421ae19528d93b61f7.table.json", "ncols": 3, "nrows": 100}, "_wandb": {"runtime": 18}}