{"Epoch ": 24, "Training loss ": 0.15578910928580195, "Training accuracy ": 0.9561851851851851, "Validation loss ": 0.16573959764284488, "Validation accuracy ": 0.9511666666666667, "Testing loss ": 0.1634277031060766, "Testing accuracy ": 0.952, "_timestamp": 1709497652.3766508, "_runtime": 107.71398282051086, "_step": 49, "confusion_matrix_table": {"_type": "table-file", "sha256": "ebd043ab36879edcf44ba8002a61bc7158642b166a63274badba4e4f9ad1a8cc", "size": 3159, "artifact_path": "wandb-client-artifact://ozzzdqi1je3295re4i1fpa8dd1no80h0qel7are83i9bl5hgqwn6o00ebwqwjl9zg9qt62pktpmj4zzk2z3pwnxyntincacfcrx1w6tax4nys2llgm539uswr0c65iwk:latest/confusion_matrix_table.table.json", "_latest_artifact_path": "wandb-client-artifact://ozzzdqi1je3295re4i1fpa8dd1no80h0qel7are83i9bl5hgqwn6o00ebwqwjl9zg9qt62pktpmj4zzk2z3pwnxyntincacfcrx1w6tax4nys2llgm539uswr0c65iwk:latest/confusion_matrix_table.table.json", "path": "media/table/confusion_matrix_table_49_ebd043ab36879edcf44b.table.json", "ncols": 3, "nrows": 100}, "_wandb": {"runtime": 106}}