{"Epoch ": 19, "Training loss ": 0.15500194740915135, "Training accuracy ": 0.8952777777777777, "Validation loss ": 0.1855561908968493, "Validation accuracy ": 0.874, "Testing loss ": 0.19776690473347963, "Testing accuracy ": 0.8644, "_timestamp": 1709304308.956885, "_runtime": 154.48540115356445, "_step": 39, "confusion_matrix_table": {"_type": "table-file", "sha256": "368022dfcdc6130b96a6a60f36f32577cf91fd83c35ed2ea131d9bf4f9612543", "size": 3173, "artifact_path": "wandb-client-artifact://0z6md9tq43wzusr4gopmxs637mvh4j5sw37tpo4uxmlkmisrgxu3vxzm7nz6do1iycdhq66cn4n0ng20d570eau5z3x2zxttxrphw6opcy7wcsaulqx3p2eoygeuyzni:latest/confusion_matrix_table.table.json", "_latest_artifact_path": "wandb-client-artifact://0z6md9tq43wzusr4gopmxs637mvh4j5sw37tpo4uxmlkmisrgxu3vxzm7nz6do1iycdhq66cn4n0ng20d570eau5z3x2zxttxrphw6opcy7wcsaulqx3p2eoygeuyzni:latest/confusion_matrix_table.table.json", "path": "media/table/confusion_matrix_table_39_368022dfcdc6130b96a6.table.json", "ncols": 3, "nrows": 100}, "_wandb": {"runtime": 153}}