{"Epoch": 4, "Training loss": 1.5527569242635035, "Training accuracy": 0.5344814814814814, "Validation loss": 1.558759622670023, "Validation accuracy": 0.534, "Testing loss": 1.5607403489918192, "Testing accuracy": 0.5327, "_timestamp": 1709120768.2489913, "_runtime": 11.374282360076904, "_step": 9, "confusion_matrix_table": {"_type": "table-file", "sha256": "216bb950cc7a4ae6c44c7336f3f9b338fdce14b5b01e2fe08217a2b9a47721ca", "size": 3176, "artifact_path": "wandb-client-artifact://6vlcvake7e1xqq8zns4n7z9dzsd866p8yjlfbi0pizge1961227yf2en8cxaj0l9uc7xxpj9up87wo7vxw4zdvlms2atogqsm1yyisat7xi2ylcnqphjbif9p9tyju67:latest/confusion_matrix_table.table.json", "_latest_artifact_path": "wandb-client-artifact://6vlcvake7e1xqq8zns4n7z9dzsd866p8yjlfbi0pizge1961227yf2en8cxaj0l9uc7xxpj9up87wo7vxw4zdvlms2atogqsm1yyisat7xi2ylcnqphjbif9p9tyju67:latest/confusion_matrix_table.table.json", "path": "media/table/confusion_matrix_table_9_216bb950cc7a4ae6c44c.table.json", "ncols": 3, "nrows": 100}, "_wandb": {"runtime": 10}}