{"Epoch ": 4, "Training loss ": 1.3652206861393683, "Training accuracy ": 0.544074074074074, "Validation loss ": 1.3748859976320282, "Validation accuracy ": 0.539, "Testing loss ": 1.3755539145135611, "Testing accuracy ": 0.5375, "_timestamp": 1709103401.666991, "_runtime": 10.029157876968384, "_step": 4, "_wandb": {"runtime": 9}}