{"Epoch ": 9, "Training loss ": 0.1735171262375286, "Training accuracy ": 0.8839259259259259, "Validation loss ": 0.19476822005663377, "Validation accuracy ": 0.8656666666666667, "Testing loss ": 0.20130319270997873, "Testing accuracy ": 0.8626, "_timestamp": 1709146555.9731622, "_runtime": 32.7494421005249, "_step": 19, "confusion_matrix_table": {"_type": "table-file", "sha256": "5440a145fcda1d43c3780b39dcc88aab65e88554228a0e71665fed41691ad82c", "size": 3171, "artifact_path": "wandb-client-artifact://txm547yrj4o6p2dokyp80gwvb2zehgcju2n9lkraoj0c6anrq3g7bxnuekrfhbhnfrm1eh8ervhtl6dsjj150zhl97wew1uvwstoi5r3qnqw6jdjyys94aqncr5cd4mm:latest/confusion_matrix_table.table.json", "_latest_artifact_path": "wandb-client-artifact://txm547yrj4o6p2dokyp80gwvb2zehgcju2n9lkraoj0c6anrq3g7bxnuekrfhbhnfrm1eh8ervhtl6dsjj150zhl97wew1uvwstoi5r3qnqw6jdjyys94aqncr5cd4mm:latest/confusion_matrix_table.table.json", "path": "media/table/confusion_matrix_table_19_5440a145fcda1d43c378.table.json", "ncols": 3, "nrows": 100}, "_wandb": {"runtime": 31}}