{"Epoch": 24, "Training loss": 0.28862464334382143, "Training accuracy": 0.8960555555555556, "Validation loss": 0.32936668552299087, "Validation accuracy": 0.8841666666666667, "Testing loss": 0.3602688251936416, "Testing accuracy": 0.8716, "_timestamp": 1709117564.5093586, "_runtime": 66.37711453437805, "_step": 49, "confusion_matrix_table": {"_type": "table-file", "sha256": "e845dc443c13765d30509013a12b61c473bec5c3ac4a64fb612499c12ae14a73", "size": 3171, "artifact_path": "wandb-client-artifact://gchp6lixe45cvihnxiqikipy9e5ws4qo2tk8t5vtfz8iff0a1v79xfzzoytj7qlpxkgutrjrohjhl4xu9x4ok5bz7kp7r73l7uycfi7l2holxwpwrph7sfa0upfv8g9h:latest/confusion_matrix_table.table.json", "_latest_artifact_path": "wandb-client-artifact://gchp6lixe45cvihnxiqikipy9e5ws4qo2tk8t5vtfz8iff0a1v79xfzzoytj7qlpxkgutrjrohjhl4xu9x4ok5bz7kp7r73l7uycfi7l2holxwpwrph7sfa0upfv8g9h:latest/confusion_matrix_table.table.json", "path": "media/table/confusion_matrix_table_49_e845dc443c13765d3050.table.json", "ncols": 3, "nrows": 100}, "_wandb": {"runtime": 65}}