{"Epoch ": 19, "Training loss ": 0.37414625941698026, "Training accuracy ": 0.8710740740740741, "Validation loss ": 0.396109627534309, "Validation accuracy ": 0.8621666666666666, "Testing loss ": 0.4310702952853893, "Testing accuracy ": 0.8511, "_timestamp": 1709130929.4429457, "_runtime": 46.62286067008972, "_step": 39, "confusion_matrix_table": {"_type": "table-file", "sha256": "078d8e15287b353ee173163eb0a8b12573798c0f234ed0a09efde71c0c4de2c5", "size": 3177, "artifact_path": "wandb-client-artifact://5fiaezq4hw51bkb0v7gf9c63p3wpjgrnxcw3y0db2hqzygkmsi6lv365gblhhoeto8vmmk8j1xracumnya559wg3x838urj486x8ksur5nomsalo7cqctrbexgzxtges:latest/confusion_matrix_table.table.json", "_latest_artifact_path": "wandb-client-artifact://5fiaezq4hw51bkb0v7gf9c63p3wpjgrnxcw3y0db2hqzygkmsi6lv365gblhhoeto8vmmk8j1xracumnya559wg3x838urj486x8ksur5nomsalo7cqctrbexgzxtges:latest/confusion_matrix_table.table.json", "path": "media/table/confusion_matrix_table_39_078d8e15287b353ee173.table.json", "ncols": 3, "nrows": 100}, "_wandb": {"runtime": 45}}