{"Epoch ": 14, "Training loss ": 0.31408734095714697, "Training accuracy ": 0.7620740740740741, "Validation loss ": 0.3234297952715523, "Validation accuracy ": 0.7565, "Testing loss ": 0.33453872175142524, "Testing accuracy ": 0.7474, "_timestamp": 1709562812.0593526, "_runtime": 292.24681758880615, "_step": 29, "confusion_matrix_table": {"_type": "table-file", "sha256": "6cc4a1e8cd7ee09bd798caec4f2caed8160078ee9ebb40e80cb420b6972d5f2a", "size": 3167, "artifact_path": "wandb-client-artifact://w8bh9o53f5arq6dhz2gu7szi7h2e9ucr8wuvy2rc6vhjr96pgiz6pvc4d812fbr2go16nz1uw6so8vvqeabu0wkljaizbtxjradnqn75cydietv2ou329xooibsswo3o:latest/confusion_matrix_table.table.json", "_latest_artifact_path": "wandb-client-artifact://w8bh9o53f5arq6dhz2gu7szi7h2e9ucr8wuvy2rc6vhjr96pgiz6pvc4d812fbr2go16nz1uw6so8vvqeabu0wkljaizbtxjradnqn75cydietv2ou329xooibsswo3o:latest/confusion_matrix_table.table.json", "path": "media/table/confusion_matrix_table_29_6cc4a1e8cd7ee09bd798.table.json", "ncols": 3, "nrows": 100}, "_wandb": {"runtime": 291}}