{"Epoch ": 9, "Training loss ": 0.06989081546009775, "Training accuracy ": 0.9559814814814814, "Validation loss ": 0.09403342837917239, "Validation accuracy ": 0.9376666666666666, "Testing loss ": 0.08713971878743765, "Testing accuracy ": 0.9442, "_timestamp": 1709534890.4598155, "_runtime": 28.53670358657837, "_step": 19, "confusion_matrix_table": {"_type": "table-file", "sha256": "ee10b3bbe5f9cb99028eaee9db0a14c9579ef7c70c310e2ed514f9f03fce2ec6", "size": 3167, "artifact_path": "wandb-client-artifact://57abp2442wxfd7f4fz2iopfv1aj5l0zj6ns5qmrkoyiztk2f3nfroyv25l8epcqhr4d9up8ydqeieo0cpv8y19bi5c1xay1t3g7co6y7jrfslufu3gy55s1n4q9rca64:latest/confusion_matrix_table.table.json", "_latest_artifact_path": "wandb-client-artifact://57abp2442wxfd7f4fz2iopfv1aj5l0zj6ns5qmrkoyiztk2f3nfroyv25l8epcqhr4d9up8ydqeieo0cpv8y19bi5c1xay1t3g7co6y7jrfslufu3gy55s1n4q9rca64:latest/confusion_matrix_table.table.json", "path": "media/table/confusion_matrix_table_19_ee10b3bbe5f9cb99028e.table.json", "ncols": 3, "nrows": 100}, "_wandb": {"runtime": 27}}