{"Epoch ": 29, "Training loss ": 0.20973074113766832, "Training accuracy ": 0.9188333333333333, "Validation loss ": 0.38759253468715427, "Validation accuracy ": 0.8758333333333334, "Testing loss ": 0.4135224241971214, "Testing accuracy ": 0.869, "_timestamp": 1709139771.1301079, "_runtime": 106.91474890708923, "_step": 59, "confusion_matrix_table": {"_type": "table-file", "sha256": "647666df4373480fda047347d17859a80641929f0e31bad4796f9704a0c008d1", "size": 3173, "artifact_path": "wandb-client-artifact://5na54rnb1benpoeao68yw2kahfqtdr04t7o8rfedztpjzxjmtk0l5lww82n3n9v6pt472f9fjhv9q7hzg9f83js0loko82y2kxbb3i766v06ypstm7vjr8hnc5zk5hbq:latest/confusion_matrix_table.table.json", "_latest_artifact_path": "wandb-client-artifact://5na54rnb1benpoeao68yw2kahfqtdr04t7o8rfedztpjzxjmtk0l5lww82n3n9v6pt472f9fjhv9q7hzg9f83js0loko82y2kxbb3i766v06ypstm7vjr8hnc5zk5hbq:latest/confusion_matrix_table.table.json", "path": "media/table/confusion_matrix_table_59_647666df4373480fda04.table.json", "ncols": 3, "nrows": 100}, "_wandb": {"runtime": 106}}