{"Epoch ": 4, "Training loss ": 1.7156390352938364, "Training accuracy ": 0.481, "Validation loss ": 1.7097663316172154, "Validation accuracy ": 0.4855, "Testing loss ": 1.7172536052119696, "Testing accuracy ": 0.4768, "_timestamp": 1709103466.302013, "_runtime": 10.560492992401123, "_step": 4, "_wandb": {"runtime": 9}}