{"Epoch ": 9, "Training loss ": 0.4733037079546558, "Training accuracy ": 0.5985185185185186, "Validation loss ": 0.47881785458618537, "Validation accuracy ": 0.5938333333333333, "Testing loss ": 0.4814554158526222, "Testing accuracy ": 0.5924, "_timestamp": 1709145957.5898452, "_runtime": 132.11848211288452, "_step": 19, "confusion_matrix_table": {"_type": "table-file", "sha256": "747987b67c64688eb4ec11414897641ae47d248ab642ebfa2f8575f68b7f9499", "size": 3173, "artifact_path": "wandb-client-artifact://zvx4ofidmhc5ib4vh0rl88bp28flg5gs64mq7xfliem2mvohr4v3vq0ft7epivdro11k6msyhi0u977qtjt1d7328bz1vj7e2t3duzsbc5eemu7up3f9fzdpunvl5v4e:latest/confusion_matrix_table.table.json", "_latest_artifact_path": "wandb-client-artifact://zvx4ofidmhc5ib4vh0rl88bp28flg5gs64mq7xfliem2mvohr4v3vq0ft7epivdro11k6msyhi0u977qtjt1d7328bz1vj7e2t3duzsbc5eemu7up3f9fzdpunvl5v4e:latest/confusion_matrix_table.table.json", "path": "media/table/confusion_matrix_table_19_747987b67c64688eb4ec.table.json", "ncols": 3, "nrows": 100}, "_wandb": {"runtime": 131}}