{"Epoch ": 14, "Training loss ": 0.19061685961760527, "Training accuracy ": 0.8642222222222222, "Validation loss ": 0.21409632162584505, "Validation accuracy ": 0.849, "Testing loss ": 0.2218192080187762, "Testing accuracy ": 0.8436, "_timestamp": 1709570030.807973, "_runtime": 83.40367579460144, "_step": 29, "confusion_matrix_table": {"_type": "table-file", "sha256": "2bb9283998a86e8a8fe54f0968fd57e8c2c81b4e8b1c293a8ad6b2f7d608c582", "size": 3174, "artifact_path": "wandb-client-artifact://6t79f6wiomty20y97m81y60f8wcdrpso3ikbmqpj4z8xwpuvrzepqrnc3aedn52q6lmt66ebkgba5su66wailv7h1uhvirf6c0mah02ptx0vm777i137a5ryycbtqr2c:latest/confusion_matrix_table.table.json", "_latest_artifact_path": "wandb-client-artifact://6t79f6wiomty20y97m81y60f8wcdrpso3ikbmqpj4z8xwpuvrzepqrnc3aedn52q6lmt66ebkgba5su66wailv7h1uhvirf6c0mah02ptx0vm777i137a5ryycbtqr2c:latest/confusion_matrix_table.table.json", "path": "media/table/confusion_matrix_table_29_2bb9283998a86e8a8fe5.table.json", "ncols": 3, "nrows": 100}, "_wandb": {"runtime": 82}}