{"Epoch ": 14, "Training loss ": 1.416768645299569, "Training accuracy ": 0.5014814814814815, "Validation loss ": 1.4196440630555696, "Validation accuracy ": 0.5036666666666667, "Testing loss ": 1.4265858672055785, "Testing accuracy ": 0.4953, "_timestamp": 1709312169.5525224, "_runtime": 30.0864474773407, "_step": 29, "confusion_matrix_table": {"_type": "table-file", "sha256": "732eb4817e12d2f0c1c96d8688ffcdf8c8d6028a0c7b85d0f2711e12ce18b742", "size": 3188, "artifact_path": "wandb-client-artifact://z2wbif82llx1ff6vukh04rsrvfh7vgxn47iit3uprclk2wkg6ju6xiol6hb8zzyyl7rttfju4kysgx03jr4o6qn4f72zo6sfok4j8jbo0ulad5n7jxyw1sljdmatiaz5:latest/confusion_matrix_table.table.json", "_latest_artifact_path": "wandb-client-artifact://z2wbif82llx1ff6vukh04rsrvfh7vgxn47iit3uprclk2wkg6ju6xiol6hb8zzyyl7rttfju4kysgx03jr4o6qn4f72zo6sfok4j8jbo0ulad5n7jxyw1sljdmatiaz5:latest/confusion_matrix_table.table.json", "path": "media/table/confusion_matrix_table_29_732eb4817e12d2f0c1c9.table.json", "ncols": 3, "nrows": 100}, "_wandb": {"runtime": 29}}