{"Epoch ": 4, "Training loss ": 0.215557186220758, "Training accuracy ": 0.8555555555555555, "Validation loss ": 0.21432583290029542, "Validation accuracy ": 0.8565, "Testing loss ": 0.2328314954847337, "Testing accuracy ": 0.8429, "_timestamp": 1709142328.3623488, "_runtime": 23.343885898590088, "_step": 9, "confusion_matrix_table": {"_type": "table-file", "sha256": "c6c8218fd3fd95a661f13ce1da55981a51c834c3c0dbce12f5bd3840ea5cde54", "size": 3174, "artifact_path": "wandb-client-artifact://gg2vpy4gwf46lh5uwuwprcodcrg87ijufbajjffkqt1p45tgfl80m1l2pmmadpo1pde6cwx544kx80oo4a3xjs0qsq6ya5feloelx1ygbkawzegvjh49wm72y31t8fq1:latest/confusion_matrix_table.table.json", "_latest_artifact_path": "wandb-client-artifact://gg2vpy4gwf46lh5uwuwprcodcrg87ijufbajjffkqt1p45tgfl80m1l2pmmadpo1pde6cwx544kx80oo4a3xjs0qsq6ya5feloelx1ygbkawzegvjh49wm72y31t8fq1:latest/confusion_matrix_table.table.json", "path": "media/table/confusion_matrix_table_9_c6c8218fd3fd95a661f1.table.json", "ncols": 3, "nrows": 100}, "_wandb": {"runtime": 22}}