{"Epoch ": 19, "Training loss ": 0.21932303043171406, "Training accuracy ": 0.9195185185185185, "Validation loss ": 0.31738166373149346, "Validation accuracy ": 0.8881666666666667, "Testing loss ": 0.3565255369702455, "Testing accuracy ": 0.8797, "_timestamp": 1709453818.7381701, "_runtime": 191.42719507217407, "_step": 39, "confusion_matrix_table": {"_type": "table-file", "sha256": "7564b70cac2bb62a6c2db3edbafeddedbe778d4933dae265acc163ea3a6bbafd", "size": 3171, "artifact_path": "wandb-client-artifact://z8jytv7dbrvkome8i2i83ybkoo24mooo7qbhakvmxt7eyc6tqgaqfbtm4s65far307szup0astc76dd738x1uxbt40r1fpzafdrqmth0xk950qugnriwxg7e6a890q5i:latest/confusion_matrix_table.table.json", "_latest_artifact_path": "wandb-client-artifact://z8jytv7dbrvkome8i2i83ybkoo24mooo7qbhakvmxt7eyc6tqgaqfbtm4s65far307szup0astc76dd738x1uxbt40r1fpzafdrqmth0xk950qugnriwxg7e6a890q5i:latest/confusion_matrix_table.table.json", "path": "media/table/confusion_matrix_table_39_7564b70cac2bb62a6c2d.table.json", "ncols": 3, "nrows": 100}, "_wandb": {"runtime": 190}}