{"Epoch ": 24, "Training loss ": 0.3069284999173585, "Training accuracy ": 0.8908333333333334, "Validation loss ": 0.333202414509001, "Validation accuracy ": 0.8808333333333334, "Testing loss ": 0.367940553871904, "Testing accuracy ": 0.8694, "_timestamp": 1709485126.270249, "_runtime": 103.57628583908081, "_step": 49, "confusion_matrix_table": {"_type": "table-file", "sha256": "e44fc07e6586246cf316944570b1da74c7fdc6a7fe2c661717305296f62fd49c", "size": 3172, "artifact_path": "wandb-client-artifact://bcuwx6ickaltw8pgxta4l3omovilh33ub6bp9qsh70bwsp3wcs6bp039979b3ibi7ely3t3g07gkfqz6t3xw035dkh3b3qlku0tlh11t2f2eaweoow36lmh084zs6ara:latest/confusion_matrix_table.table.json", "_latest_artifact_path": "wandb-client-artifact://bcuwx6ickaltw8pgxta4l3omovilh33ub6bp9qsh70bwsp3wcs6bp039979b3ibi7ely3t3g07gkfqz6t3xw035dkh3b3qlku0tlh11t2f2eaweoow36lmh084zs6ara:latest/confusion_matrix_table.table.json", "path": "media/table/confusion_matrix_table_49_e44fc07e6586246cf316.table.json", "ncols": 3, "nrows": 100}, "_wandb": {"runtime": 102}}