{"Epoch ": 14, "Training loss ": 0.29912462251931554, "Training accuracy ": 0.7974814814814815, "Validation loss ": 0.30552505226989995, "Validation accuracy ": 0.7965, "Testing loss ": 0.31588521760206145, "Testing accuracy ": 0.7834, "_timestamp": 1709300884.2107425, "_runtime": 118.22372150421143, "_step": 29, "confusion_matrix_table": {"_type": "table-file", "sha256": "f3057cbb344341dd54ca1331225982382ed3497b148fdb4bd3f9d579c2d0c37e", "size": 3177, "artifact_path": "wandb-client-artifact://hs5hfzo0awcrva83mfb84oarvi386e9owpcunvbafrr8koc236324tfr23sbiryg3ntiizrlawia8yeyrqak7iagse06isu76cki1uqrsvczyrx0z68zqr7z1iflj7w5:latest/confusion_matrix_table.table.json", "_latest_artifact_path": "wandb-client-artifact://hs5hfzo0awcrva83mfb84oarvi386e9owpcunvbafrr8koc236324tfr23sbiryg3ntiizrlawia8yeyrqak7iagse06isu76cki1uqrsvczyrx0z68zqr7z1iflj7w5:latest/confusion_matrix_table.table.json", "path": "media/table/confusion_matrix_table_29_f3057cbb344341dd54ca.table.json", "ncols": 3, "nrows": 100}, "_wandb": {"runtime": 117}}