{"Epoch ": 4, "Training loss ": 0.20473277283620947, "Training accuracy ": 0.8627407407407407, "Validation loss ": 0.21842026282344548, "Validation accuracy ": 0.8525, "Testing loss ": 0.23538245147633247, "Testing accuracy ": 0.8451, "_timestamp": 1709314257.931233, "_runtime": 19.219276905059814, "_step": 9, "confusion_matrix_table": {"_type": "table-file", "sha256": "86ada28e9296caa60cc014152b9059d4ecf53a4a79239e7ba07f849fb2e4c2a2", "size": 3177, "artifact_path": "wandb-client-artifact://u5fxfo2m7pbmnffbj87z5332j69fdk8wj0bilf9r8salmqjxted0ibyk2d1fa1ej9w1gwgavv1qb239eiqpmbx3kx2i9uwwdesscocz2dnlw7dsisvlz19aazrj7qjrk:latest/confusion_matrix_table.table.json", "_latest_artifact_path": "wandb-client-artifact://u5fxfo2m7pbmnffbj87z5332j69fdk8wj0bilf9r8salmqjxted0ibyk2d1fa1ej9w1gwgavv1qb239eiqpmbx3kx2i9uwwdesscocz2dnlw7dsisvlz19aazrj7qjrk:latest/confusion_matrix_table.table.json", "path": "media/table/confusion_matrix_table_9_86ada28e9296caa60cc0.table.json", "ncols": 3, "nrows": 100}, "_wandb": {"runtime": 18}}