{"Epoch ": 4, "Training loss ": 0.6730654093107258, "Training accuracy ": 0.5566666666666666, "Validation loss ": 0.6777130525973898, "Validation accuracy ": 0.5563333333333333, "Testing loss ": 0.684999305160879, "Testing accuracy ": 0.5502, "_timestamp": 1709401801.3421535, "_runtime": 25.051992654800415, "_step": 9, "confusion_matrix_table": {"_type": "table-file", "sha256": "bec9122b3da2eb807f34ac2b6722263b9ebe80731300d02d3795073ab8310cb7", "size": 3185, "artifact_path": "wandb-client-artifact://1p4xbu8uwls1vnt8mnqj7jd8appnageiemr3ls4mgg7p3g97x74jvs51xf3l7vgltv8a8vh5ght1yc9nxplfc34s9gvml8xe05t9huon0xzzoy354ya9g5w9pldhmval:latest/confusion_matrix_table.table.json", "_latest_artifact_path": "wandb-client-artifact://1p4xbu8uwls1vnt8mnqj7jd8appnageiemr3ls4mgg7p3g97x74jvs51xf3l7vgltv8a8vh5ght1yc9nxplfc34s9gvml8xe05t9huon0xzzoy354ya9g5w9pldhmval:latest/confusion_matrix_table.table.json", "path": "media/table/confusion_matrix_table_9_bec9122b3da2eb807f34.table.json", "ncols": 3, "nrows": 100}, "_wandb": {"runtime": 24}}