{"Epoch ": 19, "Training loss ": 0.4083139376647209, "Training accuracy ": 0.8572962962962963, "Validation loss ": 0.42262871291575377, "Validation accuracy ": 0.8535, "Testing loss ": 0.44792091237768017, "Testing accuracy ": 0.8431, "_timestamp": 1709477055.3787708, "_runtime": 227.53836584091187, "_step": 39, "confusion_matrix_table": {"_type": "table-file", "sha256": "f429dd0e957fdc2acb3fbccb55bb883ef21f1c5758f857f5777bc4fefdcce66c", "size": 3178, "artifact_path": "wandb-client-artifact://o5n1axc65p8hxj7213qk7wn48w722c2rgvcfns72njffo86kzwz7lf7n0tu6jse2e6rd27ycok44qfmidnwieh4cdp3p5qij5q2aza4ypi3f21xow9uxvtmb2gmhvixp:latest/confusion_matrix_table.table.json", "_latest_artifact_path": "wandb-client-artifact://o5n1axc65p8hxj7213qk7wn48w722c2rgvcfns72njffo86kzwz7lf7n0tu6jse2e6rd27ycok44qfmidnwieh4cdp3p5qij5q2aza4ypi3f21xow9uxvtmb2gmhvixp:latest/confusion_matrix_table.table.json", "path": "media/table/confusion_matrix_table_39_f429dd0e957fdc2acb3f.table.json", "ncols": 3, "nrows": 100}, "_wandb": {"runtime": 226}}