{"Epoch ": 4, "Training loss ": 2.3020002358902296, "Training accuracy ": 0.11374074074074074, "Validation loss ": 2.302634364490753, "Validation accuracy ": 0.1, "Testing loss ": 2.3020009907702383, "Testing accuracy ": 0.1135, "_timestamp": 1709495903.7521472, "_runtime": 57.1323401927948, "_step": 9, "confusion_matrix_table": {"_type": "table-file", "sha256": "d1569761db429b76055faeaf2e107bee2147105aec334a738d9337d7991aa86c", "size": 3147, "artifact_path": "wandb-client-artifact://gktt8424l5oim0dxw1zoia6lofay1prt85xpxv3qxy4hl0k7mqdl76zb6n66hk5dbvr0ti7crdrviydizoprl607xk63gt0tqz3adebwmampccr4qtmvoahr2ug1o0rb:latest/confusion_matrix_table.table.json", "_latest_artifact_path": "wandb-client-artifact://gktt8424l5oim0dxw1zoia6lofay1prt85xpxv3qxy4hl0k7mqdl76zb6n66hk5dbvr0ti7crdrviydizoprl607xk63gt0tqz3adebwmampccr4qtmvoahr2ug1o0rb:latest/confusion_matrix_table.table.json", "path": "media/table/confusion_matrix_table_9_d1569761db429b76055f.table.json", "ncols": 3, "nrows": 100}, "_wandb": {"runtime": 56}}