{"Epoch ": 4, "Training loss ": 2.3025699890614564, "Training accuracy ": 0.1, "Validation loss ": 2.302570111451977, "Validation accuracy ": 0.1, "Testing loss ": 2.3025700435748533, "Testing accuracy ": 0.1, "_timestamp": 1709096179.0338404, "_runtime": 12.083869457244873, "_step": 4, "_wandb": {"runtime": 11}}