{"Epoch ": 19, "Training loss ": 0.00010249270791989139, "Training accuracy ": 1.0, "Validation loss ": 0.11187919782050033, "Validation accuracy ": 0.9805, "Testing loss ": 0.09213566082873292, "Testing accuracy ": 0.9805, "_timestamp": 1709487426.6289732, "_runtime": 187.63663816452026, "_step": 39, "confusion_matrix_table": {"_type": "table-file", "sha256": "ff24b8b92ba4370d3f5a17d54546d44547fa849e8ec2cf2ba5b169786151fc2c", "size": 3146, "artifact_path": "wandb-client-artifact://j0e2leqg0ll9oe0vwhgf1cezzejwi7l2cw94vlkcja903zh77695uv21i9vl9bguwe61si1g7218axuxgu5yg72mrvleh8vuvb7e5c9r1hdhbqtanoslpvwoi5agvryl:latest/confusion_matrix_table.table.json", "_latest_artifact_path": "wandb-client-artifact://j0e2leqg0ll9oe0vwhgf1cezzejwi7l2cw94vlkcja903zh77695uv21i9vl9bguwe61si1g7218axuxgu5yg72mrvleh8vuvb7e5c9r1hdhbqtanoslpvwoi5agvryl:latest/confusion_matrix_table.table.json", "path": "media/table/confusion_matrix_table_39_ff24b8b92ba4370d3f5a.table.json", "ncols": 3, "nrows": 100}, "_wandb": {"runtime": 186}}