{"Epoch ": 29, "Training loss ": 0.36354827005744933, "Training accuracy ": 0.8723888888888889, "Validation loss ": 0.3827094865195161, "Validation accuracy ": 0.8635, "Testing loss ": 0.40758557151996166, "Testing accuracy ": 0.8567, "_timestamp": 1709407557.983735, "_runtime": 63.68257212638855, "_step": 59, "confusion_matrix_table": {"_type": "table-file", "sha256": "5b8d18c743b0963ce8a47206da0483333b4783d6ade1f367567f0e4463c82a5b", "size": 3174, "artifact_path": "wandb-client-artifact://mnrjkgr3gcevfp6mui8v82icb98ggn0vua0xeu9zumf0x958c8t7k853j6xu94pprpb6dwoheutcim4yd1ekg94s9wg44gf7rxd76ki3jmb2p8396radofa60zj3hs37:latest/confusion_matrix_table.table.json", "_latest_artifact_path": "wandb-client-artifact://mnrjkgr3gcevfp6mui8v82icb98ggn0vua0xeu9zumf0x958c8t7k853j6xu94pprpb6dwoheutcim4yd1ekg94s9wg44gf7rxd76ki3jmb2p8396radofa60zj3hs37:latest/confusion_matrix_table.table.json", "path": "media/table/confusion_matrix_table_59_5b8d18c743b0963ce8a4.table.json", "ncols": 3, "nrows": 100}, "_wandb": {"runtime": 62}}