{"Epoch ": 24, "Training loss ": 0.17182963366511494, "Training accuracy ": 0.8833888888888889, "Validation loss ": 0.18213195390597595, "Validation accuracy ": 0.8745, "Testing loss ": 0.19683842583494796, "Testing accuracy ": 0.8653, "_timestamp": 1709147376.7073712, "_runtime": 58.4692862033844, "_step": 49, "confusion_matrix_table": {"_type": "table-file", "sha256": "b874f8166ea78fc22b1983c23cb01f9a7fae79dd33df5990bedbd8b5485ae195", "size": 3169, "artifact_path": "wandb-client-artifact://hcgfi5ilbnaybxau0uq8bbw6dv2enoifdtp3kmi6atmutefudfy4zq526s8g7nww3ik44ghx6olfeu4kla2y2ob9wa04l99h42zmb5tibd4g8mekg37kwfa0xsanj17w:latest/confusion_matrix_table.table.json", "_latest_artifact_path": "wandb-client-artifact://hcgfi5ilbnaybxau0uq8bbw6dv2enoifdtp3kmi6atmutefudfy4zq526s8g7nww3ik44ghx6olfeu4kla2y2ob9wa04l99h42zmb5tibd4g8mekg37kwfa0xsanj17w:latest/confusion_matrix_table.table.json", "path": "media/table/confusion_matrix_table_49_b874f8166ea78fc22b19.table.json", "ncols": 3, "nrows": 100}, "_wandb": {"runtime": 57}}