{"Epoch ": 4, "Training loss ": 0.3277018955285383, "Training accuracy ": 0.7402962962962963, "Validation loss ": 0.33696033699153916, "Validation accuracy ": 0.7346666666666667, "Testing loss ": 0.3418629306402594, "Testing accuracy ": 0.7305, "_timestamp": 1709402050.8900511, "_runtime": 21.88427710533142, "_step": 9, "confusion_matrix_table": {"_type": "table-file", "sha256": "70078c77df5c93a216774191d8f2c743331edbad3c7be162b856f82151d9349f", "size": 3180, "artifact_path": "wandb-client-artifact://w793n38gghms3fukwnq56z8l2og5u7q0vlrmk3q9rhbpi9e34o3syrr3ajyzbovswo3gg0k8z3maoc5qgjxgeacbvjwvuj0j5j8b971ov29v5vw1nofkqn7hq1fwsv5y:latest/confusion_matrix_table.table.json", "_latest_artifact_path": "wandb-client-artifact://w793n38gghms3fukwnq56z8l2og5u7q0vlrmk3q9rhbpi9e34o3syrr3ajyzbovswo3gg0k8z3maoc5qgjxgeacbvjwvuj0j5j8b971ov29v5vw1nofkqn7hq1fwsv5y:latest/confusion_matrix_table.table.json", "path": "media/table/confusion_matrix_table_9_70078c77df5c93a21677.table.json", "ncols": 3, "nrows": 100}, "_wandb": {"runtime": 21}}