{"Epoch ": 0, "Training loss ": 2.376960342955707, "Training accuracy ": 0.1, "Validation loss ": 2.37695775613865, "Validation accuracy ": 0.1, "Testing loss ": 2.3769631369992683, "Testing accuracy ": 0.1, "_timestamp": 1709043530.6111686, "_runtime": 10.774688720703125, "_step": 0, "_wandb": {"runtime": 10}}