{"Epoch ": 19, "Training loss ": 0.252477672341144, "Training accuracy ": 0.8312777777777778, "Validation loss ": 0.26773504544742194, "Validation accuracy ": 0.8181666666666667, "Testing loss ": 0.26740439913289366, "Testing accuracy ": 0.8163, "_timestamp": 1709311423.8196776, "_runtime": 107.92981147766113, "_step": 39, "confusion_matrix_table": {"_type": "table-file", "sha256": "eb69de3051dd15d1c15d7a3a830e309599655be65472f45220ddd13c58e61151", "size": 3176, "artifact_path": "wandb-client-artifact://5isbnssvnulr5afjhvvhq4qzx6r3dmom1d86injfsnvuj25amvbr6jmx905holsokzkwvmcmc7slzl8ss0y08py6d2tjc562pgg00sn2qvkot75lqwba686liac6tac7:latest/confusion_matrix_table.table.json", "_latest_artifact_path": "wandb-client-artifact://5isbnssvnulr5afjhvvhq4qzx6r3dmom1d86injfsnvuj25amvbr6jmx905holsokzkwvmcmc7slzl8ss0y08py6d2tjc562pgg00sn2qvkot75lqwba686liac6tac7:latest/confusion_matrix_table.table.json", "path": "media/table/confusion_matrix_table_39_eb69de3051dd15d1c15d.table.json", "ncols": 3, "nrows": 100}, "_wandb": {"runtime": 107}}