{"Epoch ": 4, "Training loss ": 0.6169411755890806, "Training accuracy ": 0.775425925925926, "Validation loss ": 0.6266248829597664, "Validation accuracy ": 0.7725, "Testing loss ": 0.6393883554004569, "Testing accuracy ": 0.771, "_timestamp": 1709130556.7381692, "_runtime": 33.67678213119507, "_step": 9, "confusion_matrix_table": {"_type": "table-file", "sha256": "1d3f4a1a40a670f50d3ea56ab5bb7ad7f864f40d4263971ec821d30751523c1e", "size": 3175, "artifact_path": "wandb-client-artifact://wrltrhn5c6h2k9811i7kvcsr4p5e6m1dy9cmbal05cvpjuagv3u93ac3fhk59cg89adh1pq2haohaauqi4w9qfkb7nxizf23dalh4fcaitl743xafxjnohu927u7kjy9:latest/confusion_matrix_table.table.json", "_latest_artifact_path": "wandb-client-artifact://wrltrhn5c6h2k9811i7kvcsr4p5e6m1dy9cmbal05cvpjuagv3u93ac3fhk59cg89adh1pq2haohaauqi4w9qfkb7nxizf23dalh4fcaitl743xafxjnohu927u7kjy9:latest/confusion_matrix_table.table.json", "path": "media/table/confusion_matrix_table_9_1d3f4a1a40a670f50d3e.table.json", "ncols": 3, "nrows": 100}, "_wandb": {"runtime": 32}}