{"Epoch ": 29, "Training loss ": 0.31305593753283306, "Training accuracy ": 0.8868148148148148, "Validation loss ": 0.39774781397968173, "Validation accuracy ": 0.8625, "Testing loss ": 0.4276509917007157, "Testing accuracy ": 0.8523, "_timestamp": 1709287799.0687275, "_runtime": 49.65579438209534, "_step": 59, "confusion_matrix_table": {"_type": "table-file", "sha256": "b5cfb9b348e155e948c94ea4aa8a614691e88f2d5610753bae2f657eb3bf6a11", "size": 3174, "artifact_path": "wandb-client-artifact://n7ttev9dj2fm35yjldpxwcs5o8fhhqq9uz76233t61tyrn9yaucdatkq3l8n06rk6upzy1cfu1iy24du4y0goohmicqt0l6eckajbpkx1jugzbejfnmuq00achcn28t1:latest/confusion_matrix_table.table.json", "_latest_artifact_path": "wandb-client-artifact://n7ttev9dj2fm35yjldpxwcs5o8fhhqq9uz76233t61tyrn9yaucdatkq3l8n06rk6upzy1cfu1iy24du4y0goohmicqt0l6eckajbpkx1jugzbejfnmuq00achcn28t1:latest/confusion_matrix_table.table.json", "path": "media/table/confusion_matrix_table_59_b5cfb9b348e155e948c9.table.json", "ncols": 3, "nrows": 100}, "_wandb": {"runtime": 48}}