{"Epoch ": 9, "Training loss ": 0.6477634235271029, "Training accuracy ": 0.7852777777777777, "Validation loss ": 0.657094743538886, "Validation accuracy ": 0.7785, "Testing loss ": 0.668528868615708, "Testing accuracy ": 0.7751, "_timestamp": 1709096820.3356435, "_runtime": 23.388667583465576, "_step": 9, "_wandb": {"runtime": 22}}