{"Epoch ": 4, "Training loss ": 0.9140765247049936, "Training accuracy ": 0.6660555555555555, "Validation loss ": 0.9133213793830757, "Validation accuracy ": 0.6723333333333333, "Testing loss ": 0.9251581849175522, "Testing accuracy ": 0.6589, "_timestamp": 1709133245.9158118, "_runtime": 69.09386086463928, "_step": 9, "confusion_matrix_table": {"_type": "table-file", "sha256": "699b7bad5425779a8c3c3e14135a11a3de23564c7a1949beac0f0badf990f08d", "size": 3185, "artifact_path": "wandb-client-artifact://f4bhjhq82b2vb69hr2nt17d2ihszrjl9pdjwc3sfv7uv431vdpou2daatib17t9wrqp6n9wiijg8nlf58op6ihjh8hk14mid7rj08wvjv8e0u4ozi2bwxtbxg9u4e14u:latest/confusion_matrix_table.table.json", "_latest_artifact_path": "wandb-client-artifact://f4bhjhq82b2vb69hr2nt17d2ihszrjl9pdjwc3sfv7uv431vdpou2daatib17t9wrqp6n9wiijg8nlf58op6ihjh8hk14mid7rj08wvjv8e0u4ozi2bwxtbxg9u4e14u:latest/confusion_matrix_table.table.json", "path": "media/table/confusion_matrix_table_9_699b7bad5425779a8c3c.table.json", "ncols": 3, "nrows": 100}, "_wandb": {"runtime": 68}}