{"Epoch ": 29, "Training loss ": 0.17184415826623828, "Training accuracy ": 0.9506666666666667, "Validation loss ": 0.18599130171195652, "Validation accuracy ": 0.945, "Testing loss ": 0.1754474436192751, "Testing accuracy ": 0.9483, "_timestamp": 1709499061.3438666, "_runtime": 83.40995764732361, "_step": 59, "confusion_matrix_table": {"_type": "table-file", "sha256": "a5ccc9801750d9334d9acd0a8730bc266ebf4d4221c8ab0868678aaa7376d5b9", "size": 3161, "artifact_path": "wandb-client-artifact://tnxysc9mjc5nkpaopn3q9l4rx87frx55pgy67fj3jjsbs0y3uw8amqc5ksbxmkepkznhj3wsw5uiyvyv5aw3sb8sgvqbvl2p8q7rxucrgfostc6ca18uw4qoqed7qe40:latest/confusion_matrix_table.table.json", "_latest_artifact_path": "wandb-client-artifact://tnxysc9mjc5nkpaopn3q9l4rx87frx55pgy67fj3jjsbs0y3uw8amqc5ksbxmkepkznhj3wsw5uiyvyv5aw3sb8sgvqbvl2p8q7rxucrgfostc6ca18uw4qoqed7qe40:latest/confusion_matrix_table.table.json", "path": "media/table/confusion_matrix_table_59_a5ccc9801750d9334d9a.table.json", "ncols": 3, "nrows": 100}, "_wandb": {"runtime": 82}}