{"Epoch ": 14, "Training loss ": 0.28961425333471763, "Training accuracy ": 0.8009444444444445, "Validation loss ": 0.28213266828512884, "Validation accuracy ": 0.8093333333333333, "Testing loss ": 0.30039318977044216, "Testing accuracy ": 0.7878, "_timestamp": 1709187677.074832, "_runtime": 49.78636193275452, "_step": 29, "confusion_matrix_table": {"_type": "table-file", "sha256": "67f053ece134673de5b275a40d7b74d1946207966d58069caeae4a721d7940c7", "size": 3176, "artifact_path": "wandb-client-artifact://dwl2nd6nggv85ynf72tr0bchsurlunu2foddybwwgae9a0p095g8jb566wb9woivcyb99rpr2e8i7qj4lgjzbwtwu19u8kelar9u4s8ti7nz7m3muptfwipa1i95i3gj:latest/confusion_matrix_table.table.json", "_latest_artifact_path": "wandb-client-artifact://dwl2nd6nggv85ynf72tr0bchsurlunu2foddybwwgae9a0p095g8jb566wb9woivcyb99rpr2e8i7qj4lgjzbwtwu19u8kelar9u4s8ti7nz7m3muptfwipa1i95i3gj:latest/confusion_matrix_table.table.json", "path": "media/table/confusion_matrix_table_29_67f053ece134673de5b2.table.json", "ncols": 3, "nrows": 100}, "_wandb": {"runtime": 49}}