{"Epoch ": 24, "Training loss ": 0.31445110026862366, "Training accuracy ": 0.8211481481481482, "Validation loss ": 0.3150862634787951, "Validation accuracy ": 0.8236666666666667, "Testing loss ": 0.32473435298501324, "Testing accuracy ": 0.8115, "_timestamp": 1709530360.283293, "_runtime": 33.46056604385376, "_step": 49, "confusion_matrix_table": {"_type": "table-file", "sha256": "cbb13b8327615f6cf1702fe0d45167f9056f3dcf8e25ea64b15368a101ebd731", "size": 3179, "artifact_path": "wandb-client-artifact://pb1l0hekeh961ua8upatp5mnp2nl2upqtcemct24q3lty288fnz18vfrapdwsehw166vtncbpvfrjdizb5ly7ta4ai5w4fs41s0ggxgvqg964nl1zzll7ox62mqjii1i:latest/confusion_matrix_table.table.json", "_latest_artifact_path": "wandb-client-artifact://pb1l0hekeh961ua8upatp5mnp2nl2upqtcemct24q3lty288fnz18vfrapdwsehw166vtncbpvfrjdizb5ly7ta4ai5w4fs41s0ggxgvqg964nl1zzll7ox62mqjii1i:latest/confusion_matrix_table.table.json", "path": "media/table/confusion_matrix_table_49_cbb13b8327615f6cf170.table.json", "ncols": 3, "nrows": 100}, "_wandb": {"runtime": 32}}