{"Epoch ": 19, "Training loss ": 0.38002602814928316, "Training accuracy ": 0.8663703703703703, "Validation loss ": 0.40126427737425924, "Validation accuracy ": 0.8563333333333333, "Testing loss ": 0.4203569514947898, "Testing accuracy ": 0.8516, "_timestamp": 1709498869.624932, "_runtime": 80.05660915374756, "_step": 39, "confusion_matrix_table": {"_type": "table-file", "sha256": "8da2393cbfaf428e941e9ca0f8174b5611ba8b9ae0cb8bb95391ee716cb02ee9", "size": 3171, "artifact_path": "wandb-client-artifact://fsrmfnp1dh4wn65pnf2tg5xq5j1wq5erh5uyv1d90fippgs71kov9s961ft73rjxl5jqct5bsojjdeej1cagmpw316uruycsr7trpylji6644k6gp9oqfg820z6wwa6k:latest/confusion_matrix_table.table.json", "_latest_artifact_path": "wandb-client-artifact://fsrmfnp1dh4wn65pnf2tg5xq5j1wq5erh5uyv1d90fippgs71kov9s961ft73rjxl5jqct5bsojjdeej1cagmpw316uruycsr7trpylji6644k6gp9oqfg820z6wwa6k:latest/confusion_matrix_table.table.json", "path": "media/table/confusion_matrix_table_39_8da2393cbfaf428e941e.table.json", "ncols": 3, "nrows": 100}, "_wandb": {"runtime": 79}}