{"Epoch ": 4, "Training loss ": 1.7828806465057123, "Training accuracy ": 0.1, "Validation loss ": 1.7821831632313405, "Validation accuracy ": 0.1, "Testing loss ": 1.783617841571573, "Testing accuracy ": 0.1, "_timestamp": 1709630043.4715683, "_runtime": 12.170819282531738, "_step": 9, "confusion_matrix_table": {"_type": "table-file", "sha256": "afaa426aaabf1d52e732d58b3084bdaeac2c3443a494ca7b0a763424c418faba", "size": 3152, "artifact_path": "wandb-client-artifact://a25ge24t77ctoeybo5q7lj703zz1xx553roet28cjnjhbits2z85nu85o0fz3tdj93tqisy27jvcr95tyy71bdrj09h1pfn85r3sl41jj9vg1rw1sbzuiceppz52r7oi:latest/confusion_matrix_table.table.json", "_latest_artifact_path": "wandb-client-artifact://a25ge24t77ctoeybo5q7lj703zz1xx553roet28cjnjhbits2z85nu85o0fz3tdj93tqisy27jvcr95tyy71bdrj09h1pfn85r3sl41jj9vg1rw1sbzuiceppz52r7oi:latest/confusion_matrix_table.table.json", "path": "media/table/confusion_matrix_table_9_afaa426aaabf1d52e732.table.json", "ncols": 3, "nrows": 100}, "_wandb": {"runtime": 11}}