{"Epoch ": 4, "Training loss ": 0.40242422789209004, "Training accuracy ": 0.8575185185185186, "Validation loss ": 0.42354102536062876, "Validation accuracy ": 0.8505, "Testing loss ": 0.44770125854992576, "Testing accuracy ": 0.842, "_timestamp": 1709401549.0478508, "_runtime": 23.1438889503479, "_step": 9, "confusion_matrix_table": {"_type": "table-file", "sha256": "c992a3d637ea526ebedb93ff7ac835adb9580b3230aa67f9d563afe62994e916", "size": 3177, "artifact_path": "wandb-client-artifact://xlszpq178pz5i4otet6d5d2rjbv2xg4uisd9wqkjg9z8r8kpavv5s8zuvyk547jnlufvsiz1zld8e469uo4tmx5oyxsdp7vg4yjbu2mrljk9452vfdfitpak74pdnp25:latest/confusion_matrix_table.table.json", "_latest_artifact_path": "wandb-client-artifact://xlszpq178pz5i4otet6d5d2rjbv2xg4uisd9wqkjg9z8r8kpavv5s8zuvyk547jnlufvsiz1zld8e469uo4tmx5oyxsdp7vg4yjbu2mrljk9452vfdfitpak74pdnp25:latest/confusion_matrix_table.table.json", "path": "media/table/confusion_matrix_table_9_c992a3d637ea526ebedb.table.json", "ncols": 3, "nrows": 100}, "_wandb": {"runtime": 22}}