{"Epoch ": 29, "Training loss ": 0.35274576123161494, "Training accuracy ": 0.8797222222222222, "Validation loss ": 0.416913757486198, "Validation accuracy ": 0.856, "Testing loss ": 0.456555701527735, "Testing accuracy ": 0.8513, "_timestamp": 1709286990.3988667, "_runtime": 39.798691749572754, "_step": 59, "confusion_matrix_table": {"_type": "table-file", "sha256": "489dff9fa74a4beab7c45de59e38ee780574d64f40967ecd10377c61e5732a33", "size": 3173, "artifact_path": "wandb-client-artifact://k6wwubgkuff4hucxuvhawqdty6xznvcqc1vn0n2xsuhglyax4ha322rzaj7332hlo1egl3wc0hrxgyy6819s2xrn54cgiydpru25w2u0zf8tk7dnz0qymqf8q2oe9pty:latest/confusion_matrix_table.table.json", "_latest_artifact_path": "wandb-client-artifact://k6wwubgkuff4hucxuvhawqdty6xznvcqc1vn0n2xsuhglyax4ha322rzaj7332hlo1egl3wc0hrxgyy6819s2xrn54cgiydpru25w2u0zf8tk7dnz0qymqf8q2oe9pty:latest/confusion_matrix_table.table.json", "path": "media/table/confusion_matrix_table_59_489dff9fa74a4beab7c4.table.json", "ncols": 3, "nrows": 100}, "_wandb": {"runtime": 39}}