{"Epoch ": 24, "Training loss ": 0.1396518625858571, "Training accuracy ": 0.901425925925926, "Validation loss ": 0.17815869156077496, "Validation accuracy ": 0.8753333333333333, "Testing loss ": 0.19252256501962664, "Testing accuracy ": 0.8673, "_timestamp": 1709308375.8498907, "_runtime": 266.82516169548035, "_step": 49, "confusion_matrix_table": {"_type": "table-file", "sha256": "5b445c138914f12f3892c0e163b68d56513275173e11a1b5e34cda01dc87f3e3", "size": 3173, "artifact_path": "wandb-client-artifact://k4ju49gdyx2mpbgm3vc0yck1vqsrpq7ib32rqrkx1vkw0ae92w4g1gc1ktmib7v6mfqqujjyihs1xmarot5jkny8v3nprxc6jy2azsb8sozogpld5n4biue8hjaxk78l:latest/confusion_matrix_table.table.json", "_latest_artifact_path": "wandb-client-artifact://k4ju49gdyx2mpbgm3vc0yck1vqsrpq7ib32rqrkx1vkw0ae92w4g1gc1ktmib7v6mfqqujjyihs1xmarot5jkny8v3nprxc6jy2azsb8sozogpld5n4biue8hjaxk78l:latest/confusion_matrix_table.table.json", "path": "media/table/confusion_matrix_table_49_5b445c138914f12f3892.table.json", "ncols": 3, "nrows": 100}, "_wandb": {"runtime": 266}}