{"Epoch ": 29, "Training loss ": 0.20569774530240265, "Training accuracy ": 0.9248888888888889, "Validation loss ": 0.37737028315423315, "Validation accuracy ": 0.8841666666666667, "Testing loss ": 0.38909954507842875, "Testing accuracy ": 0.8791, "_timestamp": 1709111638.1978426, "_runtime": 55.64853048324585, "_step": 59, "confusion_matrix_table": {"_type": "table-file", "sha256": "a6398379dc30c85c1b02eb8619464952dd0a23a90fbfce68c895e957f436b523", "size": 3172, "artifact_path": "wandb-client-artifact://tksohbfnw305to5wuaos77orc6ru3tyg9vx6owh0eqtsl3i1r4z90676z86c6bbbxkpmjier9lsukfwfwb994yiwkkxdvk0q9wisi0679nx1rmlcn4tpvxi8zhqku5f4:latest/confusion_matrix_table.table.json", "_latest_artifact_path": "wandb-client-artifact://tksohbfnw305to5wuaos77orc6ru3tyg9vx6owh0eqtsl3i1r4z90676z86c6bbbxkpmjier9lsukfwfwb994yiwkkxdvk0q9wisi0679nx1rmlcn4tpvxi8zhqku5f4:latest/confusion_matrix_table.table.json", "path": "media/table/confusion_matrix_table_59_a6398379dc30c85c1b02.table.json", "ncols": 3, "nrows": 100}, "_wandb": {"runtime": 54}}