{"Epoch ": 29, "Training loss ": 0.18107504157078946, "Training accuracy ": 0.9357777777777778, "Validation loss ": 0.29776367187959024, "Validation accuracy ": 0.8921666666666667, "Testing loss ": 0.3287534252366237, "Testing accuracy ": 0.8874, "_timestamp": 1709446914.4105937, "_runtime": 278.5803577899933, "_step": 59, "confusion_matrix_table": {"_type": "table-file", "sha256": "9057738eaab1b7acb62161f32bca57772d348332fa56cfb26dac98cac2b0e60e", "size": 3171, "artifact_path": "wandb-client-artifact://7301xv73kfh98q7pil8uir1k9aq63v849vswc65ct2t85lyfdtvsbcwgvmjdw59bp59mnzduv9x44tzqvq1j88jgbvev3og3vctlrxhygtr6nm9va19plbtumw99nxre:latest/confusion_matrix_table.table.json", "_latest_artifact_path": "wandb-client-artifact://7301xv73kfh98q7pil8uir1k9aq63v849vswc65ct2t85lyfdtvsbcwgvmjdw59bp59mnzduv9x44tzqvq1j88jgbvev3og3vctlrxhygtr6nm9va19plbtumw99nxre:latest/confusion_matrix_table.table.json", "path": "media/table/confusion_matrix_table_59_9057738eaab1b7acb621.table.json", "ncols": 3, "nrows": 100}, "_wandb": {"runtime": 277}}