{"Epoch ": 24, "Training loss ": 0.18763139176013566, "Training accuracy ": 0.8702962962962963, "Validation loss ": 0.21230997260300513, "Validation accuracy ": 0.8538333333333333, "Testing loss ": 0.2193173188604163, "Testing accuracy ": 0.8458, "_timestamp": 1709184370.6348, "_runtime": 46.96143293380737, "_step": 49, "confusion_matrix_table": {"_type": "table-file", "sha256": "204b1f235eca9b71c80c9ccd2c6cb03feef5abe4b682816ebff1553f6b2160d5", "size": 3175, "artifact_path": "wandb-client-artifact://pn4fiznvwfeuop2yz6n9zcv04je8dq5lb2au39kc9r98xfg42xym9nmcbjlibo9jxpbxf3paxoxa8mx5rwgtfashwql90y3y52ufko6snbivlx0u8vvhsw36d7n82ny1:latest/confusion_matrix_table.table.json", "_latest_artifact_path": "wandb-client-artifact://pn4fiznvwfeuop2yz6n9zcv04je8dq5lb2au39kc9r98xfg42xym9nmcbjlibo9jxpbxf3paxoxa8mx5rwgtfashwql90y3y52ufko6snbivlx0u8vvhsw36d7n82ny1:latest/confusion_matrix_table.table.json", "path": "media/table/confusion_matrix_table_49_204b1f235eca9b71c80c.table.json", "ncols": 3, "nrows": 100}, "_wandb": {"runtime": 46}}