{"Epoch ": 14, "Training loss ": 0.6175889719938834, "Training accuracy ": 0.5924444444444444, "Validation loss ": 0.6201304544898462, "Validation accuracy ": 0.5918333333333333, "Testing loss ": 0.6203011016121452, "Testing accuracy ": 0.5894, "_timestamp": 1709307916.3089035, "_runtime": 46.42847442626953, "_step": 29, "confusion_matrix_table": {"_type": "table-file", "sha256": "c47edb35721decc6b8c1ffd088ede9142fd2c08b91186fe98cce9f85eab821e9", "size": 3182, "artifact_path": "wandb-client-artifact://sioezfzrry2qemhc64muughmqf9ksaa36lumbk17njmpfozn91v152vobz1zh14y0pk8phud5u3m7cu4x9ugp8yz4806g7nowxibr7vwnejfkxsv2fqo7sac8quvh9lr:latest/confusion_matrix_table.table.json", "_latest_artifact_path": "wandb-client-artifact://sioezfzrry2qemhc64muughmqf9ksaa36lumbk17njmpfozn91v152vobz1zh14y0pk8phud5u3m7cu4x9ugp8yz4806g7nowxibr7vwnejfkxsv2fqo7sac8quvh9lr:latest/confusion_matrix_table.table.json", "path": "media/table/confusion_matrix_table_29_c47edb35721decc6b8c1.table.json", "ncols": 3, "nrows": 100}, "_wandb": {"runtime": 45}}