{"Epoch ": 4, "Training loss ": 0.41644263245498764, "Training accuracy ": 0.6816111111111111, "Validation loss ": 0.41718822005251954, "Validation accuracy ": 0.6813333333333333, "Testing loss ": 0.4252913960439918, "Testing accuracy ": 0.6731, "_timestamp": 1709399665.7538981, "_runtime": 18.105197191238403, "_step": 9, "confusion_matrix_table": {"_type": "table-file", "sha256": "3aaef9dc998e29502d9069fe1093bbb87c42e4dcb79954a83cfa46e2606ada8c", "size": 3184, "artifact_path": "wandb-client-artifact://2apgmyt518bdw63y0qn4rocb6ww7y8m0fcgc13lkd8y1hiql10owz1nutifhqozfu8ox7prjyet15f8q7qk4889zqt2dj47kv5r801fcre3a479wftj5q681pin1m1ek:latest/confusion_matrix_table.table.json", "_latest_artifact_path": "wandb-client-artifact://2apgmyt518bdw63y0qn4rocb6ww7y8m0fcgc13lkd8y1hiql10owz1nutifhqozfu8ox7prjyet15f8q7qk4889zqt2dj47kv5r801fcre3a479wftj5q681pin1m1ek:latest/confusion_matrix_table.table.json", "path": "media/table/confusion_matrix_table_9_3aaef9dc998e29502d90.table.json", "ncols": 3, "nrows": 100}, "_wandb": {"runtime": 17}}