{"Epoch ": 4, "Training loss ": 0.6269315751901706, "Training accuracy ": 0.505462962962963, "Validation loss ": 0.628004031203885, "Validation accuracy ": 0.5058333333333334, "Testing loss ": 0.6281337547588722, "Testing accuracy ": 0.5021, "_timestamp": 1709307041.5410755, "_runtime": 27.952277421951294, "_step": 9, "confusion_matrix_table": {"_type": "table-file", "sha256": "a0362691783f8d4555b29d0f00b6578a7764016a096f29cc8e3c54bf5ad70bb3", "size": 3187, "artifact_path": "wandb-client-artifact://8lrpzlrjw6tsnlpacix94fpcsu94lkw05jfok2sm1zyddnn48qbhh0iapmrtww2b53afslkn8vi4f82bkuf5md2xj4z0e7hzq5ugq8eux8dvurua927g03of8lcnyylr:latest/confusion_matrix_table.table.json", "_latest_artifact_path": "wandb-client-artifact://8lrpzlrjw6tsnlpacix94fpcsu94lkw05jfok2sm1zyddnn48qbhh0iapmrtww2b53afslkn8vi4f82bkuf5md2xj4z0e7hzq5ugq8eux8dvurua927g03of8lcnyylr:latest/confusion_matrix_table.table.json", "path": "media/table/confusion_matrix_table_9_a0362691783f8d4555b2.table.json", "ncols": 3, "nrows": 100}, "_wandb": {"runtime": 27}}