{"Epoch ": 4, "Training loss ": 0.36172266011086296, "Training accuracy ": 0.8724259259259259, "Validation loss ": 0.4079455307845316, "Validation accuracy ": 0.857, "Testing loss ": 0.43185325964700133, "Testing accuracy ": 0.8502, "_timestamp": 1709451605.9650753, "_runtime": 24.911489248275757, "_step": 9, "confusion_matrix_table": {"_type": "table-file", "sha256": "f02807a32f6646b83707f6c677dbad65677f2ad926a620f0f92e29590ef597e0", "size": 3174, "artifact_path": "wandb-client-artifact://23jiya5ad1iexb3hs1x0kza2fdnqks4ec55i8n3050oh0hymq5bgsjdkmitersio3funu5vo45np20j7ogcshd4w0wgsia5763iyrqw1rh1kcdvd64fe723n5ib9j5nd:latest/confusion_matrix_table.table.json", "_latest_artifact_path": "wandb-client-artifact://23jiya5ad1iexb3hs1x0kza2fdnqks4ec55i8n3050oh0hymq5bgsjdkmitersio3funu5vo45np20j7ogcshd4w0wgsia5763iyrqw1rh1kcdvd64fe723n5ib9j5nd:latest/confusion_matrix_table.table.json", "path": "media/table/confusion_matrix_table_9_f02807a32f6646b83707.table.json", "ncols": 3, "nrows": 100}, "_wandb": {"runtime": 24}}