{"Epoch ": 9, "Training loss ": 0.20386275033506282, "Training accuracy ": 0.859, "Validation loss ": 0.2226397381881376, "Validation accuracy ": 0.844, "Testing loss ": 0.23930488974621095, "Testing accuracy ": 0.8341, "_timestamp": 1709310187.802353, "_runtime": 35.77888894081116, "_step": 19, "confusion_matrix_table": {"_type": "table-file", "sha256": "55dd14f64b1927c667d506b70058a9f660c08a6112cf64755d33b48386bf08f3", "size": 3176, "artifact_path": "wandb-client-artifact://wgoom37s4u27zm44na7mbidfi0yzvb93gtzwdos3y1tifeq56rro08oucuj6ka5u1gusi1548vaax4eqacoss1yvvzgd27mt8y1dmnramzobgsmvxhh4traebqwua4gb:latest/confusion_matrix_table.table.json", "_latest_artifact_path": "wandb-client-artifact://wgoom37s4u27zm44na7mbidfi0yzvb93gtzwdos3y1tifeq56rro08oucuj6ka5u1gusi1548vaax4eqacoss1yvvzgd27mt8y1dmnramzobgsmvxhh4traebqwua4gb:latest/confusion_matrix_table.table.json", "path": "media/table/confusion_matrix_table_19_55dd14f64b1927c667d5.table.json", "ncols": 3, "nrows": 100}, "_wandb": {"runtime": 34}}