{"Epoch ": 14, "Training loss ": 0.2589137861027955, "Training accuracy ": 0.9046481481481482, "Validation loss ": 0.3203554442029935, "Validation accuracy ": 0.8808333333333334, "Testing loss ": 0.3525249669967567, "Testing accuracy ": 0.8774, "_timestamp": 1709131042.567482, "_runtime": 57.095086097717285, "_step": 29, "confusion_matrix_table": {"_type": "table-file", "sha256": "637db8c7d53f3da1e0c164fd1288e9072c4934b523e2057189da1ac18d46b094", "size": 3170, "artifact_path": "wandb-client-artifact://38eacd5xmph2rsu9mkbp6lfhfx1orommq4t0e4pf3rbjojhpfouwbm531ow7qf2e2uknqy3rz91g43qyi38zjkslgcd477ppsgluvvvl484bwwpn26567naldt4nx2gk:latest/confusion_matrix_table.table.json", "_latest_artifact_path": "wandb-client-artifact://38eacd5xmph2rsu9mkbp6lfhfx1orommq4t0e4pf3rbjojhpfouwbm531ow7qf2e2uknqy3rz91g43qyi38zjkslgcd477ppsgluvvvl484bwwpn26567naldt4nx2gk:latest/confusion_matrix_table.table.json", "path": "media/table/confusion_matrix_table_29_637db8c7d53f3da1e0c1.table.json", "ncols": 3, "nrows": 100}, "_wandb": {"runtime": 56}}