{"Epoch ": 4, "Training loss ": 0.6887843047889082, "Training accuracy ": 0.3400925925925926, "Validation loss ": 0.6873714130903269, "Validation accuracy ": 0.3435, "Testing loss ": 0.6977299400069809, "Testing accuracy ": 0.3344, "_timestamp": 1709400399.6121626, "_runtime": 26.06996250152588, "_step": 9, "confusion_matrix_table": {"_type": "table-file", "sha256": "9b038d1249d2eec2b866e2c83b536778c75e3207971c4f0e54aa914d5b02bad4", "size": 3155, "artifact_path": "wandb-client-artifact://wntqgfsjom2x1hbfnrzdov0igola9cz65wvxgaw487h8rtqmqugscw34xi1j469jfiqcr4um3rj0hmi2feq6e5ujn9lyhkhoidwl5anbm7sse4ecp637jdjosq0m7vmq:latest/confusion_matrix_table.table.json", "_latest_artifact_path": "wandb-client-artifact://wntqgfsjom2x1hbfnrzdov0igola9cz65wvxgaw487h8rtqmqugscw34xi1j469jfiqcr4um3rj0hmi2feq6e5ujn9lyhkhoidwl5anbm7sse4ecp637jdjosq0m7vmq:latest/confusion_matrix_table.table.json", "path": "media/table/confusion_matrix_table_9_9b038d1249d2eec2b866.table.json", "ncols": 3, "nrows": 100}, "_wandb": {"runtime": 25}}