{"Epoch ": 29, "Training loss ": 0.15275675780820328, "Training accuracy ": 0.8961111111111111, "Validation loss ": 0.185653995671868, "Validation accuracy ": 0.8758333333333334, "Testing loss ": 0.19976367412486115, "Testing accuracy ": 0.8663, "_timestamp": 1709306588.3534572, "_runtime": 128.62860918045044, "_step": 59, "confusion_matrix_table": {"_type": "table-file", "sha256": "beee8475d95cc00bedbf9724d46e7188ef4c40b82384464cb54c2f17a935329e", "size": 3174, "artifact_path": "wandb-client-artifact://3havps57x3vioou4krxgtz48phiqwagkhlt6uxombugcua5q6lbyrw0kyjwwy11uey0ltc8wynwgdkkrtyvzxv6oewoin47zwe22xg847mwgkqcwnzn80r4a3p7h8w15:latest/confusion_matrix_table.table.json", "_latest_artifact_path": "wandb-client-artifact://3havps57x3vioou4krxgtz48phiqwagkhlt6uxombugcua5q6lbyrw0kyjwwy11uey0ltc8wynwgdkkrtyvzxv6oewoin47zwe22xg847mwgkqcwnzn80r4a3p7h8w15:latest/confusion_matrix_table.table.json", "path": "media/table/confusion_matrix_table_59_beee8475d95cc00bedbf.table.json", "ncols": 3, "nrows": 100}, "_wandb": {"runtime": 127}}