{"Epoch ": 4, "Training loss ": 1.5998436571324044, "Training accuracy ": 0.6609259259259259, "Validation loss ": 1.5928669060600276, "Validation accuracy ": 0.665, "Testing loss ": 1.6029075245873698, "Testing accuracy ": 0.6559, "_timestamp": 1709453115.256153, "_runtime": 14.915827989578247, "_step": 9, "confusion_matrix_table": {"_type": "table-file", "sha256": "583cf69ec3dd725f516875b7770b88590274aa9c9a116bd1e9363ca89740b2af", "size": 3194, "artifact_path": "wandb-client-artifact://oruzwpmu2t8nq1tki5hm728kzgpryxvtf3lk447klondevsv4fmxngzh3enkkbe5sg06w4cf23xdvmvgirz3urk3gbfn50nfjo81zkzr5vftzlntg8jdxlhm21gz7j7l:latest/confusion_matrix_table.table.json", "_latest_artifact_path": "wandb-client-artifact://oruzwpmu2t8nq1tki5hm728kzgpryxvtf3lk447klondevsv4fmxngzh3enkkbe5sg06w4cf23xdvmvgirz3urk3gbfn50nfjo81zkzr5vftzlntg8jdxlhm21gz7j7l:latest/confusion_matrix_table.table.json", "path": "media/table/confusion_matrix_table_9_583cf69ec3dd725f5168.table.json", "ncols": 3, "nrows": 100}, "_wandb": {"runtime": 14}}