{"Epoch ": 19, "Training loss ": 0.202637626630885, "Training accuracy ": 0.9276666666666666, "Validation loss ": 0.29303176779266943, "Validation accuracy ": 0.8946666666666667, "Testing loss ": 0.3286517793186014, "Testing accuracy ": 0.8864, "_timestamp": 1709480813.0636435, "_runtime": 102.30927753448486, "_step": 39, "confusion_matrix_table": {"_type": "table-file", "sha256": "5813dc94e1ba291cdfeded1ec5065be73f6e659e766de112573e6419f8e8b8ae", "size": 3168, "artifact_path": "wandb-client-artifact://dkr7uv0n2j794yy26hovq0s4zh8if69mdw1fdhzbdawkutu41sz0tpr8zfmtxkt09pwbn3pwtthof2omfv71z55edhv8xzfr8oc1hkiwi6rd4t1me37sm4f13d7ifaqp:latest/confusion_matrix_table.table.json", "_latest_artifact_path": "wandb-client-artifact://dkr7uv0n2j794yy26hovq0s4zh8if69mdw1fdhzbdawkutu41sz0tpr8zfmtxkt09pwbn3pwtthof2omfv71z55edhv8xzfr8oc1hkiwi6rd4t1me37sm4f13d7ifaqp:latest/confusion_matrix_table.table.json", "path": "media/table/confusion_matrix_table_39_5813dc94e1ba291cdfed.table.json", "ncols": 3, "nrows": 100}, "_wandb": {"runtime": 101}}