{"Epoch ": 4, "Training loss ": 0.8360178237172818, "Training accuracy ": 0.7600925925925925, "Validation loss ": 0.9167225748179131, "Validation accuracy ": 0.7505, "Testing loss ": 0.9355188481170986, "Testing accuracy ": 0.7411, "_timestamp": 1709127693.9394846, "_runtime": 33.22697567939758, "_step": 9, "confusion_matrix_table": {"_type": "table-file", "sha256": "d7fb7dcda93561e2f8c9457deef95a12e54bc1394e2dec479e151fbbe23cfcde", "size": 3173, "artifact_path": "wandb-client-artifact://5t6v7mgvjdcy2tquykcbd1wan9v5gf8dhu8uivrrepj5o6gvp8v4rzcxyx1twzf4tgz66s2ttkpnshuldn9fj996ct87fei97y0lzd278tg2d3wfdlks8wqj0p4j7wp4:latest/confusion_matrix_table.table.json", "_latest_artifact_path": "wandb-client-artifact://5t6v7mgvjdcy2tquykcbd1wan9v5gf8dhu8uivrrepj5o6gvp8v4rzcxyx1twzf4tgz66s2ttkpnshuldn9fj996ct87fei97y0lzd278tg2d3wfdlks8wqj0p4j7wp4:latest/confusion_matrix_table.table.json", "path": "media/table/confusion_matrix_table_9_d7fb7dcda93561e2f8c9.table.json", "ncols": 3, "nrows": 100}, "_wandb": {"runtime": 32}}