{"Epoch ": 14, "Training loss ": 1.6103676314484203, "Training accuracy ": 0.5716481481481481, "Validation loss ": 1.6069430505914137, "Validation accuracy ": 0.5768333333333333, "Testing loss ": 1.6153327289399506, "Testing accuracy ": 0.5718, "_timestamp": 1709132466.3343832, "_runtime": 35.58806824684143, "_step": 29, "confusion_matrix_table": {"_type": "table-file", "sha256": "625009d22762e4abd04e54c1184629f786dd9c83f28b238d9bf6764797f1b80b", "size": 3176, "artifact_path": "wandb-client-artifact://4w5i9sp2js1px88jsltuuw2zc1r8unkt3s6wh9jm17uubrx5afid2cshmoqkr97cvbf0lxmwwf2oucynsta8b98uf1cije3jq4q3kaxswm7vapfz8iz24jiht25oc87d:latest/confusion_matrix_table.table.json", "_latest_artifact_path": "wandb-client-artifact://4w5i9sp2js1px88jsltuuw2zc1r8unkt3s6wh9jm17uubrx5afid2cshmoqkr97cvbf0lxmwwf2oucynsta8b98uf1cije3jq4q3kaxswm7vapfz8iz24jiht25oc87d:latest/confusion_matrix_table.table.json", "path": "media/table/confusion_matrix_table_29_625009d22762e4abd04e.table.json", "ncols": 3, "nrows": 100}, "_wandb": {"runtime": 34}}