{"Epoch ": 24, "Training loss ": 0.38233177217796266, "Training accuracy ": 0.8683888888888889, "Validation loss ": 0.4080069417566413, "Validation accuracy ": 0.8611666666666666, "Testing loss ": 0.4259286775946555, "Testing accuracy ": 0.8509, "_timestamp": 1709296203.1784003, "_runtime": 142.98238039016724, "_step": 49, "confusion_matrix_table": {"_type": "table-file", "sha256": "24bc3216c57940733591ee7b094a745930477597c26a24c6db4de87b02bf7a4b", "size": 3174, "artifact_path": "wandb-client-artifact://a2mxl79rukhb80pkdysfhkzn9lfmx6ssg92culpxorgxq48mlbnti5oonshnk0v7z7kee2lwxvotg3x4c5qhmx29fnh8mszhxacnm6piiyxkki2lsdmkbj6v8shpnglh:latest/confusion_matrix_table.table.json", "_latest_artifact_path": "wandb-client-artifact://a2mxl79rukhb80pkdysfhkzn9lfmx6ssg92culpxorgxq48mlbnti5oonshnk0v7z7kee2lwxvotg3x4c5qhmx29fnh8mszhxacnm6piiyxkki2lsdmkbj6v8shpnglh:latest/confusion_matrix_table.table.json", "path": "media/table/confusion_matrix_table_49_24bc3216c57940733591.table.json", "ncols": 3, "nrows": 100}, "_wandb": {"runtime": 142}}