{"Epoch ": 4, "Training loss ": 0.4097536969144533, "Training accuracy ": 0.8585925925925926, "Validation loss ": 0.4210099963060491, "Validation accuracy ": 0.8505, "Testing loss ": 0.45284925805944487, "Testing accuracy ": 0.843, "_timestamp": 1709126602.299411, "_runtime": 21.388334035873413, "_step": 9, "confusion_matrix_table": {"_type": "table-file", "sha256": "4fd63fdf1824500787dca14bb86eb5897a1525b87940bd09bed867d51c3f9f43", "size": 3175, "artifact_path": "wandb-client-artifact://pajo0pdotamjm02td8xyp4un1t4s1g8ejrmhswr71ii2671l9gn332p443lw5ucsw67mbm6bufzm2zejleadyl9rm0k6yumdguxptvzlgoo9dh1le52szh0imyegfbw1:latest/confusion_matrix_table.table.json", "_latest_artifact_path": "wandb-client-artifact://pajo0pdotamjm02td8xyp4un1t4s1g8ejrmhswr71ii2671l9gn332p443lw5ucsw67mbm6bufzm2zejleadyl9rm0k6yumdguxptvzlgoo9dh1le52szh0imyegfbw1:latest/confusion_matrix_table.table.json", "path": "media/table/confusion_matrix_table_9_4fd63fdf1824500787dc.table.json", "ncols": 3, "nrows": 100}, "_wandb": {"runtime": 20}}