{"Epoch ": 4, "Training loss ": 0.5089896320552472, "Training accuracy ": 0.8278703703703704, "Validation loss ": 0.5424408688924998, "Validation accuracy ": 0.8248333333333333, "Testing loss ": 0.5729153431107493, "Testing accuracy ": 0.8161, "_timestamp": 1709312798.3249943, "_runtime": 18.55009627342224, "_step": 9, "confusion_matrix_table": {"_type": "table-file", "sha256": "3d3749e242d24507bae111ee90702f7766dfbe6fde0a35102085e91718f451e2", "size": 3174, "artifact_path": "wandb-client-artifact://ktc4fkorgb46zv9k0zqvh72kwwozux5i9mxvzfu7u55zs85ggg9r988hjh4069trw5158m52psk8rd9xx1b56fxkyrrbvnoqgclv75la4rv61gyb8gcaom9btrpstsju:latest/confusion_matrix_table.table.json", "_latest_artifact_path": "wandb-client-artifact://ktc4fkorgb46zv9k0zqvh72kwwozux5i9mxvzfu7u55zs85ggg9r988hjh4069trw5158m52psk8rd9xx1b56fxkyrrbvnoqgclv75la4rv61gyb8gcaom9btrpstsju:latest/confusion_matrix_table.table.json", "path": "media/table/confusion_matrix_table_9_3d3749e242d24507bae1.table.json", "ncols": 3, "nrows": 100}, "_wandb": {"runtime": 17}}