{"Epoch ": 29, "Training loss ": 0.040409347688356294, "Training accuracy ": 0.9889629629629629, "Validation loss ": 0.10086235943987078, "Validation accuracy ": 0.9706666666666667, "Testing loss ": 0.08714571958867409, "Testing accuracy ": 0.9733, "_timestamp": 1709498252.2775567, "_runtime": 96.15864157676697, "_step": 59, "confusion_matrix_table": {"_type": "table-file", "sha256": "e42a8fbdccb09a770f63b4c4ba84e0470857242f3bd588ca3e1d4cac696d7741", "size": 3151, "artifact_path": "wandb-client-artifact://nqzshumq28tvojodd7pexrn4fd0imqmijuxn40i1ymlrwp3w7l2yl0xl0v0a4scjourpp3sghwxj3nse5gjfrhj536nrba4heab3lu8bife7di1afygj7lvoo9hfoes1:latest/confusion_matrix_table.table.json", "_latest_artifact_path": "wandb-client-artifact://nqzshumq28tvojodd7pexrn4fd0imqmijuxn40i1ymlrwp3w7l2yl0xl0v0a4scjourpp3sghwxj3nse5gjfrhj536nrba4heab3lu8bife7di1afygj7lvoo9hfoes1:latest/confusion_matrix_table.table.json", "path": "media/table/confusion_matrix_table_59_e42a8fbdccb09a770f63.table.json", "ncols": 3, "nrows": 100}, "_wandb": {"runtime": 95}}