{"Epoch ": 29, "Training loss ": 0.23278855750578137, "Training accuracy ": 0.9164629629629629, "Validation loss ": 0.32282517934024135, "Validation accuracy ": 0.8866666666666667, "Testing loss ": 0.3358057260283296, "Testing accuracy ": 0.8823, "_timestamp": 1709411282.4027863, "_runtime": 170.98342418670654, "_step": 59, "confusion_matrix_table": {"_type": "table-file", "sha256": "b908d29c7a3d6ecff85e8c0e638b7260d0143423048d1bcf6c8e76975018230b", "size": 3168, "artifact_path": "wandb-client-artifact://7833tguterqh4uv548si7s9w7w2sefuhgiff3lxvxc8wfaszoydamxxpwcnfynmuy7u79stbu1vtako828ld3z8cmvsmxwb6jm5014r7t5krwd1klwju2yhhgb8cf9i1:latest/confusion_matrix_table.table.json", "_latest_artifact_path": "wandb-client-artifact://7833tguterqh4uv548si7s9w7w2sefuhgiff3lxvxc8wfaszoydamxxpwcnfynmuy7u79stbu1vtako828ld3z8cmvsmxwb6jm5014r7t5krwd1klwju2yhhgb8cf9i1:latest/confusion_matrix_table.table.json", "path": "media/table/confusion_matrix_table_59_b908d29c7a3d6ecff85e.table.json", "ncols": 3, "nrows": 100}, "_wandb": {"runtime": 170}}