{"Epoch ": 9, "Training loss ": 0.20187621402904649, "Training accuracy ": 0.8595185185185186, "Validation loss ": 0.20786763930742388, "Validation accuracy ": 0.855, "Testing loss ": 0.22145085487132551, "Testing accuracy ": 0.846, "_timestamp": 1709630520.823572, "_runtime": 82.2376959323883, "_step": 19, "confusion_matrix_table": {"_type": "table-file", "sha256": "3dff8838803ad2e44d7f6a02d40cb10e16d89569041a206a215cc0cd13b71852", "size": 3174, "artifact_path": "wandb-client-artifact://cbozp944pl7injb612crgvniluewuakk27m8pfaoa0qh9m4azbnav5sxhkaq04gn5euc2xtq779jr02uzcmv2qs32c3rj9tmcsgx7bjzvxnvnwy0mcsd1qxqtf40dh9l:latest/confusion_matrix_table.table.json", "_latest_artifact_path": "wandb-client-artifact://cbozp944pl7injb612crgvniluewuakk27m8pfaoa0qh9m4azbnav5sxhkaq04gn5euc2xtq779jr02uzcmv2qs32c3rj9tmcsgx7bjzvxnvnwy0mcsd1qxqtf40dh9l:latest/confusion_matrix_table.table.json", "path": "media/table/confusion_matrix_table_19_3dff8838803ad2e44d7f.table.json", "ncols": 3, "nrows": 100}, "_wandb": {"runtime": 81}}