{"Epoch ": 29, "Training loss ": 0.14306116580283576, "Training accuracy ": 0.9026111111111111, "Validation loss ": 0.16299683120867306, "Validation accuracy ": 0.8875, "Testing loss ": 0.17743840625939297, "Testing accuracy ": 0.8767, "_timestamp": 1709536420.8426862, "_runtime": 202.68714928627014, "_step": 59, "confusion_matrix_table": {"_type": "table-file", "sha256": "e99b175548a3188d400602b36557514b4c0940505f73929fe2b09a7c88137e0a", "size": 3170, "artifact_path": "wandb-client-artifact://affsaomgu3x6t8j9jufcamjw9lrl3zxcwy1448y1okzufrk8ae7pucbxvg9cauidig58s7exmr88vdx1rdmk99ipvuk34mkucvtnfl7zq39ta0d93no24ov6c4eszntf:latest/confusion_matrix_table.table.json", "_latest_artifact_path": "wandb-client-artifact://affsaomgu3x6t8j9jufcamjw9lrl3zxcwy1448y1okzufrk8ae7pucbxvg9cauidig58s7exmr88vdx1rdmk99ipvuk34mkucvtnfl7zq39ta0d93no24ov6c4eszntf:latest/confusion_matrix_table.table.json", "path": "media/table/confusion_matrix_table_59_e99b175548a3188d4006.table.json", "ncols": 3, "nrows": 100}, "_wandb": {"runtime": 201}}