{"Epoch ": 4, "Training loss ": 0.11292292408698598, "Training accuracy ": 0.9267592592592593, "Validation loss ": 0.1299467143544155, "Validation accuracy ": 0.9171666666666667, "Testing loss ": 0.12482713493604682, "Testing accuracy ": 0.9204, "_timestamp": 1709530313.438559, "_runtime": 25.268644094467163, "_step": 9, "confusion_matrix_table": {"_type": "table-file", "sha256": "06c5779408644f452f9f4089ab7e6e3db1c72fac75579a062be74587b12df176", "size": 3168, "artifact_path": "wandb-client-artifact://e2doqwtqvhgiz96bk5mvlgsw6xsv6d520dtblgqf73laev6i0xgf2fk9b5pcmbu07lftj4w8tsnquj11g5lgjzcvshdb75v5iuu2fbym8kl7d5sdjpz032aeg3o6w677:latest/confusion_matrix_table.table.json", "_latest_artifact_path": "wandb-client-artifact://e2doqwtqvhgiz96bk5mvlgsw6xsv6d520dtblgqf73laev6i0xgf2fk9b5pcmbu07lftj4w8tsnquj11g5lgjzcvshdb75v5iuu2fbym8kl7d5sdjpz032aeg3o6w677:latest/confusion_matrix_table.table.json", "path": "media/table/confusion_matrix_table_9_06c5779408644f452f9f.table.json", "ncols": 3, "nrows": 100}, "_wandb": {"runtime": 24}}