{"Epoch ": 19, "Training loss ": 0.20444568550107797, "Training accuracy ": 0.8559074074074075, "Validation loss ": 0.22367607836384268, "Validation accuracy ": 0.8428333333333333, "Testing loss ": 0.242043855981643, "Testing accuracy ": 0.83, "_timestamp": 1709536888.7247083, "_runtime": 22.26131319999695, "_step": 39, "confusion_matrix_table": {"_type": "table-file", "sha256": "28bde77324f529570b7171d027b11ae38d6569d910e268b28ba79f53ad0b7026", "size": 3177, "artifact_path": "wandb-client-artifact://o41nxmphhvxvo34kylc216wzhkt9draiwdcewmrvcix9m8tmctia0nakhwr7d6cmqlbw807n0z877tgdzd8iaxfxr441cihmq77gp8l60mol1u9zz1her3ocs7h63sll:latest/confusion_matrix_table.table.json", "_latest_artifact_path": "wandb-client-artifact://o41nxmphhvxvo34kylc216wzhkt9draiwdcewmrvcix9m8tmctia0nakhwr7d6cmqlbw807n0z877tgdzd8iaxfxr441cihmq77gp8l60mol1u9zz1her3ocs7h63sll:latest/confusion_matrix_table.table.json", "path": "media/table/confusion_matrix_table_39_28bde77324f529570b71.table.json", "ncols": 3, "nrows": 100}, "_wandb": {"runtime": 21}}