{"Epoch ": 19, "Training loss ": 0.23195032480436556, "Training accuracy ": 0.9342777777777778, "Validation loss ": 0.24562266027174542, "Validation accuracy ": 0.9295, "Testing loss ": 0.23125239110256962, "Testing accuracy ": 0.9348, "_timestamp": 1709501956.9941463, "_runtime": 43.45563745498657, "_step": 39, "confusion_matrix_table": {"_type": "table-file", "sha256": "39fc960a4c4b57fae2f51446267c88038917ae4d3a35b4f837f9c85806b8d25e", "size": 3172, "artifact_path": "wandb-client-artifact://pqk66jgpavjd2q616gh3enp5lbbsi4xrrk1rcbh6bsbf4miox9ylut5tu9l0lvvy3p92vurn51k42pqu04jr8aauvad69e2u223f0sxrui9i62lrg1amcn5uzmcxfjc5:latest/confusion_matrix_table.table.json", "_latest_artifact_path": "wandb-client-artifact://pqk66jgpavjd2q616gh3enp5lbbsi4xrrk1rcbh6bsbf4miox9ylut5tu9l0lvvy3p92vurn51k42pqu04jr8aauvad69e2u223f0sxrui9i62lrg1amcn5uzmcxfjc5:latest/confusion_matrix_table.table.json", "path": "media/table/confusion_matrix_table_39_39fc960a4c4b57fae2f5.table.json", "ncols": 3, "nrows": 100}, "_wandb": {"runtime": 42}}