{"Epoch ": 29, "Training loss ": 1.9413073711956346, "Training accuracy ": 0.23448148148148149, "Validation loss ": 1.9327906850752727, "Validation accuracy ": 0.23683333333333334, "Testing loss ": 1.945159691090075, "Testing accuracy ": 0.2338, "_timestamp": 1709126818.8454232, "_runtime": 117.93121027946472, "_step": 59, "confusion_matrix_table": {"_type": "table-file", "sha256": "02411da50c73ec661b48b889c84d70b7276559577a5acf61603bd136f9bf0869", "size": 3153, "artifact_path": "wandb-client-artifact://bia41t8oe0w2qd7jnmcuh0qlzg94oy4u5x3ggzc8kf5q63jgl5u3kl2nd093d1158143z4ve5mj9fh1zz8twwxjk1e5umhfkaay0li6rt3l9h116qqqrihg1fug63ob7:latest/confusion_matrix_table.table.json", "_latest_artifact_path": "wandb-client-artifact://bia41t8oe0w2qd7jnmcuh0qlzg94oy4u5x3ggzc8kf5q63jgl5u3kl2nd093d1158143z4ve5mj9fh1zz8twwxjk1e5umhfkaay0li6rt3l9h116qqqrihg1fug63ob7:latest/confusion_matrix_table.table.json", "path": "media/table/confusion_matrix_table_59_02411da50c73ec661b48.table.json", "ncols": 3, "nrows": 100}, "_wandb": {"runtime": 117}}