{"Epoch ": 19, "Training loss ": 0.21498977196447952, "Training accuracy ": 0.9365, "Validation loss ": 0.23084897803372553, "Validation accuracy ": 0.9323333333333333, "Testing loss ": 0.21683514651664737, "Testing accuracy ": 0.9357, "_timestamp": 1709489650.1941435, "_runtime": 75.24570751190186, "_step": 39, "confusion_matrix_table": {"_type": "table-file", "sha256": "d059fa83f14c80497a5988c340ebe584dc85dcf960fcc2934c54d500d9514f9e", "size": 3163, "artifact_path": "wandb-client-artifact://4flthympwylj8w7vsy7dlrwrjbbvoknjqk3lxbbnw5lo26zf8lx41nk0u0xwu9j9iw3upjolwll3282ltk6qywqaq0dxxm309u6yxfhrj65gk402b7uuw34et0wvd4bd:latest/confusion_matrix_table.table.json", "_latest_artifact_path": "wandb-client-artifact://4flthympwylj8w7vsy7dlrwrjbbvoknjqk3lxbbnw5lo26zf8lx41nk0u0xwu9j9iw3upjolwll3282ltk6qywqaq0dxxm309u6yxfhrj65gk402b7uuw34et0wvd4bd:latest/confusion_matrix_table.table.json", "path": "media/table/confusion_matrix_table_39_d059fa83f14c80497a59.table.json", "ncols": 3, "nrows": 100}, "_wandb": {"runtime": 74}}