{"Epoch ": 19, "Training loss ": 0.28251882496398495, "Training accuracy ": 0.8001296296296296, "Validation loss ": 0.2991488875973275, "Validation accuracy ": 0.7891666666666667, "Testing loss ": 0.30692292282586675, "Testing accuracy ": 0.7846, "_timestamp": 1709301507.3563282, "_runtime": 119.23996615409851, "_step": 39, "confusion_matrix_table": {"_type": "table-file", "sha256": "119311e58a033274457827f547c2bd00da4a00922c044588654faacf7ed8edab", "size": 3179, "artifact_path": "wandb-client-artifact://nst2ts2mdhvt9ld5t3pgbpfc7g19d7ywomdzov0gd5o2jgtbul9wi3zfnve0lcupleqqzmu38ygyb8luhcxu9hu9i209i1khri16vd2nyfs48amz2uaw680qaaxskrwp:latest/confusion_matrix_table.table.json", "_latest_artifact_path": "wandb-client-artifact://nst2ts2mdhvt9ld5t3pgbpfc7g19d7ywomdzov0gd5o2jgtbul9wi3zfnve0lcupleqqzmu38ygyb8luhcxu9hu9i209i1khri16vd2nyfs48amz2uaw680qaaxskrwp:latest/confusion_matrix_table.table.json", "path": "media/table/confusion_matrix_table_39_119311e58a0332744578.table.json", "ncols": 3, "nrows": 100}, "_wandb": {"runtime": 118}}