{"Epoch ": 29, "Training loss ": 0.28198831029106647, "Training accuracy ": 0.8987962962962963, "Validation loss ": 0.32940742046109894, "Validation accuracy ": 0.8788333333333334, "Testing loss ": 0.3565924265987501, "Testing accuracy ": 0.8727, "_timestamp": 1709412621.0221138, "_runtime": 58.43600082397461, "_step": 59, "confusion_matrix_table": {"_type": "table-file", "sha256": "664eb52390e878c2525d22e4108cb26fa99906bcdbf948fe594dce5d25e75ac4", "size": 3171, "artifact_path": "wandb-client-artifact://vu9mun5649tw2u7yccsq8und68v3y9f1otn9pvm8xzbirzwlllhtla1z9ll5xvk1f73s8brutpq1eocskymjrsomjoktkwj0mhm13ifi0hyldqvph4xczo7dps579o0d:latest/confusion_matrix_table.table.json", "_latest_artifact_path": "wandb-client-artifact://vu9mun5649tw2u7yccsq8und68v3y9f1otn9pvm8xzbirzwlllhtla1z9ll5xvk1f73s8brutpq1eocskymjrsomjoktkwj0mhm13ifi0hyldqvph4xczo7dps579o0d:latest/confusion_matrix_table.table.json", "path": "media/table/confusion_matrix_table_59_664eb52390e878c2525d.table.json", "ncols": 3, "nrows": 100}, "_wandb": {"runtime": 57}}