{"Epoch ": 19, "Training loss ": 0.27084837011645196, "Training accuracy ": 0.8997592592592593, "Validation loss ": 0.3155663990952589, "Validation accuracy ": 0.8868333333333334, "Testing loss ": 0.3478584025669256, "Testing accuracy ": 0.8724, "_timestamp": 1709498700.5740266, "_runtime": 492.877272605896, "_step": 39, "confusion_matrix_table": {"_type": "table-file", "sha256": "3531996d65f5a3041a39dee1c0079977fc6806cfb8a5306963acdfb722e207de", "size": 3168, "artifact_path": "wandb-client-artifact://l0xtbef67hfbi8lpnjlsd19q0i13wmuafkfr84yuh4fv68g3zj4rz8mdrwhhoe9umxv4i5eqyjro9shv1qhqcx3ws4tw6vhsnw323leayrc0lf6ji9g9wz47o0yjq58z:latest/confusion_matrix_table.table.json", "_latest_artifact_path": "wandb-client-artifact://l0xtbef67hfbi8lpnjlsd19q0i13wmuafkfr84yuh4fv68g3zj4rz8mdrwhhoe9umxv4i5eqyjro9shv1qhqcx3ws4tw6vhsnw323leayrc0lf6ji9g9wz47o0yjq58z:latest/confusion_matrix_table.table.json", "path": "media/table/confusion_matrix_table_39_3531996d65f5a3041a39.table.json", "ncols": 3, "nrows": 100}, "_wandb": {"runtime": 492}}