{"Epoch ": 24, "Training loss ": 0.1889013676032268, "Training accuracy ": 0.9300185185185185, "Validation loss ": 0.3569423567431366, "Validation accuracy ": 0.8908333333333334, "Testing loss ": 0.38130786846667547, "Testing accuracy ": 0.8793, "_timestamp": 1709476463.941129, "_runtime": 97.32953095436096, "_step": 49, "confusion_matrix_table": {"_type": "table-file", "sha256": "3c968c75c95d08ffe09831badc566eafb42a75908f8dd08e8c80dd6e2adf0c04", "size": 3171, "artifact_path": "wandb-client-artifact://ui88aobxczipowtpieapy0exqhtqpfefz2cpn5qx3p1ea80igp50fv7c08m360vcjczma1czc275pst57fvjhn63001o910mui1jf1o2c3in0kh6t0uagzguzgt7r8qa:latest/confusion_matrix_table.table.json", "_latest_artifact_path": "wandb-client-artifact://ui88aobxczipowtpieapy0exqhtqpfefz2cpn5qx3p1ea80igp50fv7c08m360vcjczma1czc275pst57fvjhn63001o910mui1jf1o2c3in0kh6t0uagzguzgt7r8qa:latest/confusion_matrix_table.table.json", "path": "media/table/confusion_matrix_table_49_3c968c75c95d08ffe098.table.json", "ncols": 3, "nrows": 100}, "_wandb": {"runtime": 96}}