{"Epoch ": 29, "Training loss ": 0.28342125568141735, "Training accuracy ": 0.8047777777777778, "Validation loss ": 0.2895491585794454, "Validation accuracy ": 0.7978333333333333, "Testing loss ": 0.29933236784185024, "Testing accuracy ": 0.791, "_timestamp": 1709311304.9099507, "_runtime": 106.3415207862854, "_step": 59, "confusion_matrix_table": {"_type": "table-file", "sha256": "66a9ead83d91bb2eea9782c7fa0f67b8fb79725282262074517777296e35c402", "size": 3183, "artifact_path": "wandb-client-artifact://1h2lpuopsw36z83c0lesu94lossujrpockbxji7yhs52uzkhbfqc5fq9xfl7afji78f6l45723dortdrlz597e2ffcogdick474zt4lselwya6xzyegjjhs4177hdlze:latest/confusion_matrix_table.table.json", "_latest_artifact_path": "wandb-client-artifact://1h2lpuopsw36z83c0lesu94lossujrpockbxji7yhs52uzkhbfqc5fq9xfl7afji78f6l45723dortdrlz597e2ffcogdick474zt4lselwya6xzyegjjhs4177hdlze:latest/confusion_matrix_table.table.json", "path": "media/table/confusion_matrix_table_59_66a9ead83d91bb2eea97.table.json", "ncols": 3, "nrows": 100}, "_wandb": {"runtime": 105}}