{"Epoch ": 29, "Training loss ": 0.41308891774300344, "Training accuracy ": 0.8576481481481482, "Validation loss ": 0.41671861472642474, "Validation accuracy ": 0.8565, "Testing loss ": 0.45207994519481165, "Testing accuracy ": 0.8439, "_timestamp": 1709452295.7549553, "_runtime": 30.622557401657104, "_step": 59, "confusion_matrix_table": {"_type": "table-file", "sha256": "a5b342de989531a655c2aac3111d9e843b5ea2eeae5746921b2400b97d8ecb56", "size": 3177, "artifact_path": "wandb-client-artifact://ioz0yo2g505otaxg6jxmp6h84kt2ybnq37judrkg69myfh2h6kqlhgwjmwg9olmpnuza730h9omdkyr2qjkjftpl0odioxufci7yb9bw6ydqraq2mi5j1oypyj5jq6lw:latest/confusion_matrix_table.table.json", "_latest_artifact_path": "wandb-client-artifact://ioz0yo2g505otaxg6jxmp6h84kt2ybnq37judrkg69myfh2h6kqlhgwjmwg9olmpnuza730h9omdkyr2qjkjftpl0odioxufci7yb9bw6ydqraq2mi5j1oypyj5jq6lw:latest/confusion_matrix_table.table.json", "path": "media/table/confusion_matrix_table_59_a5b342de989531a655c2.table.json", "ncols": 3, "nrows": 100}, "_wandb": {"runtime": 29}}