{"Epoch ": 24, "Training loss ": 0.24384909442382074, "Training accuracy ": 0.9117222222222222, "Validation loss ": 0.34477842849998647, "Validation accuracy ": 0.8776666666666667, "Testing loss ": 0.36762681435509675, "Testing accuracy ": 0.8696, "_timestamp": 1709297719.7039657, "_runtime": 62.13037157058716, "_step": 49, "confusion_matrix_table": {"_type": "table-file", "sha256": "3513ebeecc639174febc581d0c990afea1958e23990be17c5f1d75ad73939224", "size": 3171, "artifact_path": "wandb-client-artifact://loapsd4s3igr8wmuqpraoid0h7iq7hul1v4w3hjjqr2mqrodp0phxjdigk27xlyotnt8pqkmqqfli0hlip7bk6prvun0nrnl8dmgb4giawrkgwoc1bbzel433hmlg64i:latest/confusion_matrix_table.table.json", "_latest_artifact_path": "wandb-client-artifact://loapsd4s3igr8wmuqpraoid0h7iq7hul1v4w3hjjqr2mqrodp0phxjdigk27xlyotnt8pqkmqqfli0hlip7bk6prvun0nrnl8dmgb4giawrkgwoc1bbzel433hmlg64i:latest/confusion_matrix_table.table.json", "path": "media/table/confusion_matrix_table_49_3513ebeecc639174febc.table.json", "ncols": 3, "nrows": 100}, "_wandb": {"runtime": 61}}