{"Epoch ": 14, "Training loss ": 0.15154106519413255, "Training accuracy ": 0.9095185185185185, "Validation loss ": 0.15587622115126198, "Validation accuracy ": 0.9066666666666666, "Testing loss ": 0.14804110815174534, "Testing accuracy ": 0.9148, "_timestamp": 1709534810.0299697, "_runtime": 90.15895676612854, "_step": 29, "confusion_matrix_table": {"_type": "table-file", "sha256": "40664d02076c0c22ed1816ce0d00869ffc05bfbf255656ca00bc9c970f7d8c00", "size": 3177, "artifact_path": "wandb-client-artifact://1hl9386r8balsfcxnzhyy7n2mfte99h5gfpynt2n7me5u59kiagltdnkxtl0eimhyvh6veg26pa8453jdm2difd03w0qkszcrn9v7pa7nceq6rbkpny8lqv7x6r4jv3b:latest/confusion_matrix_table.table.json", "_latest_artifact_path": "wandb-client-artifact://1hl9386r8balsfcxnzhyy7n2mfte99h5gfpynt2n7me5u59kiagltdnkxtl0eimhyvh6veg26pa8453jdm2difd03w0qkszcrn9v7pa7nceq6rbkpny8lqv7x6r4jv3b:latest/confusion_matrix_table.table.json", "path": "media/table/confusion_matrix_table_29_40664d02076c0c22ed18.table.json", "ncols": 3, "nrows": 100}, "_wandb": {"runtime": 85}}