{"Epoch ": 24, "Training loss ": 0.1493283791980027, "Training accuracy ": 0.8974814814814814, "Validation loss ": 0.16393813976664315, "Validation accuracy ": 0.8846666666666667, "Testing loss ": 0.18280194937683983, "Testing accuracy ": 0.8737, "_timestamp": 1709188005.865765, "_runtime": 186.41897320747375, "_step": 49, "confusion_matrix_table": {"_type": "table-file", "sha256": "62607e7fbe539ac8957a21d26c992384834c93e7e5a7e9c2465bc1b8bb7537ef", "size": 3171, "artifact_path": "wandb-client-artifact://xh5du2r7sdm8nhpfy2wm5k69brlioa41oyj9a7bb29a9043utsyk4bfsnkvxnleby8bgixvvm2rw9e137un88ekb7p1c3hphtsr9tqffcb0kw2kx846qjsv15gc0yvhh:latest/confusion_matrix_table.table.json", "_latest_artifact_path": "wandb-client-artifact://xh5du2r7sdm8nhpfy2wm5k69brlioa41oyj9a7bb29a9043utsyk4bfsnkvxnleby8bgixvvm2rw9e137un88ekb7p1c3hphtsr9tqffcb0kw2kx846qjsv15gc0yvhh:latest/confusion_matrix_table.table.json", "path": "media/table/confusion_matrix_table_49_62607e7fbe539ac8957a.table.json", "ncols": 3, "nrows": 100}, "_wandb": {"runtime": 185}}