{"Epoch ": 9, "Training loss ": 0.2736727976510207, "Training accuracy ": 0.9019259259259259, "Validation loss ": 0.3378664974468544, "Validation accuracy ": 0.881, "Testing loss ": 0.358130074672787, "Testing accuracy ": 0.8717, "_timestamp": 1709474230.2205162, "_runtime": 122.94252324104309, "_step": 19, "confusion_matrix_table": {"_type": "table-file", "sha256": "ab7fb7242f898a2a9b3b4dd6d5b172b06750f2e836c2c149e85695172f440161", "size": 3172, "artifact_path": "wandb-client-artifact://896zhvbs4n4db93npyi8n8c792v5fferc34qqxc8idxcsh5nxhvx3fyeb99giokoy0elp35jeewusesxmcxd0mhv0fg48h4xd8nuu58bjg9fy8zd1ma8e4fbcsgbf0aw:latest/confusion_matrix_table.table.json", "_latest_artifact_path": "wandb-client-artifact://896zhvbs4n4db93npyi8n8c792v5fferc34qqxc8idxcsh5nxhvx3fyeb99giokoy0elp35jeewusesxmcxd0mhv0fg48h4xd8nuu58bjg9fy8zd1ma8e4fbcsgbf0aw:latest/confusion_matrix_table.table.json", "path": "media/table/confusion_matrix_table_19_ab7fb7242f898a2a9b3b.table.json", "ncols": 3, "nrows": 100}, "_wandb": {"runtime": 122}}