{"Epoch ": 19, "Training loss ": 0.19654601007327777, "Training accuracy ": 0.9273518518518519, "Validation loss ": 0.3087464954534041, "Validation accuracy ": 0.8941666666666667, "Testing loss ": 0.32747439912981946, "Testing accuracy ": 0.8842, "_timestamp": 1709634700.215216, "_runtime": 473.6896378993988, "_step": 39, "confusion_matrix_table": {"_type": "table-file", "sha256": "1747f17bc60fa0d56738c270aea68122c0dc818c983205675802cea407afe56e", "size": 3169, "artifact_path": "wandb-client-artifact://d1xlw55tbzkbpe89p97si1fg6lsnn180c2z72spno1xmfrlbh0yq6ouolm0qhwg8o3icu25ibz32088decd9d5dielq0yzv0us7z0uarnhwudbxgs1supg35v53oqjpk:latest/confusion_matrix_table.table.json", "_latest_artifact_path": "wandb-client-artifact://d1xlw55tbzkbpe89p97si1fg6lsnn180c2z72spno1xmfrlbh0yq6ouolm0qhwg8o3icu25ibz32088decd9d5dielq0yzv0us7z0uarnhwudbxgs1supg35v53oqjpk:latest/confusion_matrix_table.table.json", "path": "media/table/confusion_matrix_table_39_1747f17bc60fa0d56738.table.json", "ncols": 3, "nrows": 100}, "_wandb": {"runtime": 472}}