{"Epoch ": 14, "Training loss ": 2.302575144443299, "Training accuracy ": 0.1, "Validation loss ": 2.3025751444432996, "Validation accuracy ": 0.1, "Testing loss ": 2.3025751444432996, "Testing accuracy ": 0.1, "_timestamp": 1709127268.876824, "_runtime": 33.330219984054565, "_step": 29, "confusion_matrix_table": {"_type": "table-file", "sha256": "14aba07669112483f4c4ff17d067555ba1f0fe451130bd585ffc3d5776033d9c", "size": 3152, "artifact_path": "wandb-client-artifact://bzpr9csnenx1r78ssczd5jy6wzltzoyev4e6lhvs2bo07b28zbbz92slhwtjjlhesaz2whtb23s03r0mpmxpr3r8r1piiyc7dju0m5jg41h9rdj0u9wrtzik3vlp824u:latest/confusion_matrix_table.table.json", "_latest_artifact_path": "wandb-client-artifact://bzpr9csnenx1r78ssczd5jy6wzltzoyev4e6lhvs2bo07b28zbbz92slhwtjjlhesaz2whtb23s03r0mpmxpr3r8r1piiyc7dju0m5jg41h9rdj0u9wrtzik3vlp824u:latest/confusion_matrix_table.table.json", "path": "media/table/confusion_matrix_table_29_14aba07669112483f4c4.table.json", "ncols": 3, "nrows": 100}, "_wandb": {"runtime": 32}}