{"Epoch ": 9, "Training loss ": 0.08911909557273637, "Training accuracy ": 0.9416111111111111, "Validation loss ": 0.10039787110417471, "Validation accuracy ": 0.9351666666666667, "Testing loss ": 0.09715527689195975, "Testing accuracy ": 0.9366, "_timestamp": 1709529174.5338156, "_runtime": 125.57802152633667, "_step": 19, "confusion_matrix_table": {"_type": "table-file", "sha256": "627df698eb3ca7d6aa7dbf6d089f375c49879c3913a0ee0c0ffa505ac352e6aa", "size": 3169, "artifact_path": "wandb-client-artifact://hl1ndt99vuzz37spzgjzfq7zz0wdpx01car96qpd0xzrym05z1yc4usb3z9f9gmh40p4az8ex40b2bhaquton5ksids60tcadq3pf0be4byxyj7di5ozy771it92iu3c:latest/confusion_matrix_table.table.json", "_latest_artifact_path": "wandb-client-artifact://hl1ndt99vuzz37spzgjzfq7zz0wdpx01car96qpd0xzrym05z1yc4usb3z9f9gmh40p4az8ex40b2bhaquton5ksids60tcadq3pf0be4byxyj7di5ozy771it92iu3c:latest/confusion_matrix_table.table.json", "path": "media/table/confusion_matrix_table_19_627df698eb3ca7d6aa7d.table.json", "ncols": 3, "nrows": 100}, "_wandb": {"runtime": 120}}