{"Epoch ": 9, "Training loss ": 0.8999914949414369, "Training accuracy ": 0.1, "Validation loss ": 0.8999913217664175, "Validation accuracy ": 0.1, "Testing loss ": 0.8999915531712812, "Testing accuracy ": 0.1, "_timestamp": 1709528630.8390975, "_runtime": 32.786834478378296, "_step": 19, "confusion_matrix_table": {"_type": "table-file", "sha256": "08fe1c64df5b76934b26d06da88d1c97433567816ee39fc4f4fba51d2696f962", "size": 3152, "artifact_path": "wandb-client-artifact://l76isg7fee7uxjbdq6hxq523mve9biq68653ozpcqfbui6wt8vw2b617y14927idp4bbwptkjh0uiic2rlh1npb64ack692p2q6qh2nnp6hksu8v58zd1opycjp653lo:latest/confusion_matrix_table.table.json", "_latest_artifact_path": "wandb-client-artifact://l76isg7fee7uxjbdq6hxq523mve9biq68653ozpcqfbui6wt8vw2b617y14927idp4bbwptkjh0uiic2rlh1npb64ack692p2q6qh2nnp6hksu8v58zd1opycjp653lo:latest/confusion_matrix_table.table.json", "path": "media/table/confusion_matrix_table_19_08fe1c64df5b76934b26.table.json", "ncols": 3, "nrows": 100}, "_wandb": {"runtime": 32}}