{"Epoch ": 9, "Training loss ": 0.13812771509536043, "Training accuracy ": 0.9052777777777777, "Validation loss ": 0.16060648268095548, "Validation accuracy ": 0.8858333333333334, "Testing loss ": 0.17609328861458962, "Testing accuracy ": 0.8796, "_timestamp": 1709537514.5501394, "_runtime": 59.587979316711426, "_step": 19, "confusion_matrix_table": {"_type": "table-file", "sha256": "5aca0e21e365c357a36b1a71c4998736852163d5e782b01e0fd623e92b185b43", "size": 3169, "artifact_path": "wandb-client-artifact://35wro2q3v5i33f7blxbvay4fk58fomh8is1rrdwkgqpt3m413qmxw15kbf47wt17zmffzeiokglrk66hb3i9ic114na9su1o2cijkdcabhk26jmhyybqa6nrrzp08dk4:latest/confusion_matrix_table.table.json", "_latest_artifact_path": "wandb-client-artifact://35wro2q3v5i33f7blxbvay4fk58fomh8is1rrdwkgqpt3m413qmxw15kbf47wt17zmffzeiokglrk66hb3i9ic114na9su1o2cijkdcabhk26jmhyybqa6nrrzp08dk4:latest/confusion_matrix_table.table.json", "path": "media/table/confusion_matrix_table_19_5aca0e21e365c357a36b.table.json", "ncols": 3, "nrows": 100}, "_wandb": {"runtime": 58}}