{"Epoch ": 4, "Training loss ": 0.24664298292630002, "Training accuracy ": 0.830962962962963, "Validation loss ": 0.24602232485294007, "Validation accuracy ": 0.8326666666666667, "Testing loss ": 0.2604662159637096, "Testing accuracy ": 0.8214, "_timestamp": 1709300911.689152, "_runtime": 19.363194942474365, "_step": 9, "confusion_matrix_table": {"_type": "table-file", "sha256": "d67bf129bb3455d5c351378d71d509b97b00578c03c0d66ed74dee12e580819b", "size": 3178, "artifact_path": "wandb-client-artifact://n7wsyxqj3gt00ank3mewafs4d36yuac1inllo2x0a2nd1nvq0fniondoslcaame1qgail8hhpml4kc6gr6us90n59nxb6n4fp6berz8z0540oyf3nil8nyu45lpsvj39:latest/confusion_matrix_table.table.json", "_latest_artifact_path": "wandb-client-artifact://n7wsyxqj3gt00ank3mewafs4d36yuac1inllo2x0a2nd1nvq0fniondoslcaame1qgail8hhpml4kc6gr6us90n59nxb6n4fp6berz8z0540oyf3nil8nyu45lpsvj39:latest/confusion_matrix_table.table.json", "path": "media/table/confusion_matrix_table_9_d67bf129bb3455d5c351.table.json", "ncols": 3, "nrows": 100}, "_wandb": {"runtime": 18}}