{"Epoch ": 4, "Training loss ": 0.4046992598835723, "Training accuracy ": 0.8123703703703704, "Validation loss ": 0.4045969725082753, "Validation accuracy ": 0.8183333333333334, "Testing loss ": 0.41310216875223704, "Testing accuracy ": 0.803, "_timestamp": 1709181311.6418846, "_runtime": 13.309194564819336, "_step": 9, "confusion_matrix_table": {"_type": "table-file", "sha256": "d9ef8acb95e0359e9f13840f036268d5c2ea15a4fef20ad8cbd73d7226adac37", "size": 3179, "artifact_path": "wandb-client-artifact://0xvllh72fli77goqnc6rts6hmzfrf1ubhzons89ls18dfq8a7pyx2t562ju6shj2e75p0zh2hpia4vfqww18scou3zj4tnjbk14u96egs7e2lu3gokjc6z87l2b8lr2r:latest/confusion_matrix_table.table.json", "_latest_artifact_path": "wandb-client-artifact://0xvllh72fli77goqnc6rts6hmzfrf1ubhzons89ls18dfq8a7pyx2t562ju6shj2e75p0zh2hpia4vfqww18scou3zj4tnjbk14u96egs7e2lu3gokjc6z87l2b8lr2r:latest/confusion_matrix_table.table.json", "path": "media/table/confusion_matrix_table_9_d9ef8acb95e0359e9f13.table.json", "ncols": 3, "nrows": 100}, "_wandb": {"runtime": 12}}