{"Epoch ": 19, "Training loss ": 0.19579434622106676, "Training accuracy ": 0.9437037037037037, "Validation loss ": 0.21857582443262988, "Validation accuracy ": 0.9378333333333333, "Testing loss ": 0.2019422278436486, "Testing accuracy ": 0.9406, "_timestamp": 1709500487.0580482, "_runtime": 42.91213321685791, "_step": 39, "confusion_matrix_table": {"_type": "table-file", "sha256": "b0407898081efa903fa052e8896b5c0165f8478ee54a6682aa080ca2397fb617", "size": 3165, "artifact_path": "wandb-client-artifact://ws2p3si5npsnl0jdftwmfwro5h9e0od1mp7m890m1iyib71s1ra7zhyxodsj8qhxlp2siuzbsosfnedr3uzmpkol07cxp8hm5mz8kz2rlkyd597232tqho8q44v1khem:latest/confusion_matrix_table.table.json", "_latest_artifact_path": "wandb-client-artifact://ws2p3si5npsnl0jdftwmfwro5h9e0od1mp7m890m1iyib71s1ra7zhyxodsj8qhxlp2siuzbsosfnedr3uzmpkol07cxp8hm5mz8kz2rlkyd597232tqho8q44v1khem:latest/confusion_matrix_table.table.json", "path": "media/table/confusion_matrix_table_39_b0407898081efa903fa0.table.json", "ncols": 3, "nrows": 100}, "_wandb": {"runtime": 42}}