{"Epoch ": 9, "Training loss ": 2.2995986961191335, "Training accuracy ": 0.30733333333333335, "Validation loss ": 2.2996080496931195, "Validation accuracy ": 0.31033333333333335, "Testing loss ": 2.299605359228388, "Testing accuracy ": 0.3119, "_timestamp": 1709095654.2342296, "_runtime": 55.078821659088135, "_step": 9, "_wandb": {"runtime": 54}}