{"Epoch": 19, "Training loss": 0.5388079870524214, "Training accuracy": 0.8189814814814815, "Validation loss": 0.5333571188317794, "Validation accuracy": 0.8175, "Testing loss": 0.5616782451893279, "Testing accuracy": 0.8063, "_timestamp": 1709116163.6936188, "_runtime": 38.25013780593872, "_step": 39, "confusion_matrix_table": {"_type": "table-file", "sha256": "c42d41d3a1123e27f33f0cf46270bacbb9109a6d90adce26128a2e1a9c17f8fb", "size": 3179, "artifact_path": "wandb-client-artifact://3a9b6mh0rfjxax4ky3014o0uqm2b6zk64dlmlf79jjy5eavtx7405v58kidk000no56mkytqmqqzma9uo4xvslu7kjjz9oqszzddofogo1m7mz2hi83zlwf18iqbyc4w:latest/confusion_matrix_table.table.json", "_latest_artifact_path": "wandb-client-artifact://3a9b6mh0rfjxax4ky3014o0uqm2b6zk64dlmlf79jjy5eavtx7405v58kidk000no56mkytqmqqzma9uo4xvslu7kjjz9oqszzddofogo1m7mz2hi83zlwf18iqbyc4w:latest/confusion_matrix_table.table.json", "path": "media/table/confusion_matrix_table_39_c42d41d3a1123e27f33f.table.json", "ncols": 3, "nrows": 100}, "_wandb": {"runtime": 37}}