{"Epoch ": 24, "Training loss ": 0.5822789331149105, "Training accuracy ": 0.7975555555555556, "Validation loss ": 0.6063731133302628, "Validation accuracy ": 0.7831666666666667, "Testing loss ": 0.60643753619433, "Testing accuracy ": 0.7834, "_timestamp": 1709115017.970161, "_runtime": 47.69384503364563, "_step": 49, "confusion_matrix_table": {"_type": "table-file", "sha256": "21d5e203cddf81abb43a347e7d860f0ef5b603c45e8f8b77fabef3645dea2e64", "size": 3175, "artifact_path": "wandb-client-artifact://6alvfnbf46qn78w5hvz59nwi9we6ecuv8rgxy8bn50drfg7vy5hmdaj8zkdfqqfranvsg2dd2m8sxq3bysixwkx2sjvj4i6u6jks72jbem4rs8szc7zj70eej1ft3yxc:latest/confusion_matrix_table.table.json", "_latest_artifact_path": "wandb-client-artifact://6alvfnbf46qn78w5hvz59nwi9we6ecuv8rgxy8bn50drfg7vy5hmdaj8zkdfqqfranvsg2dd2m8sxq3bysixwkx2sjvj4i6u6jks72jbem4rs8szc7zj70eej1ft3yxc:latest/confusion_matrix_table.table.json", "path": "media/table/confusion_matrix_table_49_21d5e203cddf81abb43a.table.json", "ncols": 3, "nrows": 100}, "_wandb": {"runtime": 46}}