{"Epoch ": 24, "Training loss ": 0.23234240401288317, "Training accuracy ": 0.9157407407407407, "Validation loss ": 0.3600213965722285, "Validation accuracy ": 0.8783333333333333, "Testing loss ": 0.3768582673974998, "Testing accuracy ": 0.8699, "_timestamp": 1709291922.4680836, "_runtime": 61.20796251296997, "_step": 49, "confusion_matrix_table": {"_type": "table-file", "sha256": "54a700324b35d8a10a4a465504d058053193589d75766c76c913cace3634ae7a", "size": 3172, "artifact_path": "wandb-client-artifact://d5sut4xv5522rdqe7fod2mzw5iqxy03gjl6trdwtouc8xj5ju87n6trws37scqhnno5gukyx00qetg2lk3z82jt21yf1qcbf10588v42jahbarn6v72c8ytsenvktacf:latest/confusion_matrix_table.table.json", "_latest_artifact_path": "wandb-client-artifact://d5sut4xv5522rdqe7fod2mzw5iqxy03gjl6trdwtouc8xj5ju87n6trws37scqhnno5gukyx00qetg2lk3z82jt21yf1qcbf10588v42jahbarn6v72c8ytsenvktacf:latest/confusion_matrix_table.table.json", "path": "media/table/confusion_matrix_table_49_54a700324b35d8a10a4a.table.json", "ncols": 3, "nrows": 100}, "_wandb": {"runtime": 60}}