{"Epoch ": 14, "Training loss ": 0.6497145800261482, "Training accuracy ": 0.7958888888888889, "Validation loss ": 0.6565634748239094, "Validation accuracy ": 0.7958333333333333, "Testing loss ": 0.6701023904947243, "Testing accuracy ": 0.7827, "_timestamp": 1709474838.3668363, "_runtime": 51.60513925552368, "_step": 29, "confusion_matrix_table": {"_type": "table-file", "sha256": "f6a32f0903090abbe2e2252a2a9c93f2d1b758f48f765deb85440fffa3690b06", "size": 3185, "artifact_path": "wandb-client-artifact://8zxbkwgg8sj1tbqmxuoh3tel4b4w9bxf2qabilc74k93sx4ysit19q667yz30fam5i826f8a185eowbq16zd0hk0l0cg9r6dkzotxnr9j9hko7oj3vxkgauj7ow3q6ro:latest/confusion_matrix_table.table.json", "_latest_artifact_path": "wandb-client-artifact://8zxbkwgg8sj1tbqmxuoh3tel4b4w9bxf2qabilc74k93sx4ysit19q667yz30fam5i826f8a185eowbq16zd0hk0l0cg9r6dkzotxnr9j9hko7oj3vxkgauj7ow3q6ro:latest/confusion_matrix_table.table.json", "path": "media/table/confusion_matrix_table_29_f6a32f0903090abbe2e2.table.json", "ncols": 3, "nrows": 100}, "_wandb": {"runtime": 50}}