{"Epoch ": 29, "Training loss ": 0.21744433257572474, "Training accuracy ": 0.9187407407407407, "Validation loss ": 0.35837696403494823, "Validation accuracy ": 0.8821666666666667, "Testing loss ": 0.39124995716250294, "Testing accuracy ": 0.8708, "_timestamp": 1709294086.9350698, "_runtime": 431.05112981796265, "_step": 59, "confusion_matrix_table": {"_type": "table-file", "sha256": "6118c74c26af278ef1f9b43fdf73e2a2a968d7126bcac0c9ce2c1735d8bb3cf4", "size": 3173, "artifact_path": "wandb-client-artifact://wgnxrpg8kfsomphrb0hvdmkxkr72utvy1owhali319pmjsy0v0vivz2w3mlikt9jdufwmlwcedmth69miee2vt2qykytl67w6w7b4piub7gxmat88mfa41gn9fxrzdg7:latest/confusion_matrix_table.table.json", "_latest_artifact_path": "wandb-client-artifact://wgnxrpg8kfsomphrb0hvdmkxkr72utvy1owhali319pmjsy0v0vivz2w3mlikt9jdufwmlwcedmth69miee2vt2qykytl67w6w7b4piub7gxmat88mfa41gn9fxrzdg7:latest/confusion_matrix_table.table.json", "path": "media/table/confusion_matrix_table_59_6118c74c26af278ef1f9.table.json", "ncols": 3, "nrows": 100}, "_wandb": {"runtime": 430}}