{"Epoch ": 14, "Training loss ": 0.15053400349756796, "Training accuracy ": 0.8955185185185185, "Validation loss ": 0.1832745646797184, "Validation accuracy ": 0.8711666666666666, "Testing loss ": 0.1873109762743393, "Testing accuracy ": 0.8723, "_timestamp": 1709626699.3391888, "_runtime": 30.83101487159729, "_step": 29, "confusion_matrix_table": {"_type": "table-file", "sha256": "2cfe3826b1bfa1f14150885c03fc4177e2305aa799ad390cffd3b9e16e4b302f", "size": 3170, "artifact_path": "wandb-client-artifact://cjbseyxka89c3g09m7wd19nptprqo7nhid2vawtkqfqsoaq5frrvkb823ptc27c9qqr880hhcwcwo5zmfbxgypu8w08hly4idfskcfjc3wntbjyr67edgn86jvnrlzcp:latest/confusion_matrix_table.table.json", "_latest_artifact_path": "wandb-client-artifact://cjbseyxka89c3g09m7wd19nptprqo7nhid2vawtkqfqsoaq5frrvkb823ptc27c9qqr880hhcwcwo5zmfbxgypu8w08hly4idfskcfjc3wntbjyr67edgn86jvnrlzcp:latest/confusion_matrix_table.table.json", "path": "media/table/confusion_matrix_table_29_2cfe3826b1bfa1f14150.table.json", "ncols": 3, "nrows": 100}, "_wandb": {"runtime": 30}}