{"Epoch ": 24, "Training loss ": 0.6017668695213224, "Training accuracy ": 0.8062222222222222, "Validation loss ": 0.6087092008321631, "Validation accuracy ": 0.8065, "Testing loss ": 0.620502442506786, "Testing accuracy ": 0.797, "_timestamp": 1709448000.429491, "_runtime": 86.56703114509583, "_step": 49, "confusion_matrix_table": {"_type": "table-file", "sha256": "2c80c6e8943935f5471171cd18ee996a6dbb5332aff4bb28c9fe1f1f051a522f", "size": 3178, "artifact_path": "wandb-client-artifact://zbayr74isl9mpm0yqb7fz9vu6gyku3hedgr4zv3mth5ag9mu06wi8idlc19wnsch5wmim8oc9vmyb8lo6x2mdhffa72u8343qlwwqw8qe6gnr0mwgb4e8vjy54x1zzwl:latest/confusion_matrix_table.table.json", "_latest_artifact_path": "wandb-client-artifact://zbayr74isl9mpm0yqb7fz9vu6gyku3hedgr4zv3mth5ag9mu06wi8idlc19wnsch5wmim8oc9vmyb8lo6x2mdhffa72u8343qlwwqw8qe6gnr0mwgb4e8vjy54x1zzwl:latest/confusion_matrix_table.table.json", "path": "media/table/confusion_matrix_table_49_2c80c6e8943935f54711.table.json", "ncols": 3, "nrows": 100}, "_wandb": {"runtime": 85}}