{"Epoch ": 4, "Training loss ": 0.5066172608178191, "Training accuracy ": 0.5661111111111111, "Validation loss ": 0.5077670596167355, "Validation accuracy ": 0.5658333333333333, "Testing loss ": 0.5131315030018719, "Testing accuracy ": 0.5598, "_timestamp": 1709147459.631056, "_runtime": 43.26468014717102, "_step": 9, "confusion_matrix_table": {"_type": "table-file", "sha256": "d4e3ba5fcf42ebc83d4ebfc8456426cdfef342e27ef1425b099e0aa71d6a9d52", "size": 3169, "artifact_path": "wandb-client-artifact://p4azo5hlx78qyk2wa6giw77tfxfpbcvdvgiwo45kq8i906op9izhhhvalmaslgwh2uapls7mu3ibi6y22muvfkm5j4lyg7vgqodn7vp4255lrbec1usq0nofaxi31oyp:latest/confusion_matrix_table.table.json", "_latest_artifact_path": "wandb-client-artifact://p4azo5hlx78qyk2wa6giw77tfxfpbcvdvgiwo45kq8i906op9izhhhvalmaslgwh2uapls7mu3ibi6y22muvfkm5j4lyg7vgqodn7vp4255lrbec1usq0nofaxi31oyp:latest/confusion_matrix_table.table.json", "path": "media/table/confusion_matrix_table_9_d4e3ba5fcf42ebc83d4e.table.json", "ncols": 3, "nrows": 100}, "_wandb": {"runtime": 42}}