{"Epoch ": 9, "Training loss ": 0.17000207670713638, "Training accuracy ": 0.8816111111111111, "Validation loss ": 0.19179745260679018, "Validation accuracy ": 0.8665, "Testing loss ": 0.1975458151757695, "Testing accuracy ": 0.8626, "_timestamp": 1709181119.349989, "_runtime": 155.28911995887756, "_step": 19, "confusion_matrix_table": {"_type": "table-file", "sha256": "4b8b6cecbb364702aa6797b1171480c2a3ce45f312b49af5ca875a70144e6bdf", "size": 3171, "artifact_path": "wandb-client-artifact://c0siho7jgd0iarank3585fxwhs9qfmh5gztl2s0ane1d52uf87fnt580pgxygcz7vueia407qtvvpladiku8uommhbamen1upblvqxo6tcdv32wpsytjhszlhzafa110:latest/confusion_matrix_table.table.json", "_latest_artifact_path": "wandb-client-artifact://c0siho7jgd0iarank3585fxwhs9qfmh5gztl2s0ane1d52uf87fnt580pgxygcz7vueia407qtvvpladiku8uommhbamen1upblvqxo6tcdv32wpsytjhszlhzafa110:latest/confusion_matrix_table.table.json", "path": "media/table/confusion_matrix_table_19_4b8b6cecbb364702aa67.table.json", "ncols": 3, "nrows": 100}, "_wandb": {"runtime": 154}}