{"Epoch ": 9, "Training loss ": 1.474435849413106, "Training accuracy ": 0.3168888888888889, "Validation loss ": 1.477774627756046, "Validation accuracy ": 0.31016666666666665, "Testing loss ": 1.4839044984812175, "Testing accuracy ": 0.3119, "_timestamp": 1709452205.817817, "_runtime": 35.86227989196777, "_step": 19, "confusion_matrix_table": {"_type": "table-file", "sha256": "99b1229ff696c160fd0f830ad9f71becab49b7f857193288f581ddf52c4b4833", "size": 3169, "artifact_path": "wandb-client-artifact://drhvk800iwni49qg9r567ppu0za6cj7q2721lyuw3ye3tog18fyxjxg2ecp60f1xtz9j359bsdc404fs18pzeezexme6vis7skgkb7r7hq1uvzcrwtvdjl18fq9liybu:latest/confusion_matrix_table.table.json", "_latest_artifact_path": "wandb-client-artifact://drhvk800iwni49qg9r567ppu0za6cj7q2721lyuw3ye3tog18fyxjxg2ecp60f1xtz9j359bsdc404fs18pzeezexme6vis7skgkb7r7hq1uvzcrwtvdjl18fq9liybu:latest/confusion_matrix_table.table.json", "path": "media/table/confusion_matrix_table_19_99b1229ff696c160fd0f.table.json", "ncols": 3, "nrows": 100}, "_wandb": {"runtime": 35}}