{"Epoch ": 19, "Training loss ": 9.862978171289525e-06, "Training accuracy ": 0.823925925925926, "Validation loss ": 8.972597939568035e-05, "Validation accuracy ": 0.8151666666666667, "Testing loss ": 5.612161391600711e-05, "Testing accuracy ": 0.8112, "_timestamp": 1709006175.0787735, "_runtime": 24.381425380706787, "_step": 39, "confusion_matrix_table": {"_type": "table-file", "sha256": "4b33097fa9c21ca0032e746ac6451c9142b49bd6717157ae90878532150dd4a8", "size": 3180, "artifact_path": "wandb-client-artifact://nklxkzml1rqwp0yvjqkcp37ppknup4w1gpudqee0bcagqu1c7987xtnc2q352nkzcgjqqq1augfk8j5whskb592282s212c7v6lqafey069tkl6h0vra6mcnj87sk42f:latest/confusion_matrix_table.table.json", "_latest_artifact_path": "wandb-client-artifact://nklxkzml1rqwp0yvjqkcp37ppknup4w1gpudqee0bcagqu1c7987xtnc2q352nkzcgjqqq1augfk8j5whskb592282s212c7v6lqafey069tkl6h0vra6mcnj87sk42f:latest/confusion_matrix_table.table.json", "path": "media/table/confusion_matrix_table_39_4b33097fa9c21ca0032e.table.json", "ncols": 3, "nrows": 100}, "_wandb": {"runtime": 23}}