{"Epoch ": 9, "Training loss ": 0.17651919431591395, "Training accuracy ": 0.8725740740740741, "Validation loss ": 0.19592629009558202, "Validation accuracy ": 0.8603333333333333, "Testing loss ": 0.20914744761444867, "Testing accuracy ": 0.8544, "_timestamp": 1709150920.1457276, "_runtime": 35.677504539489746, "_step": 19, "confusion_matrix_table": {"_type": "table-file", "sha256": "58e6ace9425db76cd263130e7ea588c1502a5e876933a00c31535c30ce82ac5b", "size": 3171, "artifact_path": "wandb-client-artifact://hdez8eg3803mhbipye5z733i4untuore6vmq5drv45h8k70ee8mxxmkfnczogetsemhi75ul5jqjix3zm88ck36nrygkfyswjewdxfguschzhji27u6ls0ou11gzxjhd:latest/confusion_matrix_table.table.json", "_latest_artifact_path": "wandb-client-artifact://hdez8eg3803mhbipye5z733i4untuore6vmq5drv45h8k70ee8mxxmkfnczogetsemhi75ul5jqjix3zm88ck36nrygkfyswjewdxfguschzhji27u6ls0ou11gzxjhd:latest/confusion_matrix_table.table.json", "path": "media/table/confusion_matrix_table_19_58e6ace9425db76cd263.table.json", "ncols": 3, "nrows": 100}, "_wandb": {"runtime": 34}}