{"Epoch ": 14, "Training loss ": 0.19778642582076453, "Training accuracy ": 0.8714259259259259, "Validation loss ": 0.2098572893978433, "Validation accuracy ": 0.8568333333333333, "Testing loss ": 0.21963686521042, "Testing accuracy ": 0.8519, "_timestamp": 1709567784.6689885, "_runtime": 63.41101837158203, "_step": 29, "confusion_matrix_table": {"_type": "table-file", "sha256": "8d51dbc931818c361bfdd15da51b340a43a498e4b2450cf50d2ef7a4c180b651", "size": 3173, "artifact_path": "wandb-client-artifact://fo4ikgf8ngh9hedckbblrcvys6ok8fkvf4qc2punn704wemtx3zwlt57sclbwiy09fb406nm96lyl3zm7ybqsxvj8snn2g4ga5mucz904jwont34suw79a5xctvqntkk:latest/confusion_matrix_table.table.json", "_latest_artifact_path": "wandb-client-artifact://fo4ikgf8ngh9hedckbblrcvys6ok8fkvf4qc2punn704wemtx3zwlt57sclbwiy09fb406nm96lyl3zm7ybqsxvj8snn2g4ga5mucz904jwont34suw79a5xctvqntkk:latest/confusion_matrix_table.table.json", "path": "media/table/confusion_matrix_table_29_8d51dbc931818c361bfd.table.json", "ncols": 3, "nrows": 100}, "_wandb": {"runtime": 62}}