{"Epoch ": 19, "Training loss ": 1.2151037767151684, "Training accuracy ": 0.42033333333333334, "Validation loss ": 1.2246257398618179, "Validation accuracy ": 0.41583333333333333, "Testing loss ": 1.2241440346710366, "Testing accuracy ": 0.4211, "_timestamp": 1709476545.9789724, "_runtime": 71.22281432151794, "_step": 39, "confusion_matrix_table": {"_type": "table-file", "sha256": "29f2ffe6de44465b03bd9ca6d52f47c350cc98895e8c87de716814829eaf35ca", "size": 3177, "artifact_path": "wandb-client-artifact://mgjh14kjpll7tyqrp9z3syw8ezqmr4wg82xp77gmjlviht3sr54xrtj3c5l25kx7jg81kah2mx99tgsep7yauvhc5xl1ueaj3yaprr3iyu5pzbp5rj9u5zglfp4krlbi:latest/confusion_matrix_table.table.json", "_latest_artifact_path": "wandb-client-artifact://mgjh14kjpll7tyqrp9z3syw8ezqmr4wg82xp77gmjlviht3sr54xrtj3c5l25kx7jg81kah2mx99tgsep7yauvhc5xl1ueaj3yaprr3iyu5pzbp5rj9u5zglfp4krlbi:latest/confusion_matrix_table.table.json", "path": "media/table/confusion_matrix_table_39_29f2ffe6de44465b03bd.table.json", "ncols": 3, "nrows": 100}, "_wandb": {"runtime": 70}}