{"Epoch ": 29, "Training loss ": 0.3617462531311063, "Training accuracy ": 0.8722222222222222, "Validation loss ": 0.3742522802196849, "Validation accuracy ": 0.8728333333333333, "Testing loss ": 0.4054835959560694, "Testing accuracy ": 0.8564, "_timestamp": 1709288628.260276, "_runtime": 203.05164408683777, "_step": 59, "confusion_matrix_table": {"_type": "table-file", "sha256": "5de415eb73be8943c60276fc4e7657dafd4e78bc641a526f60048a699462d2eb", "size": 3176, "artifact_path": "wandb-client-artifact://ykevbpf5rlf1xljpeu2d1g2mizhr8y52wdukwhx4uzk9xb5hyifg4lbwg4zzoliyzxzevb0yahb0el1ftbvrsnq00gtk9c1kgllxuhs7leb7qumtwx47k5dkccflnzxj:latest/confusion_matrix_table.table.json", "_latest_artifact_path": "wandb-client-artifact://ykevbpf5rlf1xljpeu2d1g2mizhr8y52wdukwhx4uzk9xb5hyifg4lbwg4zzoliyzxzevb0yahb0el1ftbvrsnq00gtk9c1kgllxuhs7leb7qumtwx47k5dkccflnzxj:latest/confusion_matrix_table.table.json", "path": "media/table/confusion_matrix_table_59_5de415eb73be8943c602.table.json", "ncols": 3, "nrows": 100}, "_wandb": {"runtime": 202}}