{"Epoch ": 14, "Training loss ": 1.6369658211214382, "Training accuracy ": 0.6599259259259259, "Validation loss ": 1.6337188460381251, "Validation accuracy ": 0.6621666666666667, "Testing loss ": 1.6407405785946914, "Testing accuracy ": 0.652, "_timestamp": 1709476685.5661426, "_runtime": 52.8058295249939, "_step": 29, "confusion_matrix_table": {"_type": "table-file", "sha256": "00b7c4a7ce3a661f8220190c467dcc6a89ee0b703954f0b38ef84bb75985cc14", "size": 3180, "artifact_path": "wandb-client-artifact://yk6ztt2lcqqfpx5apwfaoim4mclxtlhg6oqlzjjl6q5i5zqikocoe7963b9bwbkuuzo6t4robj92vfy5dglxob29hg5d4brdwxzit925xrruc9t2bogho6u7s5le4f0c:latest/confusion_matrix_table.table.json", "_latest_artifact_path": "wandb-client-artifact://yk6ztt2lcqqfpx5apwfaoim4mclxtlhg6oqlzjjl6q5i5zqikocoe7963b9bwbkuuzo6t4robj92vfy5dglxob29hg5d4brdwxzit925xrruc9t2bogho6u7s5le4f0c:latest/confusion_matrix_table.table.json", "path": "media/table/confusion_matrix_table_29_00b7c4a7ce3a661f8220.table.json", "ncols": 3, "nrows": 100}, "_wandb": {"runtime": 52}}