{"Epoch ": 4, "Training loss ": 0.4477266980640714, "Training accuracy ": 0.8399444444444445, "Validation loss ": 0.49258392272646057, "Validation accuracy ": 0.8228333333333333, "Testing loss ": 0.5000207290086686, "Testing accuracy ": 0.82, "_timestamp": 1709128839.918641, "_runtime": 32.37923216819763, "_step": 9, "confusion_matrix_table": {"_type": "table-file", "sha256": "3e27026f026eb7f49f9359c73ec57956465e91ca46f9d967de7caab4aeb085d1", "size": 3171, "artifact_path": "wandb-client-artifact://r9dgqb4fjnkhajl4sdu4csjn15c5e2zxq9z44j9upssljkd2xbz30hbaejc3o20d31hs40i96z6nod1nfovv73kvy5gq5xersuf35aek6fmnzvjeb3ncan2mcnjepcpn:latest/confusion_matrix_table.table.json", "_latest_artifact_path": "wandb-client-artifact://r9dgqb4fjnkhajl4sdu4csjn15c5e2zxq9z44j9upssljkd2xbz30hbaejc3o20d31hs40i96z6nod1nfovv73kvy5gq5xersuf35aek6fmnzvjeb3ncan2mcnjepcpn:latest/confusion_matrix_table.table.json", "path": "media/table/confusion_matrix_table_9_3e27026f026eb7f49f93.table.json", "ncols": 3, "nrows": 100}, "_wandb": {"runtime": 31}}