{"Epoch ": 19, "Training loss ": 0.28860219930048425, "Training accuracy ": 0.8938333333333334, "Validation loss ": 0.34758756273207253, "Validation accuracy ": 0.8738333333333334, "Testing loss ": 0.3877997112839225, "Testing accuracy ": 0.8658, "_timestamp": 1709296045.839624, "_runtime": 81.80832982063293, "_step": 39, "confusion_matrix_table": {"_type": "table-file", "sha256": "66ca4cc9569f99eec3d91275ab233e772e56698439203b6e16df2c58ceae0770", "size": 3173, "artifact_path": "wandb-client-artifact://9rf1jst4hjv74s2f1l4iai0fu5dk3pws688wuanue8z2cvedvuob3diyuca82oj3qsa59v9vh1bkunwirifk9itckj5d3m7ityyyxzhdwghkrhjiv3jr9vzyzvhan50e:latest/confusion_matrix_table.table.json", "_latest_artifact_path": "wandb-client-artifact://9rf1jst4hjv74s2f1l4iai0fu5dk3pws688wuanue8z2cvedvuob3diyuca82oj3qsa59v9vh1bkunwirifk9itckj5d3m7ityyyxzhdwghkrhjiv3jr9vzyzvhan50e:latest/confusion_matrix_table.table.json", "path": "media/table/confusion_matrix_table_39_66ca4cc9569f99eec3d9.table.json", "ncols": 3, "nrows": 100}, "_wandb": {"runtime": 81}}