{"Epoch ": 14, "Training loss ": 0.4248557983571983, "Training accuracy ": 0.851462962962963, "Validation loss ": 0.45727715029638294, "Validation accuracy ": 0.837, "Testing loss ": 0.465207581627786, "Testing accuracy ": 0.8358, "_timestamp": 1709308888.5723183, "_runtime": 37.43749022483826, "_step": 29, "confusion_matrix_table": {"_type": "table-file", "sha256": "892f339e0e031b7b8d72149d6e31e03cf77ce769acce4dd49c142aaa215c85ab", "size": 3175, "artifact_path": "wandb-client-artifact://s2o2cupgumw9qjxf33nxj0phlvp0uxa8r0ja4u7ttn2rkl42kdfqkxqgvfkaznjnfqc1t64i6vzern4m7pj6deuqmrh9ozu857oo0pg7k79ptzra6dfv960fb9xbg6i7:latest/confusion_matrix_table.table.json", "_latest_artifact_path": "wandb-client-artifact://s2o2cupgumw9qjxf33nxj0phlvp0uxa8r0ja4u7ttn2rkl42kdfqkxqgvfkaznjnfqc1t64i6vzern4m7pj6deuqmrh9ozu857oo0pg7k79ptzra6dfv960fb9xbg6i7:latest/confusion_matrix_table.table.json", "path": "media/table/confusion_matrix_table_29_892f339e0e031b7b8d72.table.json", "ncols": 3, "nrows": 100}, "_wandb": {"runtime": 36}}