{"Epoch ": 29, "Training loss ": 0.17579608945564235, "Training accuracy ": 0.8755740740740741, "Validation loss ": 0.2063546188066388, "Validation accuracy ": 0.8561666666666666, "Testing loss ": 0.22482365925629666, "Testing accuracy ": 0.8431, "_timestamp": 1709306311.026904, "_runtime": 601.1068751811981, "_step": 59, "confusion_matrix_table": {"_type": "table-file", "sha256": "ba2feb5ed9eb23956d41bcb56040b8440c42a5d1921a900f67884223610ce18e", "size": 3175, "artifact_path": "wandb-client-artifact://585a6a3msy5guccycko64fg3ojxv6edi062mnbt9j08lvbcxz7tigaoxsv54xqir11xnf8i6p0snnzey9yucuuu247exo7lqh00ban0d4rsc0lpr3c5whz3kpamimcko:latest/confusion_matrix_table.table.json", "_latest_artifact_path": "wandb-client-artifact://585a6a3msy5guccycko64fg3ojxv6edi062mnbt9j08lvbcxz7tigaoxsv54xqir11xnf8i6p0snnzey9yucuuu247exo7lqh00ban0d4rsc0lpr3c5whz3kpamimcko:latest/confusion_matrix_table.table.json", "path": "media/table/confusion_matrix_table_59_ba2feb5ed9eb23956d41.table.json", "ncols": 3, "nrows": 100}, "_wandb": {"runtime": 600}}