{"Epoch ": 14, "Training loss ": 0.49185673554446824, "Training accuracy ": 0.8468333333333333, "Validation loss ": 0.5006262162351617, "Validation accuracy ": 0.846, "Testing loss ": 0.5187788565220334, "Testing accuracy ": 0.8322, "_timestamp": 1709474915.1327474, "_runtime": 65.65027332305908, "_step": 29, "confusion_matrix_table": {"_type": "table-file", "sha256": "f9e2ab9654dc3570001753c4acd17e28e8900e91bfe94de75425f1b753523dde", "size": 3172, "artifact_path": "wandb-client-artifact://hoe6ouzdo83enrg6739yzslyr95jrtw77qrrg09e08n4ys5ak2t462az5oluek1axy18qiukr21c7sy4y5o7oghrtjwntvxs8hy2la41o4fadr6ct6w5rabbs5mscljc:latest/confusion_matrix_table.table.json", "_latest_artifact_path": "wandb-client-artifact://hoe6ouzdo83enrg6739yzslyr95jrtw77qrrg09e08n4ys5ak2t462az5oluek1axy18qiukr21c7sy4y5o7oghrtjwntvxs8hy2la41o4fadr6ct6w5rabbs5mscljc:latest/confusion_matrix_table.table.json", "path": "media/table/confusion_matrix_table_29_f9e2ab9654dc35700017.table.json", "ncols": 3, "nrows": 100}, "_wandb": {"runtime": 64}}