{"Epoch ": 9, "Training loss ": 0.16933037519480193, "Training accuracy ": 0.8835740740740741, "Validation loss ": 0.1801460606817365, "Validation accuracy ": 0.876, "Testing loss ": 0.19512294584587303, "Testing accuracy ": 0.8668, "_timestamp": 1709630424.737283, "_runtime": 49.36974000930786, "_step": 19, "confusion_matrix_table": {"_type": "table-file", "sha256": "b59b45b78a6497478f841bc7a52eb5695f006a6f52eeb46c9b5fd47cd319dfe5", "size": 3172, "artifact_path": "wandb-client-artifact://kp5g4f08sog152eie1kqpnhcucfvgcltijpv2ov73s7790otryk466la7hakke01z6mmquyklmta6s2h10uhogawvv4g344ke8299rcl2xrjlj7cmdoujt0n36qk0vmr:latest/confusion_matrix_table.table.json", "_latest_artifact_path": "wandb-client-artifact://kp5g4f08sog152eie1kqpnhcucfvgcltijpv2ov73s7790otryk466la7hakke01z6mmquyklmta6s2h10uhogawvv4g344ke8299rcl2xrjlj7cmdoujt0n36qk0vmr:latest/confusion_matrix_table.table.json", "path": "media/table/confusion_matrix_table_19_b59b45b78a6497478f84.table.json", "ncols": 3, "nrows": 100}, "_wandb": {"runtime": 48}}