{"Epoch ": 4, "Training loss ": 0.4099535212940607, "Training accuracy ": 0.855537037037037, "Validation loss ": 0.4174218021156107, "Validation accuracy ": 0.8501666666666666, "Testing loss ": 0.4580217657730806, "Testing accuracy ": 0.8397, "_timestamp": 1709400042.32135, "_runtime": 21.49328899383545, "_step": 9, "confusion_matrix_table": {"_type": "table-file", "sha256": "7a3f5ba9cf5d14756ab6b490b11e894f2ea728318a00f071ce815d0690896e41", "size": 3174, "artifact_path": "wandb-client-artifact://u849fidfbmazpdtb2voa9pep37axyx9yybezbi07om3f7jdchl66bwb65bgcvrbd54e21n51zw08lh48r8fz2j2m9qrovf6ptz7b96t66o58ga39x6zbhxkvq7b3t8dl:latest/confusion_matrix_table.table.json", "_latest_artifact_path": "wandb-client-artifact://u849fidfbmazpdtb2voa9pep37axyx9yybezbi07om3f7jdchl66bwb65bgcvrbd54e21n51zw08lh48r8fz2j2m9qrovf6ptz7b96t66o58ga39x6zbhxkvq7b3t8dl:latest/confusion_matrix_table.table.json", "path": "media/table/confusion_matrix_table_9_7a3f5ba9cf5d14756ab6.table.json", "ncols": 3, "nrows": 100}, "_wandb": {"runtime": 20}}