{"Epoch": 14, "Training loss": 0.7833986363472867, "Training accuracy": 0.4991851851851852, "Validation loss": 0.7829048270983163, "Validation accuracy": 0.5026666666666667, "Testing loss": 0.7837735372824707, "Testing accuracy": 0.4883, "_timestamp": 1709116008.5638075, "_runtime": 20.80017352104187, "_step": 29, "confusion_matrix_table": {"_type": "table-file", "sha256": "8930e3f8bfde8cc53cf19ca291b3678a9469a37a391c03b7e70135e0b4a0f121", "size": 3193, "artifact_path": "wandb-client-artifact://069e2mkwkgbmla7z3ge7reyvbd9sn58m6e00acnw9g1upeqszzpyptg4cgwfomdrbx7blzdf5wirjxpr1t705nqhpndmntnkhg0jaf47x127piidtjjpn5zfrn4avkcj:latest/confusion_matrix_table.table.json", "_latest_artifact_path": "wandb-client-artifact://069e2mkwkgbmla7z3ge7reyvbd9sn58m6e00acnw9g1upeqszzpyptg4cgwfomdrbx7blzdf5wirjxpr1t705nqhpndmntnkhg0jaf47x127piidtjjpn5zfrn4avkcj:latest/confusion_matrix_table.table.json", "path": "media/table/confusion_matrix_table_29_8930e3f8bfde8cc53cf1.table.json", "ncols": 3, "nrows": 100}, "_wandb": {"runtime": 20}}