{"Epoch ": 24, "Training loss ": 0.2597158419359741, "Training accuracy ": 0.9069814814814815, "Validation loss ": 0.31546487959923053, "Validation accuracy ": 0.8888333333333334, "Testing loss ": 0.3418275925878046, "Testing accuracy ": 0.8782, "_timestamp": 1709456560.4052517, "_runtime": 35.64366674423218, "_step": 49, "confusion_matrix_table": {"_type": "table-file", "sha256": "7ee4f3561c7930b02ccc539d9fe3258aaad444a31a240a3365eb7619d4050e12", "size": 3170, "artifact_path": "wandb-client-artifact://sa8c6gjzo16swcutgzsimhss2djwjpurg24omim9ur9h1m19k074tbqjfz0o1nj9elkuz885dm10e5sjognxo1mfpyt58jajr0toqjf9kbrj3phmnqbgvr6r2f0e15rf:latest/confusion_matrix_table.table.json", "_latest_artifact_path": "wandb-client-artifact://sa8c6gjzo16swcutgzsimhss2djwjpurg24omim9ur9h1m19k074tbqjfz0o1nj9elkuz885dm10e5sjognxo1mfpyt58jajr0toqjf9kbrj3phmnqbgvr6r2f0e15rf:latest/confusion_matrix_table.table.json", "path": "media/table/confusion_matrix_table_49_7ee4f3561c7930b02ccc.table.json", "ncols": 3, "nrows": 100}, "_wandb": {"runtime": 34}}