{"Epoch ": 29, "Training loss ": 0.28606296647146157, "Training accuracy ": 0.897, "Validation loss ": 0.3234550477749489, "Validation accuracy ": 0.8873333333333333, "Testing loss ": 0.3561317328144214, "Testing accuracy ": 0.8733, "_timestamp": 1709456235.5080101, "_runtime": 38.8347282409668, "_step": 59, "confusion_matrix_table": {"_type": "table-file", "sha256": "68bd5bfacc53fdf09839e7b0035f2a53ab611bdef39b50cadba987e8083a1348", "size": 3172, "artifact_path": "wandb-client-artifact://sh0dkdeeaqjyogleocrnejluq9a67vz1hny41iox288h0m38wbwzbf2nklw41hj3720znnmwnkrvldb8r1bma7audc6pa0r3nsfic3h89d7n46h0y7cx1654q7vgdoh4:latest/confusion_matrix_table.table.json", "_latest_artifact_path": "wandb-client-artifact://sh0dkdeeaqjyogleocrnejluq9a67vz1hny41iox288h0m38wbwzbf2nklw41hj3720znnmwnkrvldb8r1bma7audc6pa0r3nsfic3h89d7n46h0y7cx1654q7vgdoh4:latest/confusion_matrix_table.table.json", "path": "media/table/confusion_matrix_table_59_68bd5bfacc53fdf09839.table.json", "ncols": 3, "nrows": 100}, "_wandb": {"runtime": 38}}