{"Epoch ": 4, "Training loss ": 0.16619069648314694, "Training accuracy ": 0.8862037037037037, "Validation loss ": 0.17979987613627588, "Validation accuracy ": 0.8746666666666667, "Testing loss ": 0.19360137273810205, "Testing accuracy ": 0.8653, "_timestamp": 1709145368.0621147, "_runtime": 22.00621461868286, "_step": 9, "confusion_matrix_table": {"_type": "table-file", "sha256": "1f4a77960ac7003abc2d82f490976d7ca4ec7bb4915bdadb6c94d2142098ccdf", "size": 3172, "artifact_path": "wandb-client-artifact://0i8m4ipgqf3bq1wdxe8aq2fl5tir3kwwgesljgbon77aw0317371xhq27irb5bollinqzpzxj89292v29urnwypdlazti4m7vdecnm78ck88tfhg31ig3m8c0fmrv25u:latest/confusion_matrix_table.table.json", "_latest_artifact_path": "wandb-client-artifact://0i8m4ipgqf3bq1wdxe8aq2fl5tir3kwwgesljgbon77aw0317371xhq27irb5bollinqzpzxj89292v29urnwypdlazti4m7vdecnm78ck88tfhg31ig3m8c0fmrv25u:latest/confusion_matrix_table.table.json", "path": "media/table/confusion_matrix_table_9_1f4a77960ac7003abc2d.table.json", "ncols": 3, "nrows": 100}, "_wandb": {"runtime": 21}}