{"Epoch ": 24, "Training loss ": 0.3062260173697343, "Training accuracy ": 0.8918518518518519, "Validation loss ": 0.35178139213616616, "Validation accuracy ": 0.8756666666666667, "Testing loss ": 0.3788572358934516, "Testing accuracy ": 0.8652, "_timestamp": 1709447777.81436, "_runtime": 53.73311996459961, "_step": 49, "confusion_matrix_table": {"_type": "table-file", "sha256": "defbb030a9c922704fc1774e5846f3700116f39c272fceca8e547ea96b1c8bf7", "size": 3173, "artifact_path": "wandb-client-artifact://110vyf2qvhysld3cxr7vb4abu5mreo7f9uma7gu9cpulawh2xfado1i61zz9lxdw57dz39jn9er32swqzl8has2ar5zysfc92i8c7aboqbdpaylem61cofyuxd9xie3g:latest/confusion_matrix_table.table.json", "_latest_artifact_path": "wandb-client-artifact://110vyf2qvhysld3cxr7vb4abu5mreo7f9uma7gu9cpulawh2xfado1i61zz9lxdw57dz39jn9er32swqzl8has2ar5zysfc92i8c7aboqbdpaylem61cofyuxd9xie3g:latest/confusion_matrix_table.table.json", "path": "media/table/confusion_matrix_table_49_defbb030a9c922704fc1.table.json", "ncols": 3, "nrows": 100}, "_wandb": {"runtime": 52}}