{"Epoch ": 29, "Training loss ": 0.3510530577581826, "Training accuracy ": 0.7458703703703704, "Validation loss ": 0.36281498251409844, "Validation accuracy ": 0.74, "Testing loss ": 0.3760517021578977, "Testing accuracy ": 0.7287, "_timestamp": 1709308863.7988627, "_runtime": 43.672818660736084, "_step": 59, "confusion_matrix_table": {"_type": "table-file", "sha256": "d80910371d19af2c07e138963ab4e9703176be03cf9bec1c33c274adc10ab19a", "size": 3190, "artifact_path": "wandb-client-artifact://ngb9qs4hwsbknje5jrr218v9wcrw5e73r5y3zrqa8js2xnxspobuzwjni30kqnxknny0tm6rohufpya89hj84zywy4d8dp7ecp846nomy8f5zew19gxbim1ksrhqu7p9:latest/confusion_matrix_table.table.json", "_latest_artifact_path": "wandb-client-artifact://ngb9qs4hwsbknje5jrr218v9wcrw5e73r5y3zrqa8js2xnxspobuzwjni30kqnxknny0tm6rohufpya89hj84zywy4d8dp7ecp846nomy8f5zew19gxbim1ksrhqu7p9:latest/confusion_matrix_table.table.json", "path": "media/table/confusion_matrix_table_59_d80910371d19af2c07e1.table.json", "ncols": 3, "nrows": 100}, "_wandb": {"runtime": 42}}