{"Epoch ": 9, "Training loss ": 0.8997340443889263, "Training accuracy ": 0.1, "Validation loss ": 0.8997334366874273, "Validation accuracy ": 0.1, "Testing loss ": 0.8997351087378064, "Testing accuracy ": 0.1, "_timestamp": 1709528677.251466, "_runtime": 36.58629298210144, "_step": 19, "confusion_matrix_table": {"_type": "table-file", "sha256": "08fe1c64df5b76934b26d06da88d1c97433567816ee39fc4f4fba51d2696f962", "size": 3152, "artifact_path": "wandb-client-artifact://gc1ziyhoik194s7hcwzgebenix38d6k1ue1q1i5en85027vz2c8329trtugcpcsvzs615koh19vne6yr1cb7bvf4epn87ufp9e2crq6l5zbgr8zpz4ocyjzrgfkbcoy3:latest/confusion_matrix_table.table.json", "_latest_artifact_path": "wandb-client-artifact://gc1ziyhoik194s7hcwzgebenix38d6k1ue1q1i5en85027vz2c8329trtugcpcsvzs615koh19vne6yr1cb7bvf4epn87ufp9e2crq6l5zbgr8zpz4ocyjzrgfkbcoy3:latest/confusion_matrix_table.table.json", "path": "media/table/confusion_matrix_table_19_08fe1c64df5b76934b26.table.json", "ncols": 3, "nrows": 100}, "_wandb": {"runtime": 35}}