{"Epoch ": 19, "Training loss ": 0.5404717642914407, "Training accuracy ": 0.8133518518518519, "Validation loss ": 0.5476959942887133, "Validation accuracy ": 0.8098333333333333, "Testing loss ": 0.5679446717911392, "Testing accuracy ": 0.8034, "_timestamp": 1709040407.268718, "_runtime": 27.28978705406189, "_step": 39, "confusion_matrix_table": {"_type": "table-file", "sha256": "26cf3a14aa7899df32fd5ae92ae9f4eb7cc2544d52378b3f81da7c18e1aa0f65", "size": 3179, "artifact_path": "wandb-client-artifact://mjbi2lipdl2wctpq2nbizaxr8mkx4id0l78oyeiwp0ycq9upmtcz3oiipqgtpf4iuife8lqd8ponwtayzlikf1j32mhub85ddd9ru1i3t3xix39y5h8euuvvk4wms4kt:latest/confusion_matrix_table.table.json", "_latest_artifact_path": "wandb-client-artifact://mjbi2lipdl2wctpq2nbizaxr8mkx4id0l78oyeiwp0ycq9upmtcz3oiipqgtpf4iuife8lqd8ponwtayzlikf1j32mhub85ddd9ru1i3t3xix39y5h8euuvvk4wms4kt:latest/confusion_matrix_table.table.json", "path": "media/table/confusion_matrix_table_39_26cf3a14aa7899df32fd.table.json", "ncols": 3, "nrows": 100}, "_wandb": {"runtime": 26}}