{"Epoch ": 9, "Training loss ": 0.9032690648819109, "Training accuracy ": 0.43422222222222223, "Validation loss ": 0.9283660925381403, "Validation accuracy ": 0.41833333333333333, "Testing loss ": 0.9117853548026533, "Testing accuracy ": 0.4334, "_timestamp": 1709531183.7638497, "_runtime": 38.780144691467285, "_step": 19, "confusion_matrix_table": {"_type": "table-file", "sha256": "b1e003c512dcb286e2add7a1cc8ce951a687448db26144873ff1918bcb5ff586", "size": 3159, "artifact_path": "wandb-client-artifact://qhbizx3bkl47mnkm3p7airpr3ao9bwmznq8fpd5qarqixkdyvmp1tn1r66u2xphak4a3y36btda11n80z4ocb14iegvtn5oqrwy3nbegk8k1rh5tivho6tlh6h0lgtno:latest/confusion_matrix_table.table.json", "_latest_artifact_path": "wandb-client-artifact://qhbizx3bkl47mnkm3p7airpr3ao9bwmznq8fpd5qarqixkdyvmp1tn1r66u2xphak4a3y36btda11n80z4ocb14iegvtn5oqrwy3nbegk8k1rh5tivho6tlh6h0lgtno:latest/confusion_matrix_table.table.json", "path": "media/table/confusion_matrix_table_19_b1e003c512dcb286e2ad.table.json", "ncols": 3, "nrows": 100}, "_wandb": {"runtime": 38}}