{"Epoch ": 9, "Training loss ": 0.3424894302935509, "Training accuracy ": 0.8823703703703704, "Validation loss ": 0.42342970798612306, "Validation accuracy ": 0.8628333333333333, "Testing loss ": 0.4514043130763846, "Testing accuracy ": 0.8551, "_timestamp": 1709486896.7084725, "_runtime": 242.7064185142517, "_step": 19, "confusion_matrix_table": {"_type": "table-file", "sha256": "eebf3a46f6c697d1a5896a17dcd7d755e75839923ac4eca8f87cc8ccd2237872", "size": 3169, "artifact_path": "wandb-client-artifact://zvqkfpnx116doooxvz2nzxb18cllqni8dmpan1r86b77dgbw4f0q9o2qqjxyri1kkgqpwu1pgtunstmkn2iok397t49je0qitedin0ubapj989t4numzdd59v0evl90m:latest/confusion_matrix_table.table.json", "_latest_artifact_path": "wandb-client-artifact://zvqkfpnx116doooxvz2nzxb18cllqni8dmpan1r86b77dgbw4f0q9o2qqjxyri1kkgqpwu1pgtunstmkn2iok397t49je0qitedin0ubapj989t4numzdd59v0evl90m:latest/confusion_matrix_table.table.json", "path": "media/table/confusion_matrix_table_19_eebf3a46f6c697d1a589.table.json", "ncols": 3, "nrows": 100}, "_wandb": {"runtime": 241}}