{"Epoch ": 14, "Training loss ": 0.24580117651078315, "Training accuracy ": 0.9087962962962963, "Validation loss ": 0.35461950149094523, "Validation accuracy ": 0.8801666666666667, "Testing loss ": 0.38132387808327545, "Testing accuracy ": 0.8718, "_timestamp": 1709483248.0686686, "_runtime": 381.7057626247406, "_step": 29, "confusion_matrix_table": {"_type": "table-file", "sha256": "6ca5cbee70820465dee2383a6fe0fc3c3622008b1dadbbc48554a605b3f5d0f3", "size": 3173, "artifact_path": "wandb-client-artifact://gjep250c3xx6c0bcqmz1prrwnfagadui8mehxpdd0j1k392f0w0309l9olcl0lu8g7gq50o5tfcf35tzgpjvmllwyz5fk29go8t94lyzjfxfbjh7h5hwc46dvz173y5y:latest/confusion_matrix_table.table.json", "_latest_artifact_path": "wandb-client-artifact://gjep250c3xx6c0bcqmz1prrwnfagadui8mehxpdd0j1k392f0w0309l9olcl0lu8g7gq50o5tfcf35tzgpjvmllwyz5fk29go8t94lyzjfxfbjh7h5hwc46dvz173y5y:latest/confusion_matrix_table.table.json", "path": "media/table/confusion_matrix_table_29_6ca5cbee70820465dee2.table.json", "ncols": 3, "nrows": 100}, "_wandb": {"runtime": 380}}