{"Epoch ": 4, "Training loss ": 0.24526048187905605, "Training accuracy ": 0.8385185185185186, "Validation loss ": 0.24372193722997565, "Validation accuracy ": 0.8376666666666667, "Testing loss ": 0.259844408592882, "Testing accuracy ": 0.824, "_timestamp": 1709629716.8358583, "_runtime": 18.898855447769165, "_step": 9, "confusion_matrix_table": {"_type": "table-file", "sha256": "eb2e1c5b8d83f58ba5ca0faf2d1026eea7aba051728cb7716b30aac988ce7e67", "size": 3172, "artifact_path": "wandb-client-artifact://hly9mwlk65fjeq6g0x13i63laeaffwyp2ro1c96mzng21ila30ry09z71xcy8fff9430qit0a81v2xhdvzmm7wgbtjhbxz67v26345p3qw5h4htxl0rxsqhs7e93o0e8:latest/confusion_matrix_table.table.json", "_latest_artifact_path": "wandb-client-artifact://hly9mwlk65fjeq6g0x13i63laeaffwyp2ro1c96mzng21ila30ry09z71xcy8fff9430qit0a81v2xhdvzmm7wgbtjhbxz67v26345p3qw5h4htxl0rxsqhs7e93o0e8:latest/confusion_matrix_table.table.json", "path": "media/table/confusion_matrix_table_9_eb2e1c5b8d83f58ba5ca.table.json", "ncols": 3, "nrows": 100}, "_wandb": {"runtime": 13}}