{"Epoch ": 9, "Training loss ": 0.20538471794158772, "Training accuracy ": 0.8475555555555555, "Validation loss ": 0.2185510611522639, "Validation accuracy ": 0.8395, "Testing loss ": 0.22987959572340788, "Testing accuracy ": 0.8335, "_timestamp": 1709629780.0398417, "_runtime": 47.80638861656189, "_step": 19, "confusion_matrix_table": {"_type": "table-file", "sha256": "d11e2bf802f49abe3cfa0fd54ee8e304b5e1c0344a328de8dc42bdb9ffbf139e", "size": 3175, "artifact_path": "wandb-client-artifact://quxhknu7l8si7mpll72zcgxnif32r1dg9dcf3b1xkoab8bopqph87d9caroueg0xi9g11eq9wi8wiv4f9hd0fu8i4qoaera6ykqfmb02nmuwz561eba72vdrg6l1bhxa:latest/confusion_matrix_table.table.json", "_latest_artifact_path": "wandb-client-artifact://quxhknu7l8si7mpll72zcgxnif32r1dg9dcf3b1xkoab8bopqph87d9caroueg0xi9g11eq9wi8wiv4f9hd0fu8i4qoaera6ykqfmb02nmuwz561eba72vdrg6l1bhxa:latest/confusion_matrix_table.table.json", "path": "media/table/confusion_matrix_table_19_d11e2bf802f49abe3cfa.table.json", "ncols": 3, "nrows": 100}, "_wandb": {"runtime": 47}}