{"Epoch ": 24, "Training loss ": 0.03360882809397262, "Training accuracy ": 0.9893888888888889, "Validation loss ": 0.2043243484353823, "Validation accuracy ": 0.9598333333333333, "Testing loss ": 0.169757803641746, "Testing accuracy ": 0.9647, "_timestamp": 1709500803.4281032, "_runtime": 94.85709714889526, "_step": 49, "confusion_matrix_table": {"_type": "table-file", "sha256": "e6cb988ead611d38ad25fe9271d927e0fd781cbaf33370deb5cd59218a3f10f5", "size": 3156, "artifact_path": "wandb-client-artifact://t7j5w0cqt5n1kvuk3ou1thses780f6ex60jtjkhdp5y50ze596leot4tv3ck09p75ji2fllzl7wgypa0yaojqam9hfcrfbmjocs3hi9ecebrl2q08jc17sdrivpagjgh:latest/confusion_matrix_table.table.json", "_latest_artifact_path": "wandb-client-artifact://t7j5w0cqt5n1kvuk3ou1thses780f6ex60jtjkhdp5y50ze596leot4tv3ck09p75ji2fllzl7wgypa0yaojqam9hfcrfbmjocs3hi9ecebrl2q08jc17sdrivpagjgh:latest/confusion_matrix_table.table.json", "path": "media/table/confusion_matrix_table_49_e6cb988ead611d38ad25.table.json", "ncols": 3, "nrows": 100}, "_wandb": {"runtime": 94}}