{"Epoch ": 14, "Training loss ": 0.3579916461783654, "Training accuracy ": 0.8705925925925926, "Validation loss ": 0.43032067217771314, "Validation accuracy ": 0.8531666666666666, "Testing loss ": 0.4528090700759395, "Testing accuracy ": 0.8442, "_timestamp": 1709448837.3669493, "_runtime": 151.90450429916382, "_step": 29, "confusion_matrix_table": {"_type": "table-file", "sha256": "d79f8018b6ab3dc4da86fe6500a7cd330d92cb78a90f2d9bd4b15bc4b7997eba", "size": 3175, "artifact_path": "wandb-client-artifact://qnv6t0i5l832aqsgzuq102c9nlupfbfqf4kd8f6aw9wr7s2gtcw77ooff2vqxfwk4zagq4b9vj498uwbxno28qfgzvo8vg679mfahm7tookxed3fznlizv5m4v4m5dpy:latest/confusion_matrix_table.table.json", "_latest_artifact_path": "wandb-client-artifact://qnv6t0i5l832aqsgzuq102c9nlupfbfqf4kd8f6aw9wr7s2gtcw77ooff2vqxfwk4zagq4b9vj498uwbxno28qfgzvo8vg679mfahm7tookxed3fznlizv5m4v4m5dpy:latest/confusion_matrix_table.table.json", "path": "media/table/confusion_matrix_table_29_d79f8018b6ab3dc4da86.table.json", "ncols": 3, "nrows": 100}, "_wandb": {"runtime": 151}}