{"Epoch ": 19, "Training loss ": 0.20963171803199998, "Training accuracy ": 0.9220185185185186, "Validation loss ": 0.3383783151157309, "Validation accuracy ": 0.8865, "Testing loss ": 0.3755529418858055, "Testing accuracy ": 0.8754, "_timestamp": 1709453262.211413, "_runtime": 53.75597095489502, "_step": 39, "confusion_matrix_table": {"_type": "table-file", "sha256": "fa1465ce8c7950fb7a8a5f285396b344cf521ce16ab0a6a17481b4a433c3e8b7", "size": 3169, "artifact_path": "wandb-client-artifact://4htp388z460lbic2jfgtsta9klvtf9ai4c315c4owczgsxzzm0fmgt53hsqk55ftt2sj0mbft1pa7e4889k38wwy4s2cqyy2enimcqie66j9n4qzdvy3dqlj07xw5u8g:latest/confusion_matrix_table.table.json", "_latest_artifact_path": "wandb-client-artifact://4htp388z460lbic2jfgtsta9klvtf9ai4c315c4owczgsxzzm0fmgt53hsqk55ftt2sj0mbft1pa7e4889k38wwy4s2cqyy2enimcqie66j9n4qzdvy3dqlj07xw5u8g:latest/confusion_matrix_table.table.json", "path": "media/table/confusion_matrix_table_39_fa1465ce8c7950fb7a8a.table.json", "ncols": 3, "nrows": 100}, "_wandb": {"runtime": 52}}