{"Epoch ": 9, "Training loss ": 0.7796058369079627, "Training accuracy ": 0.3405925925925926, "Validation loss ": 0.7807406082217206, "Validation accuracy ": 0.33766666666666667, "Testing loss ": 0.786335560320322, "Testing accuracy ": 0.3345, "_timestamp": 1709308715.48398, "_runtime": 137.19959497451782, "_step": 19, "confusion_matrix_table": {"_type": "table-file", "sha256": "4314f230d2aa1c94571028e638ca246e767f2f0a0c85c26d6754d96381cd6907", "size": 3159, "artifact_path": "wandb-client-artifact://r1llmrxr4vpd6uixqv21pnzauk8d5tui6u64hz9dqsdwbo0e055klgfu6976km990ggt25uue7eqxorgk4f4jxrpzkp1le5a3b8sofmk49pl0vdlo8hypmce88tr8u0f:latest/confusion_matrix_table.table.json", "_latest_artifact_path": "wandb-client-artifact://r1llmrxr4vpd6uixqv21pnzauk8d5tui6u64hz9dqsdwbo0e055klgfu6976km990ggt25uue7eqxorgk4f4jxrpzkp1le5a3b8sofmk49pl0vdlo8hypmce88tr8u0f:latest/confusion_matrix_table.table.json", "path": "media/table/confusion_matrix_table_19_4314f230d2aa1c945710.table.json", "ncols": 3, "nrows": 100}, "_wandb": {"runtime": 136}}