{"Epoch ": 9, "Training loss ": 0.2744530607451041, "Training accuracy ": 0.8210185185185185, "Validation loss ": 0.27958813686920947, "Validation accuracy ": 0.8135, "Testing loss ": 0.28617413276007, "Testing accuracy ": 0.8087, "_timestamp": 1709145194.2630298, "_runtime": 38.75753879547119, "_step": 19, "confusion_matrix_table": {"_type": "table-file", "sha256": "2adf089ee6e78b726cbf88beef7fa457d855653fc39f2ef6305c952f453c0113", "size": 3176, "artifact_path": "wandb-client-artifact://o3u6uuakp7hjpwpx8vhaemb1iaq1ltscgdhkxr4q434m413jx73g41ogs6y0o9qt6af7je1jrzp3fccn2zkl21ej8q5i3oyno94sh0yq7ngzlrgetnu82gp3bwlhbufo:latest/confusion_matrix_table.table.json", "_latest_artifact_path": "wandb-client-artifact://o3u6uuakp7hjpwpx8vhaemb1iaq1ltscgdhkxr4q434m413jx73g41ogs6y0o9qt6af7je1jrzp3fccn2zkl21ej8q5i3oyno94sh0yq7ngzlrgetnu82gp3bwlhbufo:latest/confusion_matrix_table.table.json", "path": "media/table/confusion_matrix_table_19_2adf089ee6e78b726cbf.table.json", "ncols": 3, "nrows": 100}, "_wandb": {"runtime": 38}}