{"Epoch ": 29, "Training loss ": 0.38194771816124146, "Training accuracy ": 0.8640925925925926, "Validation loss ": 0.40390477344332787, "Validation accuracy ": 0.8566666666666667, "Testing loss ": 0.4235655391152054, "Testing accuracy ": 0.8507, "_timestamp": 1709448049.5935254, "_runtime": 87.40577340126038, "_step": 59, "confusion_matrix_table": {"_type": "table-file", "sha256": "f610f7bb6dbad5322e6c75192f3186a398b25b653f9b71bf71947df613706c92", "size": 3176, "artifact_path": "wandb-client-artifact://g7o1e03vyu5z0bqh4mdj3jmcqqt14wwhyg59ov0i4io8d7vwmvb00iir018f40r2829juqnab249wg50u9htmua9soj265doc7z725016dqpbkg1m2prlmt80ix1olpa:latest/confusion_matrix_table.table.json", "_latest_artifact_path": "wandb-client-artifact://g7o1e03vyu5z0bqh4mdj3jmcqqt14wwhyg59ov0i4io8d7vwmvb00iir018f40r2829juqnab249wg50u9htmua9soj265doc7z725016dqpbkg1m2prlmt80ix1olpa:latest/confusion_matrix_table.table.json", "path": "media/table/confusion_matrix_table_59_f610f7bb6dbad5322e6c.table.json", "ncols": 3, "nrows": 100}, "_wandb": {"runtime": 86}}