{"Epoch ": 14, "Training loss ": 1.0690291394267644, "Training accuracy ": 0.2281111111111111, "Validation loss ": 1.0688279114133061, "Validation accuracy ": 0.22833333333333333, "Testing loss ": 1.0685206538916998, "Testing accuracy ": 0.2262, "_timestamp": 1709304144.397152, "_runtime": 463.4913170337677, "_step": 29, "confusion_matrix_table": {"_type": "table-file", "sha256": "61faf17e2f2da478ce61461b2afe58313d21230fbe4555738e902951b479b6f7", "size": 3155, "artifact_path": "wandb-client-artifact://94g8ue8wupanngs6iv1kfecsl35fe8qi6ryn41ghcbx9obcd8ojuqk0rtmtob4rpon3jkenx9k7zbc9tvv01wjd0f2sgq8f3f0tvq3fzio2lcrtz2a5jyggl46sobaa6:latest/confusion_matrix_table.table.json", "_latest_artifact_path": "wandb-client-artifact://94g8ue8wupanngs6iv1kfecsl35fe8qi6ryn41ghcbx9obcd8ojuqk0rtmtob4rpon3jkenx9k7zbc9tvv01wjd0f2sgq8f3f0tvq3fzio2lcrtz2a5jyggl46sobaa6:latest/confusion_matrix_table.table.json", "path": "media/table/confusion_matrix_table_29_61faf17e2f2da478ce61.table.json", "ncols": 3, "nrows": 100}, "_wandb": {"runtime": 462}}