{"Epoch ": 24, "Training loss ": 0.14935952910816355, "Training accuracy ": 0.8978148148148148, "Validation loss ": 0.17405034385874898, "Validation accuracy ": 0.8776666666666667, "Testing loss ": 0.18674634888419228, "Testing accuracy ": 0.8709, "_timestamp": 1709528479.4557047, "_runtime": 155.62300062179565, "_step": 49, "confusion_matrix_table": {"_type": "table-file", "sha256": "bb52157826146da63b0287eff65d5ea4818253e5cb8e10d1dd86b07798232f77", "size": 3171, "artifact_path": "wandb-client-artifact://dtwunf1ng32jzhtkoo5rm7hkeqmarg6ncokxechjg9n92ioidrbk43ek7mcttgx1e1xszut2u61lyyseq2y4xmaseybini0u2s7larkgih4dy1q2lixckhdum22sqo5l:latest/confusion_matrix_table.table.json", "_latest_artifact_path": "wandb-client-artifact://dtwunf1ng32jzhtkoo5rm7hkeqmarg6ncokxechjg9n92ioidrbk43ek7mcttgx1e1xszut2u61lyyseq2y4xmaseybini0u2s7larkgih4dy1q2lixckhdum22sqo5l:latest/confusion_matrix_table.table.json", "path": "media/table/confusion_matrix_table_49_bb52157826146da63b02.table.json", "ncols": 3, "nrows": 100}, "_wandb": {"runtime": 154}}