{"Epoch ": 9, "Training loss ": 0.5049280324464822, "Training accuracy ": 0.8311481481481482, "Validation loss ": 0.49957526086843046, "Validation accuracy ": 0.8315, "Testing loss ": 0.5312644944971524, "Testing accuracy ": 0.8181, "_timestamp": 1709451933.3096974, "_runtime": 29.37010431289673, "_step": 19, "confusion_matrix_table": {"_type": "table-file", "sha256": "646a4214b98b8dcae23b662ad71360d1e2d0759b6d3e658570c45380f3fbe7b0", "size": 3179, "artifact_path": "wandb-client-artifact://prc9lsj5wt2k52okx442wt7pzl4x3kitr2tjk8xezld2wmytam76oee6a8aiij64hska9193j48sh90730epxpjulygkdwhqrv2arw2um73865wmdfh6acja55wjz8h5:latest/confusion_matrix_table.table.json", "_latest_artifact_path": "wandb-client-artifact://prc9lsj5wt2k52okx442wt7pzl4x3kitr2tjk8xezld2wmytam76oee6a8aiij64hska9193j48sh90730epxpjulygkdwhqrv2arw2um73865wmdfh6acja55wjz8h5:latest/confusion_matrix_table.table.json", "path": "media/table/confusion_matrix_table_19_646a4214b98b8dcae23b.table.json", "ncols": 3, "nrows": 100}, "_wandb": {"runtime": 28}}