{"Epoch ": 14, "Training loss ": 0.858702607131255, "Training accuracy ": 0.7901666666666667, "Validation loss ": 0.8503625717451324, "Validation accuracy ": 0.7905, "Testing loss ": 0.9104692807380894, "Testing accuracy ": 0.7826, "_timestamp": 1709474435.231509, "_runtime": 344.7948360443115, "_step": 29, "confusion_matrix_table": {"_type": "table-file", "sha256": "bf7c152a149e2f1c38fa5b5c27d34b3ed5ded50e05fad18988b351c5d7b4f6ff", "size": 3177, "artifact_path": "wandb-client-artifact://e1gj987qxhbyztla5wyqngcv50rocpxmthszz90j29vkgfphfj0iakfm7yyj4jl6830l3dk6reg1be390m5gdq4nzjg93x8zfs4xpllkmlk7067lz92ydkcewl49fwqk:latest/confusion_matrix_table.table.json", "_latest_artifact_path": "wandb-client-artifact://e1gj987qxhbyztla5wyqngcv50rocpxmthszz90j29vkgfphfj0iakfm7yyj4jl6830l3dk6reg1be390m5gdq4nzjg93x8zfs4xpllkmlk7067lz92ydkcewl49fwqk:latest/confusion_matrix_table.table.json", "path": "media/table/confusion_matrix_table_29_bf7c152a149e2f1c38fa.table.json", "ncols": 3, "nrows": 100}, "_wandb": {"runtime": 344}}