{"Epoch": 19, "Training loss": 0.5556673201718119, "Training accuracy": 0.8192592592592592, "Validation loss": 0.5897839872776471, "Validation accuracy": 0.8143333333333334, "Testing loss": 0.6133013160090911, "Testing accuracy": 0.8034, "_timestamp": 1709120476.44666, "_runtime": 53.787588119506836, "_step": 39, "confusion_matrix_table": {"_type": "table-file", "sha256": "ccb7364de00dea89d59c8c4a9f80c70dbeb072fdd980efb5162d36c6cc5ec992", "size": 3177, "artifact_path": "wandb-client-artifact://9yoztd13217uq3xvy7kj72tait66e49zxxw5nop90mvemujh4ecgbwmn2iy7eg5p68wyama6t3n0jgn5kvn4pdh248j9y2h4ks1kixocib91bl0jf7htla896nra607v:latest/confusion_matrix_table.table.json", "_latest_artifact_path": "wandb-client-artifact://9yoztd13217uq3xvy7kj72tait66e49zxxw5nop90mvemujh4ecgbwmn2iy7eg5p68wyama6t3n0jgn5kvn4pdh248j9y2h4ks1kixocib91bl0jf7htla896nra607v:latest/confusion_matrix_table.table.json", "path": "media/table/confusion_matrix_table_39_ccb7364de00dea89d59c.table.json", "ncols": 3, "nrows": 100}, "_wandb": {"runtime": 53}}