{"Epoch ": 4, "Training loss ": 0.40721922302723684, "Training accuracy ": 0.853574074074074, "Validation loss ": 0.41555171789213347, "Validation accuracy ": 0.8555, "Testing loss ": 0.44378425346870326, "Testing accuracy ": 0.841, "_timestamp": 1709130872.0533695, "_runtime": 42.15269446372986, "_step": 9, "confusion_matrix_table": {"_type": "table-file", "sha256": "26310f6a4eb584923420efeca18344ce72762f728fa95e589b90e1cb9764d5c3", "size": 3172, "artifact_path": "wandb-client-artifact://45od9xkbdgdpfs3uh4kdhdkiszz6x6uoci9jy38jhg8f2vfqvahjn1y0uave7ejqndch96d1tcer7k96zj8y9qp5zfml9micevmjq5sx5in79szms0vnr0t1uxohd2xo:latest/confusion_matrix_table.table.json", "_latest_artifact_path": "wandb-client-artifact://45od9xkbdgdpfs3uh4kdhdkiszz6x6uoci9jy38jhg8f2vfqvahjn1y0uave7ejqndch96d1tcer7k96zj8y9qp5zfml9micevmjq5sx5in79szms0vnr0t1uxohd2xo:latest/confusion_matrix_table.table.json", "path": "media/table/confusion_matrix_table_9_26310f6a4eb584923420.table.json", "ncols": 3, "nrows": 100}, "_wandb": {"runtime": 41}}