{"Epoch ": 4, "Training loss ": 0.4426383411335015, "Training accuracy ": 0.8457037037037037, "Validation loss ": 0.4677543542038498, "Validation accuracy ": 0.8383333333333334, "Testing loss ": 0.500073255712811, "Testing accuracy ": 0.8269, "_timestamp": 1709401343.0576339, "_runtime": 31.393332958221436, "_step": 9, "confusion_matrix_table": {"_type": "table-file", "sha256": "08b402615a211f4b02b73b7d60b47217b01adc55803a912dc352b642ee153a96", "size": 3177, "artifact_path": "wandb-client-artifact://5jwolkp8py0afw456o2pp1k007rd9opgpix5i96l1vkvjl5ttqw4pmvctt1kknzkooecbkkn8vvc6utocxdg938s04j7z8nhhftl954eum02jddspbnaa9lhehg42y00:latest/confusion_matrix_table.table.json", "_latest_artifact_path": "wandb-client-artifact://5jwolkp8py0afw456o2pp1k007rd9opgpix5i96l1vkvjl5ttqw4pmvctt1kknzkooecbkkn8vvc6utocxdg938s04j7z8nhhftl954eum02jddspbnaa9lhehg42y00:latest/confusion_matrix_table.table.json", "path": "media/table/confusion_matrix_table_9_08b402615a211f4b02b7.table.json", "ncols": 3, "nrows": 100}, "_wandb": {"runtime": 30}}