{"Epoch ": 29, "Training loss ": 0.25294552047715985, "Training accuracy ": 0.9051851851851852, "Validation loss ": 0.38687089101054856, "Validation accuracy ": 0.8803333333333333, "Testing loss ": 0.4480622734791009, "Testing accuracy ": 0.8596, "_timestamp": 1709128676.2531447, "_runtime": 199.8701047897339, "_step": 59, "confusion_matrix_table": {"_type": "table-file", "sha256": "fd015d8122785c9f613563cdaeeafb70dacbfd28479a9c8019884ac0a0399368", "size": 3174, "artifact_path": "wandb-client-artifact://bo46ousz63a0uwmxy36piwm5xhl3faiinru50ynti03ruz6ti2wlwyai2cigysnbxbp2re5junajd4raqa151c6e3ib7ua89ames6nlmdpsajyd664jt4e2mwvu5xuu0:latest/confusion_matrix_table.table.json", "_latest_artifact_path": "wandb-client-artifact://bo46ousz63a0uwmxy36piwm5xhl3faiinru50ynti03ruz6ti2wlwyai2cigysnbxbp2re5junajd4raqa151c6e3ib7ua89ames6nlmdpsajyd664jt4e2mwvu5xuu0:latest/confusion_matrix_table.table.json", "path": "media/table/confusion_matrix_table_59_fd015d8122785c9f6135.table.json", "ncols": 3, "nrows": 100}, "_wandb": {"runtime": 199}}