{"Epoch ": 24, "Training loss ": 0.11223814573323378, "Training accuracy ": 0.9648518518518518, "Validation loss ": 0.15761856835698596, "Validation accuracy ": 0.951, "Testing loss ": 0.1677089111486388, "Testing accuracy ": 0.9498, "_timestamp": 1709502908.6046886, "_runtime": 92.44787359237671, "_step": 49, "confusion_matrix_table": {"_type": "table-file", "sha256": "e996b7b5e260aa705b1761dd5a59172f3ac3f02cd2d3d9e0b66e8e8787f7a12e", "size": 3162, "artifact_path": "wandb-client-artifact://xkuapqn2qrxcnovv32jbga619wlylbe5u7n3x4cuojjfv7bh9iggtean5o5v1p1w5nc7qmudgjbb48iwe0rw4b5kydgwxbdrhs1rcj0mftxtpvw1qabaa5mfo8u3ie0c:latest/confusion_matrix_table.table.json", "_latest_artifact_path": "wandb-client-artifact://xkuapqn2qrxcnovv32jbga619wlylbe5u7n3x4cuojjfv7bh9iggtean5o5v1p1w5nc7qmudgjbb48iwe0rw4b5kydgwxbdrhs1rcj0mftxtpvw1qabaa5mfo8u3ie0c:latest/confusion_matrix_table.table.json", "path": "media/table/confusion_matrix_table_49_e996b7b5e260aa705b17.table.json", "ncols": 3, "nrows": 100}, "_wandb": {"runtime": 91}}