{"Epoch ": 24, "Training loss ": 0.9000000036039579, "Training accuracy ": 0.1, "Validation loss ": 0.9000000036039579, "Validation accuracy ": 0.1, "Testing loss ": 0.9000000036039579, "Testing accuracy ": 0.1, "_timestamp": 1709148923.799487, "_runtime": 944.587033033371, "_step": 49, "confusion_matrix_table": {"_type": "table-file", "sha256": "6d7d5406d471dcaa7392abe06d312f6ff2245b40eb9127b1a192fa52803c93f3", "size": 3152, "artifact_path": "wandb-client-artifact://zl6ep7crs70y3lk6iwj9jv9gq66jv3zpkguwc5nwf74gyn6b155jrks6gyecrynfhizrz445pinm5i2hm50g0thlp6al4uz7gbw42hb952zmg5cu8q9vofq22a4u8zub:latest/confusion_matrix_table.table.json", "_latest_artifact_path": "wandb-client-artifact://zl6ep7crs70y3lk6iwj9jv9gq66jv3zpkguwc5nwf74gyn6b155jrks6gyecrynfhizrz445pinm5i2hm50g0thlp6al4uz7gbw42hb952zmg5cu8q9vofq22a4u8zub:latest/confusion_matrix_table.table.json", "path": "media/table/confusion_matrix_table_49_6d7d5406d471dcaa7392.table.json", "ncols": 3, "nrows": 100}, "_wandb": {"runtime": 943}}