{"Epoch ": 29, "Training loss ": 0.1382077469909993, "Training accuracy ": 0.9592222222222222, "Validation loss ": 0.2223999492262476, "Validation accuracy ": 0.939, "Testing loss ": 0.2112777111939527, "Testing accuracy ": 0.9428, "_timestamp": 1709496373.6325364, "_runtime": 63.254056453704834, "_step": 59, "confusion_matrix_table": {"_type": "table-file", "sha256": "f0e87168d408f5240360c2ba3f07887b410e504d1c81ca73f0e068065ab89750", "size": 3164, "artifact_path": "wandb-client-artifact://00j4apu8krojn2mm08tlszbi8rrza0y2lwyfay7o7ymxjuaewu59h9yhdms8ou0jiocyl8trxy0qjraempk90x7lwcrnzs4wivcl0sav8dcyeoty71oq0i1ththblxdi:latest/confusion_matrix_table.table.json", "_latest_artifact_path": "wandb-client-artifact://00j4apu8krojn2mm08tlszbi8rrza0y2lwyfay7o7ymxjuaewu59h9yhdms8ou0jiocyl8trxy0qjraempk90x7lwcrnzs4wivcl0sav8dcyeoty71oq0i1ththblxdi:latest/confusion_matrix_table.table.json", "path": "media/table/confusion_matrix_table_59_f0e87168d408f5240360.table.json", "ncols": 3, "nrows": 100}, "_wandb": {"runtime": 62}}