{"Epoch ": 29, "Training loss ": 0.3043173373424066, "Training accuracy ": 0.890462962962963, "Validation loss ": 0.372632452919834, "Validation accuracy ": 0.869, "Testing loss ": 0.38939917894698445, "Testing accuracy ": 0.8635, "_timestamp": 1709449286.0818956, "_runtime": 57.4013876914978, "_step": 59, "confusion_matrix_table": {"_type": "table-file", "sha256": "c4106a4d48adcc2e5a3ca89c5e63c58fbc2525b438a02c72b32444f9307f1ec7", "size": 3170, "artifact_path": "wandb-client-artifact://zggr2jgi2qrv4nczq5jwdlrgtbe2n7qottmncm9ik00vv9f55krfwo368abahw58o7olk4schwvhgqqh8nv4tveqs5wo7j1ribliqg79j8h1956yyggr23q8hviia55w:latest/confusion_matrix_table.table.json", "_latest_artifact_path": "wandb-client-artifact://zggr2jgi2qrv4nczq5jwdlrgtbe2n7qottmncm9ik00vv9f55krfwo368abahw58o7olk4schwvhgqqh8nv4tveqs5wo7j1ribliqg79j8h1956yyggr23q8hviia55w:latest/confusion_matrix_table.table.json", "path": "media/table/confusion_matrix_table_59_c4106a4d48adcc2e5a3c.table.json", "ncols": 3, "nrows": 100}, "_wandb": {"runtime": 56}}