{"Epoch ": 4, "Training loss ": 0.4205875485426131, "Training accuracy ": 0.8527777777777777, "Validation loss ": 0.4534115768042014, "Validation accuracy ": 0.8468333333333333, "Testing loss ": 0.4644965292878099, "Testing accuracy ": 0.8348, "_timestamp": 1709126677.7535808, "_runtime": 27.421406745910645, "_step": 9, "confusion_matrix_table": {"_type": "table-file", "sha256": "071f33bbc9fd84eba6894bdd81c84260262ca1b3af61417d8e86d606681a4f22", "size": 3174, "artifact_path": "wandb-client-artifact://knvmlnl0ovckfyign8a1a7rdpjfyy3eno0nxu1f2who8q52y9daz887fdg20em5ety637u03r3i5rl9q8abcqik76xxf5405oszi6wi9ehsg05ktlxocm0osj6317u5a:latest/confusion_matrix_table.table.json", "_latest_artifact_path": "wandb-client-artifact://knvmlnl0ovckfyign8a1a7rdpjfyy3eno0nxu1f2who8q52y9daz887fdg20em5ety637u03r3i5rl9q8abcqik76xxf5405oszi6wi9ehsg05ktlxocm0osj6317u5a:latest/confusion_matrix_table.table.json", "path": "media/table/confusion_matrix_table_9_071f33bbc9fd84eba689.table.json", "ncols": 3, "nrows": 100}, "_wandb": {"runtime": 26}}