{"Epoch ": 9, "Training loss ": 2.301243888299145, "Training accuracy ": 0.11183333333333334, "Validation loss ": 2.3012833283091596, "Validation accuracy ": 0.11266666666666666, "Testing loss ": 2.301292989159179, "Testing accuracy ": 0.1099, "_timestamp": 1709286695.2255437, "_runtime": 20.885053634643555, "_step": 19, "confusion_matrix_table": {"_type": "table-file", "sha256": "4f01b5577a0ba31843e8d994dd315f7672daf30f4eaf9390f79851f4669874e1", "size": 3180, "artifact_path": "wandb-client-artifact://e7kjpdryi245sqm6gygeprhk2sb76q0jsehbnu2140um0mgg866u8f5mnct774h9qtqulv5m4gknzg1r7o0ag2bxqbl7012azizrfjh4dvxtwefcu82wlt4gxxa1dpnj:latest/confusion_matrix_table.table.json", "_latest_artifact_path": "wandb-client-artifact://e7kjpdryi245sqm6gygeprhk2sb76q0jsehbnu2140um0mgg866u8f5mnct774h9qtqulv5m4gknzg1r7o0ag2bxqbl7012azizrfjh4dvxtwefcu82wlt4gxxa1dpnj:latest/confusion_matrix_table.table.json", "path": "media/table/confusion_matrix_table_19_4f01b5577a0ba31843e8.table.json", "ncols": 3, "nrows": 100}, "_wandb": {"runtime": 20}}