{"Epoch ": 9, "Training loss ": 0.24038600820642317, "Training accuracy ": 0.909537037037037, "Validation loss ": 0.32296011689515575, "Validation accuracy ": 0.8883333333333333, "Testing loss ": 0.36555613660501274, "Testing accuracy ": 0.8763, "_timestamp": 1709136447.4940557, "_runtime": 124.96975874900818, "_step": 19, "confusion_matrix_table": {"_type": "table-file", "sha256": "d40f3fb21d163b49b101c6feff0ae609640ed9f4bb00daaf51e192d3d2ba5b0d", "size": 3169, "artifact_path": "wandb-client-artifact://yguk996i5yhlkv0hgqmtq7aazdu3yzn7hko7wbj1rct42fzlqtoexcjy7idb673ro39ecqmkqkc55pzdbk8y5eu8fs7bs8yjr1dkozpj2b2v8yzeiak2k93i5zs3yx99:latest/confusion_matrix_table.table.json", "_latest_artifact_path": "wandb-client-artifact://yguk996i5yhlkv0hgqmtq7aazdu3yzn7hko7wbj1rct42fzlqtoexcjy7idb673ro39ecqmkqkc55pzdbk8y5eu8fs7bs8yjr1dkozpj2b2v8yzeiak2k93i5zs3yx99:latest/confusion_matrix_table.table.json", "path": "media/table/confusion_matrix_table_19_d40f3fb21d163b49b101.table.json", "ncols": 3, "nrows": 100}, "_wandb": {"runtime": 124}}