{"Epoch ": 29, "Training loss ": 0.7761530084578652, "Training accuracy ": 0.8100925925925926, "Validation loss ": 0.7737069706396557, "Validation accuracy ": 0.8105, "Testing loss ": 0.7969660767395279, "Testing accuracy ": 0.7986, "_timestamp": 1709477113.856544, "_runtime": 49.01028299331665, "_step": 59, "confusion_matrix_table": {"_type": "table-file", "sha256": "9ba11374822fddd29e93d5ce7cbb033783712b13e3546b0e44aab1c5b6bb3b09", "size": 3177, "artifact_path": "wandb-client-artifact://ohixtl2einuqc3do9ly6vyfm9f675xtw9xxbor13sgzjoh1uinb4hjfn3vpjuvwm7p4972v2wkf3yd9am9enxi867nna6cnw9krqnw0dghkmo168yx8awo5g2bbt9fe6:latest/confusion_matrix_table.table.json", "_latest_artifact_path": "wandb-client-artifact://ohixtl2einuqc3do9ly6vyfm9f675xtw9xxbor13sgzjoh1uinb4hjfn3vpjuvwm7p4972v2wkf3yd9am9enxi867nna6cnw9krqnw0dghkmo168yx8awo5g2bbt9fe6:latest/confusion_matrix_table.table.json", "path": "media/table/confusion_matrix_table_59_9ba11374822fddd29e93.table.json", "ncols": 3, "nrows": 100}, "_wandb": {"runtime": 48}}