{"Epoch ": 4, "Training loss ": 0.22604616521826296, "Training accuracy ": 0.8472222222222222, "Validation loss ": 0.22830284018701646, "Validation accuracy ": 0.8435, "Testing loss ": 0.24118681206093392, "Testing accuracy ": 0.8349, "_timestamp": 1709570136.700788, "_runtime": 36.074909925460815, "_step": 9, "confusion_matrix_table": {"_type": "table-file", "sha256": "1e2c72cbe279db585a83efb0cf56735e8d0da3fb965d997e742983b52abfdc29", "size": 3177, "artifact_path": "wandb-client-artifact://zoctvxia09v3l6thdodzibrxy454h3hnvzzfh0ue1tmtnv3t26xm0oflotjvv85ppehhrqwbrc93xv984cfowunjn7curs5aowxvuxj2eprwja582n5pe3nvrqt9b06h:latest/confusion_matrix_table.table.json", "_latest_artifact_path": "wandb-client-artifact://zoctvxia09v3l6thdodzibrxy454h3hnvzzfh0ue1tmtnv3t26xm0oflotjvv85ppehhrqwbrc93xv984cfowunjn7curs5aowxvuxj2eprwja582n5pe3nvrqt9b06h:latest/confusion_matrix_table.table.json", "path": "media/table/confusion_matrix_table_9_1e2c72cbe279db585a83.table.json", "ncols": 3, "nrows": 100}, "_wandb": {"runtime": 35}}