{"Epoch ": 19, "Training loss ": 0.5688825868515343, "Training accuracy ": 0.6442962962962963, "Validation loss ": 0.5779811346375693, "Validation accuracy ": 0.6386666666666667, "Testing loss ": 0.5906915875406592, "Testing accuracy ": 0.6316, "_timestamp": 1709145788.3104444, "_runtime": 74.98631143569946, "_step": 39, "confusion_matrix_table": {"_type": "table-file", "sha256": "d62a24cacba11016775541a482342eabe1a2abc4217a1433804d84896915ccb3", "size": 3164, "artifact_path": "wandb-client-artifact://hxu6m4s0cxanhy5un2ml8hc8z62ydm34v7gy9u9ocx1hk9tsn8o97hljeradc2s5dpbu4e82ho2aneriri6447wamwpbcnfzhl5lqq5lkn7awpnmkuince38vshhiznw:latest/confusion_matrix_table.table.json", "_latest_artifact_path": "wandb-client-artifact://hxu6m4s0cxanhy5un2ml8hc8z62ydm34v7gy9u9ocx1hk9tsn8o97hljeradc2s5dpbu4e82ho2aneriri6447wamwpbcnfzhl5lqq5lkn7awpnmkuince38vshhiznw:latest/confusion_matrix_table.table.json", "path": "media/table/confusion_matrix_table_39_d62a24cacba110167755.table.json", "ncols": 3, "nrows": 100}, "_wandb": {"runtime": 74}}