{"Epoch ": 29, "Training loss ": 0.2438401115252714, "Training accuracy ": 0.9117222222222222, "Validation loss ": 0.35286116928912264, "Validation accuracy ": 0.8795, "Testing loss ": 0.3836435244178115, "Testing accuracy ": 0.8694, "_timestamp": 1709413827.0997612, "_runtime": 43.08198428153992, "_step": 59, "confusion_matrix_table": {"_type": "table-file", "sha256": "30c8a147fdf689b1fb08b7774835f40092357e38c20ab829447eb41e6e4e73fa", "size": 3170, "artifact_path": "wandb-client-artifact://ls6zcvn2kk6h1uuyqxlhzdcc2hc0mk29gql19ovsgf5nnbkx7dcb6zlaejhvf6sff1eshz3bc6iwwq942i6d01lgr23q2opuuv9k0aw3mipehzxv9btpajr40l6oi1gy:latest/confusion_matrix_table.table.json", "_latest_artifact_path": "wandb-client-artifact://ls6zcvn2kk6h1uuyqxlhzdcc2hc0mk29gql19ovsgf5nnbkx7dcb6zlaejhvf6sff1eshz3bc6iwwq942i6d01lgr23q2opuuv9k0aw3mipehzxv9btpajr40l6oi1gy:latest/confusion_matrix_table.table.json", "path": "media/table/confusion_matrix_table_59_30c8a147fdf689b1fb08.table.json", "ncols": 3, "nrows": 100}, "_wandb": {"runtime": 42}}