{"Epoch ": 24, "Training loss ": 0.3358300235355642, "Training accuracy ": 0.8806851851851852, "Validation loss ": 0.34684450562191177, "Validation accuracy ": 0.8761666666666666, "Testing loss ": 0.3893184176250012, "Testing accuracy ": 0.8609, "_timestamp": 1709494041.3748329, "_runtime": 311.5268888473511, "_step": 49, "confusion_matrix_table": {"_type": "table-file", "sha256": "742a8fbf236d006f6dbce5308b757451ca793293949f2c8e4b0f467b53adbd3b", "size": 3171, "artifact_path": "wandb-client-artifact://j2qcdh7w15vn6txe0ui1i7vbl4dqvodhkjn7r0m1bbery57kcaamoevzdeguan0xwi6cg2e7h2cji4b139xieg2fk1j6mhqumanc86cpvhbqtqwijmdgfdjafouivcub:latest/confusion_matrix_table.table.json", "_latest_artifact_path": "wandb-client-artifact://j2qcdh7w15vn6txe0ui1i7vbl4dqvodhkjn7r0m1bbery57kcaamoevzdeguan0xwi6cg2e7h2cji4b139xieg2fk1j6mhqumanc86cpvhbqtqwijmdgfdjafouivcub:latest/confusion_matrix_table.table.json", "path": "media/table/confusion_matrix_table_49_742a8fbf236d006f6dbc.table.json", "ncols": 3, "nrows": 100}, "_wandb": {"runtime": 310}}