{"Epoch ": 9, "Training loss ": 0.41755551072181846, "Training accuracy ": 0.6940185185185185, "Validation loss ": 0.41589437383014594, "Validation accuracy ": 0.6946666666666667, "Testing loss ": 0.4231443914932899, "Testing accuracy ": 0.6891, "_timestamp": 1709142892.1414282, "_runtime": 72.34666132926941, "_step": 19, "confusion_matrix_table": {"_type": "table-file", "sha256": "7a09f98cb62cf421b132009f72ad89ca9eb1799515b890369bae100c32607802", "size": 3179, "artifact_path": "wandb-client-artifact://ro9mefbln9g1mrez8t7edbzupwpll3kd5qrhziod6w3uqazc0d3j7zz1wr5p0od7e7ejxaab4bgtrhci4swfh5998ffhhftvqxe7k7wka1mubm97012rxbtku2632i64:latest/confusion_matrix_table.table.json", "_latest_artifact_path": "wandb-client-artifact://ro9mefbln9g1mrez8t7edbzupwpll3kd5qrhziod6w3uqazc0d3j7zz1wr5p0od7e7ejxaab4bgtrhci4swfh5998ffhhftvqxe7k7wka1mubm97012rxbtku2632i64:latest/confusion_matrix_table.table.json", "path": "media/table/confusion_matrix_table_19_7a09f98cb62cf421b132.table.json", "ncols": 3, "nrows": 100}, "_wandb": {"runtime": 71}}