{"Epoch ": 14, "Training loss ": 0.11400869631298957, "Training accuracy ": 0.9677777777777777, "Validation loss ": 0.21342340628710185, "Validation accuracy ": 0.9448333333333333, "Testing loss ": 0.19271118287919695, "Testing accuracy ": 0.9512, "_timestamp": 1709500946.9272594, "_runtime": 46.30534052848816, "_step": 29, "confusion_matrix_table": {"_type": "table-file", "sha256": "b6be3e1930b8f174e3d059da7f54c180d24d6598574513fe3014d133eff702f9", "size": 3159, "artifact_path": "wandb-client-artifact://aa8gsg0h5nis4kaqez0grpgto91p8qfmabxh9ojl1wbred1fzisa5kkjytzz9f0l4xlvm8v66ieo5tkm880oz832y9psunek93xu3ec9bsuakb34ggnh1shgmiacqwo0:latest/confusion_matrix_table.table.json", "_latest_artifact_path": "wandb-client-artifact://aa8gsg0h5nis4kaqez0grpgto91p8qfmabxh9ojl1wbred1fzisa5kkjytzz9f0l4xlvm8v66ieo5tkm880oz832y9psunek93xu3ec9bsuakb34ggnh1shgmiacqwo0:latest/confusion_matrix_table.table.json", "path": "media/table/confusion_matrix_table_29_b6be3e1930b8f174e3d0.table.json", "ncols": 3, "nrows": 100}, "_wandb": {"runtime": 45}}