{"Epoch ": 9, "Training loss ": 0.19321334294798692, "Training accuracy ": 0.867462962962963, "Validation loss ": 0.20603245879752213, "Validation accuracy ": 0.854, "Testing loss ": 0.21498511857136124, "Testing accuracy ": 0.8508, "_timestamp": 1709631869.7154143, "_runtime": 30.0457763671875, "_step": 19, "confusion_matrix_table": {"_type": "table-file", "sha256": "ec2f56554791d8ca2d896d56dc4ab7db70803fab7f22b7d806ae997ae6e0babc", "size": 3176, "artifact_path": "wandb-client-artifact://4t6g2gw16qt6xxihvdqmugawuje4limjcmerpe5o91njl8joc6i0ylk8u5jr8esvq7q73927256wot1xwej7kkia0htx8cybzxtvzv5pcay2fairxh70cefpztrlanl9:latest/confusion_matrix_table.table.json", "_latest_artifact_path": "wandb-client-artifact://4t6g2gw16qt6xxihvdqmugawuje4limjcmerpe5o91njl8joc6i0ylk8u5jr8esvq7q73927256wot1xwej7kkia0htx8cybzxtvzv5pcay2fairxh70cefpztrlanl9:latest/confusion_matrix_table.table.json", "path": "media/table/confusion_matrix_table_19_ec2f56554791d8ca2d89.table.json", "ncols": 3, "nrows": 100}, "_wandb": {"runtime": 29}}