{"Epoch ": 4, "Training loss ": 7.439785395205212e-06, "Training accuracy ": 0.8521111111111112, "Validation loss ": 7.118205565962499e-05, "Validation accuracy ": 0.8466666666666667, "Testing loss ": 4.6804447020763065e-05, "Testing accuracy ": 0.8338, "_timestamp": 1709006601.6968772, "_runtime": 11.864601135253906, "_step": 9, "confusion_matrix_table": {"_type": "table-file", "sha256": "3e9b3d06f3d798e44bcc570d9d92bd0a39764357de55d2916fe3b7af11ac42ef", "size": 3171, "artifact_path": "wandb-client-artifact://hwiez2mcpcevn3olvts8jwzpybq5u6k2glfkkuzgvnv37xwl0fmtql47f65n2wxkeonz508sjh9iq4xn2z7anysqvdovx4ryoprh4w5lnj83kjjtlu8rklrd89t1hy9r:latest/confusion_matrix_table.table.json", "_latest_artifact_path": "wandb-client-artifact://hwiez2mcpcevn3olvts8jwzpybq5u6k2glfkkuzgvnv37xwl0fmtql47f65n2wxkeonz508sjh9iq4xn2z7anysqvdovx4ryoprh4w5lnj83kjjtlu8rklrd89t1hy9r:latest/confusion_matrix_table.table.json", "path": "media/table/confusion_matrix_table_9_3e9b3d06f3d798e44bcc.table.json", "ncols": 3, "nrows": 100}, "_wandb": {"runtime": 11}}