{"Epoch ": 4, "Training loss ": 0.770197955304793, "Training accuracy ": 0.7261666666666666, "Validation loss ": 0.802495254127363, "Validation accuracy ": 0.7121666666666666, "Testing loss ": 0.813373490028256, "Testing accuracy ": 0.7148, "_timestamp": 1709401300.4408834, "_runtime": 30.667298316955566, "_step": 9, "confusion_matrix_table": {"_type": "table-file", "sha256": "7cd3b6dba72f45c18fa977c76d83b51e0c4b4fb6d60f806170489515bb6167e2", "size": 3185, "artifact_path": "wandb-client-artifact://nqf3km9ywocdokh5otk2n9hhzilbme9dbw5mo6ujp0prpm4nn2l546nmpjyna65hbcef0x8zgqd77thxc37wkpwp603im2948u0pefxmc1i6vozn6h2vc5x3z7kmclxa:latest/confusion_matrix_table.table.json", "_latest_artifact_path": "wandb-client-artifact://nqf3km9ywocdokh5otk2n9hhzilbme9dbw5mo6ujp0prpm4nn2l546nmpjyna65hbcef0x8zgqd77thxc37wkpwp603im2948u0pefxmc1i6vozn6h2vc5x3z7kmclxa:latest/confusion_matrix_table.table.json", "path": "media/table/confusion_matrix_table_9_7cd3b6dba72f45c18fa9.table.json", "ncols": 3, "nrows": 100}, "_wandb": {"runtime": 29}}