{"Epoch ": 4, "Training loss ": 2.302811370739169, "Training accuracy ": 0.1, "Validation loss ": 2.3028113707318343, "Validation accuracy ": 0.1, "Testing loss ": 2.302811370718001, "Testing accuracy ": 0.1, "_timestamp": 1709098648.3679712, "_runtime": 50.58092713356018, "_step": 4, "_wandb": {"runtime": 49}}