{"Epoch ": 19, "Training loss ": 2.3025755059061273, "Training accuracy ": 0.1, "Validation loss ": 2.302575505906151, "Validation accuracy ": 0.1, "Testing loss ": 2.302575505906181, "Testing accuracy ": 0.1, "_timestamp": 1709451548.7268429, "_runtime": 21.101332902908325, "_step": 39, "confusion_matrix_table": {"_type": "table-file", "sha256": "79d37d621cf296d37cde7d0d15286c56cfc42a5c1278ce330c7b2969b1f0e66f", "size": 3152, "artifact_path": "wandb-client-artifact://2aiyhcgn9uxg1glz7jb866ph1wgh51p9h1au9bu0vdyj82yfb7n9x0yr2101kfz06md1ny4s91lthqx0y5hin0jygeyhbocv4wwuywsi6zuhqlfx881nat78a0qx6osi:latest/confusion_matrix_table.table.json", "_latest_artifact_path": "wandb-client-artifact://2aiyhcgn9uxg1glz7jb866ph1wgh51p9h1au9bu0vdyj82yfb7n9x0yr2101kfz06md1ny4s91lthqx0y5hin0jygeyhbocv4wwuywsi6zuhqlfx881nat78a0qx6osi:latest/confusion_matrix_table.table.json", "path": "media/table/confusion_matrix_table_39_79d37d621cf296d37cde.table.json", "ncols": 3, "nrows": 100}, "_wandb": {"runtime": 20}}