{"Epoch ": 9, "Training loss ": 0.634649500623846, "Training accuracy ": 0.6757592592592593, "Validation loss ": 0.6404169921342802, "Validation accuracy ": 0.6686666666666666, "Testing loss ": 0.6341839835515807, "Testing accuracy ": 0.6781, "_timestamp": 1709528358.7974434, "_runtime": 56.36818528175354, "_step": 19, "confusion_matrix_table": {"_type": "table-file", "sha256": "6d0fd9b23f78dfc98888a4f1e4a75fb87709b8c2fd2916d63442173918f568b7", "size": 3198, "artifact_path": "wandb-client-artifact://m4a517enh90ke4eomfibgvi39c60f0nnvcemddc1tol8bxwwks6gum8x727ljhvbyjxxncgb4zngknfvqqs24oo3n9yraw497i11u7yt8d0krj50bxx4vqupf7kab5bg:latest/confusion_matrix_table.table.json", "_latest_artifact_path": "wandb-client-artifact://m4a517enh90ke4eomfibgvi39c60f0nnvcemddc1tol8bxwwks6gum8x727ljhvbyjxxncgb4zngknfvqqs24oo3n9yraw497i11u7yt8d0krj50bxx4vqupf7kab5bg:latest/confusion_matrix_table.table.json", "path": "media/table/confusion_matrix_table_19_6d0fd9b23f78dfc98888.table.json", "ncols": 3, "nrows": 100}, "_wandb": {"runtime": 55}}