{"Epoch ": 19, "Training loss ": 0.25203788097522495, "Training accuracy ": 0.9076111111111111, "Validation loss ": 0.3452712835191766, "Validation accuracy ": 0.8805, "Testing loss ": 0.3746410558569102, "Testing accuracy ": 0.8704, "_timestamp": 1709292540.6280296, "_runtime": 55.06634163856506, "_step": 39, "confusion_matrix_table": {"_type": "table-file", "sha256": "4ce5465b0c9f186393dcee532d44c3c4b350adc0cdc22acf3ee3e73ad4608fe9", "size": 3173, "artifact_path": "wandb-client-artifact://grp51b57stqx6zn56i6qw567fa9t3ybz6an1726j5zq4neoqfe23c0jlsynan7mdz82xtv3as4ehgyf8ebzxinh9ecbhchv7bn12r2ggf444p5qcha33fqq5d2k2b0p3:latest/confusion_matrix_table.table.json", "_latest_artifact_path": "wandb-client-artifact://grp51b57stqx6zn56i6qw567fa9t3ybz6an1726j5zq4neoqfe23c0jlsynan7mdz82xtv3as4ehgyf8ebzxinh9ecbhchv7bn12r2ggf444p5qcha33fqq5d2k2b0p3:latest/confusion_matrix_table.table.json", "path": "media/table/confusion_matrix_table_39_4ce5465b0c9f186393dc.table.json", "ncols": 3, "nrows": 100}, "_wandb": {"runtime": 54}}