{"Epoch ": 4, "Training loss ": 2.3114160058296664, "Training accuracy ": 0.1, "Validation loss ": 2.311410669345308, "Validation accuracy ": 0.1, "Testing loss ": 2.3114112128564557, "Testing accuracy ": 0.1, "_timestamp": 1709095282.1075652, "_runtime": 25.3582022190094, "_step": 4, "_wandb": {"runtime": 24}}