{"Epoch ": 19, "Training loss ": 0.2627982306258856, "Training accuracy ": 0.8220185185185185, "Validation loss ": 0.26942020578613207, "Validation accuracy ": 0.8163333333333334, "Testing loss ": 0.27813849259498014, "Testing accuracy ": 0.8066, "_timestamp": 1709301738.198056, "_runtime": 123.2079758644104, "_step": 39, "confusion_matrix_table": {"_type": "table-file", "sha256": "d06a11966f835ee098266b919f7309abdc26b6788a7d5bd855ebdc43d67b4fc8", "size": 3176, "artifact_path": "wandb-client-artifact://8md23g0ghueltvx0xo3v5hya5dyff82ehwaiknv0f3o5nloq0eh882wppj81jgwsk6v5fubywu7ffc0r0yo2oz9ffha8ziq6itze6idoiec85aiqjdeijwfoitouc3yh:latest/confusion_matrix_table.table.json", "_latest_artifact_path": "wandb-client-artifact://8md23g0ghueltvx0xo3v5hya5dyff82ehwaiknv0f3o5nloq0eh882wppj81jgwsk6v5fubywu7ffc0r0yo2oz9ffha8ziq6itze6idoiec85aiqjdeijwfoitouc3yh:latest/confusion_matrix_table.table.json", "path": "media/table/confusion_matrix_table_39_d06a11966f835ee09826.table.json", "ncols": 3, "nrows": 100}, "_wandb": {"runtime": 122}}