{"Epoch ": 19, "Training loss ": 0.42790803756277596, "Training accuracy ": 0.8553333333333333, "Validation loss ": 0.4591296591801315, "Validation accuracy ": 0.8513333333333334, "Testing loss ": 0.48510458739877693, "Testing accuracy ": 0.8391, "_timestamp": 1709447560.4565768, "_runtime": 66.62284994125366, "_step": 39, "confusion_matrix_table": {"_type": "table-file", "sha256": "6e392832d067a2d95bf7c1ae44f95348116c461c58152d5d6f42bcfeaa5a5eaa", "size": 3175, "artifact_path": "wandb-client-artifact://hvxutwey6axuvif4yrhjh2ggdelnadm363grujyev25x803vfi7j6syv8niez95ugu0ypnub9ckbvbpbrmhav2g3o8ksbehnuv53rbd5pdfts83os6qxjvyqte3ief77:latest/confusion_matrix_table.table.json", "_latest_artifact_path": "wandb-client-artifact://hvxutwey6axuvif4yrhjh2ggdelnadm363grujyev25x803vfi7j6syv8niez95ugu0ypnub9ckbvbpbrmhav2g3o8ksbehnuv53rbd5pdfts83os6qxjvyqte3ief77:latest/confusion_matrix_table.table.json", "path": "media/table/confusion_matrix_table_39_6e392832d067a2d95bf7.table.json", "ncols": 3, "nrows": 100}, "_wandb": {"runtime": 65}}