{"Epoch ": 9, "Training loss ": 0.4650523578404778, "Training accuracy ": 0.7482592592592593, "Validation loss ": 0.46133325179486534, "Validation accuracy ": 0.7536666666666667, "Testing loss ": 0.4707064205245687, "Testing accuracy ": 0.7374, "_timestamp": 1709189486.2586322, "_runtime": 20.62252712249756, "_step": 19, "confusion_matrix_table": {"_type": "table-file", "sha256": "a86b6636864e630632df48bf0f96bca58e8728035cdde40d545b34b6a5ddd376", "size": 3185, "artifact_path": "wandb-client-artifact://4fxep2w03evc0019014m0bq6yxqmjjnql544bhraw0xishlcfif6yupu8fn6mnzsf5deauerwn8q64wozjdaagwslkdj681u631i2xadbg5c6h2zw7vht24mzx0429w9:latest/confusion_matrix_table.table.json", "_latest_artifact_path": "wandb-client-artifact://4fxep2w03evc0019014m0bq6yxqmjjnql544bhraw0xishlcfif6yupu8fn6mnzsf5deauerwn8q64wozjdaagwslkdj681u631i2xadbg5c6h2zw7vht24mzx0429w9:latest/confusion_matrix_table.table.json", "path": "media/table/confusion_matrix_table_19_a86b6636864e630632df.table.json", "ncols": 3, "nrows": 100}, "_wandb": {"runtime": 19}}