{"Epoch ": 19, "Training loss ": 0.22129518622211738, "Training accuracy ": 0.9199074074074074, "Validation loss ": 0.38341429663532123, "Validation accuracy ": 0.8786666666666667, "Testing loss ": 0.44542283410922784, "Testing accuracy ": 0.8735, "_timestamp": 1709476936.138609, "_runtime": 196.31897497177124, "_step": 39, "confusion_matrix_table": {"_type": "table-file", "sha256": "d40f2b0eadd5e78adec4f8a613afc5db99b5ec18ebb544fd1bf4b501409dc9a3", "size": 3169, "artifact_path": "wandb-client-artifact://cjgi9c3anvz587emcmj2vplbcawjmn9h1g7jo26gvl02h4hahp7yxs5l9wwecx5d9iyr3j0281ntc6ky18x8qqppqkospa5xhagxydl6mpoejhphh5wyaxqfg4y97om2:latest/confusion_matrix_table.table.json", "_latest_artifact_path": "wandb-client-artifact://cjgi9c3anvz587emcmj2vplbcawjmn9h1g7jo26gvl02h4hahp7yxs5l9wwecx5d9iyr3j0281ntc6ky18x8qqppqkospa5xhagxydl6mpoejhphh5wyaxqfg4y97om2:latest/confusion_matrix_table.table.json", "path": "media/table/confusion_matrix_table_39_d40f2b0eadd5e78adec4.table.json", "ncols": 3, "nrows": 100}, "_wandb": {"runtime": 195}}