{"Epoch ": 9, "Training loss ": 2.281070074464929, "Training accuracy ": 0.3842037037037037, "Validation loss ": 2.2810794417510922, "Validation accuracy ": 0.3795, "Testing loss ": 2.2810615743482283, "Testing accuracy ": 0.3817, "_timestamp": 1709106129.4405794, "_runtime": 20.204078435897827, "_step": 19, "confusion_matrix_table": {"_type": "table-file", "sha256": "c659f415403a5fd9e9266810034e4930a0ffca597c74234dffe66ab6a50298e9", "size": 3208, "artifact_path": "wandb-client-artifact://lwxnto9xiqh6mds17wugl1h1c1cijooeu7zzkblzakx2lbo4hshsfft09x7r7w3xvwtfplfgsxpqoe2mqri7zzoqpnj42srv9sgf021a7djquu3w8r4b5pzl6ehn14wi:latest/confusion_matrix_table.table.json", "_latest_artifact_path": "wandb-client-artifact://lwxnto9xiqh6mds17wugl1h1c1cijooeu7zzkblzakx2lbo4hshsfft09x7r7w3xvwtfplfgsxpqoe2mqri7zzoqpnj42srv9sgf021a7djquu3w8r4b5pzl6ehn14wi:latest/confusion_matrix_table.table.json", "path": "media/table/confusion_matrix_table_19_c659f415403a5fd9e926.table.json", "ncols": 3, "nrows": 100}, "_wandb": {"runtime": 19}}