{"Epoch ": 29, "Training loss ": 0.17907372380685993, "Training accuracy ": 0.9345, "Validation loss ": 0.37947054703061583, "Validation accuracy ": 0.8795, "Testing loss ": 0.39389623903211046, "Testing accuracy ": 0.8768, "_timestamp": 1709482304.4120169, "_runtime": 137.14379286766052, "_step": 59, "confusion_matrix_table": {"_type": "table-file", "sha256": "161b401a47a993671686eb0661599f343eaa452815b1ed873e99eaf973289a54", "size": 3171, "artifact_path": "wandb-client-artifact://cy6pnkmav9pfl0p7rjxzk7zu878s8o7t6z7x6a8ru4d4501iueeekl4ey95zhsh3tk21700txx21z4xelc1d3zq2a0zgik5zaiu9srz6lsqpkxnx21ykb06j6sss4uit:latest/confusion_matrix_table.table.json", "_latest_artifact_path": "wandb-client-artifact://cy6pnkmav9pfl0p7rjxzk7zu878s8o7t6z7x6a8ru4d4501iueeekl4ey95zhsh3tk21700txx21z4xelc1d3zq2a0zgik5zaiu9srz6lsqpkxnx21ykb06j6sss4uit:latest/confusion_matrix_table.table.json", "path": "media/table/confusion_matrix_table_59_161b401a47a993671686.table.json", "ncols": 3, "nrows": 100}, "_wandb": {"runtime": 136}}