{"Epoch ": 29, "Training loss ": 0.20693058798768632, "Training accuracy ": 0.9243518518518519, "Validation loss ": 0.2911948900385669, "Validation accuracy ": 0.8945, "Testing loss ": 0.34673685589680014, "Testing accuracy ": 0.8802, "_timestamp": 1709491697.0529864, "_runtime": 259.59987926483154, "_step": 59, "confusion_matrix_table": {"_type": "table-file", "sha256": "3f99b8ca2f960d85ebf2eb68e3fd2160cc1901597ec2d166bf6f437d5414e6ec", "size": 3170, "artifact_path": "wandb-client-artifact://lnv6bdl5taa80vj2oq0kaaggud855eofegemod3avdqk0os3nrvg894vufydh080as2rcmkziadgxqzugi7akia3qdeqwcy0w1n9bau3pvmd1r9gj05ggu998qnzycln:latest/confusion_matrix_table.table.json", "_latest_artifact_path": "wandb-client-artifact://lnv6bdl5taa80vj2oq0kaaggud855eofegemod3avdqk0os3nrvg894vufydh080as2rcmkziadgxqzugi7akia3qdeqwcy0w1n9bau3pvmd1r9gj05ggu998qnzycln:latest/confusion_matrix_table.table.json", "path": "media/table/confusion_matrix_table_59_3f99b8ca2f960d85ebf2.table.json", "ncols": 3, "nrows": 100}, "_wandb": {"runtime": 258}}