{"Epoch ": 9, "Training loss ": 0.2535137137426004, "Training accuracy ": 0.8214259259259259, "Validation loss ": 0.260940386571612, "Validation accuracy ": 0.8178333333333333, "Testing loss ": 0.27957424171054746, "Testing accuracy ": 0.8038, "_timestamp": 1709308272.4064558, "_runtime": 20.86859679222107, "_step": 19, "confusion_matrix_table": {"_type": "table-file", "sha256": "abe2c1e194e31d597fe341561019712ee533131f094211d2004eefd826dddb1b", "size": 3184, "artifact_path": "wandb-client-artifact://uutep32qn4ikxpwnr5dkr6jamo62dlnyc7odrm8obn78df0qsbzytg1bz0pe456o5kjosypf7jy1abkmyrhloh5sg0shqyqu2qrdmdf555a5feg1lfdg23ok5g4zm4qu:latest/confusion_matrix_table.table.json", "_latest_artifact_path": "wandb-client-artifact://uutep32qn4ikxpwnr5dkr6jamo62dlnyc7odrm8obn78df0qsbzytg1bz0pe456o5kjosypf7jy1abkmyrhloh5sg0shqyqu2qrdmdf555a5feg1lfdg23ok5g4zm4qu:latest/confusion_matrix_table.table.json", "path": "media/table/confusion_matrix_table_19_abe2c1e194e31d597fe3.table.json", "ncols": 3, "nrows": 100}, "_wandb": {"runtime": 20}}