{"Epoch ": 19, "Training loss ": 0.1648513078958314, "Training accuracy ": 0.8844074074074074, "Validation loss ": 0.19282801137495437, "Validation accuracy ": 0.8655, "Testing loss ": 0.20509492528798465, "Testing accuracy ": 0.855, "_timestamp": 1709311187.7974591, "_runtime": 122.87412023544312, "_step": 39, "confusion_matrix_table": {"_type": "table-file", "sha256": "620028ef76066162fb21cdc0e19be29f680bd73c8be84ef0e80797e35ac42350", "size": 3171, "artifact_path": "wandb-client-artifact://hoppjlovxbfg25obloacvfdxigey477akapaerevj1x65udpgat505d9c9lod30fi77w49g46jrkisdmajfqq7o5tvgjij5c99c9q236pr0nfkdfdjhdpynrnp5gxv46:latest/confusion_matrix_table.table.json", "_latest_artifact_path": "wandb-client-artifact://hoppjlovxbfg25obloacvfdxigey477akapaerevj1x65udpgat505d9c9lod30fi77w49g46jrkisdmajfqq7o5tvgjij5c99c9q236pr0nfkdfdjhdpynrnp5gxv46:latest/confusion_matrix_table.table.json", "path": "media/table/confusion_matrix_table_39_620028ef76066162fb21.table.json", "ncols": 3, "nrows": 100}, "_wandb": {"runtime": 122}}