{"Epoch ": 9, "Training loss ": 0.14861125850368137, "Training accuracy ": 0.8989444444444444, "Validation loss ": 0.16797400824040767, "Validation accuracy ": 0.883, "Testing loss ": 0.1823033470782312, "Testing accuracy ": 0.8729, "_timestamp": 1709572701.4821968, "_runtime": 42.62367391586304, "_step": 19, "confusion_matrix_table": {"_type": "table-file", "sha256": "b570af56d24c85ada918287c291e80a5a0f84f358dd89ae681668c7fefe944bc", "size": 3170, "artifact_path": "wandb-client-artifact://nghjzio6ao2jm5ap9v9ljh67ugo3ot9ko8wikbdgadgz4qkjzatc6ny9k6m78cq0m63616zj3hexeptg6rq18s8iz7urzxbl02e28yxbeby0humugkmqp92ib0bhyonb:latest/confusion_matrix_table.table.json", "_latest_artifact_path": "wandb-client-artifact://nghjzio6ao2jm5ap9v9ljh67ugo3ot9ko8wikbdgadgz4qkjzatc6ny9k6m78cq0m63616zj3hexeptg6rq18s8iz7urzxbl02e28yxbeby0humugkmqp92ib0bhyonb:latest/confusion_matrix_table.table.json", "path": "media/table/confusion_matrix_table_19_b570af56d24c85ada918.table.json", "ncols": 3, "nrows": 100}, "_wandb": {"runtime": 41}}