{"Epoch ": 29, "Training loss ": 2.2857090768953148, "Training accuracy ": 0.108, "Validation loss ": 2.2775763534520577, "Validation accuracy ": 0.11116666666666666, "Testing loss ": 2.2833565680490024, "Testing accuracy ": 0.1089, "_timestamp": 1709452782.4455445, "_runtime": 269.7538435459137, "_step": 59, "confusion_matrix_table": {"_type": "table-file", "sha256": "7817be549173d856f7a0658c08f24242d8e422ac827f2f1532b00543361de263", "size": 3150, "artifact_path": "wandb-client-artifact://s2gh3g4ao47r3x6o91na3irrqp4s901eawmkhb0nrvx3tfubayx873z8p8cx69vzz5s62r6xvjdfu7loqz6wppudtrw0eh56lydc57quytmpwdkysvsdxc4azcoecwjt:latest/confusion_matrix_table.table.json", "_latest_artifact_path": "wandb-client-artifact://s2gh3g4ao47r3x6o91na3irrqp4s901eawmkhb0nrvx3tfubayx873z8p8cx69vzz5s62r6xvjdfu7loqz6wppudtrw0eh56lydc57quytmpwdkysvsdxc4azcoecwjt:latest/confusion_matrix_table.table.json", "path": "media/table/confusion_matrix_table_59_7817be549173d856f7a0.table.json", "ncols": 3, "nrows": 100}, "_wandb": {"runtime": 269}}