{"Epoch ": 9, "Training loss ": 1.101859181947752, "Training accuracy ": 0.8069074074074074, "Validation loss ": 1.1163627884040688, "Validation accuracy ": 0.7968333333333333, "Testing loss ": 1.0939067883297842, "Testing accuracy ": 0.813, "_timestamp": 1709489529.6051219, "_runtime": 83.59218096733093, "_step": 19, "confusion_matrix_table": {"_type": "table-file", "sha256": "3d19ad51767163f39f375d62132ef0bda5b03a4a00ba6237054fb9e356336afd", "size": 3196, "artifact_path": "wandb-client-artifact://edr1m6ry9geywavtlso2beafkw4ukyrlr5e3jokoatc2lqiht0lx0fgajmq2fkfgw9ntamtjn4fzkt9qhhm30sx7js58b7vqkvwdxmfotymm1kj72uxiuy9c59hlh1t2:latest/confusion_matrix_table.table.json", "_latest_artifact_path": "wandb-client-artifact://edr1m6ry9geywavtlso2beafkw4ukyrlr5e3jokoatc2lqiht0lx0fgajmq2fkfgw9ntamtjn4fzkt9qhhm30sx7js58b7vqkvwdxmfotymm1kj72uxiuy9c59hlh1t2:latest/confusion_matrix_table.table.json", "path": "media/table/confusion_matrix_table_19_3d19ad51767163f39f37.table.json", "ncols": 3, "nrows": 100}, "_wandb": {"runtime": 82}}