{"Epoch ": 29, "Training loss ": 0.16908917208348095, "Training accuracy ": 0.9371666666666667, "Validation loss ": 0.3708624741808331, "Validation accuracy ": 0.878, "Testing loss ": 0.3769794290705475, "Testing accuracy ": 0.8806, "_timestamp": 1709300962.3116462, "_runtime": 535.6094522476196, "_step": 59, "confusion_matrix_table": {"_type": "table-file", "sha256": "eeee302d0b730cad243bc6d2ad5ffcbbd68b84cf039ab16d56e43a0e13842217", "size": 3170, "artifact_path": "wandb-client-artifact://9aur1xr6lodsoakrz5f6l4f810t7o0uh5fwp1whhqb5aget3g4bh82me5i6y95jgj3esp3xocfsk6g4l0up4w82h1fkl3f0std06ft1wr0jsk6276470z42adup8992p:latest/confusion_matrix_table.table.json", "_latest_artifact_path": "wandb-client-artifact://9aur1xr6lodsoakrz5f6l4f810t7o0uh5fwp1whhqb5aget3g4bh82me5i6y95jgj3esp3xocfsk6g4l0up4w82h1fkl3f0std06ft1wr0jsk6276470z42adup8992p:latest/confusion_matrix_table.table.json", "path": "media/table/confusion_matrix_table_59_eeee302d0b730cad243b.table.json", "ncols": 3, "nrows": 100}, "_wandb": {"runtime": 534}}