{"Epoch ": 4, "Training loss ": 0.07692207211641974, "Training accuracy ": 0.9523333333333334, "Validation loss ": 0.08640252821834471, "Validation accuracy ": 0.947, "Testing loss ": 0.0809409344296501, "Testing accuracy ": 0.9478, "_timestamp": 1709530558.7917433, "_runtime": 27.090018272399902, "_step": 9, "confusion_matrix_table": {"_type": "table-file", "sha256": "829ba5caf752007fbfa557b5af9b5364921dc9420f5fac8942461fbdd987aeca", "size": 3164, "artifact_path": "wandb-client-artifact://bj7mzfdlqum0i4e5atb7739x2yhw4z4di2tf855zgptqd1hmcpv8mualqevpi5jnblt81ofe7lan91uf5wmwl596rehj00wbk0a9ujtwi4smvrx0frzpnjlv45huk8nu:latest/confusion_matrix_table.table.json", "_latest_artifact_path": "wandb-client-artifact://bj7mzfdlqum0i4e5atb7739x2yhw4z4di2tf855zgptqd1hmcpv8mualqevpi5jnblt81ofe7lan91uf5wmwl596rehj00wbk0a9ujtwi4smvrx0frzpnjlv45huk8nu:latest/confusion_matrix_table.table.json", "path": "media/table/confusion_matrix_table_9_829ba5caf752007fbfa5.table.json", "ncols": 3, "nrows": 100}, "_wandb": {"runtime": 26}}