{"Epoch ": 14, "Training loss ": 0.15856966121754332, "Training accuracy ": 0.8940555555555556, "Validation loss ": 0.18286314801683773, "Validation accuracy ": 0.8748333333333334, "Testing loss ": 0.1963515019486561, "Testing accuracy ": 0.8644, "_timestamp": 1709147461.987723, "_runtime": 64.64206409454346, "_step": 29, "confusion_matrix_table": {"_type": "table-file", "sha256": "08b38b27962d510e7b597f52b446df47d56d6d77757d4a4642027fcb0f1848cf", "size": 3169, "artifact_path": "wandb-client-artifact://veng2ihbzpgvg875nfdx9cps20jod4en5l16d35t2jpyg3tl37tamxjkpxci7bdepl46u54svjgxpehuiltfe5ohdvc2fkvckkphysbu11hff65hay5ngsufurrxsry4:latest/confusion_matrix_table.table.json", "_latest_artifact_path": "wandb-client-artifact://veng2ihbzpgvg875nfdx9cps20jod4en5l16d35t2jpyg3tl37tamxjkpxci7bdepl46u54svjgxpehuiltfe5ohdvc2fkvckkphysbu11hff65hay5ngsufurrxsry4:latest/confusion_matrix_table.table.json", "path": "media/table/confusion_matrix_table_29_08b38b27962d510e7b59.table.json", "ncols": 3, "nrows": 100}, "_wandb": {"runtime": 63}}