{"Epoch ": 9, "Training loss ": 0.3035404626360299, "Training accuracy ": 0.8886666666666667, "Validation loss ": 0.38351934237749197, "Validation accuracy ": 0.8675, "Testing loss ": 0.3977421568128254, "Testing accuracy ": 0.858, "_timestamp": 1709447899.27423, "_runtime": 32.60141110420227, "_step": 19, "confusion_matrix_table": {"_type": "table-file", "sha256": "3e71969ede3f8af1bf05d27b25ed84d28e9cb78f7826691a64c05d2a9a5a9c75", "size": 3169, "artifact_path": "wandb-client-artifact://a3309y0nd4mjj5cu5qrydw4jc4qnwnyqx1lvl47t5z3ds1r516mzt2ypje6o8hzvb8ws30pkqoh9o4gjr35nwtgmceon220z8fk28cetburbgoma1vrj2of6bemv1qw0:latest/confusion_matrix_table.table.json", "_latest_artifact_path": "wandb-client-artifact://a3309y0nd4mjj5cu5qrydw4jc4qnwnyqx1lvl47t5z3ds1r516mzt2ypje6o8hzvb8ws30pkqoh9o4gjr35nwtgmceon220z8fk28cetburbgoma1vrj2of6bemv1qw0:latest/confusion_matrix_table.table.json", "path": "media/table/confusion_matrix_table_19_3e71969ede3f8af1bf05.table.json", "ncols": 3, "nrows": 100}, "_wandb": {"runtime": 31}}