{"Epoch ": 19, "Training loss ": 0.27819289851602685, "Training accuracy ": 0.7803333333333333, "Validation loss ": 0.2890932590377921, "Validation accuracy ": 0.7735, "Testing loss ": 0.2994323971203171, "Testing accuracy ": 0.764, "_timestamp": 1709301067.5649874, "_runtime": 169.29939246177673, "_step": 39, "confusion_matrix_table": {"_type": "table-file", "sha256": "783b81d6cdcace362d0a87c760a083ff8cbeeba1ac5da1a1748aeee24d6fbd8d", "size": 3168, "artifact_path": "wandb-client-artifact://6xu2lhcfiw515i2agm5hil2ad1b1s5hdb4xjss3q65j992tqmu4iesudapcjy3zx7rnsrv0ov41v0kpn1a971yhdt6o7gs85lkd343ebxvijul837thi4mwvbc9yb0lc:latest/confusion_matrix_table.table.json", "_latest_artifact_path": "wandb-client-artifact://6xu2lhcfiw515i2agm5hil2ad1b1s5hdb4xjss3q65j992tqmu4iesudapcjy3zx7rnsrv0ov41v0kpn1a971yhdt6o7gs85lkd343ebxvijul837thi4mwvbc9yb0lc:latest/confusion_matrix_table.table.json", "path": "media/table/confusion_matrix_table_39_783b81d6cdcace362d0a.table.json", "ncols": 3, "nrows": 100}, "_wandb": {"runtime": 168}}