{"Epoch ": 9, "Training loss ": 0.2667822855139186, "Training accuracy ": 0.9012407407407408, "Validation loss ": 0.31885432246720447, "Validation accuracy ": 0.8813333333333333, "Testing loss ": 0.3500720670836136, "Testing accuracy ": 0.872, "_timestamp": 1709145801.9552608, "_runtime": 55.86046266555786, "_step": 19, "confusion_matrix_table": {"_type": "table-file", "sha256": "fd9a42187c60a891ee714ec0fe5a71efc590d36911c147f8b85a902244e69f67", "size": 3169, "artifact_path": "wandb-client-artifact://842dnt5wiqmawkg2h36d6bdti7knk5cohag4qdbhyx96icib920abv33e2e00hpdhcfxxblwx6v69b2mdjhnfudnv4lduazls2sog9s9ey1feqzuyg51s9k90gl766gj:latest/confusion_matrix_table.table.json", "_latest_artifact_path": "wandb-client-artifact://842dnt5wiqmawkg2h36d6bdti7knk5cohag4qdbhyx96icib920abv33e2e00hpdhcfxxblwx6v69b2mdjhnfudnv4lduazls2sog9s9ey1feqzuyg51s9k90gl766gj:latest/confusion_matrix_table.table.json", "path": "media/table/confusion_matrix_table_19_fd9a42187c60a891ee71.table.json", "ncols": 3, "nrows": 100}, "_wandb": {"runtime": 55}}