{"Epoch ": 14, "Training loss ": 0.24380842235621428, "Training accuracy ": 0.8345370370370371, "Validation loss ": 0.2555408312485557, "Validation accuracy ": 0.8248333333333333, "Testing loss ": 0.2591787892715215, "Testing accuracy ": 0.82, "_timestamp": 1709187757.540556, "_runtime": 71.75202202796936, "_step": 29, "confusion_matrix_table": {"_type": "table-file", "sha256": "d81ed7a6b97086f9c1644da2cc5478a0f56c1c080e3c8db9e748788ec42c45e5", "size": 3180, "artifact_path": "wandb-client-artifact://ucm7dx7c7apc4s7e7t9y2t4cv643bahfffpw4zin2yk8ez8nim39mme3er92kmgwzdvtppoaa3x193b2g902l6mzm6d1tzk559rnwb4in6nm7eekn82b4tlinv8o0mlx:latest/confusion_matrix_table.table.json", "_latest_artifact_path": "wandb-client-artifact://ucm7dx7c7apc4s7e7t9y2t4cv643bahfffpw4zin2yk8ez8nim39mme3er92kmgwzdvtppoaa3x193b2g902l6mzm6d1tzk559rnwb4in6nm7eekn82b4tlinv8o0mlx:latest/confusion_matrix_table.table.json", "path": "media/table/confusion_matrix_table_29_d81ed7a6b97086f9c164.table.json", "ncols": 3, "nrows": 100}, "_wandb": {"runtime": 71}}