{"Epoch ": 14, "Training loss ": 0.6528411260782666, "Training accuracy ": 0.3665185185185185, "Validation loss ": 0.6560539708738506, "Validation accuracy ": 0.364, "Testing loss ": 0.6623340948790934, "Testing accuracy ": 0.3577, "_timestamp": 1709313868.0423067, "_runtime": 165.12619876861572, "_step": 29, "confusion_matrix_table": {"_type": "table-file", "sha256": "553377de4f808409ac5e0b485bfc42644123f61bc74a431afa9b6914981d6c6b", "size": 3152, "artifact_path": "wandb-client-artifact://8f6nkke13sl6977dcrkgzb78n4airjvq7z93o8c7n3dkho7ous7164d91csjx6v1dyk4muulbnsse1yb8slyq00u2inowxqcgc3lhdbjc2t4wkdud0aqf1yjf2rpip27:latest/confusion_matrix_table.table.json", "_latest_artifact_path": "wandb-client-artifact://8f6nkke13sl6977dcrkgzb78n4airjvq7z93o8c7n3dkho7ous7164d91csjx6v1dyk4muulbnsse1yb8slyq00u2inowxqcgc3lhdbjc2t4wkdud0aqf1yjf2rpip27:latest/confusion_matrix_table.table.json", "path": "media/table/confusion_matrix_table_29_553377de4f808409ac5e.table.json", "ncols": 3, "nrows": 100}, "_wandb": {"runtime": 164}}