{"Epoch ": 29, "Training loss ": 0.11505968273945757, "Training accuracy ": 0.9202777777777778, "Validation loss ": 0.16107810213612275, "Validation accuracy ": 0.8911666666666667, "Testing loss ": 0.17731377767652742, "Testing accuracy ": 0.8786, "_timestamp": 1709189223.7485304, "_runtime": 123.37981128692627, "_step": 59, "confusion_matrix_table": {"_type": "table-file", "sha256": "d1227c6264b0f50fdd78a24e1d013c4c04eea006de1094128b3e11268e7f037f", "size": 3170, "artifact_path": "wandb-client-artifact://v7dt9uj9f5zmjt9bjj0gqtf29x3f9uv3nh5wai9k84ugtbhlp43pgmsxgmmathu13ym712dhk1gz1g903z4bgllyebd6xwhdethpy4ert6fjcrq66pmx6hc739n0ofe6:latest/confusion_matrix_table.table.json", "_latest_artifact_path": "wandb-client-artifact://v7dt9uj9f5zmjt9bjj0gqtf29x3f9uv3nh5wai9k84ugtbhlp43pgmsxgmmathu13ym712dhk1gz1g903z4bgllyebd6xwhdethpy4ert6fjcrq66pmx6hc739n0ofe6:latest/confusion_matrix_table.table.json", "path": "media/table/confusion_matrix_table_59_d1227c6264b0f50fdd78.table.json", "ncols": 3, "nrows": 100}, "_wandb": {"runtime": 122}}