{"Epoch ": 9, "Training loss ": 0.3426822643228092, "Training accuracy ": 0.8701851851851852, "Validation loss ": 0.37965545724735206, "Validation accuracy ": 0.8631666666666666, "Testing loss ": 0.4120613219633284, "Testing accuracy ": 0.851, "_timestamp": 1709481715.1466672, "_runtime": 21.258918285369873, "_step": 19, "confusion_matrix_table": {"_type": "table-file", "sha256": "c12985e1895121844d6da01bc1a34e225dc5adde665e02b83d6f99b8710e0f11", "size": 3170, "artifact_path": "wandb-client-artifact://uy1bdl29pbw2butldodat2xwmjs3m4woxgdrpk27mz3319erb7ghu2rk032pnb31ux9fatg5upariz83zy1pv39lw6epw27yr5cbycc9ytay5i3r4t05x23x67k1rzje:latest/confusion_matrix_table.table.json", "_latest_artifact_path": "wandb-client-artifact://uy1bdl29pbw2butldodat2xwmjs3m4woxgdrpk27mz3319erb7ghu2rk032pnb31ux9fatg5upariz83zy1pv39lw6epw27yr5cbycc9ytay5i3r4t05x23x67k1rzje:latest/confusion_matrix_table.table.json", "path": "media/table/confusion_matrix_table_19_c12985e1895121844d6d.table.json", "ncols": 3, "nrows": 100}, "_wandb": {"runtime": 20}}