{"Epoch ": 24, "Training loss ": 0.39254364430787064, "Training accuracy ": 0.8650925925925926, "Validation loss ": 0.4169282043533341, "Validation accuracy ": 0.8533333333333334, "Testing loss ": 0.4379603879552932, "Testing accuracy ": 0.8463, "_timestamp": 1709291382.6186054, "_runtime": 47.631460428237915, "_step": 49, "confusion_matrix_table": {"_type": "table-file", "sha256": "304c5e218d18f44d479eccb73467d912749aac008ee8af7031a54e9716102568", "size": 3175, "artifact_path": "wandb-client-artifact://ankm4l8ox2hvqr25s8imijl74uzffod3q1r5wguelvf4nwqpeo262dpfn899y1ji2z4ve6rclbt57c5lrk8fw2ll4uhoqt7riv93zwzx9lakeq38dg81ttw63gkw87nc:latest/confusion_matrix_table.table.json", "_latest_artifact_path": "wandb-client-artifact://ankm4l8ox2hvqr25s8imijl74uzffod3q1r5wguelvf4nwqpeo262dpfn899y1ji2z4ve6rclbt57c5lrk8fw2ll4uhoqt7riv93zwzx9lakeq38dg81ttw63gkw87nc:latest/confusion_matrix_table.table.json", "path": "media/table/confusion_matrix_table_49_304c5e218d18f44d479e.table.json", "ncols": 3, "nrows": 100}, "_wandb": {"runtime": 46}}