{"Epoch ": 19, "Training loss ": 0.19243716129898308, "Training accuracy ": 0.9458333333333333, "Validation loss ": 0.19773383248608328, "Validation accuracy ": 0.9423333333333334, "Testing loss ": 0.20192272061682412, "Testing accuracy ": 0.942, "_timestamp": 1709502396.5783598, "_runtime": 119.7629759311676, "_step": 39, "confusion_matrix_table": {"_type": "table-file", "sha256": "503c1bd59cdad34b906bbe89b265ac19910be77a1c6edb7a15ef17e72a468e86", "size": 3163, "artifact_path": "wandb-client-artifact://vx5th4pig27zud584ccwadi5sy6tgp4vg3az9w1w0bsz4wfpix7crvhntp9nzd4u4jjpgn8nlnfqbrtdk6bc1uwzahf0nnhqfjpw2sb33xmkpsusuoudz90cqnvtpc1g:latest/confusion_matrix_table.table.json", "_latest_artifact_path": "wandb-client-artifact://vx5th4pig27zud584ccwadi5sy6tgp4vg3az9w1w0bsz4wfpix7crvhntp9nzd4u4jjpgn8nlnfqbrtdk6bc1uwzahf0nnhqfjpw2sb33xmkpsusuoudz90cqnvtpc1g:latest/confusion_matrix_table.table.json", "path": "media/table/confusion_matrix_table_39_503c1bd59cdad34b906b.table.json", "ncols": 3, "nrows": 100}, "_wandb": {"runtime": 118}}