{"Epoch ": 9, "Training loss ": 2.2954341337973374, "Training accuracy ": 0.18083333333333335, "Validation loss ": 2.295824046764588, "Validation accuracy ": 0.17366666666666666, "Testing loss ": 2.2951403302109283, "Testing accuracy ": 0.1784, "_timestamp": 1709496067.2814517, "_runtime": 34.95761179924011, "_step": 19, "confusion_matrix_table": {"_type": "table-file", "sha256": "1c4546bdca9cadedd9cb63c5deb7c7ccc5d0e2ac37f8d38117de87685ddad03b", "size": 3189, "artifact_path": "wandb-client-artifact://o33b5tkq3es4ebtcce3pyai2x36e1n1rk3kfzmouwufu9y7txhlly4kcj1s5bbs9di73hy712flbj0rtof7vzvaq3cwmpnp4jmrkt21td0u2a3mkr3jlf5ct4oc6bajg:latest/confusion_matrix_table.table.json", "_latest_artifact_path": "wandb-client-artifact://o33b5tkq3es4ebtcce3pyai2x36e1n1rk3kfzmouwufu9y7txhlly4kcj1s5bbs9di73hy712flbj0rtof7vzvaq3cwmpnp4jmrkt21td0u2a3mkr3jlf5ct4oc6bajg:latest/confusion_matrix_table.table.json", "path": "media/table/confusion_matrix_table_19_1c4546bdca9cadedd9cb.table.json", "ncols": 3, "nrows": 100}, "_wandb": {"runtime": 34}}