{"Epoch ": 9, "Training loss ": 0.040780782397981274, "Training accuracy ": 0.9757777777777777, "Validation loss ": 0.05829831189023975, "Validation accuracy ": 0.9641666666666666, "Testing loss ": 0.05743476024701535, "Testing accuracy ": 0.9633, "_timestamp": 1709529417.689934, "_runtime": 79.28647994995117, "_step": 19, "confusion_matrix_table": {"_type": "table-file", "sha256": "dbbfd3bbccbcee531287ba9a3718cac546388539c66071d62b1f905989bb5aaf", "size": 3154, "artifact_path": "wandb-client-artifact://zs9zdj1pzzlf2hl4js4crq642h1wfa14l8fk24n4z23318xkl5cxne1dxdg9hpb4r7yjbkn3tzaaqy08cl3kuvhs6rrnyinxjayn45ta6fp6uut5r8lewxkgdcdzv2d4:latest/confusion_matrix_table.table.json", "_latest_artifact_path": "wandb-client-artifact://zs9zdj1pzzlf2hl4js4crq642h1wfa14l8fk24n4z23318xkl5cxne1dxdg9hpb4r7yjbkn3tzaaqy08cl3kuvhs6rrnyinxjayn45ta6fp6uut5r8lewxkgdcdzv2d4:latest/confusion_matrix_table.table.json", "path": "media/table/confusion_matrix_table_19_dbbfd3bbccbcee531287.table.json", "ncols": 3, "nrows": 100}, "_wandb": {"runtime": 78}}