{"Epoch ": 19, "Training loss ": 0.3172432146160489, "Training accuracy ": 0.8882407407407408, "Validation loss ": 0.36577658567397336, "Validation accuracy ": 0.8733333333333333, "Testing loss ": 0.37527528954721434, "Testing accuracy ": 0.8673, "_timestamp": 1709452830.7654395, "_runtime": 34.55235242843628, "_step": 39, "confusion_matrix_table": {"_type": "table-file", "sha256": "e28e7804ba26e4f718f5fd048e89ab046230bc8dea9c274e5ed62502137c030b", "size": 3171, "artifact_path": "wandb-client-artifact://fql1c9xqwpcjvmg83vk0sib72rkone9ow2164mklvl2h45qpj5kxox52e10e21y8y6a9nd5dwrw7ffz2d01asnw46ie9l01fwdgti7snpm7vmnsa4nprppbifpjztyry:latest/confusion_matrix_table.table.json", "_latest_artifact_path": "wandb-client-artifact://fql1c9xqwpcjvmg83vk0sib72rkone9ow2164mklvl2h45qpj5kxox52e10e21y8y6a9nd5dwrw7ffz2d01asnw46ie9l01fwdgti7snpm7vmnsa4nprppbifpjztyry:latest/confusion_matrix_table.table.json", "path": "media/table/confusion_matrix_table_39_e28e7804ba26e4f718f5.table.json", "ncols": 3, "nrows": 100}, "_wandb": {"runtime": 33}}