{"Epoch ": 9, "Training loss ": 0.2023729362958899, "Training accuracy ": 0.8643703703703703, "Validation loss ": 0.20923546994059253, "Validation accuracy ": 0.8576666666666667, "Testing loss ": 0.22166539871097893, "Testing accuracy ": 0.8487, "_timestamp": 1709181254.627941, "_runtime": 31.22309684753418, "_step": 19, "confusion_matrix_table": {"_type": "table-file", "sha256": "aba4a05d495258c6382a6fc7b8c4dcc9eab18dfc8ac3e271c6c26895040b6f3a", "size": 3177, "artifact_path": "wandb-client-artifact://zmdqpp6we9k3udk7qz2swmo1sfe9spao0giecew5lhhbtidjs51h7krtn9un91336alw7gi9uztfrk72nedpgxmzopmjas24itcxr8z10u4atu7hmg2u4oi7mvxhsc5d:latest/confusion_matrix_table.table.json", "_latest_artifact_path": "wandb-client-artifact://zmdqpp6we9k3udk7qz2swmo1sfe9spao0giecew5lhhbtidjs51h7krtn9un91336alw7gi9uztfrk72nedpgxmzopmjas24itcxr8z10u4atu7hmg2u4oi7mvxhsc5d:latest/confusion_matrix_table.table.json", "path": "media/table/confusion_matrix_table_19_aba4a05d495258c6382a.table.json", "ncols": 3, "nrows": 100}, "_wandb": {"runtime": 30}}