{"Epoch ": 24, "Training loss ": 0.41384450263827216, "Training accuracy ": 0.8536296296296296, "Validation loss ": 0.41121850635467394, "Validation accuracy ": 0.8543333333333333, "Testing loss ": 0.45385564167306813, "Testing accuracy ": 0.8391, "_timestamp": 1709311774.5357985, "_runtime": 136.02309250831604, "_step": 49, "confusion_matrix_table": {"_type": "table-file", "sha256": "9bb52bcbd70724fd116ad740bc1d41ad782d6cab330a18a47f107e3a9b1bb3c2", "size": 3176, "artifact_path": "wandb-client-artifact://ezhq6521e8l5rdelpoltfvri8scwd81f1nl9q5vjlub40dzgyvuxfvp48d4cs1bzn75rb1y4knsbhmn2ejobp8h1gpafepf6e650gfpr3ynrl6w1jzbdtw0dmfdznz9l:latest/confusion_matrix_table.table.json", "_latest_artifact_path": "wandb-client-artifact://ezhq6521e8l5rdelpoltfvri8scwd81f1nl9q5vjlub40dzgyvuxfvp48d4cs1bzn75rb1y4knsbhmn2ejobp8h1gpafepf6e650gfpr3ynrl6w1jzbdtw0dmfdznz9l:latest/confusion_matrix_table.table.json", "path": "media/table/confusion_matrix_table_49_9bb52bcbd70724fd116a.table.json", "ncols": 3, "nrows": 100}, "_wandb": {"runtime": 135}}