{"Epoch ": 9, "Training loss ": 0.1666508822675789, "Training accuracy ": 0.8851481481481481, "Validation loss ": 0.19300245553018477, "Validation accuracy ": 0.8665, "Testing loss ": 0.19900103514270426, "Testing accuracy ": 0.859, "_timestamp": 1709307337.9679475, "_runtime": 64.86371445655823, "_step": 19, "confusion_matrix_table": {"_type": "table-file", "sha256": "95c167707e67f5239c1a8a6dcffa62bbacaf21cc8e67c3c2fd363bb3d1ffa9fd", "size": 3173, "artifact_path": "wandb-client-artifact://vqup945g97agh0mft9d7kj1mp1ft9zmn76prv44gtztz3q2g2c7k9yy3bcxuf5ekje585j2qjkbp8lv4bribbg439w4jimex2z76aot8pd9zxkso192pbvsxsj2vhbrh:latest/confusion_matrix_table.table.json", "_latest_artifact_path": "wandb-client-artifact://vqup945g97agh0mft9d7kj1mp1ft9zmn76prv44gtztz3q2g2c7k9yy3bcxuf5ekje585j2qjkbp8lv4bribbg439w4jimex2z76aot8pd9zxkso192pbvsxsj2vhbrh:latest/confusion_matrix_table.table.json", "path": "media/table/confusion_matrix_table_19_95c167707e67f5239c1a.table.json", "ncols": 3, "nrows": 100}, "_wandb": {"runtime": 64}}