{"Epoch ": 4, "Training loss ": 0.19529187245022067, "Training accuracy ": 0.8667222222222222, "Validation loss ": 0.20943276855489187, "Validation accuracy ": 0.8538333333333333, "Testing loss ": 0.21694836292054742, "Testing accuracy ": 0.8516, "_timestamp": 1709142377.963235, "_runtime": 39.934316873550415, "_step": 9, "confusion_matrix_table": {"_type": "table-file", "sha256": "bde5188f496dc40e83b1bf2c4db13b9197e3e2ccf3cbb319a880bf52f9866f16", "size": 3173, "artifact_path": "wandb-client-artifact://m3go1cxim7h7x7p7gd5r5qeu48mmi7mo8cpb12605nhgdokl2jochwqp47lzuotir1geeezcbpir7e5yco6yd9rautpb8oykwparh19hndczn8y490hjooinbifq0zh1:latest/confusion_matrix_table.table.json", "_latest_artifact_path": "wandb-client-artifact://m3go1cxim7h7x7p7gd5r5qeu48mmi7mo8cpb12605nhgdokl2jochwqp47lzuotir1geeezcbpir7e5yco6yd9rautpb8oykwparh19hndczn8y490hjooinbifq0zh1:latest/confusion_matrix_table.table.json", "path": "media/table/confusion_matrix_table_9_bde5188f496dc40e83b1.table.json", "ncols": 3, "nrows": 100}, "_wandb": {"runtime": 38}}