{"Epoch ": 14, "Training loss ": 0.13080234411580707, "Training accuracy ": 0.9107592592592593, "Validation loss ": 0.1622967911614195, "Validation accuracy ": 0.889, "Testing loss ": 0.1772002497308032, "Testing accuracy ": 0.8781, "_timestamp": 1709534237.5905702, "_runtime": 108.50424027442932, "_step": 29, "confusion_matrix_table": {"_type": "table-file", "sha256": "254f672e036102e75d74f52688db0435a18bd0434b93fd0bcd1224624dc98fd3", "size": 3172, "artifact_path": "wandb-client-artifact://mmgwhxlzw4qepixjiz06niy0ynixyitce6ljzgyuz6lwrfartfpfyigewr1cb188i2pnjunlp47tm2sf7rfprj8gag1g3e0pywsrxnqog0yvsosn8ipm5y2zss7ox045:latest/confusion_matrix_table.table.json", "_latest_artifact_path": "wandb-client-artifact://mmgwhxlzw4qepixjiz06niy0ynixyitce6ljzgyuz6lwrfartfpfyigewr1cb188i2pnjunlp47tm2sf7rfprj8gag1g3e0pywsrxnqog0yvsosn8ipm5y2zss7ox045:latest/confusion_matrix_table.table.json", "path": "media/table/confusion_matrix_table_29_254f672e036102e75d74.table.json", "ncols": 3, "nrows": 100}, "_wandb": {"runtime": 107}}