{"Epoch ": 14, "Training loss ": 0.23338089658591937, "Training accuracy ": 0.9133148148148148, "Validation loss ": 0.32346038819912226, "Validation accuracy ": 0.8903333333333333, "Testing loss ": 0.3715309990464965, "Testing accuracy ": 0.8758, "_timestamp": 1709288395.3077874, "_runtime": 56.2638213634491, "_step": 29, "confusion_matrix_table": {"_type": "table-file", "sha256": "beb1f93679a47d88ddd1a2a2440237a15623cefb44dd832a489dc12f9a3b6ea0", "size": 3172, "artifact_path": "wandb-client-artifact://2a1owtct68n6juns3n2qrbtwfvhoxpimk68rebzuzercm1uak9a408vu3dcb7ys104dr3w83xg498wsz5ginmhlwf6fimup7xnzbxd9zbsru0wy27ax0qt4cux089a2l:latest/confusion_matrix_table.table.json", "_latest_artifact_path": "wandb-client-artifact://2a1owtct68n6juns3n2qrbtwfvhoxpimk68rebzuzercm1uak9a408vu3dcb7ys104dr3w83xg498wsz5ginmhlwf6fimup7xnzbxd9zbsru0wy27ax0qt4cux089a2l:latest/confusion_matrix_table.table.json", "path": "media/table/confusion_matrix_table_29_beb1f93679a47d88ddd1.table.json", "ncols": 3, "nrows": 100}, "_wandb": {"runtime": 55}}