{"Epoch ": 29, "Training loss ": 0.25575187828326684, "Training accuracy ": 0.9063888888888889, "Validation loss ": 0.428210723795531, "Validation accuracy ": 0.8748333333333334, "Testing loss ": 0.466134128015213, "Testing accuracy ": 0.8675, "_timestamp": 1709399709.998234, "_runtime": 299.3178629875183, "_step": 59, "confusion_matrix_table": {"_type": "table-file", "sha256": "33ec9638e70a597695c76880037b7b09ac69c02c5d729271f9273b8216e9d3d8", "size": 3172, "artifact_path": "wandb-client-artifact://5kuoriaf20699b1wridnqlthjo4svz5vwbnuh02dsdbzj3py1oeseyjgw8qtogfty8yjpmmp8p0la63x47siyozbuirypvvt4j2irvjnikqveu1av4c65da6j0i8lao2:latest/confusion_matrix_table.table.json", "_latest_artifact_path": "wandb-client-artifact://5kuoriaf20699b1wridnqlthjo4svz5vwbnuh02dsdbzj3py1oeseyjgw8qtogfty8yjpmmp8p0la63x47siyozbuirypvvt4j2irvjnikqveu1av4c65da6j0i8lao2:latest/confusion_matrix_table.table.json", "path": "media/table/confusion_matrix_table_59_33ec9638e70a597695c7.table.json", "ncols": 3, "nrows": 100}, "_wandb": {"runtime": 298}}