{"Epoch ": 9, "Training loss ": 0.17423148724862525, "Training accuracy ": 0.8794259259259259, "Validation loss ": 0.19068778810535203, "Validation accuracy ": 0.8698333333333333, "Testing loss ": 0.20073332966501645, "Testing accuracy ": 0.8615, "_timestamp": 1709533889.130226, "_runtime": 48.6960928440094, "_step": 19, "confusion_matrix_table": {"_type": "table-file", "sha256": "d288bd7540081ab26134da505d67a15852bfdd78d339d469f93aa73138e40d2a", "size": 3170, "artifact_path": "wandb-client-artifact://otf9mvug4q02txe1cpwmjdyc36i1vigyjlfq0n6z390izq0pxfir2j42m7pls688be2pke5ntbxhwghhptkqr5iitw91067wvzpz0w40k8a07r53luqn4y4ohdqzojnp:latest/confusion_matrix_table.table.json", "_latest_artifact_path": "wandb-client-artifact://otf9mvug4q02txe1cpwmjdyc36i1vigyjlfq0n6z390izq0pxfir2j42m7pls688be2pke5ntbxhwghhptkqr5iitw91067wvzpz0w40k8a07r53luqn4y4ohdqzojnp:latest/confusion_matrix_table.table.json", "path": "media/table/confusion_matrix_table_19_d288bd7540081ab26134.table.json", "ncols": 3, "nrows": 100}, "_wandb": {"runtime": 47}}