{"Epoch ": 9, "Training loss ": 0.17422123043438434, "Training accuracy ": 0.9006296296296297, "Validation loss ": 0.18239659564479324, "Validation accuracy ": 0.8971666666666667, "Testing loss ": 0.17265035278858612, "Testing accuracy ": 0.9012, "_timestamp": 1709532174.3249388, "_runtime": 63.67021179199219, "_step": 19, "confusion_matrix_table": {"_type": "table-file", "sha256": "44427baa20f816ecce0931c00544b2cc95a14212179eeda3ebe2de69693c55cf", "size": 3180, "artifact_path": "wandb-client-artifact://sffntkqkhacxci8hiim3lezlueiwdf1waclpuu45sd9ksqwmtfzqfnn5z3zfyqw5jjfmv5j1vlbcexdmca3w765ahac0xt5ua9pbl1tbu7ab2rd4dksl5yf3sotc2nk1:latest/confusion_matrix_table.table.json", "_latest_artifact_path": "wandb-client-artifact://sffntkqkhacxci8hiim3lezlueiwdf1waclpuu45sd9ksqwmtfzqfnn5z3zfyqw5jjfmv5j1vlbcexdmca3w765ahac0xt5ua9pbl1tbu7ab2rd4dksl5yf3sotc2nk1:latest/confusion_matrix_table.table.json", "path": "media/table/confusion_matrix_table_19_44427baa20f816ecce09.table.json", "ncols": 3, "nrows": 100}, "_wandb": {"runtime": 62}}