{"Epoch ": 29, "Training loss ": 0.26284607290315787, "Training accuracy ": 0.9038333333333334, "Validation loss ": 0.3949057199966469, "Validation accuracy ": 0.8763333333333333, "Testing loss ": 0.42042883375434176, "Testing accuracy ": 0.8689, "_timestamp": 1709290062.6265945, "_runtime": 68.70205855369568, "_step": 59, "confusion_matrix_table": {"_type": "table-file", "sha256": "1eb3bc6ef27d1e64938d99c0fc48ef36c9118359ea7dee04bbd9fe285fc0eb33", "size": 3171, "artifact_path": "wandb-client-artifact://w1kl09p33naq7zr2ffgooofralzm4nglnmasoswvjswnc847tz8fre4e89p654lrmi7foe2nt0xs6zl1ovoxaw2bblvaojargz6jdk9jfs39h0s8jr16hg82uddvo1eu:latest/confusion_matrix_table.table.json", "_latest_artifact_path": "wandb-client-artifact://w1kl09p33naq7zr2ffgooofralzm4nglnmasoswvjswnc847tz8fre4e89p654lrmi7foe2nt0xs6zl1ovoxaw2bblvaojargz6jdk9jfs39h0s8jr16hg82uddvo1eu:latest/confusion_matrix_table.table.json", "path": "media/table/confusion_matrix_table_59_1eb3bc6ef27d1e64938d.table.json", "ncols": 3, "nrows": 100}, "_wandb": {"runtime": 67}}