{"Epoch ": 24, "Training loss ": 0.23780757794862453, "Training accuracy ": 0.9125925925925926, "Validation loss ": 0.3297479222899509, "Validation accuracy ": 0.8858333333333334, "Testing loss ": 0.34760036892100477, "Testing accuracy ": 0.8781, "_timestamp": 1709448292.3248243, "_runtime": 230.58131527900696, "_step": 49, "confusion_matrix_table": {"_type": "table-file", "sha256": "f70f31e6171d57b5e0de2c2b7a80572b0315bdcebb114494a78708b0ddfefca3", "size": 3171, "artifact_path": "wandb-client-artifact://eb051d6mr45oi44161h1cr184ue4on7vpzrqa7c8xqf3o32abxpjmtrbqt05mwzp42b9hiz9rxotaufbyqffngq708uyu2fdqkro3pa6c7b2kwoj22cvrdwye0go2dch:latest/confusion_matrix_table.table.json", "_latest_artifact_path": "wandb-client-artifact://eb051d6mr45oi44161h1cr184ue4on7vpzrqa7c8xqf3o32abxpjmtrbqt05mwzp42b9hiz9rxotaufbyqffngq708uyu2fdqkro3pa6c7b2kwoj22cvrdwye0go2dch:latest/confusion_matrix_table.table.json", "path": "media/table/confusion_matrix_table_49_f70f31e6171d57b5e0de.table.json", "ncols": 3, "nrows": 100}, "_wandb": {"runtime": 229}}