{"Epoch ": 14, "Training loss ": 0.3086748492683234, "Training accuracy ": 0.8900740740740741, "Validation loss ": 0.36606875810963796, "Validation accuracy ": 0.8741666666666666, "Testing loss ": 0.40307317204567283, "Testing accuracy ": 0.8626, "_timestamp": 1709473889.0545611, "_runtime": 25.18035316467285, "_step": 29, "confusion_matrix_table": {"_type": "table-file", "sha256": "f87b91b8383e7c7c814210e4435b9c805c25273294f631c5f39a6c22feaff52a", "size": 3171, "artifact_path": "wandb-client-artifact://3yoazg9fstuvnyv1z4umcg0xxuc3kfmb3q2se039bm227tmc8lyw8hxvfc9aaqb4148up6b2qwrzici9jsf1ztgdlgkz85m8ekptox2lr4h5ib6dif6x98v13dsjegvq:latest/confusion_matrix_table.table.json", "_latest_artifact_path": "wandb-client-artifact://3yoazg9fstuvnyv1z4umcg0xxuc3kfmb3q2se039bm227tmc8lyw8hxvfc9aaqb4148up6b2qwrzici9jsf1ztgdlgkz85m8ekptox2lr4h5ib6dif6x98v13dsjegvq:latest/confusion_matrix_table.table.json", "path": "media/table/confusion_matrix_table_29_f87b91b8383e7c7c8142.table.json", "ncols": 3, "nrows": 100}, "_wandb": {"runtime": 24}}