{"Epoch ": 4, "Training loss ": 0.40164065745242733, "Training accuracy ": 0.8575185185185186, "Validation loss ": 0.42472672088255353, "Validation accuracy ": 0.8551666666666666, "Testing loss ": 0.4464022711272046, "Testing accuracy ": 0.8411, "_timestamp": 1709401869.0301075, "_runtime": 24.990081548690796, "_step": 9, "confusion_matrix_table": {"_type": "table-file", "sha256": "c0586b3c49b1d6cf3cdf19983cd0ac879ac3c355cf6e73a48c39725f85879fc2", "size": 3174, "artifact_path": "wandb-client-artifact://2hres74dc4duy32w93a3r6dysh2tmyiq0ucyjx7hqe8c4ixd7rorsu1otleibvh2bm8xjr93ti692bd2in7d7qy6lwvf17m5nhrhlgm0ffj6wiftpba60mfyeiljgpwv:latest/confusion_matrix_table.table.json", "_latest_artifact_path": "wandb-client-artifact://2hres74dc4duy32w93a3r6dysh2tmyiq0ucyjx7hqe8c4ixd7rorsu1otleibvh2bm8xjr93ti692bd2in7d7qy6lwvf17m5nhrhlgm0ffj6wiftpba60mfyeiljgpwv:latest/confusion_matrix_table.table.json", "path": "media/table/confusion_matrix_table_9_c0586b3c49b1d6cf3cdf.table.json", "ncols": 3, "nrows": 100}, "_wandb": {"runtime": 24}}