{"Epoch ": 24, "Training loss ": 0.40565492513670154, "Training accuracy ": 0.8916666666666667, "Validation loss ": 0.40219499912015744, "Validation accuracy ": 0.8921666666666667, "Testing loss ": 0.38718051928506925, "Testing accuracy ": 0.8986, "_timestamp": 1709489114.1012597, "_runtime": 261.0619206428528, "_step": 49, "confusion_matrix_table": {"_type": "table-file", "sha256": "498e2f5a32105fa62f5d23afd93d1d1ae9f11ec70c097e10226420f406d3ff2e", "size": 3185, "artifact_path": "wandb-client-artifact://7q2gic6aezjqn95f70x5we5j1zwxvpe4w180rtut9u0cff1qlkcpk6pjlmhzyec98h1oxuc8fghcylq3dj38nhb8577zm2pgvsp2q22asqb23ukq409phk8uyjxj8fv4:latest/confusion_matrix_table.table.json", "_latest_artifact_path": "wandb-client-artifact://7q2gic6aezjqn95f70x5we5j1zwxvpe4w180rtut9u0cff1qlkcpk6pjlmhzyec98h1oxuc8fghcylq3dj38nhb8577zm2pgvsp2q22asqb23ukq409phk8uyjxj8fv4:latest/confusion_matrix_table.table.json", "path": "media/table/confusion_matrix_table_49_498e2f5a32105fa62f5d.table.json", "ncols": 3, "nrows": 100}, "_wandb": {"runtime": 260}}