{"Epoch ": 24, "Training loss ": 0.2396892142302599, "Training accuracy ": 0.9108148148148149, "Validation loss ": 0.33725712051923673, "Validation accuracy ": 0.8831666666666667, "Testing loss ": 0.37179234920628274, "Testing accuracy ": 0.8741, "_timestamp": 1709289781.2223456, "_runtime": 52.9948296546936, "_step": 49, "confusion_matrix_table": {"_type": "table-file", "sha256": "d4ab410ffca5cf4f632aaf5d7e6676c1e1fd8430de298a339aaf5ded3a17bfdb", "size": 3172, "artifact_path": "wandb-client-artifact://abse0cip9bfcfzn5awfs8jx29kh7g6tt16sdfro96pb2o0gdvh0lbxwaotti0972gv976uv1h8tdrhv33klgpwjgldtgo3ckc23cywt6s0kf96ouf7wk9uys8nokx94f:latest/confusion_matrix_table.table.json", "_latest_artifact_path": "wandb-client-artifact://abse0cip9bfcfzn5awfs8jx29kh7g6tt16sdfro96pb2o0gdvh0lbxwaotti0972gv976uv1h8tdrhv33klgpwjgldtgo3ckc23cywt6s0kf96ouf7wk9uys8nokx94f:latest/confusion_matrix_table.table.json", "path": "media/table/confusion_matrix_table_49_d4ab410ffca5cf4f632a.table.json", "ncols": 3, "nrows": 100}, "_wandb": {"runtime": 52}}