{"Epoch ": 9, "Training loss ": 0.511745145184404, "Training accuracy ": 0.8307962962962963, "Validation loss ": 0.5187434357765934, "Validation accuracy ": 0.8266666666666667, "Testing loss ": 0.5376163217884296, "Testing accuracy ": 0.82, "_timestamp": 1709454972.1158507, "_runtime": 24.056564569473267, "_step": 19, "confusion_matrix_table": {"_type": "table-file", "sha256": "d1997c854a0feb6c6c43caf7f6f693c3c18e772327bf644acbede752474fa053", "size": 3179, "artifact_path": "wandb-client-artifact://b33a6lcjgu1nls6tim8q4anhaf2hyj2ihnng4sg3if7yp5b8wunwjvwqmhcq5t9rbse2mpftf4eaygqqqtt37crege7vxm9g97iqc8fdk9itop5oqjxmfm5z0yt3bflh:latest/confusion_matrix_table.table.json", "_latest_artifact_path": "wandb-client-artifact://b33a6lcjgu1nls6tim8q4anhaf2hyj2ihnng4sg3if7yp5b8wunwjvwqmhcq5t9rbse2mpftf4eaygqqqtt37crege7vxm9g97iqc8fdk9itop5oqjxmfm5z0yt3bflh:latest/confusion_matrix_table.table.json", "path": "media/table/confusion_matrix_table_19_d1997c854a0feb6c6c43.table.json", "ncols": 3, "nrows": 100}, "_wandb": {"runtime": 23}}