{"Epoch ": 24, "Training loss ": 0.5474813351970257, "Training accuracy ": 0.8124074074074074, "Validation loss ": 0.5635591221400622, "Validation accuracy ": 0.8031666666666667, "Testing loss ": 0.5850662182633087, "Testing accuracy ": 0.8001, "_timestamp": 1709115378.2330678, "_runtime": 29.853737831115723, "_step": 49, "confusion_matrix_table": {"_type": "table-file", "sha256": "9fce7145949ab3b48fd88342eb78d3f599d9bdfe384542b0b7b8a8c6cc96c830", "size": 3182, "artifact_path": "wandb-client-artifact://xts6xzbx3y9lj0rf554k1fyxaqs8scwjywvebebj4nhdlrvwn5qp2aryzkdggpcs25ih3gpohl5hvxoudxeox60zh5pjot3dw0gash9al1bl7ugywmdjb9zubjlat0zx:latest/confusion_matrix_table.table.json", "_latest_artifact_path": "wandb-client-artifact://xts6xzbx3y9lj0rf554k1fyxaqs8scwjywvebebj4nhdlrvwn5qp2aryzkdggpcs25ih3gpohl5hvxoudxeox60zh5pjot3dw0gash9al1bl7ugywmdjb9zubjlat0zx:latest/confusion_matrix_table.table.json", "path": "media/table/confusion_matrix_table_49_9fce7145949ab3b48fd8.table.json", "ncols": 3, "nrows": 100}, "_wandb": {"runtime": 29}}