{"Epoch ": 9, "Training loss ": 0.2988080178599163, "Training accuracy ": 0.8926851851851851, "Validation loss ": 0.35280285916232823, "Validation accuracy ": 0.8723333333333333, "Testing loss ": 0.3792258698636502, "Testing accuracy ": 0.8681, "_timestamp": 1709447133.9390347, "_runtime": 44.90960764884949, "_step": 19, "confusion_matrix_table": {"_type": "table-file", "sha256": "08b6c5ecc408e6a2ec590fda4634be727a58fe0fd2f13b729cdad83b26d04283", "size": 3171, "artifact_path": "wandb-client-artifact://126d524ddv4hs64m1othj75n5mvtbmzxhmnvtzysrxwe3rmqrpncp9sns08nn5xuzel9mfcq6obqit2n7srx1qmm3omms6i28om04eubfcp10jamge6j7ain407d88yt:latest/confusion_matrix_table.table.json", "_latest_artifact_path": "wandb-client-artifact://126d524ddv4hs64m1othj75n5mvtbmzxhmnvtzysrxwe3rmqrpncp9sns08nn5xuzel9mfcq6obqit2n7srx1qmm3omms6i28om04eubfcp10jamge6j7ain407d88yt:latest/confusion_matrix_table.table.json", "path": "media/table/confusion_matrix_table_19_08b6c5ecc408e6a2ec59.table.json", "ncols": 3, "nrows": 100}, "_wandb": {"runtime": 44}}