{"Epoch ": 29, "Training loss ": 0.2756027211380085, "Training accuracy ": 0.8965185185185185, "Validation loss ": 0.38863830369238755, "Validation accuracy ": 0.8708333333333333, "Testing loss ": 0.42549880148896074, "Testing accuracy ": 0.8596, "_timestamp": 1709414362.3659694, "_runtime": 97.4124083518982, "_step": 59, "confusion_matrix_table": {"_type": "table-file", "sha256": "452aeeb537c2660bb86bf16ce926007c0b30f8eaba0cc9e5ecce10368e0e6159", "size": 3175, "artifact_path": "wandb-client-artifact://tz5nmxk455tz3se8zf5j1iai3q9c30x0sr710t91my2y94ldin7ht0i76j9p8fg8lhroop0ny4zp19cjftpykzp983dzlh6x8iynp6q9fos5f51as6atz4om2vyqf0ye:latest/confusion_matrix_table.table.json", "_latest_artifact_path": "wandb-client-artifact://tz5nmxk455tz3se8zf5j1iai3q9c30x0sr710t91my2y94ldin7ht0i76j9p8fg8lhroop0ny4zp19cjftpykzp983dzlh6x8iynp6q9fos5f51as6atz4om2vyqf0ye:latest/confusion_matrix_table.table.json", "path": "media/table/confusion_matrix_table_59_452aeeb537c2660bb86b.table.json", "ncols": 3, "nrows": 100}, "_wandb": {"runtime": 96}}