{"Epoch ": 24, "Training loss ": 0.23310425843208385, "Training accuracy ": 0.9135185185185185, "Validation loss ": 0.34477710653485016, "Validation accuracy ": 0.8803333333333333, "Testing loss ": 0.36435806023690576, "Testing accuracy ": 0.8751, "_timestamp": 1709302396.064134, "_runtime": 343.18090081214905, "_step": 49, "confusion_matrix_table": {"_type": "table-file", "sha256": "f185a2a0ce7eb97ff78d591868d8e2f256dedd3b01ff8260193d436981d750b5", "size": 3169, "artifact_path": "wandb-client-artifact://knzmfmcbhzrsy1js8xjx48dd6o7mmisi0z0b7fx30euf9wt7gdiglay1qn5k18u8x0oyvxksg8hfedt11ekm5hph4kog9aq2h0xo20uv7slv7zdepqwjhvyy5r6jmspe:latest/confusion_matrix_table.table.json", "_latest_artifact_path": "wandb-client-artifact://knzmfmcbhzrsy1js8xjx48dd6o7mmisi0z0b7fx30euf9wt7gdiglay1qn5k18u8x0oyvxksg8hfedt11ekm5hph4kog9aq2h0xo20uv7slv7zdepqwjhvyy5r6jmspe:latest/confusion_matrix_table.table.json", "path": "media/table/confusion_matrix_table_49_f185a2a0ce7eb97ff78d.table.json", "ncols": 3, "nrows": 100}, "_wandb": {"runtime": 342}}