{"Epoch ": 4, "Training loss ": 0.1736318036707436, "Training accuracy ": 0.8798703703703704, "Validation loss ": 0.19200934094883618, "Validation accuracy ": 0.863, "Testing loss ": 0.20228885352568224, "Testing accuracy ": 0.8578, "_timestamp": 1709312481.763063, "_runtime": 70.78088688850403, "_step": 9, "confusion_matrix_table": {"_type": "table-file", "sha256": "2818cf28a432acf05ac684d4b2924109548083c3d89e86eaa8647551cb636b37", "size": 3170, "artifact_path": "wandb-client-artifact://iye94jv0ackzgafev05qqbsko914zdt2u56s0fus11dki4tiauphcww1ohwso7fyg2zjz1eq7tsvthzw8wbsegkg2p59r5ygtl69iuof2a37oroqtpt4l7feklvlfs98:latest/confusion_matrix_table.table.json", "_latest_artifact_path": "wandb-client-artifact://iye94jv0ackzgafev05qqbsko914zdt2u56s0fus11dki4tiauphcww1ohwso7fyg2zjz1eq7tsvthzw8wbsegkg2p59r5ygtl69iuof2a37oroqtpt4l7feklvlfs98:latest/confusion_matrix_table.table.json", "path": "media/table/confusion_matrix_table_9_2818cf28a432acf05ac6.table.json", "ncols": 3, "nrows": 100}, "_wandb": {"runtime": 70}}