{"Epoch ": 19, "Training loss ": 0.2304859785867369, "Training accuracy ": 0.9151851851851852, "Validation loss ": 0.32961502599425047, "Validation accuracy ": 0.8895, "Testing loss ": 0.3558638194656776, "Testing accuracy ": 0.8778, "_timestamp": 1709453194.426765, "_runtime": 57.6937620639801, "_step": 39, "confusion_matrix_table": {"_type": "table-file", "sha256": "688a8a08d70ec97f17fdfa48dec634b3c37a0e3ca5a2e2ac90915a84cb1f5756", "size": 3169, "artifact_path": "wandb-client-artifact://ofl278ohdrma9t2bbmwhoc5r8lw3zzv2nu6lpmy91cxj1lvzvvb7k4c8938eqq3a3ofbqda7gsi37m09l9zwtnnpmbin50almn25ut93hmt7r92nkty9ywzdb2yzdxb0:latest/confusion_matrix_table.table.json", "_latest_artifact_path": "wandb-client-artifact://ofl278ohdrma9t2bbmwhoc5r8lw3zzv2nu6lpmy91cxj1lvzvvb7k4c8938eqq3a3ofbqda7gsi37m09l9zwtnnpmbin50almn25ut93hmt7r92nkty9ywzdb2yzdxb0:latest/confusion_matrix_table.table.json", "path": "media/table/confusion_matrix_table_39_688a8a08d70ec97f17fd.table.json", "ncols": 3, "nrows": 100}, "_wandb": {"runtime": 56}}