{"Epoch ": 4, "Training loss ": 1.038890071652381, "Training accuracy ": 0.6203333333333333, "Validation loss ": 1.0913153683801484, "Validation accuracy ": 0.612, "Testing loss ": 1.0899360055827054, "Testing accuracy ": 0.612, "_timestamp": 1709402371.8920424, "_runtime": 23.97121834754944, "_step": 9, "confusion_matrix_table": {"_type": "table-file", "sha256": "bb31483c3552892a9aa29309fac1cc5317b96a776b09c119b646536cf6ef8c73", "size": 3161, "artifact_path": "wandb-client-artifact://vb12r1sgy6wlexiuc28hdym1qqe900hdykl5y6agydrj886qe0p7zeprtxj6jntrrxf3g5p7fjx85nk0tl9eothamx8715uyaprghpxv57py56vm2jzj7f8cr2xfyw2b:latest/confusion_matrix_table.table.json", "_latest_artifact_path": "wandb-client-artifact://vb12r1sgy6wlexiuc28hdym1qqe900hdykl5y6agydrj886qe0p7zeprtxj6jntrrxf3g5p7fjx85nk0tl9eothamx8715uyaprghpxv57py56vm2jzj7f8cr2xfyw2b:latest/confusion_matrix_table.table.json", "path": "media/table/confusion_matrix_table_9_bb31483c3552892a9aa2.table.json", "ncols": 3, "nrows": 100}, "_wandb": {"runtime": 23}}