{"Epoch ": 4, "Training loss ": 0.26241132470813033, "Training accuracy ": 0.9242407407407407, "Validation loss ": 0.2764964185719382, "Validation accuracy ": 0.9206666666666666, "Testing loss ": 0.2604300910442078, "Testing accuracy ": 0.9239, "_timestamp": 1709492668.477048, "_runtime": 30.71039581298828, "_step": 9, "confusion_matrix_table": {"_type": "table-file", "sha256": "af062c17835b61d8a59dd9b47da3a0d0eaa49cb22d84907f9bfec44548d93985", "size": 3171, "artifact_path": "wandb-client-artifact://qv2eoybvaw374x1p5h20rduja49v4tev9llxr7skrh0zln52ynp2tvnrn3p2qzbngjfevc4soqz7xp15zdajo6bs2w2za5gm1uqz2uyxmiwfj3iyqhhydowlo1a9lyft:latest/confusion_matrix_table.table.json", "_latest_artifact_path": "wandb-client-artifact://qv2eoybvaw374x1p5h20rduja49v4tev9llxr7skrh0zln52ynp2tvnrn3p2qzbngjfevc4soqz7xp15zdajo6bs2w2za5gm1uqz2uyxmiwfj3iyqhhydowlo1a9lyft:latest/confusion_matrix_table.table.json", "path": "media/table/confusion_matrix_table_9_af062c17835b61d8a59d.table.json", "ncols": 3, "nrows": 100}, "_wandb": {"runtime": 29}}