{"Epoch ": 0, "Training loss ": 2.433006106652186, "Training accuracy ": 0.1, "Validation loss ": 2.4329945833519524, "Validation accuracy ": 0.1, "Testing loss ": 2.433017894414863, "Testing accuracy ": 0.1, "_timestamp": 1709105410.7316854, "_runtime": 9.337823390960693, "_step": 0, "_wandb": {"runtime": 8}}