{"Epoch ": 19, "Training loss ": 0.3763536825192811, "Training accuracy ": 0.8686296296296296, "Validation loss ": 0.3958336223360569, "Validation accuracy ": 0.8613333333333333, "Testing loss ": 0.43326488188612555, "Testing accuracy ": 0.8459, "_timestamp": 1709126335.2502134, "_runtime": 37.29525327682495, "_step": 39, "confusion_matrix_table": {"_type": "table-file", "sha256": "3fe2471d08c1ac4e7a07a724ae90e0ade56c19dd770f0e04c87c06c23b7bed44", "size": 3175, "artifact_path": "wandb-client-artifact://d5avr90em1d31lzfk6fb4nc3i4hzjihoi9cwnnqbjtllu9slkjru494tiisz1ogb7n7k745c2i1hcydil2vqad6vroe3dy85f14hoanxgxc03q7mtlzi9i5uasbet0ed:latest/confusion_matrix_table.table.json", "_latest_artifact_path": "wandb-client-artifact://d5avr90em1d31lzfk6fb4nc3i4hzjihoi9cwnnqbjtllu9slkjru494tiisz1ogb7n7k745c2i1hcydil2vqad6vroe3dy85f14hoanxgxc03q7mtlzi9i5uasbet0ed:latest/confusion_matrix_table.table.json", "path": "media/table/confusion_matrix_table_39_3fe2471d08c1ac4e7a07.table.json", "ncols": 3, "nrows": 100}, "_wandb": {"runtime": 36}}