{"Epoch ": 29, "Training loss ": 0.24501690917597407, "Training accuracy ": 0.9088703703703703, "Validation loss ": 0.3765597646918066, "Validation accuracy ": 0.8746666666666667, "Testing loss ": 0.39010856179950143, "Testing accuracy ": 0.8714, "_timestamp": 1709453111.1360228, "_runtime": 61.15895676612854, "_step": 59, "confusion_matrix_table": {"_type": "table-file", "sha256": "30e08fbe445ff1a47c151cfe93efb87f215013e5d20c11b1d0f345f380060901", "size": 3170, "artifact_path": "wandb-client-artifact://3q377zhtwwm3yghtpuenz5m4uzipuq0dff9nckyx33xkoqyrugy3wk0tdb4yt2usq683ap7i760p75675sj96q93alc82yet2m85qoi5fa1j9vb5hkltphbxu3at1zi8:latest/confusion_matrix_table.table.json", "_latest_artifact_path": "wandb-client-artifact://3q377zhtwwm3yghtpuenz5m4uzipuq0dff9nckyx33xkoqyrugy3wk0tdb4yt2usq683ap7i760p75675sj96q93alc82yet2m85qoi5fa1j9vb5hkltphbxu3at1zi8:latest/confusion_matrix_table.table.json", "path": "media/table/confusion_matrix_table_59_30e08fbe445ff1a47c15.table.json", "ncols": 3, "nrows": 100}, "_wandb": {"runtime": 60}}