{"Epoch ": 19, "Training loss ": 0.13608628239146484, "Training accuracy ": 0.9048888888888889, "Validation loss ": 0.15940143146879307, "Validation accuracy ": 0.8886666666666667, "Testing loss ": 0.18649372349025192, "Testing accuracy ": 0.8724, "_timestamp": 1709188256.0907493, "_runtime": 173.08541631698608, "_step": 39, "confusion_matrix_table": {"_type": "table-file", "sha256": "dcc2faa8d8b8f79e9aafe7c33f40a5cef8b098df349723a01a36d9d280df3705", "size": 3174, "artifact_path": "wandb-client-artifact://j21cbvu1eblp8tln8ovdvadz1lypd9arlzgsszuywuabwy0iw5tu57dbnpa6mrsr93z3tscdsdki9us7ti9fyq1vxlhf9qn8rl6gboy60jhlwxk847y3j8p90lo3qdao:latest/confusion_matrix_table.table.json", "_latest_artifact_path": "wandb-client-artifact://j21cbvu1eblp8tln8ovdvadz1lypd9arlzgsszuywuabwy0iw5tu57dbnpa6mrsr93z3tscdsdki9us7ti9fyq1vxlhf9qn8rl6gboy60jhlwxk847y3j8p90lo3qdao:latest/confusion_matrix_table.table.json", "path": "media/table/confusion_matrix_table_39_dcc2faa8d8b8f79e9aaf.table.json", "ncols": 3, "nrows": 100}, "_wandb": {"runtime": 172}}