{"Epoch ": 19, "Training loss ": 0.5124176604413108, "Training accuracy ": 0.7240925925925926, "Validation loss ": 0.5133330261546448, "Validation accuracy ": 0.724, "Testing loss ": 0.5184581123405472, "Testing accuracy ": 0.7098, "_timestamp": 1709309897.3435507, "_runtime": 37.19488477706909, "_step": 39, "confusion_matrix_table": {"_type": "table-file", "sha256": "08df4ebc478b86079bc6a4bffd3550599c011e6ff7137a9fbce8a638b5d97a93", "size": 3184, "artifact_path": "wandb-client-artifact://691r9tdprr3n110hray3cn9nvy9rvlo8duqz6nqwxxqxdf3k2ksn2y41jpt75ehg10ycoz4rdi825ymb2qlfjvddwhyprausl8di4cbveadpgkaaepeoo0itnz243s2m:latest/confusion_matrix_table.table.json", "_latest_artifact_path": "wandb-client-artifact://691r9tdprr3n110hray3cn9nvy9rvlo8duqz6nqwxxqxdf3k2ksn2y41jpt75ehg10ycoz4rdi825ymb2qlfjvddwhyprausl8di4cbveadpgkaaepeoo0itnz243s2m:latest/confusion_matrix_table.table.json", "path": "media/table/confusion_matrix_table_39_08df4ebc478b86079bc6.table.json", "ncols": 3, "nrows": 100}, "_wandb": {"runtime": 36}}