{"Epoch ": 9, "Training loss ": 0.02956309574128503, "Training accuracy ": 0.9808888888888889, "Validation loss ": 0.06199971517972758, "Validation accuracy ": 0.9593333333333334, "Testing loss ": 0.06103092587378994, "Testing accuracy ": 0.9612, "_timestamp": 1709527822.5732563, "_runtime": 52.45357537269592, "_step": 19, "confusion_matrix_table": {"_type": "table-file", "sha256": "c07730843bfaf5d022a67e71e5a6acc9d99adfb4268c5fd57e69aa718ed7790e", "size": 3156, "artifact_path": "wandb-client-artifact://b21tc20v39rkkb0d4wz1a16ta6owa4ihjgfp39t4p24watl8o267yjxevjgaya0p56ffnevzmwlldp0yksuw4r5l7g1nve3o2a01erzdj1852zb8af1ibcyqs8zbb3bd:latest/confusion_matrix_table.table.json", "_latest_artifact_path": "wandb-client-artifact://b21tc20v39rkkb0d4wz1a16ta6owa4ihjgfp39t4p24watl8o267yjxevjgaya0p56ffnevzmwlldp0yksuw4r5l7g1nve3o2a01erzdj1852zb8af1ibcyqs8zbb3bd:latest/confusion_matrix_table.table.json", "path": "media/table/confusion_matrix_table_19_c07730843bfaf5d022a6.table.json", "ncols": 3, "nrows": 100}, "_wandb": {"runtime": 51}}