{"Epoch": 8, "Training loss": 2.3021424345327794, "Training accuracy": 0.10003703703703704, "Validation loss": 2.3021184551643707, "Validation accuracy": 0.1, "Testing loss": 2.302128724676819, "Testing accuracy": 0.1, "_timestamp": 1709117142.1495101, "_runtime": 35.675992250442505, "_step": 17, "confusion_matrix_table": {"_type": "table-file", "sha256": "0da446c27b0da5f426a5db387242ddaf273c0a80988cd3d3dd52db4cea8e9b3b", "size": 3151, "artifact_path": "wandb-client-artifact://ijoe19cphjqi7qtetwpoqt7wocn5dz2ilmeu0352o9dot25bjq59do1vdd6t27j5nfdw89j986m1ahsd961i69xdwf29jspuion95qwwqovo5mvw5fz7wcx8dprilof7:latest/confusion_matrix_table.table.json", "_latest_artifact_path": "wandb-client-artifact://ijoe19cphjqi7qtetwpoqt7wocn5dz2ilmeu0352o9dot25bjq59do1vdd6t27j5nfdw89j986m1ahsd961i69xdwf29jspuion95qwwqovo5mvw5fz7wcx8dprilof7:latest/confusion_matrix_table.table.json", "path": "media/table/confusion_matrix_table_17_0da446c27b0da5f426a5.table.json", "ncols": 3, "nrows": 100}, "_wandb": {"runtime": 36}}