{"Epoch ": 24, "Training loss ": 0.6556181249419688, "Training accuracy ": 0.4776296296296296, "Validation loss ": 0.6573442967662996, "Validation accuracy ": 0.47483333333333333, "Testing loss ": 0.6586411556678945, "Testing accuracy ": 0.4757, "_timestamp": 1709314444.8671417, "_runtime": 35.82261872291565, "_step": 49, "confusion_matrix_table": {"_type": "table-file", "sha256": "d28ed917af8089c001b5b4a3ffe4587574a471b6d4216862f0de788723679249", "size": 3182, "artifact_path": "wandb-client-artifact://649n4l3szgvik9r3zxznk98faegkz7htpoppbh1g9c7jm09s9ovpcszn5yu3x3ky1nsx4wu8z920xmogju5n3lito2v3yqn75jlbk4qv8hx0z7yf0lkq9vo9td4dk9um:latest/confusion_matrix_table.table.json", "_latest_artifact_path": "wandb-client-artifact://649n4l3szgvik9r3zxznk98faegkz7htpoppbh1g9c7jm09s9ovpcszn5yu3x3ky1nsx4wu8z920xmogju5n3lito2v3yqn75jlbk4qv8hx0z7yf0lkq9vo9td4dk9um:latest/confusion_matrix_table.table.json", "path": "media/table/confusion_matrix_table_49_d28ed917af8089c001b5.table.json", "ncols": 3, "nrows": 100}, "_wandb": {"runtime": 35}}