{"Epoch ": 29, "Training loss ": 0.14251521029018463, "Training accuracy ": 0.9591481481481482, "Validation loss ": 0.15854037659683454, "Validation accuracy ": 0.9531666666666667, "Testing loss ": 0.15871137813488084, "Testing accuracy ": 0.954, "_timestamp": 1709492692.079114, "_runtime": 66.4001829624176, "_step": 59, "confusion_matrix_table": {"_type": "table-file", "sha256": "c81773e534859ad3176cf93a3ed051f263b7c4701577b8816a497dc3fb57b2a6", "size": 3157, "artifact_path": "wandb-client-artifact://tje5va321kurzs1pvfz9vvp0vuc45fuiwdgr8nqjd4jnz58o619a34cnl5i7qhtzrqwp95qwmoc34k97yaltl7v5qh62rzegc5y4ngaol8b9bgj1f3ho9pj8lpyd0ash:latest/confusion_matrix_table.table.json", "_latest_artifact_path": "wandb-client-artifact://tje5va321kurzs1pvfz9vvp0vuc45fuiwdgr8nqjd4jnz58o619a34cnl5i7qhtzrqwp95qwmoc34k97yaltl7v5qh62rzegc5y4ngaol8b9bgj1f3ho9pj8lpyd0ash:latest/confusion_matrix_table.table.json", "path": "media/table/confusion_matrix_table_59_c81773e534859ad3176c.table.json", "ncols": 3, "nrows": 100}, "_wandb": {"runtime": 65}}