{"Epoch ": 4, "Training loss ": 0.6620831214452023, "Training accuracy ": 0.7605555555555555, "Validation loss ": 0.7037205350408394, "Validation accuracy ": 0.7556666666666667, "Testing loss ": 0.7246239910160329, "Testing accuracy ": 0.7483, "_timestamp": 1709400525.745195, "_runtime": 25.664631843566895, "_step": 9, "confusion_matrix_table": {"_type": "table-file", "sha256": "7b55e1332d6fca1e8b7e87a11d5b6cc5c8607a91c8a8eff7b25033b14e5f8106", "size": 3174, "artifact_path": "wandb-client-artifact://jzh51s26j420fgi8zmla74zi2lg4siwabu3vwak9jjq088z7n8alutf94wcjs758lpighmz6udhrc2vedi3qak8ogw9m7n9mvm3zit6vteyoh42l0dlq9fpmzox8n3da:latest/confusion_matrix_table.table.json", "_latest_artifact_path": "wandb-client-artifact://jzh51s26j420fgi8zmla74zi2lg4siwabu3vwak9jjq088z7n8alutf94wcjs758lpighmz6udhrc2vedi3qak8ogw9m7n9mvm3zit6vteyoh42l0dlq9fpmzox8n3da:latest/confusion_matrix_table.table.json", "path": "media/table/confusion_matrix_table_9_7b55e1332d6fca1e8b7e.table.json", "ncols": 3, "nrows": 100}, "_wandb": {"runtime": 24}}