{"Epoch ": 4, "Training loss ": 0.4032611547570802, "Training accuracy ": 0.859462962962963, "Validation loss ": 0.40813388317616583, "Validation accuracy ": 0.851, "Testing loss ": 0.44363344272052546, "Testing accuracy ": 0.8437, "_timestamp": 1709400082.7501447, "_runtime": 20.361206769943237, "_step": 9, "confusion_matrix_table": {"_type": "table-file", "sha256": "698f769e5246991857dd7eaa93b3ea912580504c39374d6a10a535f1cdebbfca", "size": 3176, "artifact_path": "wandb-client-artifact://m20cj2z5ny9kvz4smwo5uufb28trq982insz1mxcjmx03dgzobigm0pawfqn2bjzh8e0enxitdpjwwgt4nacmuz42josoppl6pcl6r4ocqu98htt9axje7r2640218km:latest/confusion_matrix_table.table.json", "_latest_artifact_path": "wandb-client-artifact://m20cj2z5ny9kvz4smwo5uufb28trq982insz1mxcjmx03dgzobigm0pawfqn2bjzh8e0enxitdpjwwgt4nacmuz42josoppl6pcl6r4ocqu98htt9axje7r2640218km:latest/confusion_matrix_table.table.json", "path": "media/table/confusion_matrix_table_9_698f769e5246991857dd.table.json", "ncols": 3, "nrows": 100}, "_wandb": {"runtime": 19}}