{"Epoch ": 4, "Training loss ": 0.4331256950969055, "Training accuracy ": 0.7123518518518519, "Validation loss ": 0.437294593216427, "Validation accuracy ": 0.7116666666666667, "Testing loss ": 0.4478406171635873, "Testing accuracy ": 0.7051, "_timestamp": 1709402080.3421366, "_runtime": 19.44900870323181, "_step": 9, "confusion_matrix_table": {"_type": "table-file", "sha256": "6f2cb665187c90024c3557a7c25c8e1595b193a5c29e0b8612007d8c567f596f", "size": 3170, "artifact_path": "wandb-client-artifact://54a2rwbjexxr15wecydvtohrbajeumbyp2u2uiln5gelnqs5lkqq3h68b0wl0i40lycffz02o7r0oolvreymp3njx838axcs6e47cj6t8n4q1nfl8kpqom5car0l33i7:latest/confusion_matrix_table.table.json", "_latest_artifact_path": "wandb-client-artifact://54a2rwbjexxr15wecydvtohrbajeumbyp2u2uiln5gelnqs5lkqq3h68b0wl0i40lycffz02o7r0oolvreymp3njx838axcs6e47cj6t8n4q1nfl8kpqom5car0l33i7:latest/confusion_matrix_table.table.json", "path": "media/table/confusion_matrix_table_9_6f2cb665187c90024c35.table.json", "ncols": 3, "nrows": 100}, "_wandb": {"runtime": 18}}