{"Epoch ": 24, "Training loss ": 0.5116648662546026, "Training accuracy ": 0.842574074074074, "Validation loss ": 0.5690219679385627, "Validation accuracy ": 0.83, "Testing loss ": 0.6039009654313386, "Testing accuracy ": 0.8202, "_timestamp": 1709452939.6483245, "_runtime": 211.40710043907166, "_step": 49, "confusion_matrix_table": {"_type": "table-file", "sha256": "7521b03870b8b1342e58661a114f834857ecd53b7fd169d95a11cd4013315838", "size": 3176, "artifact_path": "wandb-client-artifact://udyqpxpu4hl2f3z5kv0arz7daigvpgiu9p753ogk3y50jjb8l7j7hgzvf6aar9gr1vaesdnssqp8433izh58yn9rzsldbt0uu40bhh6zpforkzr9y2ffgi0u5rs58hbq:latest/confusion_matrix_table.table.json", "_latest_artifact_path": "wandb-client-artifact://udyqpxpu4hl2f3z5kv0arz7daigvpgiu9p753ogk3y50jjb8l7j7hgzvf6aar9gr1vaesdnssqp8433izh58yn9rzsldbt0uu40bhh6zpforkzr9y2ffgi0u5rs58hbq:latest/confusion_matrix_table.table.json", "path": "media/table/confusion_matrix_table_49_7521b03870b8b1342e58.table.json", "ncols": 3, "nrows": 100}, "_wandb": {"runtime": 210}}