{"Epoch ": 24, "Training loss ": 0.2188642224310615, "Training accuracy ": 0.8542592592592593, "Validation loss ": 0.22729847387026295, "Validation accuracy ": 0.8475, "Testing loss ": 0.23805658681608458, "Testing accuracy ": 0.8377, "_timestamp": 1709301767.2296789, "_runtime": 94.83095383644104, "_step": 49, "confusion_matrix_table": {"_type": "table-file", "sha256": "aa529780689784b008817af8ca709cab960d93caf9353d02be164a744c43e457", "size": 3177, "artifact_path": "wandb-client-artifact://qc2yxzaqiff5gy74jrquy4svg8148wdpm9gloc3knlby3v0nebrd08ejf4ogtwgz0oblj51s88uuv36eqvuvvzm3milvjd2gp14zyfux4nm1hmz4g7rhnyoksnl91m0n:latest/confusion_matrix_table.table.json", "_latest_artifact_path": "wandb-client-artifact://qc2yxzaqiff5gy74jrquy4svg8148wdpm9gloc3knlby3v0nebrd08ejf4ogtwgz0oblj51s88uuv36eqvuvvzm3milvjd2gp14zyfux4nm1hmz4g7rhnyoksnl91m0n:latest/confusion_matrix_table.table.json", "path": "media/table/confusion_matrix_table_49_aa529780689784b00881.table.json", "ncols": 3, "nrows": 100}, "_wandb": {"runtime": 94}}