{"Epoch ": 24, "Training loss ": 0.30469615066720207, "Training accuracy ": 0.8913148148148148, "Validation loss ": 0.34763624247397484, "Validation accuracy ": 0.876, "Testing loss ": 0.3766760325407892, "Testing accuracy ": 0.8692, "_timestamp": 1709475675.0993097, "_runtime": 465.4010796546936, "_step": 49, "confusion_matrix_table": {"_type": "table-file", "sha256": "f277c74ea79a7c59f5039ea93f66e1b1f0de829a5e113205a0996ace35fd4f94", "size": 3170, "artifact_path": "wandb-client-artifact://p09fg1phklgc9dc9gi2d2nm0x7pjrtehz7nr0ktrhccdu8j3i1x6l7omwxs9vn5gvugndgxjh4kc4vyxaq9b4l2jli57bskghvlwyirm6o8l0caf7vaykfj87v2serqj:latest/confusion_matrix_table.table.json", "_latest_artifact_path": "wandb-client-artifact://p09fg1phklgc9dc9gi2d2nm0x7pjrtehz7nr0ktrhccdu8j3i1x6l7omwxs9vn5gvugndgxjh4kc4vyxaq9b4l2jli57bskghvlwyirm6o8l0caf7vaykfj87v2serqj:latest/confusion_matrix_table.table.json", "path": "media/table/confusion_matrix_table_49_f277c74ea79a7c59f503.table.json", "ncols": 3, "nrows": 100}, "_wandb": {"runtime": 464}}