{"Epoch ": 19, "Training loss ": 0.2835648897634185, "Training accuracy ": 0.7953888888888889, "Validation loss ": 0.2986203747002957, "Validation accuracy ": 0.7873333333333333, "Testing loss ": 0.31312285266489187, "Testing accuracy ": 0.7756, "_timestamp": 1709564041.4262793, "_runtime": 461.257098197937, "_step": 39, "confusion_matrix_table": {"_type": "table-file", "sha256": "1580cea5ccb5d3a7f080dbbd81cf37e01357f4e073b0a634a7fc038c9a9c8d2c", "size": 3170, "artifact_path": "wandb-client-artifact://8ddjy6fvl52prq7s9tp1ua3acacrlr12c63iyakgigvfyivg6zjnjezlcmx0w01rplwxrz8u751qr8sb1ivpm39o0oo38nkq4h0xd2mtq97rg5rscfn0pflh8acqvh9v:latest/confusion_matrix_table.table.json", "_latest_artifact_path": "wandb-client-artifact://8ddjy6fvl52prq7s9tp1ua3acacrlr12c63iyakgigvfyivg6zjnjezlcmx0w01rplwxrz8u751qr8sb1ivpm39o0oo38nkq4h0xd2mtq97rg5rscfn0pflh8acqvh9v:latest/confusion_matrix_table.table.json", "path": "media/table/confusion_matrix_table_39_1580cea5ccb5d3a7f080.table.json", "ncols": 3, "nrows": 100}, "_wandb": {"runtime": 460}}