{"Epoch ": 19, "Training loss ": 0.38411416700952133, "Training accuracy ": 0.8647962962962963, "Validation loss ": 0.402892788932189, "Validation accuracy ": 0.858, "Testing loss ": 0.4256875427904385, "Testing accuracy ": 0.8493, "_timestamp": 1709635357.5392454, "_runtime": 48.6971492767334, "_step": 39, "confusion_matrix_table": {"_type": "table-file", "sha256": "84451999f6c8b95430c5ec5e5d3252e52a80c403a16e3be38a1a93188797bc8f", "size": 3175, "artifact_path": "wandb-client-artifact://j53zurs9s4wm1frronhko7g0fy7iv2omin78j74dk9pe4cfxxag8xwg2n3x0niyg1emylxumrdxz9h4ys9i7of6xg8gmw8jda7i3mo054xnit5r4rr24n2nsha6r5kln:latest/confusion_matrix_table.table.json", "_latest_artifact_path": "wandb-client-artifact://j53zurs9s4wm1frronhko7g0fy7iv2omin78j74dk9pe4cfxxag8xwg2n3x0niyg1emylxumrdxz9h4ys9i7of6xg8gmw8jda7i3mo054xnit5r4rr24n2nsha6r5kln:latest/confusion_matrix_table.table.json", "path": "media/table/confusion_matrix_table_39_84451999f6c8b95430c5.table.json", "ncols": 3, "nrows": 100}, "_wandb": {"runtime": 47}}