{"Epoch ": 9, "Training loss ": 0.31775955800134403, "Training accuracy ": 0.8838518518518519, "Validation loss ": 0.3879679464869213, "Validation accuracy ": 0.8635, "Testing loss ": 0.41231700657512577, "Testing accuracy ": 0.8549, "_timestamp": 1709126776.1915433, "_runtime": 64.85601329803467, "_step": 19, "confusion_matrix_table": {"_type": "table-file", "sha256": "1cc97cb4287ca7326dae582b966ce0887b464e64f5d17264ca6793a34133e892", "size": 3172, "artifact_path": "wandb-client-artifact://4i0o6pgsj5o6qytkyype7jn1u8xfl3lla46mda2kc8tpnj9nt20w6vq5dbb5nwt7yimlerlrxr2isj0mbd2oawhflhtk4wl791onz8nje5x7uqtxbkt8h1cn78k9kry5:latest/confusion_matrix_table.table.json", "_latest_artifact_path": "wandb-client-artifact://4i0o6pgsj5o6qytkyype7jn1u8xfl3lla46mda2kc8tpnj9nt20w6vq5dbb5nwt7yimlerlrxr2isj0mbd2oawhflhtk4wl791onz8nje5x7uqtxbkt8h1cn78k9kry5:latest/confusion_matrix_table.table.json", "path": "media/table/confusion_matrix_table_19_1cc97cb4287ca7326dae.table.json", "ncols": 3, "nrows": 100}, "_wandb": {"runtime": 64}}