{"Epoch ": 29, "Training loss ": 0.296582695810786, "Training accuracy ": 0.8935, "Validation loss ": 0.3282282004264061, "Validation accuracy ": 0.8816666666666667, "Testing loss ": 0.36302362392401205, "Testing accuracy ": 0.8686, "_timestamp": 1709130428.8752933, "_runtime": 435.51951026916504, "_step": 59, "confusion_matrix_table": {"_type": "table-file", "sha256": "51df6574285a5091e258ba07226389c1243f36fdb732c224fd8e1fe9840cc070", "size": 3171, "artifact_path": "wandb-client-artifact://c2aciicudiq3yzszss7mp59dy9bunvgkf0bc4i21igww6wkl8iys85kswludruovxrv24aia6ywvc6oimhemek1c6pxpt1f2bwwv8caegnpq3r4vlz08c52vae136lz5:latest/confusion_matrix_table.table.json", "_latest_artifact_path": "wandb-client-artifact://c2aciicudiq3yzszss7mp59dy9bunvgkf0bc4i21igww6wkl8iys85kswludruovxrv24aia6ywvc6oimhemek1c6pxpt1f2bwwv8caegnpq3r4vlz08c52vae136lz5:latest/confusion_matrix_table.table.json", "path": "media/table/confusion_matrix_table_59_51df6574285a5091e258.table.json", "ncols": 3, "nrows": 100}, "_wandb": {"runtime": 434}}