{"Epoch ": 29, "Training loss ": 0.11592291711399558, "Training accuracy ": 0.9221666666666667, "Validation loss ": 0.16283563857577166, "Validation accuracy ": 0.8868333333333334, "Testing loss ": 0.17367644541045546, "Testing accuracy ": 0.8782, "_timestamp": 1709148987.5682344, "_runtime": 207.81491446495056, "_step": 59, "confusion_matrix_table": {"_type": "table-file", "sha256": "b63226c5ae69c6ca59e9c3c0e0ef94c6be1d2f6f32c92000df2f614544433ac5", "size": 3171, "artifact_path": "wandb-client-artifact://8zixvesdr97d8abup7q6h8f6bysj7tl4l7ksyjcfobz7p57wlw81qz0ea7katw4u3ebnv1tw8n2m3tm09mdaehl56cjqfo6i1dutf2n2w58eeh8vk2qel0i92sbhxrgv:latest/confusion_matrix_table.table.json", "_latest_artifact_path": "wandb-client-artifact://8zixvesdr97d8abup7q6h8f6bysj7tl4l7ksyjcfobz7p57wlw81qz0ea7katw4u3ebnv1tw8n2m3tm09mdaehl56cjqfo6i1dutf2n2w58eeh8vk2qel0i92sbhxrgv:latest/confusion_matrix_table.table.json", "path": "media/table/confusion_matrix_table_59_b63226c5ae69c6ca59e9.table.json", "ncols": 3, "nrows": 100}, "_wandb": {"runtime": 207}}