{"Epoch ": 29, "Training loss ": 0.2810336764421137, "Training accuracy ": 0.8986296296296297, "Validation loss ": 0.40369322900723326, "Validation accuracy ": 0.8618333333333333, "Testing loss ": 0.421116631115004, "Testing accuracy ": 0.858, "_timestamp": 1709293795.4169662, "_runtime": 43.95945715904236, "_step": 59, "confusion_matrix_table": {"_type": "table-file", "sha256": "59b33e7916493da6fdf302e099f9271c35af696d4a9ba462856ee04d4e2f7da3", "size": 3173, "artifact_path": "wandb-client-artifact://e2ebvc7suhu4z4yx1eh4zora19uiwtgpp9ugxkr1a1cpsovt3ciqx7uvs7wd6iy68mpxxzmnv3dr5qmq8rvw3j9biziqvmtm9yxgh67scvlsediheemo1qa2r96kwxey:latest/confusion_matrix_table.table.json", "_latest_artifact_path": "wandb-client-artifact://e2ebvc7suhu4z4yx1eh4zora19uiwtgpp9ugxkr1a1cpsovt3ciqx7uvs7wd6iy68mpxxzmnv3dr5qmq8rvw3j9biziqvmtm9yxgh67scvlsediheemo1qa2r96kwxey:latest/confusion_matrix_table.table.json", "path": "media/table/confusion_matrix_table_59_59b33e7916493da6fdf3.table.json", "ncols": 3, "nrows": 100}, "_wandb": {"runtime": 43}}