{"Epoch ": 24, "Training loss ": 0.22824946780949162, "Training accuracy ": 0.9141111111111111, "Validation loss ": 0.348703970232303, "Validation accuracy ": 0.8853333333333333, "Testing loss ": 0.41011809266195287, "Testing accuracy ": 0.8738, "_timestamp": 1709295339.2498293, "_runtime": 67.19619917869568, "_step": 49, "confusion_matrix_table": {"_type": "table-file", "sha256": "1c817ef0e5c13bf5eb57af0c56a242ca25063d4938459c8d3471ce0bd6657966", "size": 3174, "artifact_path": "wandb-client-artifact://fjpeqws4wj0efdnlpod8xfko53w956p6ob8c3b17t6qjhdg19to0jykip5vlxl0sf62ddqtkoay7g45g2e1xqe2bit4w4j5qrj4d2tddcfjyv7ch1tx6p3o8loop0mqs:latest/confusion_matrix_table.table.json", "_latest_artifact_path": "wandb-client-artifact://fjpeqws4wj0efdnlpod8xfko53w956p6ob8c3b17t6qjhdg19to0jykip5vlxl0sf62ddqtkoay7g45g2e1xqe2bit4w4j5qrj4d2tddcfjyv7ch1tx6p3o8loop0mqs:latest/confusion_matrix_table.table.json", "path": "media/table/confusion_matrix_table_49_1c817ef0e5c13bf5eb57.table.json", "ncols": 3, "nrows": 100}, "_wandb": {"runtime": 66}}