{"Epoch ": 29, "Training loss ": 1.8314219528151963, "Training accuracy ": 0.3091111111111111, "Validation loss ": 1.8294655962842417, "Validation accuracy ": 0.315, "Testing loss ": 1.8329874542215838, "Testing accuracy ": 0.3123, "_timestamp": 1709475741.2215314, "_runtime": 390.4549822807312, "_step": 59, "confusion_matrix_table": {"_type": "table-file", "sha256": "4a73e6704b57720ac687bb149b7fd7b7c1e06c2c008b010e78f0644f03f9a80e", "size": 3197, "artifact_path": "wandb-client-artifact://hfy4b7x6orm0r0tmkzyffq8ul4rg05514agl9jn6gcdsmneckr0imfq64eqnj604a68hx8umwrd3pdxyibjd5stbsgbq9ffe4modgt2pzo6x32d5zorxg479rafhpjvh:latest/confusion_matrix_table.table.json", "_latest_artifact_path": "wandb-client-artifact://hfy4b7x6orm0r0tmkzyffq8ul4rg05514agl9jn6gcdsmneckr0imfq64eqnj604a68hx8umwrd3pdxyibjd5stbsgbq9ffe4modgt2pzo6x32d5zorxg479rafhpjvh:latest/confusion_matrix_table.table.json", "path": "media/table/confusion_matrix_table_59_4a73e6704b57720ac687.table.json", "ncols": 3, "nrows": 100}, "_wandb": {"runtime": 389}}