{"Epoch ": 14, "Training loss ": 0.19627690886857863, "Training accuracy ": 0.8635, "Validation loss ": 0.19955401758126695, "Validation accuracy ": 0.8636666666666667, "Testing loss ": 0.21685829478344676, "Testing accuracy ": 0.8465, "_timestamp": 1709634053.2791274, "_runtime": 139.94554233551025, "_step": 29, "confusion_matrix_table": {"_type": "table-file", "sha256": "99465d5e12f24605b85eb9334143844f0e1c6b04e2086ba39decd5677998bc17", "size": 3176, "artifact_path": "wandb-client-artifact://fo86snh77v039w44fpf8782r2alamgyucc97oko5pmttaonkr198g3ci5r3fz2zvsnp90172cvo2x5kiddkz5echu9owgd5lywfssrh9vq6q2lgcnnodibjpo5pqr828:latest/confusion_matrix_table.table.json", "_latest_artifact_path": "wandb-client-artifact://fo86snh77v039w44fpf8782r2alamgyucc97oko5pmttaonkr198g3ci5r3fz2zvsnp90172cvo2x5kiddkz5echu9owgd5lywfssrh9vq6q2lgcnnodibjpo5pqr828:latest/confusion_matrix_table.table.json", "path": "media/table/confusion_matrix_table_29_99465d5e12f24605b85e.table.json", "ncols": 3, "nrows": 100}, "_wandb": {"runtime": 139}}