{"Epoch ": 14, "Training loss ": 0.02916056736803813, "Training accuracy ": 0.9903703703703703, "Validation loss ": 0.17220259820143966, "Validation accuracy ": 0.9671666666666666, "Testing loss ": 0.18203918617079404, "Testing accuracy ": 0.9643, "_timestamp": 1709502153.847414, "_runtime": 81.49673795700073, "_step": 29, "confusion_matrix_table": {"_type": "table-file", "sha256": "781165c1932489e045b2f18e23ba50459e55331af224ccfef0ddfdca2e5fbdb1", "size": 3155, "artifact_path": "wandb-client-artifact://h05ws5pxh11q8so57w8ty7ufnlhjjmr3tms3klaie8p3uc5j5y1kpr53lrn43nro81n2oo8wkc1maj4byqdmixpbcb4jnoc2dwwlxekxfefg95jjho94mcl27alquzb3:latest/confusion_matrix_table.table.json", "_latest_artifact_path": "wandb-client-artifact://h05ws5pxh11q8so57w8ty7ufnlhjjmr3tms3klaie8p3uc5j5y1kpr53lrn43nro81n2oo8wkc1maj4byqdmixpbcb4jnoc2dwwlxekxfefg95jjho94mcl27alquzb3:latest/confusion_matrix_table.table.json", "path": "media/table/confusion_matrix_table_29_781165c1932489e045b2.table.json", "ncols": 3, "nrows": 100}, "_wandb": {"runtime": 80}}