{"Epoch ": 19, "Training loss ": 0.1890683648265406, "Training accuracy ": 0.8682037037037037, "Validation loss ": 0.223892009617035, "Validation accuracy ": 0.8466666666666667, "Testing loss ": 0.23234540968055067, "Testing accuracy ": 0.8422, "_timestamp": 1709147147.6821802, "_runtime": 329.46075320243835, "_step": 39, "confusion_matrix_table": {"_type": "table-file", "sha256": "1beafc4747b67df9d9dca41b6a18b065dfe83d9797593cbdc3befb4e9dad587f", "size": 3180, "artifact_path": "wandb-client-artifact://g981t0e9xvjn8f1akuz0c015sob0cp9gsnspc4uneom2uce81yiw2s0xmolwf35oflq99r3yl3umoz3hcmh1n5le9qld9kd6aiyjegz4k6095l5wyk54fymbe9uihob3:latest/confusion_matrix_table.table.json", "_latest_artifact_path": "wandb-client-artifact://g981t0e9xvjn8f1akuz0c015sob0cp9gsnspc4uneom2uce81yiw2s0xmolwf35oflq99r3yl3umoz3hcmh1n5le9qld9kd6aiyjegz4k6095l5wyk54fymbe9uihob3:latest/confusion_matrix_table.table.json", "path": "media/table/confusion_matrix_table_39_1beafc4747b67df9d9dc.table.json", "ncols": 3, "nrows": 100}, "_wandb": {"runtime": 328}}