{"Epoch ": 4, "Training loss ": 0.8061395306294369, "Training accuracy ": 0.7595555555555555, "Validation loss ": 0.7446540448312217, "Validation accuracy ": 0.7671666666666667, "Testing loss ": 0.8527697711076373, "Testing accuracy ": 0.7445, "_timestamp": 1709127809.1638904, "_runtime": 18.31254243850708, "_step": 9, "confusion_matrix_table": {"_type": "table-file", "sha256": "fdb9d30bbf2c52d92c6893a73d1b66c37d7623741793f9154f143f42942f4526", "size": 3175, "artifact_path": "wandb-client-artifact://ite3a1lux898cb3mzqxyhokqzepfjttwl015taq72jveeo178qur5th9x9x0im3lnsmfgjzawac7g75eu8g34zzloop8c30nqwxwji9dxc4pp5w5z65y9tow2ay9rqdc:latest/confusion_matrix_table.table.json", "_latest_artifact_path": "wandb-client-artifact://ite3a1lux898cb3mzqxyhokqzepfjttwl015taq72jveeo178qur5th9x9x0im3lnsmfgjzawac7g75eu8g34zzloop8c30nqwxwji9dxc4pp5w5z65y9tow2ay9rqdc:latest/confusion_matrix_table.table.json", "path": "media/table/confusion_matrix_table_9_fdb9d30bbf2c52d92c68.table.json", "ncols": 3, "nrows": 100}, "_wandb": {"runtime": 17}}