{"Epoch ": 14, "Training loss ": 0.13892955656637246, "Training accuracy ": 0.9059074074074074, "Validation loss ": 0.16703774345983646, "Validation accuracy ": 0.8838333333333334, "Testing loss ": 0.17662415340136542, "Testing accuracy ": 0.8779, "_timestamp": 1709145451.020534, "_runtime": 72.90838813781738, "_step": 29, "confusion_matrix_table": {"_type": "table-file", "sha256": "ae47e1a9f15b734ed9de5081123338a3100e4c44758153739ba0d5f939d7098c", "size": 3171, "artifact_path": "wandb-client-artifact://n14wtq7os0objdt5tuzx3fvjvn3id1evnmvychqpvaiatmoob9kkh3z9uobvpjcskssx8dfuul8igum2joxgahr3d9onj4itnvbveeffr83ry4marvmo7u3apy88fxmy:latest/confusion_matrix_table.table.json", "_latest_artifact_path": "wandb-client-artifact://n14wtq7os0objdt5tuzx3fvjvn3id1evnmvychqpvaiatmoob9kkh3z9uobvpjcskssx8dfuul8igum2joxgahr3d9onj4itnvbveeffr83ry4marvmo7u3apy88fxmy:latest/confusion_matrix_table.table.json", "path": "media/table/confusion_matrix_table_29_ae47e1a9f15b734ed9de.table.json", "ncols": 3, "nrows": 100}, "_wandb": {"runtime": 72}}