{"Epoch ": 19, "Training loss ": 0.4704776637166402, "Training accuracy ": 0.8864814814814815, "Validation loss ": 0.4916100277416751, "Validation accuracy ": 0.8751666666666666, "Testing loss ": 0.4691471797664245, "Testing accuracy ": 0.886, "_timestamp": 1709487876.7906642, "_runtime": 133.3720142841339, "_step": 39, "confusion_matrix_table": {"_type": "table-file", "sha256": "d9e8b96d40e2cdba6f89237bc5b743cca4aa735c173d9776f9d771971946f9d6", "size": 3182, "artifact_path": "wandb-client-artifact://5vwwu69i6ulu4ccekkh5u78f3tuc04lo3dnwqeeg0k1qvfot1szy26kygzl0hg4yld0oaaqgy4k16lr3klincqmpoi1rj8wwr1f4rfihtlgh3zp21nyrncx1jsaq3q69:latest/confusion_matrix_table.table.json", "_latest_artifact_path": "wandb-client-artifact://5vwwu69i6ulu4ccekkh5u78f3tuc04lo3dnwqeeg0k1qvfot1szy26kygzl0hg4yld0oaaqgy4k16lr3klincqmpoi1rj8wwr1f4rfihtlgh3zp21nyrncx1jsaq3q69:latest/confusion_matrix_table.table.json", "path": "media/table/confusion_matrix_table_39_d9e8b96d40e2cdba6f89.table.json", "ncols": 3, "nrows": 100}, "_wandb": {"runtime": 132}}