{"Epoch ": 24, "Training loss ": 0.2399888479524685, "Training accuracy ": 0.9136666666666666, "Validation loss ": 0.3126322435821093, "Validation accuracy ": 0.8915, "Testing loss ": 0.3421950832274606, "Testing accuracy ": 0.8784, "_timestamp": 1709139177.942482, "_runtime": 106.52403903007507, "_step": 49, "confusion_matrix_table": {"_type": "table-file", "sha256": "53d534e09a5e16a47e95ab76eef52222984a20db81c51cb4cd2dc653f24bf600", "size": 3170, "artifact_path": "wandb-client-artifact://np5xs0fqmkwjh4ox8b45wzbmki8ox0mt5hp68uzy4ys7u6fwdauju51ssamq427ybfic73pb4eayicq18lb6ig4vk7wq6kkcq4abolesxdbordp1o6280lfuq78bcwnq:latest/confusion_matrix_table.table.json", "_latest_artifact_path": "wandb-client-artifact://np5xs0fqmkwjh4ox8b45wzbmki8ox0mt5hp68uzy4ys7u6fwdauju51ssamq427ybfic73pb4eayicq18lb6ig4vk7wq6kkcq4abolesxdbordp1o6280lfuq78bcwnq:latest/confusion_matrix_table.table.json", "path": "media/table/confusion_matrix_table_49_53d534e09a5e16a47e95.table.json", "ncols": 3, "nrows": 100}, "_wandb": {"runtime": 105}}