{"Epoch ": 29, "Training loss ": 0.5927289299616053, "Training accuracy ": 0.8360555555555556, "Validation loss ": 0.5990767987764539, "Validation accuracy ": 0.8276666666666667, "Testing loss ": 0.6180618509081155, "Testing accuracy ": 0.8209, "_timestamp": 1709129361.3394537, "_runtime": 79.35778570175171, "_step": 59, "confusion_matrix_table": {"_type": "table-file", "sha256": "7f5b905daba4299e05e5ad06a58e63edbda8e80c2ca42c985875ae07aac50a23", "size": 3177, "artifact_path": "wandb-client-artifact://jiaudgpo2tlem6ord1jzwa0rxt936r0iq4gfrz4a1atcqd8iywpmeev2br0tggx4c98hhd2ejg3cn1581zc7ttmhmms4sl6sw1olvfmikl9bqlt9blhfgije94ffzor4:latest/confusion_matrix_table.table.json", "_latest_artifact_path": "wandb-client-artifact://jiaudgpo2tlem6ord1jzwa0rxt936r0iq4gfrz4a1atcqd8iywpmeev2br0tggx4c98hhd2ejg3cn1581zc7ttmhmms4sl6sw1olvfmikl9bqlt9blhfgije94ffzor4:latest/confusion_matrix_table.table.json", "path": "media/table/confusion_matrix_table_59_7f5b905daba4299e05e5.table.json", "ncols": 3, "nrows": 100}, "_wandb": {"runtime": 78}}