{"Epoch ": 19, "Training loss ": 0.1772461526586046, "Training accuracy ": 0.9506111111111111, "Validation loss ": 0.20455838405742277, "Validation accuracy ": 0.9425, "Testing loss ": 0.18030462020715818, "Testing accuracy ": 0.9457, "_timestamp": 1709492102.240225, "_runtime": 74.41162419319153, "_step": 39, "confusion_matrix_table": {"_type": "table-file", "sha256": "d6f004b7aa6d6ad47c1fc1a2665d249e134c22e9784e8f8002c7e15d4400f02a", "size": 3166, "artifact_path": "wandb-client-artifact://g9grr5n1ybi1rszrtra5vu2ozcqntqolhpeij0yp3k0kb0a8w6d9mb42yc8w09xgklm5d1kwzzj0yyq20vb1649lnyfjpm1dk7329lzixjirocvvjgma5u5ddcxqrswn:latest/confusion_matrix_table.table.json", "_latest_artifact_path": "wandb-client-artifact://g9grr5n1ybi1rszrtra5vu2ozcqntqolhpeij0yp3k0kb0a8w6d9mb42yc8w09xgklm5d1kwzzj0yyq20vb1649lnyfjpm1dk7329lzixjirocvvjgma5u5ddcxqrswn:latest/confusion_matrix_table.table.json", "path": "media/table/confusion_matrix_table_39_d6f004b7aa6d6ad47c1f.table.json", "ncols": 3, "nrows": 100}, "_wandb": {"runtime": 73}}