{"Epoch ": 19, "Training loss ": 0.9000098606274939, "Training accuracy ": 0.1, "Validation loss ": 0.9000098606277437, "Validation accuracy ": 0.1, "Testing loss ": 0.9000098606221066, "Testing accuracy ": 0.1, "_timestamp": 1709150263.6479123, "_runtime": 287.8369882106781, "_step": 39, "confusion_matrix_table": {"_type": "table-file", "sha256": "55eee3b7305609123e924c23d30348cad7f8b514d55bab85b59e8986656f1b6b", "size": 3152, "artifact_path": "wandb-client-artifact://clnv3l5y4xue3l5ye2ucbc5vsx4qom93j2b252oetj2nxf4ri7jm81ylbiqbod10rdusipl4cn856mz3unaqycaq2liev556pu31qiwumcpve9hn23i92bscz8ha1zds:latest/confusion_matrix_table.table.json", "_latest_artifact_path": "wandb-client-artifact://clnv3l5y4xue3l5ye2ucbc5vsx4qom93j2b252oetj2nxf4ri7jm81ylbiqbod10rdusipl4cn856mz3unaqycaq2liev556pu31qiwumcpve9hn23i92bscz8ha1zds:latest/confusion_matrix_table.table.json", "path": "media/table/confusion_matrix_table_39_55eee3b7305609123e92.table.json", "ncols": 3, "nrows": 100}, "_wandb": {"runtime": 287}}