{"Epoch ": 14, "Training loss ": 0.16202232426248694, "Training accuracy ": 0.924537037037037, "Validation loss ": 0.16609150136043566, "Validation accuracy ": 0.9161666666666667, "Testing loss ": 0.15889666544182166, "Testing accuracy ": 0.9241, "_timestamp": 1709531280.1878402, "_runtime": 44.67410326004028, "_step": 29, "confusion_matrix_table": {"_type": "table-file", "sha256": "80b458c019451588df5d14936330b8a49b384031c2ac06c713723a8b3148a5c2", "size": 3177, "artifact_path": "wandb-client-artifact://hg04b0htf6tlgpx7mm5cy2fw998dimucqvp3w7miml52jbshinajqk9p0wamiq11rqz3wcsd550um7l6yocdk1en2etw9ev5gyakfjfwjmawt592bx10vvoegdqaaj94:latest/confusion_matrix_table.table.json", "_latest_artifact_path": "wandb-client-artifact://hg04b0htf6tlgpx7mm5cy2fw998dimucqvp3w7miml52jbshinajqk9p0wamiq11rqz3wcsd550um7l6yocdk1en2etw9ev5gyakfjfwjmawt592bx10vvoegdqaaj94:latest/confusion_matrix_table.table.json", "path": "media/table/confusion_matrix_table_29_80b458c019451588df5d.table.json", "ncols": 3, "nrows": 100}, "_wandb": {"runtime": 43}}