{"Epoch ": 4, "Training loss ": 0.409046899315825, "Training accuracy ": 0.7102962962962963, "Validation loss ": 0.4140851290926088, "Validation accuracy ": 0.7073333333333334, "Testing loss ": 0.4265334340917231, "Testing accuracy ": 0.7002, "_timestamp": 1709401733.7848465, "_runtime": 17.981257438659668, "_step": 9, "confusion_matrix_table": {"_type": "table-file", "sha256": "c81c310688d9cae4616ea7219a0400a5acd59d98a5b7584397aa515d9f24ad84", "size": 3187, "artifact_path": "wandb-client-artifact://mnludbd339pctr7mamk7qw3wdwtffdk178tthi110ulv96legc0ijyqcfuux88doa0u6kzxxm4k5tzupj2mc3om1vathzs9fhkpmrerv6e9zqfzbonmekh9p7pdjzwcm:latest/confusion_matrix_table.table.json", "_latest_artifact_path": "wandb-client-artifact://mnludbd339pctr7mamk7qw3wdwtffdk178tthi110ulv96legc0ijyqcfuux88doa0u6kzxxm4k5tzupj2mc3om1vathzs9fhkpmrerv6e9zqfzbonmekh9p7pdjzwcm:latest/confusion_matrix_table.table.json", "path": "media/table/confusion_matrix_table_9_c81c310688d9cae4616e.table.json", "ncols": 3, "nrows": 100}, "_wandb": {"runtime": 17}}