{"Epoch ": 4, "Training loss ": 0.190694256784268, "Training accuracy ": 0.8726111111111111, "Validation loss ": 0.2029307678641135, "Validation accuracy ": 0.8615, "Testing loss ": 0.21334992082717555, "Testing accuracy ": 0.8541, "_timestamp": 1709629907.3087578, "_runtime": 19.582765817642212, "_step": 9, "confusion_matrix_table": {"_type": "table-file", "sha256": "8bf9b47f481a02d901596a1a251834cb6d25801ed20c6d5f9ce6744c2ae9f721", "size": 3174, "artifact_path": "wandb-client-artifact://u73wgq7mt602jxgbdtl2a69kjq86mdc8k1sm9v5oulocgm0rqa1k5ryqvx9rfldssei0gyxme39mpjjmg6qtr2svlozc9o84cn2g1ut8aonhi5smtn9g7ek1xi9e6612:latest/confusion_matrix_table.table.json", "_latest_artifact_path": "wandb-client-artifact://u73wgq7mt602jxgbdtl2a69kjq86mdc8k1sm9v5oulocgm0rqa1k5ryqvx9rfldssei0gyxme39mpjjmg6qtr2svlozc9o84cn2g1ut8aonhi5smtn9g7ek1xi9e6612:latest/confusion_matrix_table.table.json", "path": "media/table/confusion_matrix_table_9_8bf9b47f481a02d90159.table.json", "ncols": 3, "nrows": 100}, "_wandb": {"runtime": 18}}