{"Epoch ": 9, "Training loss ": 0.39098033510481783, "Training accuracy ": 0.7993518518518519, "Validation loss ": 0.3909121333026041, "Validation accuracy ": 0.8023333333333333, "Testing loss ": 0.39910167282235104, "Testing accuracy ": 0.7859, "_timestamp": 1709569438.319019, "_runtime": 23.77688717842102, "_step": 19, "confusion_matrix_table": {"_type": "table-file", "sha256": "c6da42bce1787e0a03f37b164cec34f06a17081eba7c3b9ed40e11f5083ea182", "size": 3179, "artifact_path": "wandb-client-artifact://srfwdklf7giiy12gqwy0kgpquhcrdisqojwqox4v3p24kir2i9so9m9a9kcmjbgxydi11yyqbu7uovt8tumzfox3zj48687qbtqneh79xtte9im35x608yhrjeo0wf5x:latest/confusion_matrix_table.table.json", "_latest_artifact_path": "wandb-client-artifact://srfwdklf7giiy12gqwy0kgpquhcrdisqojwqox4v3p24kir2i9so9m9a9kcmjbgxydi11yyqbu7uovt8tumzfox3zj48687qbtqneh79xtte9im35x608yhrjeo0wf5x:latest/confusion_matrix_table.table.json", "path": "media/table/confusion_matrix_table_19_c6da42bce1787e0a03f3.table.json", "ncols": 3, "nrows": 100}, "_wandb": {"runtime": 23}}