{"Epoch ": 19, "Training loss ": 0.4144722862271768, "Training accuracy ": 0.7271851851851852, "Validation loss ": 0.41707945456641216, "Validation accuracy ": 0.7246666666666667, "Testing loss ": 0.4211975315576551, "Testing accuracy ": 0.7188, "_timestamp": 1709310141.1215575, "_runtime": 79.6548535823822, "_step": 39, "confusion_matrix_table": {"_type": "table-file", "sha256": "5c874d0bceb230022587c898b6b64cf21997867acab979fb0969194fc43464a7", "size": 3184, "artifact_path": "wandb-client-artifact://7kbosgxybxcpqat1neb9zu13m6q66tmba1q3hhdpfp33n7sq3z5bfds2a15y7aeh5k6ozovqslejb0aic630066ao0b1whntytsg6pyy0aowrth1s62c3yy6obi0ggl9:latest/confusion_matrix_table.table.json", "_latest_artifact_path": "wandb-client-artifact://7kbosgxybxcpqat1neb9zu13m6q66tmba1q3hhdpfp33n7sq3z5bfds2a15y7aeh5k6ozovqslejb0aic630066ao0b1whntytsg6pyy0aowrth1s62c3yy6obi0ggl9:latest/confusion_matrix_table.table.json", "path": "media/table/confusion_matrix_table_39_5c874d0bceb230022587.table.json", "ncols": 3, "nrows": 100}, "_wandb": {"runtime": 78}}