{"Epoch ": 14, "Training loss ": 0.20376016451004594, "Training accuracy ": 0.8604074074074074, "Validation loss ": 0.2147654144984225, "Validation accuracy ": 0.849, "Testing loss ": 0.22351023188541594, "Testing accuracy ": 0.844, "_timestamp": 1709629845.0595734, "_runtime": 54.11368751525879, "_step": 29, "confusion_matrix_table": {"_type": "table-file", "sha256": "a4be60a42a55da648ef0f9e0e41c38859b7efa6f40bce2542afe7b1d35c35a47", "size": 3174, "artifact_path": "wandb-client-artifact://uomaoxoqkri7gtj0zs2i4ryzus2pf33jre8ngf6mbj2o3342jq5pt464eleblctdrfwp440pgow5149n3479jf8qzvc1ejmqi1b7okdluo35sp29q3kiesju9b0706iz:latest/confusion_matrix_table.table.json", "_latest_artifact_path": "wandb-client-artifact://uomaoxoqkri7gtj0zs2i4ryzus2pf33jre8ngf6mbj2o3342jq5pt464eleblctdrfwp440pgow5149n3479jf8qzvc1ejmqi1b7okdluo35sp29q3kiesju9b0706iz:latest/confusion_matrix_table.table.json", "path": "media/table/confusion_matrix_table_29_a4be60a42a55da648ef0.table.json", "ncols": 3, "nrows": 100}, "_wandb": {"runtime": 50}}