{"Epoch ": 9, "Training loss ": 0.42005829893821134, "Training accuracy ": 0.7270555555555556, "Validation loss ": 0.43050827862219726, "Validation accuracy ": 0.7111666666666666, "Testing loss ": 0.41832582822713077, "Testing accuracy ": 0.7262, "_timestamp": 1709531223.956606, "_runtime": 31.39865493774414, "_step": 19, "confusion_matrix_table": {"_type": "table-file", "sha256": "257e4671fa041516f14f68d20f83ac5162ad723fda7df6b1b9d01f8e80710964", "size": 3192, "artifact_path": "wandb-client-artifact://op8v02v02tvkkbxz72jddk9v4c8lsv088wny8436xjt0q0ufcnfozbn8ao11lz8qiunhfm20wehcfpqhz7h5xnm5hu9kp3t3dt0n9dmakvr0wpew4vdjsmk5tr7bzrus:latest/confusion_matrix_table.table.json", "_latest_artifact_path": "wandb-client-artifact://op8v02v02tvkkbxz72jddk9v4c8lsv088wny8436xjt0q0ufcnfozbn8ao11lz8qiunhfm20wehcfpqhz7h5xnm5hu9kp3t3dt0n9dmakvr0wpew4vdjsmk5tr7bzrus:latest/confusion_matrix_table.table.json", "path": "media/table/confusion_matrix_table_19_257e4671fa041516f14f.table.json", "ncols": 3, "nrows": 100}, "_wandb": {"runtime": 30}}