{"Epoch ": 9, "Training loss ": 0.2391485930122512, "Training accuracy ": 0.9123333333333333, "Validation loss ": 0.3048104420985009, "Validation accuracy ": 0.8933333333333333, "Testing loss ": 0.34023674373452545, "Testing accuracy ": 0.8796, "_timestamp": 1709143006.8547814, "_runtime": 66.37948441505432, "_step": 19, "confusion_matrix_table": {"_type": "table-file", "sha256": "89101ffa7152df28963d675c0c54919cf0e9062aa76cee0e93a5eedfcd622261", "size": 3169, "artifact_path": "wandb-client-artifact://7hjtn6g86xg1joc28x7phhok2hq3uu54tuzuniuxz5lj3x2s7g4bgd9irunnf79b2c08ku6mhd1yq7wfceuamw9bp7kwvuug70dghc7qm0tq0dq59rn4xsfuq8l1imcb:latest/confusion_matrix_table.table.json", "_latest_artifact_path": "wandb-client-artifact://7hjtn6g86xg1joc28x7phhok2hq3uu54tuzuniuxz5lj3x2s7g4bgd9irunnf79b2c08ku6mhd1yq7wfceuamw9bp7kwvuug70dghc7qm0tq0dq59rn4xsfuq8l1imcb:latest/confusion_matrix_table.table.json", "path": "media/table/confusion_matrix_table_19_89101ffa7152df28963d.table.json", "ncols": 3, "nrows": 100}, "_wandb": {"runtime": 61}}