{"Epoch ": 0, "Training loss ": 4.1266842695933814e-05, "Training accuracy ": 0.2142777777777778, "Validation loss ": 0.00037142912691935523, "Validation accuracy ": 0.21616666666666667, "Testing loss ": 0.0002226964365446567, "Testing accuracy ": 0.2205, "_timestamp": 1708924567.050118, "_runtime": 8.179216861724854, "_step": 0, "_wandb": {"runtime": 7}}