{"Epoch ": 9, "Training loss ": 0.33542091579850825, "Training accuracy ": 0.7961296296296296, "Validation loss ": 0.3258078924801269, "Validation accuracy ": 0.8096666666666666, "Testing loss ": 0.34313328833039897, "Testing accuracy ": 0.7865, "_timestamp": 1709632876.7268279, "_runtime": 32.51706290245056, "_step": 19, "confusion_matrix_table": {"_type": "table-file", "sha256": "f6d2c312efb28a3fbe95ff05e507881ddf8aac58f91651e086c0fcab96cc72b4", "size": 3184, "artifact_path": "wandb-client-artifact://y5wny39zyfprvvbwrlq4i7vwv2514n2sp80d3mwm7hfb9ond4m4zb44cc1x0vqgu0hlyimws55f7v2jftxmxdgxs8hfm59risjg2umyapai2llhlk4rm8ejjbfrno138:latest/confusion_matrix_table.table.json", "_latest_artifact_path": "wandb-client-artifact://y5wny39zyfprvvbwrlq4i7vwv2514n2sp80d3mwm7hfb9ond4m4zb44cc1x0vqgu0hlyimws55f7v2jftxmxdgxs8hfm59risjg2umyapai2llhlk4rm8ejjbfrno138:latest/confusion_matrix_table.table.json", "path": "media/table/confusion_matrix_table_19_f6d2c312efb28a3fbe95.table.json", "ncols": 3, "nrows": 100}, "_wandb": {"runtime": 31}}