{"Epoch ": 24, "Training loss ": 0.0010596009140915496, "Training accuracy ": 0.9999814814814815, "Validation loss ": 0.12078064780156632, "Validation accuracy ": 0.9726666666666667, "Testing loss ": 0.10775483377157388, "Testing accuracy ": 0.9759, "_timestamp": 1709493407.8732102, "_runtime": 254.42799830436707, "_step": 49, "confusion_matrix_table": {"_type": "table-file", "sha256": "11d167148cb078aac8d2a4c6085cb17bb5a5fe55ad48a81c7fb3fabc1b1a1630", "size": 3146, "artifact_path": "wandb-client-artifact://e9i9ra3oy0rxlu695g1zorovkpuwewzv521trilbjng0ms0w96qxchs7kgqbb0difovv4co038b13duam3gu6af1q35in12yzvqnwm5sbmadfgcp30xtwta1co64pdes:latest/confusion_matrix_table.table.json", "_latest_artifact_path": "wandb-client-artifact://e9i9ra3oy0rxlu695g1zorovkpuwewzv521trilbjng0ms0w96qxchs7kgqbb0difovv4co038b13duam3gu6af1q35in12yzvqnwm5sbmadfgcp30xtwta1co64pdes:latest/confusion_matrix_table.table.json", "path": "media/table/confusion_matrix_table_49_11d167148cb078aac8d2.table.json", "ncols": 3, "nrows": 100}, "_wandb": {"runtime": 253}}