{"Epoch ": 19, "Training loss ": 1.2458888586034114, "Training accuracy ": 0.5306666666666666, "Validation loss ": 1.3260816413772836, "Validation accuracy ": 0.5246666666666666, "Testing loss ": 1.3150285235585115, "Testing accuracy ": 0.5183, "_timestamp": 1709451503.8794801, "_runtime": 39.57034111022949, "_step": 39, "confusion_matrix_table": {"_type": "table-file", "sha256": "cf438424df1170e0bd8f7dee51673fb2769019fb2e20c2f71268d2e0c66e30c0", "size": 3159, "artifact_path": "wandb-client-artifact://ja8e4ie0cbxcr4vwsjebqsm2yiljttdknxhq6ve8w22h93icqwqral8smzcr32zggi65v7cvqeqrmi9rid7fdveq26311q1f0twqnyncjg8pbaatwyqmv393olbh1de7:latest/confusion_matrix_table.table.json", "_latest_artifact_path": "wandb-client-artifact://ja8e4ie0cbxcr4vwsjebqsm2yiljttdknxhq6ve8w22h93icqwqral8smzcr32zggi65v7cvqeqrmi9rid7fdveq26311q1f0twqnyncjg8pbaatwyqmv393olbh1de7:latest/confusion_matrix_table.table.json", "path": "media/table/confusion_matrix_table_39_cf438424df1170e0bd8f.table.json", "ncols": 3, "nrows": 100}, "_wandb": {"runtime": 38}}