{"Epoch ": 4, "Training loss ": 0.42327792622654287, "Training accuracy ": 0.8515, "Validation loss ": 0.4461925346312112, "Validation accuracy ": 0.8495, "Testing loss ": 0.4630965260773747, "Testing accuracy ": 0.8365, "_timestamp": 1709100170.22007, "_runtime": 51.05532193183899, "_step": 4, "_wandb": {"runtime": 50}}