{"Epoch ": 4, "Training loss ": 0.28845991250922864, "Training accuracy ": 0.7864444444444444, "Validation loss ": 0.2887814874678883, "Validation accuracy ": 0.7846666666666666, "Testing loss ": 0.3078341183606395, "Testing accuracy ": 0.7698, "_timestamp": 1709401868.1366963, "_runtime": 23.452060222625732, "_step": 9, "confusion_matrix_table": {"_type": "table-file", "sha256": "17a51fa72839eb905a145af0d4df6dbd83fe7214e878ad95d2eabe8a513941cd", "size": 3190, "artifact_path": "wandb-client-artifact://d5wnc89mz7w2it26a6ws8c5v9ctsckdozslstivlj1i9wv09y384k0oty9hrgynu8krtq3pfo19oejntksb3pkh4euyla04ewc9wn50uikq9kjrkjkjbhdrnjjrqzljd:latest/confusion_matrix_table.table.json", "_latest_artifact_path": "wandb-client-artifact://d5wnc89mz7w2it26a6ws8c5v9ctsckdozslstivlj1i9wv09y384k0oty9hrgynu8krtq3pfo19oejntksb3pkh4euyla04ewc9wn50uikq9kjrkjkjbhdrnjjrqzljd:latest/confusion_matrix_table.table.json", "path": "media/table/confusion_matrix_table_9_17a51fa72839eb905a14.table.json", "ncols": 3, "nrows": 100}, "_wandb": {"runtime": 22}}