{"Epoch ": 4, "Training loss ": 0.49737218219545404, "Training accuracy ": 0.8237407407407408, "Validation loss ": 0.5188100987747322, "Validation accuracy ": 0.8156666666666667, "Testing loss ": 0.5397923047883001, "Testing accuracy ": 0.8045, "_timestamp": 1709308342.0433264, "_runtime": 25.680816411972046, "_step": 9, "confusion_matrix_table": {"_type": "table-file", "sha256": "d5a048c918727f532108e6c8e472ac71c1d2c9271658465169ddbff3e0612a10", "size": 3177, "artifact_path": "wandb-client-artifact://k2c1s1j70pidohc9iqcep5qbixozk5ecz96l2q71jc9yd7u15543t2qd6qz0ahowz5khxjw7izhwh28tr44znk7zklrzo9qpsfwrzpik89wcx3m04gqwu6w683lb3edg:latest/confusion_matrix_table.table.json", "_latest_artifact_path": "wandb-client-artifact://k2c1s1j70pidohc9iqcep5qbixozk5ecz96l2q71jc9yd7u15543t2qd6qz0ahowz5khxjw7izhwh28tr44znk7zklrzo9qpsfwrzpik89wcx3m04gqwu6w683lb3edg:latest/confusion_matrix_table.table.json", "path": "media/table/confusion_matrix_table_9_d5a048c918727f532108.table.json", "ncols": 3, "nrows": 100}, "_wandb": {"runtime": 24}}