{"Epoch ": 29, "Training loss ": 0.2151174842486696, "Training accuracy ": 0.9192407407407407, "Validation loss ": 0.3683078957306202, "Validation accuracy ": 0.8768333333333334, "Testing loss ": 0.36629944344941734, "Testing accuracy ": 0.8772, "_timestamp": 1709294205.3750489, "_runtime": 106.79013276100159, "_step": 59, "confusion_matrix_table": {"_type": "table-file", "sha256": "a6321eacd86bb7c5a0acf5a8d4e37b00464508f7b73d96f4917cf769584c183f", "size": 3171, "artifact_path": "wandb-client-artifact://smwq71g97lcv1mh6iv8opftfjkkac1p0py5juob9go187yjijy1bowpd24hxdlpdjgh01jq6eg0ji5p9m350gis63sbjduwa2uixyyblger28wsnrrbtiyxtwyvim7k8:latest/confusion_matrix_table.table.json", "_latest_artifact_path": "wandb-client-artifact://smwq71g97lcv1mh6iv8opftfjkkac1p0py5juob9go187yjijy1bowpd24hxdlpdjgh01jq6eg0ji5p9m350gis63sbjduwa2uixyyblger28wsnrrbtiyxtwyvim7k8:latest/confusion_matrix_table.table.json", "path": "media/table/confusion_matrix_table_59_a6321eacd86bb7c5a0ac.table.json", "ncols": 3, "nrows": 100}, "_wandb": {"runtime": 106}}