{"Epoch ": 9, "Training loss ": 0.40791979261449024, "Training accuracy ": 0.7246851851851852, "Validation loss ": 0.4147108284985343, "Validation accuracy ": 0.7153333333333334, "Testing loss ": 0.4148359270492858, "Testing accuracy ": 0.7138, "_timestamp": 1709185572.3911355, "_runtime": 18.022709369659424, "_step": 19, "confusion_matrix_table": {"_type": "table-file", "sha256": "6fd0e21c54c810df3a931c2829f14f647dbe93bb093fd4849ebefc0871441181", "size": 3177, "artifact_path": "wandb-client-artifact://tto8kotpd3cuus5pule1ondq5f26qpwo9zoc8amkgwbys5e8fikpl9bob80sdo3i7mr0p1mjg03kzlcxrl9zudeie7242rkgim2iog70x1myp6vxfe6x3rkb1za4zfk3:latest/confusion_matrix_table.table.json", "_latest_artifact_path": "wandb-client-artifact://tto8kotpd3cuus5pule1ondq5f26qpwo9zoc8amkgwbys5e8fikpl9bob80sdo3i7mr0p1mjg03kzlcxrl9zudeie7242rkgim2iog70x1myp6vxfe6x3rkb1za4zfk3:latest/confusion_matrix_table.table.json", "path": "media/table/confusion_matrix_table_19_6fd0e21c54c810df3a93.table.json", "ncols": 3, "nrows": 100}, "_wandb": {"runtime": 17}}