{"Epoch ": 4, "Training loss ": 0.3841454961608768, "Training accuracy ": 0.861462962962963, "Validation loss ": 0.39639500001021005, "Validation accuracy ": 0.859, "Testing loss ": 0.4311050776225439, "Testing accuracy ": 0.8448, "_timestamp": 1709129194.509531, "_runtime": 33.094505071640015, "_step": 9, "confusion_matrix_table": {"_type": "table-file", "sha256": "3847a44df7c59e222beaf5693c3bc2007704ccbcc7239df3b0b6c3debb7b1b12", "size": 3174, "artifact_path": "wandb-client-artifact://byq8zsfof40a9h8jtdtghftu03m0rl4i44wpgnyzsx6y6xl46bxiw1qx3ixtuhmi1gq3y22t77sy8zivy3tcfi0wbm3i4no76v162l59kl9q9nyrs7yu93tmwgsyyash:latest/confusion_matrix_table.table.json", "_latest_artifact_path": "wandb-client-artifact://byq8zsfof40a9h8jtdtghftu03m0rl4i44wpgnyzsx6y6xl46bxiw1qx3ixtuhmi1gq3y22t77sy8zivy3tcfi0wbm3i4no76v162l59kl9q9nyrs7yu93tmwgsyyash:latest/confusion_matrix_table.table.json", "path": "media/table/confusion_matrix_table_9_3847a44df7c59e222bea.table.json", "ncols": 3, "nrows": 100}, "_wandb": {"runtime": 32}}