{"Epoch ": 24, "Training loss ": 0.23275117992567967, "Training accuracy ": 0.9153148148148148, "Validation loss ": 0.3381863712374037, "Validation accuracy ": 0.8828333333333334, "Testing loss ": 0.35858314077314324, "Testing accuracy ": 0.8747, "_timestamp": 1709456479.7510407, "_runtime": 29.45578360557556, "_step": 49, "confusion_matrix_table": {"_type": "table-file", "sha256": "bbae9a6ca6dbf6287f7bcf16e667b8936aa8f9fe0cd3472390ff7dbb521d7246", "size": 3170, "artifact_path": "wandb-client-artifact://kwqyfecutbgj8k7kqcy2zt1yqbkr5emlpki756jzc672dn9zzbigc2vgghpsqvt87f8aersfgnuzvjnxg4v4cjrzlvuos8481zfl9s7kad7allrmlpo85u1kwtyc55z2:latest/confusion_matrix_table.table.json", "_latest_artifact_path": "wandb-client-artifact://kwqyfecutbgj8k7kqcy2zt1yqbkr5emlpki756jzc672dn9zzbigc2vgghpsqvt87f8aersfgnuzvjnxg4v4cjrzlvuos8481zfl9s7kad7allrmlpo85u1kwtyc55z2:latest/confusion_matrix_table.table.json", "path": "media/table/confusion_matrix_table_49_bbae9a6ca6dbf6287f7b.table.json", "ncols": 3, "nrows": 100}, "_wandb": {"runtime": 28}}