{"Epoch ": 29, "Training loss ": 0.12212975196068779, "Training accuracy ": 0.9212407407407407, "Validation loss ": 0.12423911542414674, "Validation accuracy ": 0.921, "Testing loss ": 0.12027239051499014, "Testing accuracy ": 0.9218, "_timestamp": 1709535203.8552556, "_runtime": 50.13717555999756, "_step": 59, "confusion_matrix_table": {"_type": "table-file", "sha256": "7010eb0367de7b9313044384179147d74267c79e28962dca829091293c410ade", "size": 3173, "artifact_path": "wandb-client-artifact://b32l1p186k799yxnz7fa56hooaejbsgbusiscthymw1csttyjpbha7fmx5ybcy03zrtrp9hs1cd5q5u2w9jhl7gbjcxre8rb5j8ir4i9xybwvyj0g46no6gftz2v0rrv:latest/confusion_matrix_table.table.json", "_latest_artifact_path": "wandb-client-artifact://b32l1p186k799yxnz7fa56hooaejbsgbusiscthymw1csttyjpbha7fmx5ybcy03zrtrp9hs1cd5q5u2w9jhl7gbjcxre8rb5j8ir4i9xybwvyj0g46no6gftz2v0rrv:latest/confusion_matrix_table.table.json", "path": "media/table/confusion_matrix_table_59_7010eb0367de7b931304.table.json", "ncols": 3, "nrows": 100}, "_wandb": {"runtime": 49}}