{"Epoch ": 29, "Training loss ": 0.3828839916928592, "Training accuracy ": 0.8619629629629629, "Validation loss ": 0.44790683013552607, "Validation accuracy ": 0.8433333333333334, "Testing loss ": 0.4597456938172865, "Testing accuracy ": 0.8409, "_timestamp": 1709456632.8105693, "_runtime": 31.26141119003296, "_step": 59, "confusion_matrix_table": {"_type": "table-file", "sha256": "72103740dab4c76a9fe87e2e45ad2967545aad18cec313cf189603089fdefec3", "size": 3172, "artifact_path": "wandb-client-artifact://y5kyb17oph5ay2sdtiydj7ocxnipzbpsy1z32p051ftp7dufmsa4a42q1j8o88u4au1fc8qxbhe353c1c1hs0n118h97pdz195xinvqwcdthtzqb0oawokxgi4igkzrv:latest/confusion_matrix_table.table.json", "_latest_artifact_path": "wandb-client-artifact://y5kyb17oph5ay2sdtiydj7ocxnipzbpsy1z32p051ftp7dufmsa4a42q1j8o88u4au1fc8qxbhe353c1c1hs0n118h97pdz195xinvqwcdthtzqb0oawokxgi4igkzrv:latest/confusion_matrix_table.table.json", "path": "media/table/confusion_matrix_table_59_72103740dab4c76a9fe8.table.json", "ncols": 3, "nrows": 100}, "_wandb": {"runtime": 30}}