{"Epoch ": 19, "Training loss ": 0.551207684507122, "Training accuracy ": 0.8056481481481481, "Validation loss ": 0.5580634054312386, "Validation accuracy ": 0.7961666666666667, "Testing loss ": 0.5768723068395618, "Testing accuracy ": 0.7949, "_timestamp": 1709286631.9995444, "_runtime": 27.070165395736694, "_step": 39, "confusion_matrix_table": {"_type": "table-file", "sha256": "0653652d1db45b72397113c7c3eaff509a48ddeef0d2e9a4e0466ea3aa0346ab", "size": 3177, "artifact_path": "wandb-client-artifact://q0fq6tufqfox9uql64ij9fgpxbqa4p1c34shesk8jy16z30yhxx8gppzue2wo0x7s8qhb3cp0vihhpeutfqtdy2bg8noya621w15nwvtvf9xb0h82lxkgry2cd9przav:latest/confusion_matrix_table.table.json", "_latest_artifact_path": "wandb-client-artifact://q0fq6tufqfox9uql64ij9fgpxbqa4p1c34shesk8jy16z30yhxx8gppzue2wo0x7s8qhb3cp0vihhpeutfqtdy2bg8noya621w15nwvtvf9xb0h82lxkgry2cd9przav:latest/confusion_matrix_table.table.json", "path": "media/table/confusion_matrix_table_39_0653652d1db45b723971.table.json", "ncols": 3, "nrows": 100}, "_wandb": {"runtime": 26}}