{"Epoch ": 14, "Training loss ": 0.1742644888009597, "Training accuracy ": 0.8802962962962962, "Validation loss ": 0.1860869337198575, "Validation accuracy ": 0.8708333333333333, "Testing loss ": 0.1989377091016838, "Testing accuracy ": 0.8611, "_timestamp": 1709147236.6556237, "_runtime": 41.53193378448486, "_step": 29, "confusion_matrix_table": {"_type": "table-file", "sha256": "fd3156b14d6f41d23d93bb5e8b945d24f2bd75f089621581d00640dbeee410d1", "size": 3175, "artifact_path": "wandb-client-artifact://dd7ft4sr76jh3pow8e9mrt1x2ezr8ffx6sw6fidv8cr8iktuquotwl6wos182p6g7xqyjlqcje02e0e0xca0m645aj1150nj9uri9uxmfmokfborupmdrx2li4c8ym0x:latest/confusion_matrix_table.table.json", "_latest_artifact_path": "wandb-client-artifact://dd7ft4sr76jh3pow8e9mrt1x2ezr8ffx6sw6fidv8cr8iktuquotwl6wos182p6g7xqyjlqcje02e0e0xca0m645aj1150nj9uri9uxmfmokfborupmdrx2li4c8ym0x:latest/confusion_matrix_table.table.json", "path": "media/table/confusion_matrix_table_29_fd3156b14d6f41d23d93.table.json", "ncols": 3, "nrows": 100}, "_wandb": {"runtime": 40}}