{"Epoch ": 9, "Training loss ": 1.1039877480563953, "Training accuracy ": 0.3512777777777778, "Validation loss ": 1.098897218757195, "Validation accuracy ": 0.35633333333333334, "Testing loss ": 1.107762588061583, "Testing accuracy ": 0.3508, "_timestamp": 1709151226.6855526, "_runtime": 45.175872564315796, "_step": 19, "confusion_matrix_table": {"_type": "table-file", "sha256": "ecbafca8c7234b1d3eefe2d82dbee6fb290210c7960fbb8900275215f187fafd", "size": 3159, "artifact_path": "wandb-client-artifact://a89xtdwiq0cxhldgi3peoql5d2t8qkju5uw0z560tvf6txheu34ur4qrfiy7lk0sjcdaov1p65ts66pvod98oh6ltee0it1nib0wo029ju5map8dwz7xeayoxmqsru07:latest/confusion_matrix_table.table.json", "_latest_artifact_path": "wandb-client-artifact://a89xtdwiq0cxhldgi3peoql5d2t8qkju5uw0z560tvf6txheu34ur4qrfiy7lk0sjcdaov1p65ts66pvod98oh6ltee0it1nib0wo029ju5map8dwz7xeayoxmqsru07:latest/confusion_matrix_table.table.json", "path": "media/table/confusion_matrix_table_19_ecbafca8c7234b1d3eef.table.json", "ncols": 3, "nrows": 100}, "_wandb": {"runtime": 44}}