{"Epoch ": 9, "Training loss ": 1.3886632997198705, "Training accuracy ": 0.10005555555555555, "Validation loss ": 1.38604816547319, "Validation accuracy ": 0.1, "Testing loss ": 1.392209683774397, "Testing accuracy ": 0.1001, "_timestamp": 1709305275.9680169, "_runtime": 37.376463890075684, "_step": 19, "confusion_matrix_table": {"_type": "table-file", "sha256": "b8336b6589da821899eca543c6836e23efc99383a5ac46a88d36eee2ff07f061", "size": 3150, "artifact_path": "wandb-client-artifact://ywg5r431rxtau2k1sy0enoo36flph5gebazpq2dcthb3u94k7w5p75f2onjvedoteod1xnmmj360j1nws2au4muve0ghv9p4xlced32lsu0xri64wrwgxznu9lcee2r3:latest/confusion_matrix_table.table.json", "_latest_artifact_path": "wandb-client-artifact://ywg5r431rxtau2k1sy0enoo36flph5gebazpq2dcthb3u94k7w5p75f2onjvedoteod1xnmmj360j1nws2au4muve0ghv9p4xlced32lsu0xri64wrwgxznu9lcee2r3:latest/confusion_matrix_table.table.json", "path": "media/table/confusion_matrix_table_19_b8336b6589da821899ec.table.json", "ncols": 3, "nrows": 100}, "_wandb": {"runtime": 36}}