{"Epoch ": 14, "Training loss ": 0.8689014194467108, "Training accuracy ": 0.2335, "Validation loss ": 0.8686926914939594, "Validation accuracy ": 0.23166666666666666, "Testing loss ": 0.8689296154227363, "Testing accuracy ": 0.2341, "_timestamp": 1709152619.0908592, "_runtime": 24.313704252243042, "_step": 29, "confusion_matrix_table": {"_type": "table-file", "sha256": "5cfb796a82925a4e8f037d9b327feb1e28ed70e7ddae66141f8ecd8bb3ea376b", "size": 3171, "artifact_path": "wandb-client-artifact://nb58ahltks6r08udzwoy1cref3f6tnxcv26y4zlfgcx87pz3l84btu4msra14a9vzd5ds70hh4dk65tv9fuot35dlspsp9pkg5tc03xjowqzx1en25h0u5pdm9idhdrf:latest/confusion_matrix_table.table.json", "_latest_artifact_path": "wandb-client-artifact://nb58ahltks6r08udzwoy1cref3f6tnxcv26y4zlfgcx87pz3l84btu4msra14a9vzd5ds70hh4dk65tv9fuot35dlspsp9pkg5tc03xjowqzx1en25h0u5pdm9idhdrf:latest/confusion_matrix_table.table.json", "path": "media/table/confusion_matrix_table_29_5cfb796a82925a4e8f03.table.json", "ncols": 3, "nrows": 100}, "_wandb": {"runtime": 23}}