{"Epoch ": 19, "Training loss ": 0.12685482753236638, "Training accuracy ": 0.9135925925925926, "Validation loss ": 0.15929247451882078, "Validation accuracy ": 0.8918333333333334, "Testing loss ": 0.17778274574613265, "Testing accuracy ": 0.8768, "_timestamp": 1709185544.793492, "_runtime": 86.2038631439209, "_step": 39, "confusion_matrix_table": {"_type": "table-file", "sha256": "0c552aa44615704e4b226a2755a32bffe703a86dd558545c8831a5a2863baeff", "size": 3170, "artifact_path": "wandb-client-artifact://yk9ey2qud8v0ebyckspk3f6yedoshot3h6jih00szsycb0kxu2tsbhttpr6ri1uud9g367y0rxfv0i9izgphokdxj13xairb6ehlkbxpzd9okrd0iohy6mi2qovhseun:latest/confusion_matrix_table.table.json", "_latest_artifact_path": "wandb-client-artifact://yk9ey2qud8v0ebyckspk3f6yedoshot3h6jih00szsycb0kxu2tsbhttpr6ri1uud9g367y0rxfv0i9izgphokdxj13xairb6ehlkbxpzd9okrd0iohy6mi2qovhseun:latest/confusion_matrix_table.table.json", "path": "media/table/confusion_matrix_table_39_0c552aa44615704e4b22.table.json", "ncols": 3, "nrows": 100}, "_wandb": {"runtime": 85}}