{"Epoch ": 24, "Training loss ": 0.4425588739706375, "Training accuracy ": 0.6885185185185185, "Validation loss ": 0.43695330844167485, "Validation accuracy ": 0.692, "Testing loss ": 0.4502793632361356, "Testing accuracy ": 0.6833, "_timestamp": 1709625649.7253532, "_runtime": 28.291322231292725, "_step": 49, "confusion_matrix_table": {"_type": "table-file", "sha256": "61c2dca659e38ed1dd5f103e20882c940cb8136e381e0edda7cc734a92cc5765", "size": 3178, "artifact_path": "wandb-client-artifact://7ubhik9jo0paurug8c9bo5ef9nfn5017zfj9a2ijg6ndux8o89kergv1oe20c15k6j8myrsgewujz9xiu6ny8co8cuclnzl6tz8e8h7senzc2zss9eky51bv8y9uksum:latest/confusion_matrix_table.table.json", "_latest_artifact_path": "wandb-client-artifact://7ubhik9jo0paurug8c9bo5ef9nfn5017zfj9a2ijg6ndux8o89kergv1oe20c15k6j8myrsgewujz9xiu6ny8co8cuclnzl6tz8e8h7senzc2zss9eky51bv8y9uksum:latest/confusion_matrix_table.table.json", "path": "media/table/confusion_matrix_table_49_61c2dca659e38ed1dd5f.table.json", "ncols": 3, "nrows": 100}, "_wandb": {"runtime": 27}}