{"Epoch ": 24, "Training loss ": 2.3010675842381874, "Training accuracy ": 0.12737037037037038, "Validation loss ": 2.301115514645987, "Validation accuracy ": 0.121, "Testing loss ": 2.3010579888421434, "Testing accuracy ": 0.1249, "_timestamp": 1709129060.8931992, "_runtime": 95.04611015319824, "_step": 49, "confusion_matrix_table": {"_type": "table-file", "sha256": "228ab56681aea584c8532b13789a24ecbf4f8f0e29c7850b8821bb5f80fb1b9d", "size": 3171, "artifact_path": "wandb-client-artifact://43elejnvfj5okosej9d8xqarapmyaagbw992dyg1cpt5q21cj2f0cd4a0mhldtfpt0dw5ovpfvo9dyw01i29rq5fak8y74el1v0hjj1bjqjoj5b07v3kzcto0v52n0ap:latest/confusion_matrix_table.table.json", "_latest_artifact_path": "wandb-client-artifact://43elejnvfj5okosej9d8xqarapmyaagbw992dyg1cpt5q21cj2f0cd4a0mhldtfpt0dw5ovpfvo9dyw01i29rq5fak8y74el1v0hjj1bjqjoj5b07v3kzcto0v52n0ap:latest/confusion_matrix_table.table.json", "path": "media/table/confusion_matrix_table_49_228ab56681aea584c853.table.json", "ncols": 3, "nrows": 100}, "_wandb": {"runtime": 94}}