{"Epoch ": 24, "Training loss ": 0.1739784541459399, "Training accuracy ": 0.8801296296296296, "Validation loss ": 0.19033095069720066, "Validation accuracy ": 0.8658333333333333, "Testing loss ": 0.20120044034195797, "Testing accuracy ": 0.8599, "_timestamp": 1709188802.6502554, "_runtime": 275.90136337280273, "_step": 49, "confusion_matrix_table": {"_type": "table-file", "sha256": "f6e7a189c56691b298c02e44bbb09a0630fe311e231de3673a08c64b24c116d1", "size": 3173, "artifact_path": "wandb-client-artifact://gv4ysm3nal7udy5vtjzs94kanr17bl4wv1rguplxurrw6jtosgxoix80q66gaxj3bmk2153trmhy2xbtkziu4o076mpfpuw9bg28hlzbyzvx9qgsdugtsre5z9ewverp:latest/confusion_matrix_table.table.json", "_latest_artifact_path": "wandb-client-artifact://gv4ysm3nal7udy5vtjzs94kanr17bl4wv1rguplxurrw6jtosgxoix80q66gaxj3bmk2153trmhy2xbtkziu4o076mpfpuw9bg28hlzbyzvx9qgsdugtsre5z9ewverp:latest/confusion_matrix_table.table.json", "path": "media/table/confusion_matrix_table_49_f6e7a189c56691b298c0.table.json", "ncols": 3, "nrows": 100}, "_wandb": {"runtime": 275}}