{"Epoch ": 4, "Training loss ": 0.6672743694763843, "Training accuracy ": 0.7827222222222222, "Validation loss ": 0.6658681344669406, "Validation accuracy ": 0.7816666666666666, "Testing loss ": 0.6855087004588601, "Testing accuracy ": 0.7705, "_timestamp": 1709313155.2747712, "_runtime": 32.17826318740845, "_step": 9, "confusion_matrix_table": {"_type": "table-file", "sha256": "ab7b3ceb0a1637a0d463586293971b5d67277d2ef533573ce84bc3142832e700", "size": 3186, "artifact_path": "wandb-client-artifact://eo0hckex4gfov7p4ke4ib0zwoeafalgw86x6qb8prx3gvq2dtj20xfwiyyshzuv5p5sbxij9tzzs572f60e06kulzuv8k110ul5ru7sbdzd7fm7q90f3cs7dynnt9cmg:latest/confusion_matrix_table.table.json", "_latest_artifact_path": "wandb-client-artifact://eo0hckex4gfov7p4ke4ib0zwoeafalgw86x6qb8prx3gvq2dtj20xfwiyyshzuv5p5sbxij9tzzs572f60e06kulzuv8k110ul5ru7sbdzd7fm7q90f3cs7dynnt9cmg:latest/confusion_matrix_table.table.json", "path": "media/table/confusion_matrix_table_9_ab7b3ceb0a1637a0d463.table.json", "ncols": 3, "nrows": 100}, "_wandb": {"runtime": 31}}