{"Epoch ": 14, "Training loss ": 0.3243900700012658, "Training accuracy ": 0.8836851851851852, "Validation loss ": 0.35448197131108905, "Validation accuracy ": 0.87, "Testing loss ": 0.38561133628102545, "Testing accuracy ": 0.8609, "_timestamp": 1709130150.0688481, "_runtime": 34.81736922264099, "_step": 29, "confusion_matrix_table": {"_type": "table-file", "sha256": "7b306ed50f43be33b76f16446740a8d93dfb94bd12b3e2e547f3c6563c69614a", "size": 3172, "artifact_path": "wandb-client-artifact://8s76f0sd4usg0pigy7afa89owox8r8m67g1phfm2xu9ag45pai2v15n3ul2imh7p7futniaso05n5u0h3xyg9pffa1f3gzfi52k32od48arj2qtxfwku3rokw8bsv9st:latest/confusion_matrix_table.table.json", "_latest_artifact_path": "wandb-client-artifact://8s76f0sd4usg0pigy7afa89owox8r8m67g1phfm2xu9ag45pai2v15n3ul2imh7p7futniaso05n5u0h3xyg9pffa1f3gzfi52k32od48arj2qtxfwku3rokw8bsv9st:latest/confusion_matrix_table.table.json", "path": "media/table/confusion_matrix_table_29_7b306ed50f43be33b76f.table.json", "ncols": 3, "nrows": 100}, "_wandb": {"runtime": 33}}