{"Epoch ": 4, "Training loss ": 0.26894303343986486, "Training accuracy ": 0.825462962962963, "Validation loss ": 0.2713381374499943, "Validation accuracy ": 0.8238333333333333, "Testing loss ": 0.286909956281836, "Testing accuracy ": 0.8129, "_timestamp": 1709399437.0637116, "_runtime": 18.969684600830078, "_step": 9, "confusion_matrix_table": {"_type": "table-file", "sha256": "7c826c0cf97d052432f1b06152b4e397f348503f57ab9a31af838859e45fa79c", "size": 3184, "artifact_path": "wandb-client-artifact://8a59e1jaoumlmakj2n0qou6sabhzbatexfm7h30rn3u5oczcmx42pshgnthes3cwyeaw3bjxxtrbu1854c9uejiqdgwo09r3t87hsre06e66k9vdm5vg69zbm1huj9ze:latest/confusion_matrix_table.table.json", "_latest_artifact_path": "wandb-client-artifact://8a59e1jaoumlmakj2n0qou6sabhzbatexfm7h30rn3u5oczcmx42pshgnthes3cwyeaw3bjxxtrbu1854c9uejiqdgwo09r3t87hsre06e66k9vdm5vg69zbm1huj9ze:latest/confusion_matrix_table.table.json", "path": "media/table/confusion_matrix_table_9_7c826c0cf97d052432f1.table.json", "ncols": 3, "nrows": 100}, "_wandb": {"runtime": 18}}