{"Epoch ": 4, "Training loss ": 0.44307125115466844, "Training accuracy ": 0.8448148148148148, "Validation loss ": 0.46564207663305673, "Validation accuracy ": 0.836, "Testing loss ": 0.477516979328854, "Testing accuracy ": 0.832, "_timestamp": 1709102488.3212206, "_runtime": 51.59013366699219, "_step": 4, "_wandb": {"runtime": 50}}