{"Epoch ": 24, "Training loss ": 0.23484836879693333, "Training accuracy ": 0.9122222222222223, "Validation loss ": 0.3275240329839808, "Validation accuracy ": 0.8876666666666667, "Testing loss ": 0.36140007424231774, "Testing accuracy ": 0.874, "_timestamp": 1709127354.183553, "_runtime": 74.89764404296875, "_step": 49, "confusion_matrix_table": {"_type": "table-file", "sha256": "43753c1ee863b567eef8fb68222029c8bd8eeebd4f4990bd41ffe3826ff72d64", "size": 3170, "artifact_path": "wandb-client-artifact://i5sdn9qqx1dcw13yvr703enxhq7q0vioevmf85bpoypbu25kwrjeix0l1wfe2c2gp6mfqqwrgmrb2q8xi89pganprpw3pfhmve70ndh0hd09wge4kr3ypxm8l5dwdzz9:latest/confusion_matrix_table.table.json", "_latest_artifact_path": "wandb-client-artifact://i5sdn9qqx1dcw13yvr703enxhq7q0vioevmf85bpoypbu25kwrjeix0l1wfe2c2gp6mfqqwrgmrb2q8xi89pganprpw3pfhmve70ndh0hd09wge4kr3ypxm8l5dwdzz9:latest/confusion_matrix_table.table.json", "path": "media/table/confusion_matrix_table_49_43753c1ee863b567eef8.table.json", "ncols": 3, "nrows": 100}, "_wandb": {"runtime": 74}}