{"Epoch ": 19, "Training loss ": 1.663137587883495, "Training accuracy ": 0.5813518518518519, "Validation loss ": 1.666640372360825, "Validation accuracy ": 0.57, "Testing loss ": 1.660097832278709, "Testing accuracy ": 0.5748, "_timestamp": 1709493459.315493, "_runtime": 73.86778402328491, "_step": 39, "confusion_matrix_table": {"_type": "table-file", "sha256": "65abd9455c8ada471d8b79f6b7247861a1a7970d3cb053e056ec5c7a6a9fd5d3", "size": 3197, "artifact_path": "wandb-client-artifact://39qeqc67p2epwou91m97z5xjycrb9vvd1iy9obi7wvz9akyr9z37u2edq9sxuw032rkh7p8zaf8j4j5u3h0h5wqu5gzdolb3a3k664ssacr1fixxj52f04fbssg79ixc:latest/confusion_matrix_table.table.json", "_latest_artifact_path": "wandb-client-artifact://39qeqc67p2epwou91m97z5xjycrb9vvd1iy9obi7wvz9akyr9z37u2edq9sxuw032rkh7p8zaf8j4j5u3h0h5wqu5gzdolb3a3k664ssacr1fixxj52f04fbssg79ixc:latest/confusion_matrix_table.table.json", "path": "media/table/confusion_matrix_table_39_65abd9455c8ada471d8b.table.json", "ncols": 3, "nrows": 100}, "_wandb": {"runtime": 73}}