{"Epoch ": 9, "Training loss ": 0.4168523269430219, "Training accuracy ": 0.8536111111111111, "Validation loss ": 0.4352412080145785, "Validation accuracy ": 0.8471666666666666, "Testing loss ": 0.4650646928747917, "Testing accuracy ": 0.8357, "_timestamp": 1709128900.1076028, "_runtime": 39.9674928188324, "_step": 19, "confusion_matrix_table": {"_type": "table-file", "sha256": "c2b77f8677f9f58077874f3e664409151febc6b9cd7c73c8a6ff181b535e5de8", "size": 3179, "artifact_path": "wandb-client-artifact://30x6ben95x8l3sfb8gfme499m6xcpjvj4g4hqy6kq9a6rvht4fm7mcw0hpzvzrlpq6ibr4l0bjn36gahcofcfky7yvhoin57w4f0ymlkf1fdqdnfx7ik4td8or3r2i7m:latest/confusion_matrix_table.table.json", "_latest_artifact_path": "wandb-client-artifact://30x6ben95x8l3sfb8gfme499m6xcpjvj4g4hqy6kq9a6rvht4fm7mcw0hpzvzrlpq6ibr4l0bjn36gahcofcfky7yvhoin57w4f0ymlkf1fdqdnfx7ik4td8or3r2i7m:latest/confusion_matrix_table.table.json", "path": "media/table/confusion_matrix_table_19_c2b77f8677f9f5807787.table.json", "ncols": 3, "nrows": 100}, "_wandb": {"runtime": 39}}