{"Epoch ": 24, "Training loss ": 0.4231395980268029, "Training accuracy ": 0.6521111111111111, "Validation loss ": 0.4378892611389312, "Validation accuracy ": 0.6441666666666667, "Testing loss ": 0.43730794267339634, "Testing accuracy ": 0.6448, "_timestamp": 1709301375.7285354, "_runtime": 146.14678835868835, "_step": 49, "confusion_matrix_table": {"_type": "table-file", "sha256": "d57628a60e5f9c7fbfec536e696d5efd26bf567cdee1ca9093c1d124621ccc3e", "size": 3170, "artifact_path": "wandb-client-artifact://6tfuk2ste6qrr0zf1q72li3p9ej670kfbhilg7je47h9goxf1m014io3479v98ncix1halfn75nf1vczqkblioa7cfzuummtore5b2614205g2igq39ot2xsqgeopw6i:latest/confusion_matrix_table.table.json", "_latest_artifact_path": "wandb-client-artifact://6tfuk2ste6qrr0zf1q72li3p9ej670kfbhilg7je47h9goxf1m014io3479v98ncix1halfn75nf1vczqkblioa7cfzuummtore5b2614205g2igq39ot2xsqgeopw6i:latest/confusion_matrix_table.table.json", "path": "media/table/confusion_matrix_table_49_d57628a60e5f9c7fbfec.table.json", "ncols": 3, "nrows": 100}, "_wandb": {"runtime": 145}}