{"Epoch ": 4, "Training loss ": 0.8982272405832861, "Training accuracy ": 0.22848148148148148, "Validation loss ": 0.8982153338018297, "Validation accuracy ": 0.229, "Testing loss ": 0.8982267043656539, "Testing accuracy ": 0.2274, "_timestamp": 1709181284.5710588, "_runtime": 17.390546798706055, "_step": 9, "confusion_matrix_table": {"_type": "table-file", "sha256": "bb91b7bd36c9e6b0e293076e35e770b0d356a807d3acf9f3de88a4542760c1ba", "size": 3162, "artifact_path": "wandb-client-artifact://h4c20nzt92m2iaiptddemhcspcpu7f2id21zak9gkn188m25bzax8g3sfbg53t9p4679i4t70n1ardztiulsj2bf6mdr60b3yv8b9k7lcfh9wmk0r8gboqx9u387bd97:latest/confusion_matrix_table.table.json", "_latest_artifact_path": "wandb-client-artifact://h4c20nzt92m2iaiptddemhcspcpu7f2id21zak9gkn188m25bzax8g3sfbg53t9p4679i4t70n1ardztiulsj2bf6mdr60b3yv8b9k7lcfh9wmk0r8gboqx9u387bd97:latest/confusion_matrix_table.table.json", "path": "media/table/confusion_matrix_table_9_bb91b7bd36c9e6b0e293.table.json", "ncols": 3, "nrows": 100}, "_wandb": {"runtime": 16}}