{"Epoch ": 4, "Training loss ": 0.4267030108690716, "Training accuracy ": 0.8525, "Validation loss ": 0.45209305016727686, "Validation accuracy ": 0.8423333333333334, "Testing loss ": 0.4723180660894856, "Testing accuracy ": 0.834, "_timestamp": 1709126571.9533505, "_runtime": 31.945793628692627, "_step": 9, "confusion_matrix_table": {"_type": "table-file", "sha256": "f468c3e3189abbbce4b94d219173dca60c051d024c4f2b20a7b6bc608aab14d7", "size": 3178, "artifact_path": "wandb-client-artifact://z1q79sxamxcy852vsrmyobsg9yjah5smjne3u24yn3pu6amoprcy37f10pajxy8x9lfp0j1p8fu5l1h4dvq94wuxg0wi6vlzt40030mllttpy97kevqej4mf2lwuxs94:latest/confusion_matrix_table.table.json", "_latest_artifact_path": "wandb-client-artifact://z1q79sxamxcy852vsrmyobsg9yjah5smjne3u24yn3pu6amoprcy37f10pajxy8x9lfp0j1p8fu5l1h4dvq94wuxg0wi6vlzt40030mllttpy97kevqej4mf2lwuxs94:latest/confusion_matrix_table.table.json", "path": "media/table/confusion_matrix_table_9_f468c3e3189abbbce4b9.table.json", "ncols": 3, "nrows": 100}, "_wandb": {"runtime": 31}}