{"Epoch ": 9, "Training loss ": 1.5481763984512344, "Training accuracy ": 0.5385, "Validation loss ": 1.5453972021191726, "Validation accuracy ": 0.5403333333333333, "Testing loss ": 1.5513839714536375, "Testing accuracy ": 0.5311, "_timestamp": 1709478696.3189955, "_runtime": 50.55426645278931, "_step": 19, "confusion_matrix_table": {"_type": "table-file", "sha256": "53ac6da3483373e473605336b6035e56a137d0e610dc838066fe8670e4d96a5f", "size": 3182, "artifact_path": "wandb-client-artifact://vri50eaelwn6mebpopc9ntjr89g77b9ovs36xc3b7pi0x5q8t9wq3cs0un7c2uz9yqsp19v3c2eq3xrsfsp7yzzwi5okttzjrmk2fswcxpsc7awdgdfbvqqqrzgvv6ai:latest/confusion_matrix_table.table.json", "_latest_artifact_path": "wandb-client-artifact://vri50eaelwn6mebpopc9ntjr89g77b9ovs36xc3b7pi0x5q8t9wq3cs0un7c2uz9yqsp19v3c2eq3xrsfsp7yzzwi5okttzjrmk2fswcxpsc7awdgdfbvqqqrzgvv6ai:latest/confusion_matrix_table.table.json", "path": "media/table/confusion_matrix_table_19_53ac6da3483373e47360.table.json", "ncols": 3, "nrows": 100}, "_wandb": {"runtime": 49}}