{"Epoch ": 24, "Training loss ": 0.1778034150189858, "Training accuracy ": 0.8758518518518519, "Validation loss ": 0.20875200266648156, "Validation accuracy ": 0.8561666666666666, "Testing loss ": 0.21943906776943226, "Testing accuracy ": 0.8492, "_timestamp": 1709528134.0791972, "_runtime": 51.97524619102478, "_step": 49, "confusion_matrix_table": {"_type": "table-file", "sha256": "cb8bac8f493e5eb0ca51160a58d86aa3925dec6fa3ded9351a8204e42208d217", "size": 3174, "artifact_path": "wandb-client-artifact://oxb68wwfn9ax49aabu2mapmcnohiteghnunvqrq92mwwa4jk31s14wlltk2dz7xcmq68f90d4bgy2mmamiw5uamq89t32dcv6mdfj4f9havj26g0jc4is3b2f8ugn6bb:latest/confusion_matrix_table.table.json", "_latest_artifact_path": "wandb-client-artifact://oxb68wwfn9ax49aabu2mapmcnohiteghnunvqrq92mwwa4jk31s14wlltk2dz7xcmq68f90d4bgy2mmamiw5uamq89t32dcv6mdfj4f9havj26g0jc4is3b2f8ugn6bb:latest/confusion_matrix_table.table.json", "path": "media/table/confusion_matrix_table_49_cb8bac8f493e5eb0ca51.table.json", "ncols": 3, "nrows": 100}, "_wandb": {"runtime": 51}}