{"Epoch ": 29, "Training loss ": 0.07242055253800654, "Training accuracy ": 0.952, "Validation loss ": 0.09317591614172119, "Validation accuracy ": 0.938, "Testing loss ": 0.09237152602745803, "Testing accuracy ": 0.9387, "_timestamp": 1709529719.7063992, "_runtime": 73.81437230110168, "_step": 59, "confusion_matrix_table": {"_type": "table-file", "sha256": "d4b7fca05e7e543fcb2758e672e43d9dff0419f51129a18ab54f39721be358de", "size": 3169, "artifact_path": "wandb-client-artifact://ljh56exxxanb09g8g6uvxnl2tr10lexknlc0d6ircvs8aqmv49xc97zmtvm9v0j57j5ir0b5np9b65yokwfq3v56bb210vy9nqozohc0l6vjaq707achioo0rj9hmrhy:latest/confusion_matrix_table.table.json", "_latest_artifact_path": "wandb-client-artifact://ljh56exxxanb09g8g6uvxnl2tr10lexknlc0d6ircvs8aqmv49xc97zmtvm9v0j57j5ir0b5np9b65yokwfq3v56bb210vy9nqozohc0l6vjaq707achioo0rj9hmrhy:latest/confusion_matrix_table.table.json", "path": "media/table/confusion_matrix_table_59_d4b7fca05e7e543fcb27.table.json", "ncols": 3, "nrows": 100}, "_wandb": {"runtime": 73}}