{"Epoch ": 4, "Training loss ": 2.302855432332693, "Training accuracy ": 0.1, "Validation loss ": 2.302855433422, "Validation accuracy ": 0.1, "Testing loss ": 2.3028554319724135, "Testing accuracy ": 0.1, "_timestamp": 1709399932.865549, "_runtime": 22.974518060684204, "_step": 9, "confusion_matrix_table": {"_type": "table-file", "sha256": "2f7474a661d21516977465101eafdd215990604da38f9e6f7cc0b40feda92165", "size": 3152, "artifact_path": "wandb-client-artifact://tkuolaw3k4d85yk20kz881yx7kj08cb5cqok8u717wf7e2r1rqpukkgtcfjhi28296t06t3gsxrvw7do2b95c8kaaqt17xa8v5zre99ih1k5fvbnh617cbi5441f08wq:latest/confusion_matrix_table.table.json", "_latest_artifact_path": "wandb-client-artifact://tkuolaw3k4d85yk20kz881yx7kj08cb5cqok8u717wf7e2r1rqpukkgtcfjhi28296t06t3gsxrvw7do2b95c8kaaqt17xa8v5zre99ih1k5fvbnh617cbi5441f08wq:latest/confusion_matrix_table.table.json", "path": "media/table/confusion_matrix_table_9_2f7474a661d215169774.table.json", "ncols": 3, "nrows": 100}, "_wandb": {"runtime": 22}}