{"Epoch ": 14, "Training loss ": 0.67071395303336, "Training accuracy ": 0.820037037037037, "Validation loss ": 0.7324485284979972, "Validation accuracy ": 0.8146666666666667, "Testing loss ": 0.7749306942974556, "Testing accuracy ": 0.8053, "_timestamp": 1709489549.8714726, "_runtime": 258.47929763793945, "_step": 29, "confusion_matrix_table": {"_type": "table-file", "sha256": "a8c87c3db2400f9c2de20e0e88c953b5c7d1d6a9224692ecbc1c2b6ff8375019", "size": 3176, "artifact_path": "wandb-client-artifact://37cg4bu9zaiss7smgbuy7rhuulw8sbsc1hr6k93bjzyg0gs7h95vsxlbn59fjes3lkxdwmtz723c18jqial4otupgfw2zyhylfw22frknr9g7oqjy7yszmysyhw88j1g:latest/confusion_matrix_table.table.json", "_latest_artifact_path": "wandb-client-artifact://37cg4bu9zaiss7smgbuy7rhuulw8sbsc1hr6k93bjzyg0gs7h95vsxlbn59fjes3lkxdwmtz723c18jqial4otupgfw2zyhylfw22frknr9g7oqjy7yszmysyhw88j1g:latest/confusion_matrix_table.table.json", "path": "media/table/confusion_matrix_table_29_a8c87c3db2400f9c2de2.table.json", "ncols": 3, "nrows": 100}, "_wandb": {"runtime": 257}}