{"Epoch ": 29, "Training loss ": 0.1812589755879974, "Training accuracy ": 0.9345925925925926, "Validation loss ": 0.2862963798450651, "Validation accuracy ": 0.8951666666666667, "Testing loss ": 0.3320593208830943, "Testing accuracy ": 0.8828, "_timestamp": 1709136104.124098, "_runtime": 360.1922130584717, "_step": 59, "confusion_matrix_table": {"_type": "table-file", "sha256": "a512ceed833387a56399abeaabd02be017987a26a9919e5904a2c39a9a76ed37", "size": 3170, "artifact_path": "wandb-client-artifact://dw2443d60vch04unalcga6e2fdwdq07ie7t8r15mnrqwyuaph5o4pcpn4a1dfkhu1h3ho9vxx6ml3bf68eufevfyn0df3qfpobu4w3q1fppjlbveg9btluiykaiewn3g:latest/confusion_matrix_table.table.json", "_latest_artifact_path": "wandb-client-artifact://dw2443d60vch04unalcga6e2fdwdq07ie7t8r15mnrqwyuaph5o4pcpn4a1dfkhu1h3ho9vxx6ml3bf68eufevfyn0df3qfpobu4w3q1fppjlbveg9btluiykaiewn3g:latest/confusion_matrix_table.table.json", "path": "media/table/confusion_matrix_table_59_a512ceed833387a56399.table.json", "ncols": 3, "nrows": 100}, "_wandb": {"runtime": 357}}