{"Epoch ": 24, "Training loss ": 1.8268364450874797, "Training accuracy ": 0.2856296296296296, "Validation loss ": 1.8513804573267758, "Validation accuracy ": 0.27516666666666667, "Testing loss ": 1.8318360058366652, "Testing accuracy ": 0.2844, "_timestamp": 1709501901.1076663, "_runtime": 252.23158836364746, "_step": 49, "confusion_matrix_table": {"_type": "table-file", "sha256": "a29859a0e9c6d53dddcde3b57e38722de541e923790e9b08855a23dc4bcb33d0", "size": 3151, "artifact_path": "wandb-client-artifact://sqqlszt77vzjx0i288lfjq6q3h9wh9gz3qxui51n2abkpjrfmuqfjtgy93sb0yh4abfvix3jwsghh9qc1fbleanskpf5m7v2h7fxg4t8xzo3oqaa5i32g92tr7z0tvu3:latest/confusion_matrix_table.table.json", "_latest_artifact_path": "wandb-client-artifact://sqqlszt77vzjx0i288lfjq6q3h9wh9gz3qxui51n2abkpjrfmuqfjtgy93sb0yh4abfvix3jwsghh9qc1fbleanskpf5m7v2h7fxg4t8xzo3oqaa5i32g92tr7z0tvu3:latest/confusion_matrix_table.table.json", "path": "media/table/confusion_matrix_table_49_a29859a0e9c6d53dddcd.table.json", "ncols": 3, "nrows": 100}, "_wandb": {"runtime": 251}}