{"Epoch ": 9, "Training loss ": 2.301136461304333, "Training accuracy ": 0.11374074074074074, "Validation loss ": 2.3031478597120527, "Validation accuracy ": 0.1, "Testing loss ": 2.3012481204463473, "Testing accuracy ": 0.1135, "_timestamp": 1709493516.1211162, "_runtime": 36.164677143096924, "_step": 19, "confusion_matrix_table": {"_type": "table-file", "sha256": "d1569761db429b76055faeaf2e107bee2147105aec334a738d9337d7991aa86c", "size": 3147, "artifact_path": "wandb-client-artifact://g1bxi212hiqhimp0qdl53pqkqbrkpkt8o9zqdzbpiw7hgmd64mloh4qxpvbp2rew89wh21hhpyn2wl6w5l7ode1rgub36f17mcaaza4yrn1ngz3xwo7itkm5tmhql28g:latest/confusion_matrix_table.table.json", "_latest_artifact_path": "wandb-client-artifact://g1bxi212hiqhimp0qdl53pqkqbrkpkt8o9zqdzbpiw7hgmd64mloh4qxpvbp2rew89wh21hhpyn2wl6w5l7ode1rgub36f17mcaaza4yrn1ngz3xwo7itkm5tmhql28g:latest/confusion_matrix_table.table.json", "path": "media/table/confusion_matrix_table_19_d1569761db429b76055f.table.json", "ncols": 3, "nrows": 100}, "_wandb": {"runtime": 35}}