{"Epoch ": 14, "Training loss ": 0.48191431674238594, "Training accuracy ": 0.6708333333333333, "Validation loss ": 0.48243151944605356, "Validation accuracy ": 0.6678333333333333, "Testing loss ": 0.4869803935078151, "Testing accuracy ": 0.6644, "_timestamp": 1709307149.9874642, "_runtime": 77.96536111831665, "_step": 29, "confusion_matrix_table": {"_type": "table-file", "sha256": "fcdb0a569502c4923cf65ca95ab77360c68678e1bccfe76f2956cb00d061d230", "size": 3181, "artifact_path": "wandb-client-artifact://ei67i2958tke1ws9jtxsmvia3alz2402d2nrlmq9l7zx1urpsid115l0jd15mmwpx3w98971l6fzu9d7ef9diaeqkijsijb4z4zo55fz7009itcn2iqchntwolhqdpam:latest/confusion_matrix_table.table.json", "_latest_artifact_path": "wandb-client-artifact://ei67i2958tke1ws9jtxsmvia3alz2402d2nrlmq9l7zx1urpsid115l0jd15mmwpx3w98971l6fzu9d7ef9diaeqkijsijb4z4zo55fz7009itcn2iqchntwolhqdpam:latest/confusion_matrix_table.table.json", "path": "media/table/confusion_matrix_table_29_fcdb0a569502c4923cf6.table.json", "ncols": 3, "nrows": 100}, "_wandb": {"runtime": 77}}