{"Epoch ": 29, "Training loss ": 0.23848059029657978, "Training accuracy ": 0.9123888888888889, "Validation loss ": 0.328654308524479, "Validation accuracy ": 0.8828333333333334, "Testing loss ": 0.3480859419550543, "Testing accuracy ": 0.8794, "_timestamp": 1709407059.0330505, "_runtime": 104.96737861633301, "_step": 59, "confusion_matrix_table": {"_type": "table-file", "sha256": "b0e23262e60d4de3a7941cc24d319aa37ed01bd9fe3b08e91c4eb467da70eef6", "size": 3172, "artifact_path": "wandb-client-artifact://ccg747at67opygh5oho4o1r9v2lw8x0n5g2dh2z8t5rxy7l9paht14rjf4jmbfurz8vean5699hlmzmcwppzfezwy5k9fhh1mv4guu5t43trqtaa0ytvi7vdw5rxp3m4:latest/confusion_matrix_table.table.json", "_latest_artifact_path": "wandb-client-artifact://ccg747at67opygh5oho4o1r9v2lw8x0n5g2dh2z8t5rxy7l9paht14rjf4jmbfurz8vean5699hlmzmcwppzfezwy5k9fhh1mv4guu5t43trqtaa0ytvi7vdw5rxp3m4:latest/confusion_matrix_table.table.json", "path": "media/table/confusion_matrix_table_59_b0e23262e60d4de3a794.table.json", "ncols": 3, "nrows": 100}, "_wandb": {"runtime": 104}}