{"Epoch ": 19, "Training loss ": 0.27284981167622546, "Training accuracy ": 0.8951296296296296, "Validation loss ": 0.39233730445197673, "Validation accuracy ": 0.869, "Testing loss ": 0.40643229015298865, "Testing accuracy ": 0.8602, "_timestamp": 1709293614.2563581, "_runtime": 165.3233461380005, "_step": 39, "confusion_matrix_table": {"_type": "table-file", "sha256": "9d73ac23b718910d0682b083feb83fed1b7baba27081eea0795c53d5868db607", "size": 3171, "artifact_path": "wandb-client-artifact://9ztwtsmutiumxeci1j1ha2hkw366lhfrw008ixkkhopddqwgsh4452yrtinb1r1ew71q50u899e8vuonbdkfpcdee5iejo2d23whm6lnv2nqfm8td5milc6t6hzs036q:latest/confusion_matrix_table.table.json", "_latest_artifact_path": "wandb-client-artifact://9ztwtsmutiumxeci1j1ha2hkw366lhfrw008ixkkhopddqwgsh4452yrtinb1r1ew71q50u899e8vuonbdkfpcdee5iejo2d23whm6lnv2nqfm8td5milc6t6hzs036q:latest/confusion_matrix_table.table.json", "path": "media/table/confusion_matrix_table_39_9d73ac23b718910d0682.table.json", "ncols": 3, "nrows": 100}, "_wandb": {"runtime": 164}}