{"Epoch ": 29, "Training loss ": 0.08097496308850384, "Training accuracy ": 0.9769629629629629, "Validation loss ": 0.13813947246394814, "Validation accuracy ": 0.9613333333333334, "Testing loss ": 0.11515714931978333, "Testing accuracy ": 0.9671, "_timestamp": 1709493608.2827961, "_runtime": 74.34502506256104, "_step": 59, "confusion_matrix_table": {"_type": "table-file", "sha256": "d7688024bdaf30672ebfeb8d228b1f49779416d1417fb2888d46e4596f21b5db", "size": 3151, "artifact_path": "wandb-client-artifact://4dh51ovz30odr4c1joizd6qchyswohteq4mfhcwwwc6edrmj5j4r9yoofi90ne3citd93aamt4a4wfcz3ibi47mkt6a674uj8c6mt6ghy0d6kz2nry6ovn3z4vwfzi4i:latest/confusion_matrix_table.table.json", "_latest_artifact_path": "wandb-client-artifact://4dh51ovz30odr4c1joizd6qchyswohteq4mfhcwwwc6edrmj5j4r9yoofi90ne3citd93aamt4a4wfcz3ibi47mkt6a674uj8c6mt6ghy0d6kz2nry6ovn3z4vwfzi4i:latest/confusion_matrix_table.table.json", "path": "media/table/confusion_matrix_table_59_d7688024bdaf30672ebf.table.json", "ncols": 3, "nrows": 100}, "_wandb": {"runtime": 73}}