{"Epoch ": 9, "Training loss ": 1.070190117560804, "Training accuracy ": 0.2014074074074074, "Validation loss ": 1.0710131315105644, "Validation accuracy ": 0.20116666666666666, "Testing loss ": 1.0701486121444053, "Testing accuracy ": 0.2013, "_timestamp": 1709311116.4551573, "_runtime": 151.95603227615356, "_step": 19, "confusion_matrix_table": {"_type": "table-file", "sha256": "3c10481a4237ec1089b2aa79ca6a8bc1ccaaaddb28a8f4957748106a4852d178", "size": 3150, "artifact_path": "wandb-client-artifact://xrqnfx33ik0ozj4uot6ntn9m45j1nw8zp4v75w6fjg0vr64h12io81m9nomo6k10odlv1v4hs75cfdmhl255v4jielt4771hom2es4rlakrx6xnyb0sebv6j02g74m4v:latest/confusion_matrix_table.table.json", "_latest_artifact_path": "wandb-client-artifact://xrqnfx33ik0ozj4uot6ntn9m45j1nw8zp4v75w6fjg0vr64h12io81m9nomo6k10odlv1v4hs75cfdmhl255v4jielt4771hom2es4rlakrx6xnyb0sebv6j02g74m4v:latest/confusion_matrix_table.table.json", "path": "media/table/confusion_matrix_table_19_3c10481a4237ec1089b2.table.json", "ncols": 3, "nrows": 100}, "_wandb": {"runtime": 151}}