{"Epoch ": 4, "Training loss ": 0.7306411815963934, "Training accuracy ": 0.3872962962962963, "Validation loss ": 0.7349699209073777, "Validation accuracy ": 0.3835, "Testing loss ": 0.7333126868528411, "Testing accuracy ": 0.3859, "_timestamp": 1709305675.450183, "_runtime": 124.53479099273682, "_step": 9, "confusion_matrix_table": {"_type": "table-file", "sha256": "c1efcf3a820cc1cf1b6935af2d9e24ae759d917fd66783fc919684743f67f20b", "size": 3162, "artifact_path": "wandb-client-artifact://8h0x03kzjd9xo2qw08av3n8occ9f88asx5buv4x3suxopf46ju1z8h1rng3acxp4b1g7u3x5vno3x05js7kc08vqksu4e5oiuw5qpkindavwj7rtyy0nlzxjznog7xkr:latest/confusion_matrix_table.table.json", "_latest_artifact_path": "wandb-client-artifact://8h0x03kzjd9xo2qw08av3n8occ9f88asx5buv4x3suxopf46ju1z8h1rng3acxp4b1g7u3x5vno3x05js7kc08vqksu4e5oiuw5qpkindavwj7rtyy0nlzxjznog7xkr:latest/confusion_matrix_table.table.json", "path": "media/table/confusion_matrix_table_9_c1efcf3a820cc1cf1b69.table.json", "ncols": 3, "nrows": 100}, "_wandb": {"runtime": 123}}