{"Epoch ": 19, "Training loss ": 0.1937287139297185, "Training accuracy ": 0.8635925925925926, "Validation loss ": 0.2124007172637036, "Validation accuracy ": 0.8485, "Testing loss ": 0.23839106077146208, "Testing accuracy ": 0.8344, "_timestamp": 1709570888.4426637, "_runtime": 501.5414786338806, "_step": 39, "confusion_matrix_table": {"_type": "table-file", "sha256": "42cf6bb12ac7aa9c4aaa0f2e6589720cfdd9494685bce8a87431de07d73413fe", "size": 3178, "artifact_path": "wandb-client-artifact://38ff6f8vrmlahg5v1kzczvl06w22k9f96iq5iiav8xawr4qfmws7qdx2902bfe5n752tx195zqz163e97j70idx1yz0vadt21hpydznpjzq36gtr8oxist8vzxwo75f8:latest/confusion_matrix_table.table.json", "_latest_artifact_path": "wandb-client-artifact://38ff6f8vrmlahg5v1kzczvl06w22k9f96iq5iiav8xawr4qfmws7qdx2902bfe5n752tx195zqz163e97j70idx1yz0vadt21hpydznpjzq36gtr8oxist8vzxwo75f8:latest/confusion_matrix_table.table.json", "path": "media/table/confusion_matrix_table_39_42cf6bb12ac7aa9c4aaa.table.json", "ncols": 3, "nrows": 100}, "_wandb": {"runtime": 500}}