{"Epoch ": 4, "Training loss ": 0.4019248873848481, "Training accuracy ": 0.8598333333333333, "Validation loss ": 0.43440347646797706, "Validation accuracy ": 0.8495, "Testing loss ": 0.4533662236465119, "Testing accuracy ": 0.8438, "_timestamp": 1709126871.4071782, "_runtime": 25.650297164916992, "_step": 9, "confusion_matrix_table": {"_type": "table-file", "sha256": "b7f8258edbcbd9161324c7343622a9b1efa173eeccfbe2f83166d0413be6007a", "size": 3175, "artifact_path": "wandb-client-artifact://l20mqxtaztfy5cfn4oym1s6f4me1dg6j99m9665h5z9s6apaj869xleywzceqjnahpuj6c45qgfycwo5j2wil470k13tm5ccbthn5hds3933pl1z9zq3fnil0qcpyd2g:latest/confusion_matrix_table.table.json", "_latest_artifact_path": "wandb-client-artifact://l20mqxtaztfy5cfn4oym1s6f4me1dg6j99m9665h5z9s6apaj869xleywzceqjnahpuj6c45qgfycwo5j2wil470k13tm5ccbthn5hds3933pl1z9zq3fnil0qcpyd2g:latest/confusion_matrix_table.table.json", "path": "media/table/confusion_matrix_table_9_b7f8258edbcbd9161324.table.json", "ncols": 3, "nrows": 100}, "_wandb": {"runtime": 24}}