{"Epoch ": 9, "Training loss ": 0.21908873490570321, "Training accuracy ": 0.8492592592592593, "Validation loss ": 0.21604081520908253, "Validation accuracy ": 0.8521666666666666, "Testing loss ": 0.2376427393134094, "Testing accuracy ": 0.8354, "_timestamp": 1709152271.1028826, "_runtime": 37.44636368751526, "_step": 19, "confusion_matrix_table": {"_type": "table-file", "sha256": "6be0a0161c323db146358baa15626ace41a7ea9f89cf41b6f10f6fd04da43552", "size": 3177, "artifact_path": "wandb-client-artifact://ya095102f1ogxlzhyq6622qjki9uch1flnl496fovmx9h5lt06utt9nxkuwqlndeyte58bdv9odouyiajzuvv2z3idybcy84zkgqnqdwp2ijs45eueq6j55f71w82scw:latest/confusion_matrix_table.table.json", "_latest_artifact_path": "wandb-client-artifact://ya095102f1ogxlzhyq6622qjki9uch1flnl496fovmx9h5lt06utt9nxkuwqlndeyte58bdv9odouyiajzuvv2z3idybcy84zkgqnqdwp2ijs45eueq6j55f71w82scw:latest/confusion_matrix_table.table.json", "path": "media/table/confusion_matrix_table_19_6be0a0161c323db14635.table.json", "ncols": 3, "nrows": 100}, "_wandb": {"runtime": 36}}