{"Epoch ": 9, "Training loss ": 0.20735926043870337, "Training accuracy ": 0.8630740740740741, "Validation loss ": 0.212838231637593, "Validation accuracy ": 0.8605, "Testing loss ": 0.22505765096430197, "Testing accuracy ": 0.8492, "_timestamp": 1709312596.6324685, "_runtime": 38.749369382858276, "_step": 19, "confusion_matrix_table": {"_type": "table-file", "sha256": "08ec8e98f260c67439b2abffe710a2391b7835372853792313b41f63b2c6c765", "size": 3176, "artifact_path": "wandb-client-artifact://yeiteagpa9d5ltfurfgio4tci6n7sx1dwuvi7akf5y1on0rrisr0caz92la8tyw6o1pvv7sb51s4txw741z9izr86n2ifp25r8d01nmm3on5z515prpkqkvvx0qh2rzm:latest/confusion_matrix_table.table.json", "_latest_artifact_path": "wandb-client-artifact://yeiteagpa9d5ltfurfgio4tci6n7sx1dwuvi7akf5y1on0rrisr0caz92la8tyw6o1pvv7sb51s4txw741z9izr86n2ifp25r8d01nmm3on5z515prpkqkvvx0qh2rzm:latest/confusion_matrix_table.table.json", "path": "media/table/confusion_matrix_table_19_08ec8e98f260c67439b2.table.json", "ncols": 3, "nrows": 100}, "_wandb": {"runtime": 37}}