{"Epoch ": 29, "Training loss ": 0.19821274595644017, "Training accuracy ": 0.9280185185185185, "Validation loss ": 0.3223849745300131, "Validation accuracy ": 0.8881666666666667, "Testing loss ": 0.34283044122579615, "Testing accuracy ": 0.8845, "_timestamp": 1709287323.1809776, "_runtime": 58.220722675323486, "_step": 59, "confusion_matrix_table": {"_type": "table-file", "sha256": "c00388ee81e4f09458d245d99b0c24ad44f5d2bf9a3a498205db448cf8951a5b", "size": 3168, "artifact_path": "wandb-client-artifact://sy9mrp7aim8kpnv4nzem0qqen3otqa6cj74luqu5t67sul3phyl08n0c7r3hw9vajfeazthjwm3kxbz3cwm2j1xkyahf5n2nyztommvv25kh8jdtsvkn1gdm8qblubq4:latest/confusion_matrix_table.table.json", "_latest_artifact_path": "wandb-client-artifact://sy9mrp7aim8kpnv4nzem0qqen3otqa6cj74luqu5t67sul3phyl08n0c7r3hw9vajfeazthjwm3kxbz3cwm2j1xkyahf5n2nyztommvv25kh8jdtsvkn1gdm8qblubq4:latest/confusion_matrix_table.table.json", "path": "media/table/confusion_matrix_table_59_c00388ee81e4f09458d2.table.json", "ncols": 3, "nrows": 100}, "_wandb": {"runtime": 57}}