{"Epoch ": 4, "Training loss ": 1.1326864527717966, "Training accuracy ": 0.5636666666666666, "Validation loss ": 1.1537153663608992, "Validation accuracy ": 0.5581666666666667, "Testing loss ": 1.1618761897930465, "Testing accuracy ": 0.5555, "_timestamp": 1709402487.4276803, "_runtime": 23.823121309280396, "_step": 9, "confusion_matrix_table": {"_type": "table-file", "sha256": "35075dc6f2716b98b08a767226eeabedc3def51030fa0815914c594b0a584c87", "size": 3157, "artifact_path": "wandb-client-artifact://upqulevh2wvg7o06d5y8a8hpbq8qg5d4ipbi0ey05rl7bectwwmzmv8322pxsrq52nthadffuawo5v1kq1pko5ak3f0uu88xe2u4jxpbw8lpjy3k82e8vb6zby1ovvfi:latest/confusion_matrix_table.table.json", "_latest_artifact_path": "wandb-client-artifact://upqulevh2wvg7o06d5y8a8hpbq8qg5d4ipbi0ey05rl7bectwwmzmv8322pxsrq52nthadffuawo5v1kq1pko5ak3f0uu88xe2u4jxpbw8lpjy3k82e8vb6zby1ovvfi:latest/confusion_matrix_table.table.json", "path": "media/table/confusion_matrix_table_9_35075dc6f2716b98b08a.table.json", "ncols": 3, "nrows": 100}, "_wandb": {"runtime": 23}}