{"Epoch ": 4, "Training loss ": 0.438538848960485, "Training accuracy ": 0.8436666666666667, "Validation loss ": 0.45250761628938857, "Validation accuracy ": 0.8386666666666667, "Testing loss ": 0.47757035814483795, "Testing accuracy ": 0.829, "_timestamp": 1709101971.5162258, "_runtime": 52.95360589027405, "_step": 4, "_wandb": {"runtime": 52}}