{"Epoch ": 14, "Training loss ": 0.07247035086363678, "Training accuracy ": 0.9786666666666667, "Validation loss ": 0.1014657945957637, "Validation accuracy ": 0.9693333333333334, "Testing loss ": 0.1001110729000246, "Testing accuracy ": 0.9697, "_timestamp": 1709495031.331803, "_runtime": 221.04377698898315, "_step": 29, "confusion_matrix_table": {"_type": "table-file", "sha256": "d745c63f2660eaa42950600c47ed2399015486c9eeb92ff4c7a498a308abda18", "size": 3149, "artifact_path": "wandb-client-artifact://20wh4o13no98k4wd8gaw6j1gb5atj7e7uzapfbicazjp6ukh7ixo8ofp56rbe5vv6mgwi0kc2ciid52g0ekda7a3qrxme306gurjgkezmqlfd497l8petbo0vu4otoo1:latest/confusion_matrix_table.table.json", "_latest_artifact_path": "wandb-client-artifact://20wh4o13no98k4wd8gaw6j1gb5atj7e7uzapfbicazjp6ukh7ixo8ofp56rbe5vv6mgwi0kc2ciid52g0ekda7a3qrxme306gurjgkezmqlfd497l8petbo0vu4otoo1:latest/confusion_matrix_table.table.json", "path": "media/table/confusion_matrix_table_29_d745c63f2660eaa42950.table.json", "ncols": 3, "nrows": 100}, "_wandb": {"runtime": 220}}