{"Epoch ": 29, "Training loss ": 0.21897731895985595, "Training accuracy ": 0.8608703703703704, "Validation loss ": 0.22051575595177833, "Validation accuracy ": 0.8568333333333333, "Testing loss ": 0.23560842250249014, "Testing accuracy ": 0.8453, "_timestamp": 1709182649.4231536, "_runtime": 97.80452752113342, "_step": 59, "confusion_matrix_table": {"_type": "table-file", "sha256": "1f4ac8bdc03b0703583f1b29bebb6ea3232f4fa6d3ec67320013d6b28eeae9e5", "size": 3174, "artifact_path": "wandb-client-artifact://zlxd57so9hbnhw1btlztshp9revh5vbpsg93q2rsl3eikgdk36bg2v50wuhdzw97vjrkxrn9kjnondnt25wnnbjh4y4injkwkklct2gp53vpp3nylntsr61byyoy2m1h:latest/confusion_matrix_table.table.json", "_latest_artifact_path": "wandb-client-artifact://zlxd57so9hbnhw1btlztshp9revh5vbpsg93q2rsl3eikgdk36bg2v50wuhdzw97vjrkxrn9kjnondnt25wnnbjh4y4injkwkklct2gp53vpp3nylntsr61byyoy2m1h:latest/confusion_matrix_table.table.json", "path": "media/table/confusion_matrix_table_59_1f4ac8bdc03b0703583f.table.json", "ncols": 3, "nrows": 100}, "_wandb": {"runtime": 96}}