{"Epoch ": 14, "Training loss ": 0.3736409190726781, "Training accuracy ": 0.8711111111111111, "Validation loss ": 0.42875454662146534, "Validation accuracy ": 0.849, "Testing loss ": 0.45760041390329753, "Testing accuracy ": 0.844, "_timestamp": 1709291243.4209418, "_runtime": 19.602277755737305, "_step": 29, "confusion_matrix_table": {"_type": "table-file", "sha256": "082cad3e41f00b2df2f7f0f29119a42595988dfe83bef4180a399e184fef509f", "size": 3175, "artifact_path": "wandb-client-artifact://57y9bxn3bn97i0f74cvc1g947imw6wm8wmfbsya71nxgy5nsmikbk8r190vwehuf1q2rjweoc4849s8l1y71e42wggl76sgb981tek2hnfpnqycu9cb5uiemwalns2xf:latest/confusion_matrix_table.table.json", "_latest_artifact_path": "wandb-client-artifact://57y9bxn3bn97i0f74cvc1g947imw6wm8wmfbsya71nxgy5nsmikbk8r190vwehuf1q2rjweoc4849s8l1y71e42wggl76sgb981tek2hnfpnqycu9cb5uiemwalns2xf:latest/confusion_matrix_table.table.json", "path": "media/table/confusion_matrix_table_29_082cad3e41f00b2df2f7.table.json", "ncols": 3, "nrows": 100}, "_wandb": {"runtime": 18}}