{"Epoch ": 4, "Training loss ": 0.3770505128934952, "Training accuracy ": 0.8682407407407408, "Validation loss ": 0.40218808586465404, "Validation accuracy ": 0.8616666666666667, "Testing loss ": 0.42233161692563087, "Testing accuracy ": 0.8533, "_timestamp": 1709312734.75319, "_runtime": 29.54582715034485, "_step": 9, "confusion_matrix_table": {"_type": "table-file", "sha256": "36513de0ba1467db68483968b796f0f50d285e53a20078329472c775084ed2a5", "size": 3176, "artifact_path": "wandb-client-artifact://cwt8oj510yd0rjakbllhvb563nyaxj9171rc0lv5kzpgm44js588d9ji1zpjfclsazmshqw4ll4zbwggesvzy59xyxhmlpl4cwb74xnv1mqj2jniahxf7w9mf2n5i8k6:latest/confusion_matrix_table.table.json", "_latest_artifact_path": "wandb-client-artifact://cwt8oj510yd0rjakbllhvb563nyaxj9171rc0lv5kzpgm44js588d9ji1zpjfclsazmshqw4ll4zbwggesvzy59xyxhmlpl4cwb74xnv1mqj2jniahxf7w9mf2n5i8k6:latest/confusion_matrix_table.table.json", "path": "media/table/confusion_matrix_table_9_36513de0ba1467db6848.table.json", "ncols": 3, "nrows": 100}, "_wandb": {"runtime": 28}}