{"Epoch ": 4, "Training loss ": 0.5692690753173365, "Training accuracy ": 0.809962962962963, "Validation loss ": 0.5544376413919454, "Validation accuracy ": 0.8115, "Testing loss ": 0.5885754390318036, "Testing accuracy ": 0.7997, "_timestamp": 1709307991.4251597, "_runtime": 23.80934166908264, "_step": 9, "confusion_matrix_table": {"_type": "table-file", "sha256": "f8c55dd2098d38e947347097512660068b7ca2532c40122af24e8e8799a6128e", "size": 3180, "artifact_path": "wandb-client-artifact://x2je2kcyf5kop2ipr9u11vnuw60rv4tioxgf3fcntbcnijysld4hgclphslzre6r5rucp690565s0lh91owz1ykegm2ocg0da0jqslwhqyvjfgewlm0u8d8zj57n5iqj:latest/confusion_matrix_table.table.json", "_latest_artifact_path": "wandb-client-artifact://x2je2kcyf5kop2ipr9u11vnuw60rv4tioxgf3fcntbcnijysld4hgclphslzre6r5rucp690565s0lh91owz1ykegm2ocg0da0jqslwhqyvjfgewlm0u8d8zj57n5iqj:latest/confusion_matrix_table.table.json", "path": "media/table/confusion_matrix_table_9_f8c55dd2098d38e94734.table.json", "ncols": 3, "nrows": 100}, "_wandb": {"runtime": 22}}