{"Epoch ": 24, "Training loss ": 0.17862635501717675, "Training accuracy ": 0.8775, "Validation loss ": 0.19505489646030388, "Validation accuracy ": 0.8641666666666666, "Testing loss ": 0.20246193077114352, "Testing accuracy ": 0.8608, "_timestamp": 1709151166.1864462, "_runtime": 86.83983421325684, "_step": 49, "confusion_matrix_table": {"_type": "table-file", "sha256": "9e48673175ccce83229b7ba13e72bba54c53c1f2f44fd0fe9ebfbb197652203a", "size": 3173, "artifact_path": "wandb-client-artifact://x65h51zmc26sjqjms1w895uzhz8vcpuqi7wa1ffyr5c8383qd7e83qp74qvaaid526wd1f36cgcstb3du51sxb3eh1pmvgbx9uxkc4r46iunrai637q96lzoyk626dhk:latest/confusion_matrix_table.table.json", "_latest_artifact_path": "wandb-client-artifact://x65h51zmc26sjqjms1w895uzhz8vcpuqi7wa1ffyr5c8383qd7e83qp74qvaaid526wd1f36cgcstb3du51sxb3eh1pmvgbx9uxkc4r46iunrai637q96lzoyk626dhk:latest/confusion_matrix_table.table.json", "path": "media/table/confusion_matrix_table_49_9e48673175ccce83229b.table.json", "ncols": 3, "nrows": 100}, "_wandb": {"runtime": 85}}