{"Epoch ": 24, "Training loss ": 0.20117817824368353, "Training accuracy ": 0.862537037037037, "Validation loss ": 0.20249395985001717, "Validation accuracy ": 0.8645, "Testing loss ": 0.21933650498051216, "Testing accuracy ": 0.848, "_timestamp": 1709150315.0199091, "_runtime": 73.23624110221863, "_step": 49, "confusion_matrix_table": {"_type": "table-file", "sha256": "f9794641c877836dba4917251bc9c901efd6ef0d86a697699c4b7a28a1132c68", "size": 3174, "artifact_path": "wandb-client-artifact://d8g8jxbswptwtcx52jg3j2tpphgjbhog8xr78k190ynij38m1c4hjntgdrp7w6e2n87bx2uuvg4wucdfhofkk4bgmosj42zr4icg1jgc5sdnlpypf6t4d98doc7zd660:latest/confusion_matrix_table.table.json", "_latest_artifact_path": "wandb-client-artifact://d8g8jxbswptwtcx52jg3j2tpphgjbhog8xr78k190ynij38m1c4hjntgdrp7w6e2n87bx2uuvg4wucdfhofkk4bgmosj42zr4icg1jgc5sdnlpypf6t4d98doc7zd660:latest/confusion_matrix_table.table.json", "path": "media/table/confusion_matrix_table_49_f9794641c877836dba49.table.json", "ncols": 3, "nrows": 100}, "_wandb": {"runtime": 72}}