{"Epoch ": 19, "Training loss ": 0.9625086305849483, "Training accuracy ": 0.7865555555555556, "Validation loss ": 0.9702982685181889, "Validation accuracy ": 0.7775, "Testing loss ": 0.9775285612248441, "Testing accuracy ": 0.7728, "_timestamp": 1709482345.0514555, "_runtime": 31.564536571502686, "_step": 39, "confusion_matrix_table": {"_type": "table-file", "sha256": "e63c1677fe4b25f947428c7dec3fbc438341b8f2d8a302249e1047487f60d289", "size": 3181, "artifact_path": "wandb-client-artifact://5z3270epp1m3jsleid653lakxi3y72nui6d3accthypjrdhikmfqirj1uayvvrmqswtremnipaheamb8jde1d4v7wfr56tdyo8cm1t9dyy9ssbiv6gm07mn9ecni358s:latest/confusion_matrix_table.table.json", "_latest_artifact_path": "wandb-client-artifact://5z3270epp1m3jsleid653lakxi3y72nui6d3accthypjrdhikmfqirj1uayvvrmqswtremnipaheamb8jde1d4v7wfr56tdyo8cm1t9dyy9ssbiv6gm07mn9ecni358s:latest/confusion_matrix_table.table.json", "path": "media/table/confusion_matrix_table_39_e63c1677fe4b25f94742.table.json", "ncols": 3, "nrows": 100}, "_wandb": {"runtime": 30}}