{"Epoch ": 29, "Training loss ": 0.14404064240878087, "Training accuracy ": 0.9042222222222223, "Validation loss ": 0.16750350213447446, "Validation accuracy ": 0.884, "Testing loss ": 0.18064720591176814, "Testing accuracy ": 0.877, "_timestamp": 1709185440.086696, "_runtime": 124.86229181289673, "_step": 59, "confusion_matrix_table": {"_type": "table-file", "sha256": "ed97887ef33ab2e43c5d153096cf03535011afb987e27cf5142c24a213d55208", "size": 3171, "artifact_path": "wandb-client-artifact://7wj8r6moe7j7gmagsry30uhsi0hm12yzy5mw93alsur0qopln76zxdtyfrxhx9c3h5sof6ro0liuvgzz077tajl90kqn4m3dhvsdutu551c6cbl3mfle3pt4le9hfkuj:latest/confusion_matrix_table.table.json", "_latest_artifact_path": "wandb-client-artifact://7wj8r6moe7j7gmagsry30uhsi0hm12yzy5mw93alsur0qopln76zxdtyfrxhx9c3h5sof6ro0liuvgzz077tajl90kqn4m3dhvsdutu551c6cbl3mfle3pt4le9hfkuj:latest/confusion_matrix_table.table.json", "path": "media/table/confusion_matrix_table_59_ed97887ef33ab2e43c5d.table.json", "ncols": 3, "nrows": 100}, "_wandb": {"runtime": 124}}