{"Epoch ": 14, "Training loss ": 0.21347884243696555, "Training accuracy ": 0.920037037037037, "Validation loss ": 0.31228244286045675, "Validation accuracy ": 0.8913333333333333, "Testing loss ": 0.3512128244208177, "Testing accuracy ": 0.8826, "_timestamp": 1709450187.3633568, "_runtime": 138.79641771316528, "_step": 29, "confusion_matrix_table": {"_type": "table-file", "sha256": "ea4a2d9a4c5f6b923be896ac9e547bbd178532182ae9749e34c30f011be221ec", "size": 3169, "artifact_path": "wandb-client-artifact://131xmkbrjup05hwfni3wbg88fvgruin5sojdr609bhgr0rf9izpungegtup9ubcwpsfx77jmxr7a2j9j79asy0bl29qya478ce0i0k81ph7sq9gxc7n3p9nxi7hc538y:latest/confusion_matrix_table.table.json", "_latest_artifact_path": "wandb-client-artifact://131xmkbrjup05hwfni3wbg88fvgruin5sojdr609bhgr0rf9izpungegtup9ubcwpsfx77jmxr7a2j9j79asy0bl29qya478ce0i0k81ph7sq9gxc7n3p9nxi7hc538y:latest/confusion_matrix_table.table.json", "path": "media/table/confusion_matrix_table_29_ea4a2d9a4c5f6b923be8.table.json", "ncols": 3, "nrows": 100}, "_wandb": {"runtime": 138}}