{"Epoch ": 19, "Training loss ": 0.7767224871352599, "Training accuracy ": 0.7750925925925926, "Validation loss ": 0.7747857184042853, "Validation accuracy ": 0.7691666666666667, "Testing loss ": 0.7897288362014093, "Testing accuracy ": 0.765, "_timestamp": 1709474957.0505023, "_runtime": 52.68452024459839, "_step": 39, "confusion_matrix_table": {"_type": "table-file", "sha256": "311d09df888e693322fb9c85d66220cfe6d2748368b959ad0929ca801c365583", "size": 3185, "artifact_path": "wandb-client-artifact://je089k3k241u09txt16fzk84joht8ojgfn76kwbrp88wnajgk6kp9v1e839ts8qawcuk310y08dmddnevixefnm0m6mz7x8dvf5inz9bpl5r1hzp72wbs97ogo4k5sec:latest/confusion_matrix_table.table.json", "_latest_artifact_path": "wandb-client-artifact://je089k3k241u09txt16fzk84joht8ojgfn76kwbrp88wnajgk6kp9v1e839ts8qawcuk310y08dmddnevixefnm0m6mz7x8dvf5inz9bpl5r1hzp72wbs97ogo4k5sec:latest/confusion_matrix_table.table.json", "path": "media/table/confusion_matrix_table_39_311d09df888e693322fb.table.json", "ncols": 3, "nrows": 100}, "_wandb": {"runtime": 51}}