{"Epoch ": 29, "Training loss ": 0.9000042755898034, "Training accuracy ": 0.1, "Validation loss ": 0.9000042755898033, "Validation accuracy ": 0.1, "Testing loss ": 0.9000042755898036, "Testing accuracy ": 0.1, "_timestamp": 1709149683.420174, "_runtime": 79.17931699752808, "_step": 59, "confusion_matrix_table": {"_type": "table-file", "sha256": "79d37d621cf296d37cde7d0d15286c56cfc42a5c1278ce330c7b2969b1f0e66f", "size": 3152, "artifact_path": "wandb-client-artifact://uoyvx94p26ewg72us7ug5utp8lcm45uref2h2pwcp3y562q6q8fbvtmvti515pztrh0xjooj65qpinfn5d00oe1f0emf8p961r1i0xv3urg56cd9kxm5hmehpvuua8gk:latest/confusion_matrix_table.table.json", "_latest_artifact_path": "wandb-client-artifact://uoyvx94p26ewg72us7ug5utp8lcm45uref2h2pwcp3y562q6q8fbvtmvti515pztrh0xjooj65qpinfn5d00oe1f0emf8p961r1i0xv3urg56cd9kxm5hmehpvuua8gk:latest/confusion_matrix_table.table.json", "path": "media/table/confusion_matrix_table_59_79d37d621cf296d37cde.table.json", "ncols": 3, "nrows": 100}, "_wandb": {"runtime": 78}}