{"Epoch ": 4, "Training loss ": 1.3039535793920163, "Training accuracy ": 0.596462962962963, "Validation loss ": 1.3098273876084967, "Validation accuracy ": 0.6041666666666666, "Testing loss ": 1.3058460121213888, "Testing accuracy ": 0.5947, "_timestamp": 1709124779.6052265, "_runtime": 14.620150566101074, "_step": 9, "confusion_matrix_table": {"_type": "table-file", "sha256": "da4caeccd298ac52f779cdd8f8eb24db3c9635073f4eb41289e4353a0e878305", "size": 3196, "artifact_path": "wandb-client-artifact://e768sk84sr5ej25frilx8yjb1mzsoy4fzl49xgorecqo87qu23uf3duqadusgbsmcg8t78lcqxllkw7w2pyaerlp3761xugkfdxpmpe2npx3h7zv77r5gikozpcf0tuy:latest/confusion_matrix_table.table.json", "_latest_artifact_path": "wandb-client-artifact://e768sk84sr5ej25frilx8yjb1mzsoy4fzl49xgorecqo87qu23uf3duqadusgbsmcg8t78lcqxllkw7w2pyaerlp3761xugkfdxpmpe2npx3h7zv77r5gikozpcf0tuy:latest/confusion_matrix_table.table.json", "path": "media/table/confusion_matrix_table_9_da4caeccd298ac52f779.table.json", "ncols": 3, "nrows": 100}, "_wandb": {"runtime": 13}}