{"Epoch ": 19, "Training loss ": 0.23825010950749664, "Training accuracy ": 0.9127407407407407, "Validation loss ": 0.32540447323552096, "Validation accuracy ": 0.8875, "Testing loss ": 0.34969399676995166, "Testing accuracy ": 0.8783, "_timestamp": 1709110951.6576157, "_runtime": 40.728766679763794, "_step": 39, "confusion_matrix_table": {"_type": "table-file", "sha256": "608ca5c62b61f9090c53f341a0ce2285eb9b3c70477e4b4a438521f57c31d044", "size": 3168, "artifact_path": "wandb-client-artifact://sd5hzpfif12xr82d19qo7rslw73dde4aa3ltb6w4wwmd76zfjbvdsy7cpomz5z2qgg4aenwgimhic6vd0n6vmlen22bbha0im157sy6px7h4ghz30oqf9iaaw8d51yvy:latest/confusion_matrix_table.table.json", "_latest_artifact_path": "wandb-client-artifact://sd5hzpfif12xr82d19qo7rslw73dde4aa3ltb6w4wwmd76zfjbvdsy7cpomz5z2qgg4aenwgimhic6vd0n6vmlen22bbha0im157sy6px7h4ghz30oqf9iaaw8d51yvy:latest/confusion_matrix_table.table.json", "path": "media/table/confusion_matrix_table_39_608ca5c62b61f9090c53.table.json", "ncols": 3, "nrows": 100}, "_wandb": {"runtime": 40}}