{"Epoch ": 4, "Training loss ": 2.3217357715020412, "Training accuracy ": 0.1, "Validation loss ": 2.3217244610088077, "Validation accuracy ": 0.1, "Testing loss ": 2.3217548127409784, "Testing accuracy ": 0.1, "_timestamp": 1709105620.5425253, "_runtime": 15.624696254730225, "_step": 9, "confusion_matrix_table": {"_type": "table-file", "sha256": "14aba07669112483f4c4ff17d067555ba1f0fe451130bd585ffc3d5776033d9c", "size": 3152, "artifact_path": "wandb-client-artifact://9jdttqwaxreuu19jq7i76xcq8xq4ht6pt9pop5q3vseunbb3f5r9tqazft3q0nwc73t0wu0ey4yz2p17l31t9n0hchti5x1gdznjyirochg3j0b8hv61ucq6v6z3f5wn:latest/confusion_matrix_table.table.json", "_latest_artifact_path": "wandb-client-artifact://9jdttqwaxreuu19jq7i76xcq8xq4ht6pt9pop5q3vseunbb3f5r9tqazft3q0nwc73t0wu0ey4yz2p17l31t9n0hchti5x1gdznjyirochg3j0b8hv61ucq6v6z3f5wn:latest/confusion_matrix_table.table.json", "path": "media/table/confusion_matrix_table_9_14aba07669112483f4c4.table.json", "ncols": 3, "nrows": 100}, "_wandb": {"runtime": 14}}