{"Epoch ": 29, "Training loss ": 0.3594954604668392, "Training accuracy ": 0.8733333333333333, "Validation loss ": 0.3796977990615888, "Validation accuracy ": 0.8635, "Testing loss ": 0.4064040770640412, "Testing accuracy ": 0.8556, "_timestamp": 1709290729.3818033, "_runtime": 178.95882534980774, "_step": 59, "confusion_matrix_table": {"_type": "table-file", "sha256": "5e00bf4d57135465a873ec060bf3cb15e0c00d0e65109118898a62a378842cb7", "size": 3173, "artifact_path": "wandb-client-artifact://vvsb6ydhl22hqrjq6ftjw8jdjwjsd9hkbmm1jd5hlix6vstlffofft0kljce3at9969hmwiih6jqlsw1lpq1javscg4o57tcthfvbbgagi2jcobci9lmvm4nwpa9v1zu:latest/confusion_matrix_table.table.json", "_latest_artifact_path": "wandb-client-artifact://vvsb6ydhl22hqrjq6ftjw8jdjwjsd9hkbmm1jd5hlix6vstlffofft0kljce3at9969hmwiih6jqlsw1lpq1javscg4o57tcthfvbbgagi2jcobci9lmvm4nwpa9v1zu:latest/confusion_matrix_table.table.json", "path": "media/table/confusion_matrix_table_59_5e00bf4d57135465a873.table.json", "ncols": 3, "nrows": 100}, "_wandb": {"runtime": 178}}