{"Epoch ": 19, "Training loss ": 0.14934730593129927, "Training accuracy ": 0.9564259259259259, "Validation loss ": 0.1789009758441007, "Validation accuracy ": 0.9496666666666667, "Testing loss ": 0.15811744988975182, "Testing accuracy ": 0.9533, "_timestamp": 1709495422.8338313, "_runtime": 153.49742531776428, "_step": 39, "confusion_matrix_table": {"_type": "table-file", "sha256": "d92d82f4713fd0bb08eaff59342e6c358b14f59c2b5af7b1536ba91d35a2e8f6", "size": 3156, "artifact_path": "wandb-client-artifact://ww9f2ep02ycexkibvb04r05besce7wq89rl7tk22g8l0cse8dbvlz7ed0y92ii6mvyepplgfx0frsqi7wmlwwrulfbj14r7bw1t3dilsk8ptvjps2te933pqr7902uo0:latest/confusion_matrix_table.table.json", "_latest_artifact_path": "wandb-client-artifact://ww9f2ep02ycexkibvb04r05besce7wq89rl7tk22g8l0cse8dbvlz7ed0y92ii6mvyepplgfx0frsqi7wmlwwrulfbj14r7bw1t3dilsk8ptvjps2te933pqr7902uo0:latest/confusion_matrix_table.table.json", "path": "media/table/confusion_matrix_table_39_d92d82f4713fd0bb08ea.table.json", "ncols": 3, "nrows": 100}, "_wandb": {"runtime": 152}}