{"Epoch ": 19, "Training loss ": 0.2210292168358797, "Training accuracy ": 0.9189074074074074, "Validation loss ": 0.3056882130216876, "Validation accuracy ": 0.8918333333333334, "Testing loss ": 0.3380911734328371, "Testing accuracy ": 0.8812, "_timestamp": 1709451225.1206045, "_runtime": 76.83136940002441, "_step": 39, "confusion_matrix_table": {"_type": "table-file", "sha256": "c104ad06f16f580e3e7fc31af342471f309907a3695104058d125ceca7c6d0e6", "size": 3173, "artifact_path": "wandb-client-artifact://ux08v2e8krxyxx219nggdpxb2p9nmp857b7hjo79oldtb3v4rq65fmo5hasvt37u959q47pdlmhtij76buzaornksd1znx8gbsccaoxq37dr35bj520gp1wdxuq726k4:latest/confusion_matrix_table.table.json", "_latest_artifact_path": "wandb-client-artifact://ux08v2e8krxyxx219nggdpxb2p9nmp857b7hjo79oldtb3v4rq65fmo5hasvt37u959q47pdlmhtij76buzaornksd1znx8gbsccaoxq37dr35bj520gp1wdxuq726k4:latest/confusion_matrix_table.table.json", "path": "media/table/confusion_matrix_table_39_c104ad06f16f580e3e7f.table.json", "ncols": 3, "nrows": 100}, "_wandb": {"runtime": 76}}