{"Epoch ": 14, "Training loss ": 0.2816917813801849, "Training accuracy ": 0.7949074074074074, "Validation loss ": 0.2953309332410813, "Validation accuracy ": 0.7838333333333334, "Testing loss ": 0.3160032441027148, "Testing accuracy ": 0.7746, "_timestamp": 1709309981.7938788, "_runtime": 53.16829967498779, "_step": 29, "confusion_matrix_table": {"_type": "table-file", "sha256": "a8413f99d572754fb4e2fb219dbd5327dec27d4e9782124b42302800612d8cd0", "size": 3179, "artifact_path": "wandb-client-artifact://ivqehg3nmesjz1r9q96ku3yf2qiisyijpxnqf1vjmuihrv6rh0vat889pmvqgi7u6cbfo7id2klrkwxn8zjueiq2qjj93do07e24gtuflnbt6q3v2613b8gftu6z59rh:latest/confusion_matrix_table.table.json", "_latest_artifact_path": "wandb-client-artifact://ivqehg3nmesjz1r9q96ku3yf2qiisyijpxnqf1vjmuihrv6rh0vat889pmvqgi7u6cbfo7id2klrkwxn8zjueiq2qjj93do07e24gtuflnbt6q3v2613b8gftu6z59rh:latest/confusion_matrix_table.table.json", "path": "media/table/confusion_matrix_table_29_a8413f99d572754fb4e2.table.json", "ncols": 3, "nrows": 100}, "_wandb": {"runtime": 52}}