{"Epoch ": 29, "Training loss ": 0.15287047826492026, "Training accuracy ": 0.8937037037037037, "Validation loss ": 0.19085987972582344, "Validation accuracy ": 0.8703333333333333, "Testing loss ": 0.207402964294042, "Testing accuracy ": 0.8555, "_timestamp": 1709304638.492113, "_runtime": 317.41264820098877, "_step": 59, "confusion_matrix_table": {"_type": "table-file", "sha256": "61f1e1d45a9ce6ea81bf9e052cd81ae78e56b8a12fe7a0974a7f39d83c822c83", "size": 3171, "artifact_path": "wandb-client-artifact://dd72r05h1fqrfwqq267kadl17fpnh8wzp0lrqu8ei9087sl6rv2s4iem7wrtznt1zkkbi1n5vvy5takkgitp4rm7h2j2fg08zqj0lwjlwvjxsc4be7ba7w32wjhfmnpc:latest/confusion_matrix_table.table.json", "_latest_artifact_path": "wandb-client-artifact://dd72r05h1fqrfwqq267kadl17fpnh8wzp0lrqu8ei9087sl6rv2s4iem7wrtznt1zkkbi1n5vvy5takkgitp4rm7h2j2fg08zqj0lwjlwvjxsc4be7ba7w32wjhfmnpc:latest/confusion_matrix_table.table.json", "path": "media/table/confusion_matrix_table_59_61f1e1d45a9ce6ea81bf.table.json", "ncols": 3, "nrows": 100}, "_wandb": {"runtime": 316}}