{"Epoch ": 19, "Training loss ": 1.2110083393715512, "Training accuracy ": 0.18368518518518517, "Validation loss ": 1.2132257229394423, "Validation accuracy ": 0.18333333333333332, "Testing loss ": 1.2170759310608574, "Testing accuracy ": 0.1831, "_timestamp": 1709714001.034108, "_runtime": 73.4721999168396, "_step": 39, "confusion_matrix_table": {"_type": "table-file", "sha256": "409805d7e485ed766f585febe52eef0258e47b0d2d7e5f91d9e7feff54e078f1", "size": 3155, "artifact_path": "wandb-client-artifact://snwy2dn7llho7k9nkn90b7jk066e46a58qqyomvyx5xzvutxukic1n6t7vwrmj40xxt93nvhf3n1kl6j5zbl4guokzexokva2lvwcijqdwhtwhsv4od7o2r88pmkz83m:latest/confusion_matrix_table.table.json", "_latest_artifact_path": "wandb-client-artifact://snwy2dn7llho7k9nkn90b7jk066e46a58qqyomvyx5xzvutxukic1n6t7vwrmj40xxt93nvhf3n1kl6j5zbl4guokzexokva2lvwcijqdwhtwhsv4od7o2r88pmkz83m:latest/confusion_matrix_table.table.json", "path": "media/table/confusion_matrix_table_39_409805d7e485ed766f58.table.json", "ncols": 3, "nrows": 100}, "_wandb": {"runtime": 72}}