{"Epoch ": 9, "Training loss ": 0.19577141965947167, "Training accuracy ": 0.867037037037037, "Validation loss ": 0.19703875201867269, "Validation accuracy ": 0.8628333333333333, "Testing loss ": 0.21801310978340258, "Testing accuracy ": 0.8486, "_timestamp": 1709186437.3767555, "_runtime": 23.31451153755188, "_step": 19, "confusion_matrix_table": {"_type": "table-file", "sha256": "5a88b493b31d6353c697509c1aa21971d08033a7cf53c8b9f265402913eff874", "size": 3173, "artifact_path": "wandb-client-artifact://mbikibcmxy9j4ijg04stglbepv6sdrp06nsk6w5w8aj24druu7kav1phls46spjhetjlath94q3dypbudvegdva41ue1s3ndaf0pwch7zqew7nux0k47h198ujmuorqb:latest/confusion_matrix_table.table.json", "_latest_artifact_path": "wandb-client-artifact://mbikibcmxy9j4ijg04stglbepv6sdrp06nsk6w5w8aj24druu7kav1phls46spjhetjlath94q3dypbudvegdva41ue1s3ndaf0pwch7zqew7nux0k47h198ujmuorqb:latest/confusion_matrix_table.table.json", "path": "media/table/confusion_matrix_table_19_5a88b493b31d6353c697.table.json", "ncols": 3, "nrows": 100}, "_wandb": {"runtime": 22}}