{"Epoch ": 9, "Training loss ": 1.7119261987265626, "Training accuracy ": 0.5060555555555556, "Validation loss ": 1.7164694200559036, "Validation accuracy ": 0.5031666666666667, "Testing loss ": 1.7170481553418304, "Testing accuracy ": 0.5003, "_timestamp": 1709128110.7755125, "_runtime": 26.20217537879944, "_step": 19, "confusion_matrix_table": {"_type": "table-file", "sha256": "0482c7e56300021ecc69a2c857089f58be1f9667b3089aab842436d75f060d22", "size": 3202, "artifact_path": "wandb-client-artifact://nf2lrxmuu3p5hp476441e7h9dpzhotjnyrqx3q9fnm7v9iffn5s6jwv4xbsk46nxv4to8eo2knz0mkt8d42662qzdugw0ul7e9dzr7c8nzuvazbqbbbl53gxxyrm3crs:latest/confusion_matrix_table.table.json", "_latest_artifact_path": "wandb-client-artifact://nf2lrxmuu3p5hp476441e7h9dpzhotjnyrqx3q9fnm7v9iffn5s6jwv4xbsk46nxv4to8eo2knz0mkt8d42662qzdugw0ul7e9dzr7c8nzuvazbqbbbl53gxxyrm3crs:latest/confusion_matrix_table.table.json", "path": "media/table/confusion_matrix_table_19_0482c7e56300021ecc69.table.json", "ncols": 3, "nrows": 100}, "_wandb": {"runtime": 25}}