{"Epoch ": 4, "Training loss ": 0.09936556880168232, "Training accuracy ": 0.9331111111111111, "Validation loss ": 0.10977055751551273, "Validation accuracy ": 0.9288333333333333, "Testing loss ": 0.11620131574847214, "Testing accuracy ": 0.9239, "_timestamp": 1709528672.0082395, "_runtime": 31.97445249557495, "_step": 9, "confusion_matrix_table": {"_type": "table-file", "sha256": "353af8e2a124a31f53fa678496766d74d13ff87afd10a4c2e46661747561c953", "size": 3170, "artifact_path": "wandb-client-artifact://qr0vbj15v5xfkolbyy5n93lgbx83qfstsfcalxjbwc8fcpln5f8lmjftwphjngszjgps21gu9xudw3k6bxwp711zg4ir6m8m5hievpwv1gna3ebanqvi0chybyw00xhb:latest/confusion_matrix_table.table.json", "_latest_artifact_path": "wandb-client-artifact://qr0vbj15v5xfkolbyy5n93lgbx83qfstsfcalxjbwc8fcpln5f8lmjftwphjngszjgps21gu9xudw3k6bxwp711zg4ir6m8m5hievpwv1gna3ebanqvi0chybyw00xhb:latest/confusion_matrix_table.table.json", "path": "media/table/confusion_matrix_table_9_353af8e2a124a31f53fa.table.json", "ncols": 3, "nrows": 100}, "_wandb": {"runtime": 31}}