{"Epoch ": 4, "Training loss ": 0.4339394808697707, "Training accuracy ": 0.8487777777777777, "Validation loss ": 0.43975168635642636, "Validation accuracy ": 0.8468333333333333, "Testing loss ": 0.4674809258607576, "Testing accuracy ": 0.8342, "_timestamp": 1709130976.226816, "_runtime": 22.86223793029785, "_step": 9, "confusion_matrix_table": {"_type": "table-file", "sha256": "99e36b33c81368866de8ed217da4ba4e00c002243c3dbd295bfdc00ab37d33a7", "size": 3179, "artifact_path": "wandb-client-artifact://oz65nn6mguy5avk4an7veuc8jter5gastkq98prqzdh0apii1ohix1z1axfy3bfoaihza6yl2gqa3xehjydclbrs082s4ekas73imqhiuqm71f2bopl6bfiqnjgkaer2:latest/confusion_matrix_table.table.json", "_latest_artifact_path": "wandb-client-artifact://oz65nn6mguy5avk4an7veuc8jter5gastkq98prqzdh0apii1ohix1z1axfy3bfoaihza6yl2gqa3xehjydclbrs082s4ekas73imqhiuqm71f2bopl6bfiqnjgkaer2:latest/confusion_matrix_table.table.json", "path": "media/table/confusion_matrix_table_9_99e36b33c81368866de8.table.json", "ncols": 3, "nrows": 100}, "_wandb": {"runtime": 22}}