{"Epoch ": 29, "Training loss ": 0.19935571601985336, "Training accuracy ": 0.926074074074074, "Validation loss ": 0.46854331503281316, "Validation accuracy ": 0.8761666666666666, "Testing loss ": 0.5019697432140219, "Testing accuracy ": 0.8754, "_timestamp": 1709141528.9107528, "_runtime": 817.7391927242279, "_step": 59, "confusion_matrix_table": {"_type": "table-file", "sha256": "b002bab08e2c0429c5de8fb9674aef087649e7c4cf64f2d9b975cd58a5f448b9", "size": 3172, "artifact_path": "wandb-client-artifact://u0g5f6bvduojuz1fcuml6r03gurvrnp0jpgvng2n2tetqkfxe2o68sh8rc0nrmq6m9l4wlr2dbklc18sbghj06f8dpiw51uj870u4dardroyc526467huxz3l2xbhtfg:latest/confusion_matrix_table.table.json", "_latest_artifact_path": "wandb-client-artifact://u0g5f6bvduojuz1fcuml6r03gurvrnp0jpgvng2n2tetqkfxe2o68sh8rc0nrmq6m9l4wlr2dbklc18sbghj06f8dpiw51uj870u4dardroyc526467huxz3l2xbhtfg:latest/confusion_matrix_table.table.json", "path": "media/table/confusion_matrix_table_59_b002bab08e2c0429c5de.table.json", "ncols": 3, "nrows": 100}, "_wandb": {"runtime": 817}}