{"Epoch ": 14, "Training loss ": 0.17324368302344775, "Training accuracy ": 0.8782407407407408, "Validation loss ": 0.1997011317636119, "Validation accuracy ": 0.8595, "Testing loss ": 0.21387259113604024, "Testing accuracy ": 0.8518, "_timestamp": 1709148450.4526815, "_runtime": 60.88452744483948, "_step": 29, "confusion_matrix_table": {"_type": "table-file", "sha256": "a535ecbefb524cb4569a7c8edbbb5e6ca49c03a334aba3562bbce912e1e28683", "size": 3175, "artifact_path": "wandb-client-artifact://z8wkrovmxalui5797pjo876tf2sqpnhsl8qt1fh522ipyf4q20ob3c2302uz8s0b75chc8y0xyzc3fw7yt0k5kb87fztdjd4pybcu7kf16nzpmpyn12ky85lqwguwxk4:latest/confusion_matrix_table.table.json", "_latest_artifact_path": "wandb-client-artifact://z8wkrovmxalui5797pjo876tf2sqpnhsl8qt1fh522ipyf4q20ob3c2302uz8s0b75chc8y0xyzc3fw7yt0k5kb87fztdjd4pybcu7kf16nzpmpyn12ky85lqwguwxk4:latest/confusion_matrix_table.table.json", "path": "media/table/confusion_matrix_table_29_a535ecbefb524cb4569a.table.json", "ncols": 3, "nrows": 100}, "_wandb": {"runtime": 60}}