{"Epoch ": 14, "Training loss ": 0.19047521569190806, "Training accuracy ": 0.8696851851851852, "Validation loss ": 0.19434407988625518, "Validation accuracy ": 0.868, "Testing loss ": 0.21114458857364765, "Testing accuracy ": 0.8534, "_timestamp": 1709534505.8177433, "_runtime": 75.18272233009338, "_step": 29, "confusion_matrix_table": {"_type": "table-file", "sha256": "bcff315a6bd392fc98a4943cbf3c22df315a3538dd40fe225780765cea74e5e4", "size": 3172, "artifact_path": "wandb-client-artifact://1yb0x45c3j1t3g8o3mjjt1ch487la7thh88uky4q80b2pu9rk1m7lwszd0k50im26ah7f8y1p267qvnb5xnxd9w9ocvdiy5rovyfrxpnsf23onvzstygq3hsu1ab9czm:latest/confusion_matrix_table.table.json", "_latest_artifact_path": "wandb-client-artifact://1yb0x45c3j1t3g8o3mjjt1ch487la7thh88uky4q80b2pu9rk1m7lwszd0k50im26ah7f8y1p267qvnb5xnxd9w9ocvdiy5rovyfrxpnsf23onvzstygq3hsu1ab9czm:latest/confusion_matrix_table.table.json", "path": "media/table/confusion_matrix_table_29_bcff315a6bd392fc98a4.table.json", "ncols": 3, "nrows": 100}, "_wandb": {"runtime": 74}}