{"Epoch ": 24, "Training loss ": 0.3526149340504069, "Training accuracy ": 0.8757962962962963, "Validation loss ": 0.41079675885000755, "Validation accuracy ": 0.8565, "Testing loss ": 0.442767258221052, "Testing accuracy ": 0.8527, "_timestamp": 1709452448.3394468, "_runtime": 61.690616846084595, "_step": 49, "confusion_matrix_table": {"_type": "table-file", "sha256": "8baff2211263a999cdc684ca64a8a32c5ad09c7d7a5d11845aba57494b843125", "size": 3176, "artifact_path": "wandb-client-artifact://0rx87t6cwhb618n5l9gqlko2q4mzfbmervijfchyj8dl4p1zdj25supwp8uee82d3mjunn3gm20pcxumfnmt2jvovzfzq5ky03byn27dcow3s0qwadysyfhiu43t0v1j:latest/confusion_matrix_table.table.json", "_latest_artifact_path": "wandb-client-artifact://0rx87t6cwhb618n5l9gqlko2q4mzfbmervijfchyj8dl4p1zdj25supwp8uee82d3mjunn3gm20pcxumfnmt2jvovzfzq5ky03byn27dcow3s0qwadysyfhiu43t0v1j:latest/confusion_matrix_table.table.json", "path": "media/table/confusion_matrix_table_49_8baff2211263a999cdc6.table.json", "ncols": 3, "nrows": 100}, "_wandb": {"runtime": 60}}