{"Epoch ": 19, "Training loss ": 0.28830708719942155, "Training accuracy ": 0.8960185185185185, "Validation loss ": 0.3521856939212521, "Validation accuracy ": 0.8726666666666667, "Testing loss ": 0.35939178989670356, "Testing accuracy ": 0.8698, "_timestamp": 1709302354.4405606, "_runtime": 131.35041165351868, "_step": 39, "confusion_matrix_table": {"_type": "table-file", "sha256": "c6c1d92ee841363275e60f0ca7faf77b8e9d2633f336c6fcf6de854e01b17642", "size": 3173, "artifact_path": "wandb-client-artifact://m5bk8o7wsxbh2t3ugvibwvuoyiyssbahgdktkg28zg2ocfn2lna3bb4qp7jzmxf9czme4xm2aiqfsrvfzxoc3jcsh154cdxe02p9koxk1nek6eigr5ad95osq73iva8f:latest/confusion_matrix_table.table.json", "_latest_artifact_path": "wandb-client-artifact://m5bk8o7wsxbh2t3ugvibwvuoyiyssbahgdktkg28zg2ocfn2lna3bb4qp7jzmxf9czme4xm2aiqfsrvfzxoc3jcsh154cdxe02p9koxk1nek6eigr5ad95osq73iva8f:latest/confusion_matrix_table.table.json", "path": "media/table/confusion_matrix_table_39_c6c1d92ee841363275e6.table.json", "ncols": 3, "nrows": 100}, "_wandb": {"runtime": 130}}