{"Epoch ": 9, "Training loss ": 0.3517566482984253, "Training accuracy ": 0.8759259259259259, "Validation loss ": 0.4167428202210435, "Validation accuracy ": 0.8566666666666667, "Testing loss ": 0.4348799962984424, "Testing accuracy ": 0.8485, "_timestamp": 1709304334.3357236, "_runtime": 79.97338652610779, "_step": 19, "confusion_matrix_table": {"_type": "table-file", "sha256": "88276a694e7849cdf980f56190d6624295133c5cb64ad7233a5584c11a9f3c1d", "size": 3174, "artifact_path": "wandb-client-artifact://1vawsguk5oqjwd2ndi01b4q94x3g2xw9r85llj6ckhxv4mh4yogn27nljhgh8ys76jkm2p0fj8qvndtx1w78yo7ujfhh8htny76hgbkz4ys7nusnfn38kkabiydi8drz:latest/confusion_matrix_table.table.json", "_latest_artifact_path": "wandb-client-artifact://1vawsguk5oqjwd2ndi01b4q94x3g2xw9r85llj6ckhxv4mh4yogn27nljhgh8ys76jkm2p0fj8qvndtx1w78yo7ujfhh8htny76hgbkz4ys7nusnfn38kkabiydi8drz:latest/confusion_matrix_table.table.json", "path": "media/table/confusion_matrix_table_19_88276a694e7849cdf980.table.json", "ncols": 3, "nrows": 100}, "_wandb": {"runtime": 79}}