{"Epoch ": 24, "Training loss ": 0.00600053146167147, "Training accuracy ": 0.9997407407407407, "Validation loss ": 0.08460258892056528, "Validation accuracy ": 0.9751666666666666, "Testing loss ": 0.06901195402180364, "Testing accuracy ": 0.9795, "_timestamp": 1709727765.8656793, "_runtime": 99.40666222572327, "_step": 49, "confusion_matrix_table": {"_type": "table-file", "sha256": "f37e9ba3b04170228755fd7bcb4e58aa699d7af69cef8f99a117f1c772628859", "size": 3146, "artifact_path": "wandb-client-artifact://lv4t5ipy64kcuikaq7ohlh43rlxb6mjl65thqinta6ub4jzeqvumctxksngjcd1blsgh2i9uh3lzybxsqoz4501fumj7x9s550kquwhk64f468ux3900fj4guz2rkux0:latest/confusion_matrix_table.table.json", "_latest_artifact_path": "wandb-client-artifact://lv4t5ipy64kcuikaq7ohlh43rlxb6mjl65thqinta6ub4jzeqvumctxksngjcd1blsgh2i9uh3lzybxsqoz4501fumj7x9s550kquwhk64f468ux3900fj4guz2rkux0:latest/confusion_matrix_table.table.json", "path": "media/table/confusion_matrix_table_49_f37e9ba3b04170228755.table.json", "ncols": 3, "nrows": 100}, "_wandb": {"runtime": 98}}