{"Epoch ": 4, "Training loss ": 1.4820440944024584, "Training accuracy ": 0.5533703703703704, "Validation loss ": 1.4811747477054236, "Validation accuracy ": 0.5615, "Testing loss ": 1.4927346691862682, "Testing accuracy ": 0.5516, "_timestamp": 1709103840.9880433, "_runtime": 11.423195362091064, "_step": 4, "_wandb": {"runtime": 10}}