{"Epoch ": 24, "Training loss ": 0.45684322722657467, "Training accuracy ": 0.7711481481481481, "Validation loss ": 0.4558048938900893, "Validation accuracy ": 0.7661666666666667, "Testing loss ": 0.46245836175218585, "Testing accuracy ": 0.7609, "_timestamp": 1709628763.3592334, "_runtime": 29.38202142715454, "_step": 49, "confusion_matrix_table": {"_type": "table-file", "sha256": "ab451037893460ce609bb69a146ff536b4f36273184ae673e7857d4783e66872", "size": 3179, "artifact_path": "wandb-client-artifact://v6oeywkn3hnz5hli81cmogln2bcpbvzx68wodbh6u32y6nol3dmi163s04hwglfzl9vd5ulr8zgav738m97uh9qtnw6ayg2u5446ldk8klazrrgwqcj6a45z1jv97k70:latest/confusion_matrix_table.table.json", "_latest_artifact_path": "wandb-client-artifact://v6oeywkn3hnz5hli81cmogln2bcpbvzx68wodbh6u32y6nol3dmi163s04hwglfzl9vd5ulr8zgav738m97uh9qtnw6ayg2u5446ldk8klazrrgwqcj6a45z1jv97k70:latest/confusion_matrix_table.table.json", "path": "media/table/confusion_matrix_table_49_ab451037893460ce609b.table.json", "ncols": 3, "nrows": 100}, "_wandb": {"runtime": 28}}