{"Epoch ": 4, "Training loss ": 0.7798936419953022, "Training accuracy ": 0.5518888888888889, "Validation loss ": 0.7800769496828155, "Validation accuracy ": 0.549, "Testing loss ": 0.780511889447396, "Testing accuracy ": 0.5464, "_timestamp": 1709631904.096202, "_runtime": 21.36605191230774, "_step": 9, "confusion_matrix_table": {"_type": "table-file", "sha256": "4f66da70c87a5383a61475b7db31bc1eb841ed230da4a3abc88cfc6f1928ad0e", "size": 3184, "artifact_path": "wandb-client-artifact://ntvzd8u2z8ahinkjh48n6l5pz4st4x6rpmeua3byhopy7v1vsy76xtrqd5ou4vnv8lso71kr7avr9mwt5rplw6rc7qe4m73z7c81g6hmacfi1058j6fuih6ykpz151cy:latest/confusion_matrix_table.table.json", "_latest_artifact_path": "wandb-client-artifact://ntvzd8u2z8ahinkjh48n6l5pz4st4x6rpmeua3byhopy7v1vsy76xtrqd5ou4vnv8lso71kr7avr9mwt5rplw6rc7qe4m73z7c81g6hmacfi1058j6fuih6ykpz151cy:latest/confusion_matrix_table.table.json", "path": "media/table/confusion_matrix_table_9_4f66da70c87a5383a614.table.json", "ncols": 3, "nrows": 100}, "_wandb": {"runtime": 20}}