{"Epoch ": 19, "Training loss ": 0.7295433536608005, "Training accuracy ": 0.41924074074074075, "Validation loss ": 0.7316149968603719, "Validation accuracy ": 0.42, "Testing loss ": 0.7376226121597154, "Testing accuracy ": 0.4155, "_timestamp": 1709580408.5854192, "_runtime": 199.1165931224823, "_step": 39, "confusion_matrix_table": {"_type": "table-file", "sha256": "eac9c7891264e786c195cf99fa05f292284958e8c850747e1eeb6c5c2693ac1a", "size": 3154, "artifact_path": "wandb-client-artifact://w1g04ngvw8yrw34bgnqi53denkoapg1j3amvtabm66hzijvki9elju7exk89zj433saftj1169c9nlot5la2rnwnajti22w7woabr6czexbs5lltdujp2vb45ljlfzal:latest/confusion_matrix_table.table.json", "_latest_artifact_path": "wandb-client-artifact://w1g04ngvw8yrw34bgnqi53denkoapg1j3amvtabm66hzijvki9elju7exk89zj433saftj1169c9nlot5la2rnwnajti22w7woabr6czexbs5lltdujp2vb45ljlfzal:latest/confusion_matrix_table.table.json", "path": "media/table/confusion_matrix_table_39_eac9c7891264e786c195.table.json", "ncols": 3, "nrows": 100}, "_wandb": {"runtime": 198}}