{"Epoch ": 4, "Training loss ": 2.3025751739377163, "Training accuracy ": 0.1, "Validation loss ": 2.302575173937716, "Validation accuracy ": 0.1, "Testing loss ": 2.302575173937716, "Testing accuracy ": 0.1, "_timestamp": 1709133162.0847538, "_runtime": 28.500465869903564, "_step": 9, "confusion_matrix_table": {"_type": "table-file", "sha256": "6079c2917273d3c0b03bfd32bef0192de4b0b45188ec6d4bf64bc2ee880c397a", "size": 3152, "artifact_path": "wandb-client-artifact://ikv35jy58g1pb7i5jrc5hwit6eyvdl051epad6ws18lp8i31dxz3qq2oixm3kv5q51j0rtwcwsgrkst7ibbln5ym54uxrebea08df35g176e2cu03uab3m2w98rvqyj4:latest/confusion_matrix_table.table.json", "_latest_artifact_path": "wandb-client-artifact://ikv35jy58g1pb7i5jrc5hwit6eyvdl051epad6ws18lp8i31dxz3qq2oixm3kv5q51j0rtwcwsgrkst7ibbln5ym54uxrebea08df35g176e2cu03uab3m2w98rvqyj4:latest/confusion_matrix_table.table.json", "path": "media/table/confusion_matrix_table_9_6079c2917273d3c0b03b.table.json", "ncols": 3, "nrows": 100}, "_wandb": {"runtime": 25}}