{"Epoch ": 24, "Training loss ": 0.24390331347026384, "Training accuracy ": 0.9106851851851852, "Validation loss ": 0.34327315059925506, "Validation accuracy ": 0.8838333333333334, "Testing loss ": 0.3840261895100403, "Testing accuracy ": 0.8667, "_timestamp": 1709448917.7290454, "_runtime": 70.10571432113647, "_step": 49, "confusion_matrix_table": {"_type": "table-file", "sha256": "0ab0ecdb52f1a4f04af14d039a364134fdb2e794b9015930016529fda66b21e9", "size": 3172, "artifact_path": "wandb-client-artifact://ghuq2vkohafu95aknrq4zzxns92vnxxgqaub2moq5lzpqy6dgjd95y4y2p8buzjcnjdfm861zmy6zo9wby773w8n300du8u0jeskpa8tekzx21a4wre101r2lkb4krz3:latest/confusion_matrix_table.table.json", "_latest_artifact_path": "wandb-client-artifact://ghuq2vkohafu95aknrq4zzxns92vnxxgqaub2moq5lzpqy6dgjd95y4y2p8buzjcnjdfm861zmy6zo9wby773w8n300du8u0jeskpa8tekzx21a4wre101r2lkb4krz3:latest/confusion_matrix_table.table.json", "path": "media/table/confusion_matrix_table_49_0ab0ecdb52f1a4f04af1.table.json", "ncols": 3, "nrows": 100}, "_wandb": {"runtime": 69}}