{"Epoch ": 4, "Training loss ": 0.6417287783007316, "Training accuracy ": 0.37362962962962964, "Validation loss ": 0.6387430040049552, "Validation accuracy ": 0.37533333333333335, "Testing loss ": 0.6442761945180021, "Testing accuracy ": 0.3724, "_timestamp": 1709403073.2772896, "_runtime": 38.909077644348145, "_step": 9, "confusion_matrix_table": {"_type": "table-file", "sha256": "21d735a990fc1572f21a68c745bac96a08e10e600f132a34817aef29964c2688", "size": 3151, "artifact_path": "wandb-client-artifact://uvjpe7jph2ms5i2zxnovrzsyw68ylxlm6c9l8508nu9qeix3pcczad12zv70w9rterv7mrv9p47crxujwrh64ffkherfe8wb0eojskeh0o3bltz4q1yk60ad41qyur0s:latest/confusion_matrix_table.table.json", "_latest_artifact_path": "wandb-client-artifact://uvjpe7jph2ms5i2zxnovrzsyw68ylxlm6c9l8508nu9qeix3pcczad12zv70w9rterv7mrv9p47crxujwrh64ffkherfe8wb0eojskeh0o3bltz4q1yk60ad41qyur0s:latest/confusion_matrix_table.table.json", "path": "media/table/confusion_matrix_table_9_21d735a990fc1572f21a.table.json", "ncols": 3, "nrows": 100}, "_wandb": {"runtime": 38}}