{"Epoch ": 4, "Training loss ": 0.7440396106850676, "Training accuracy ": 0.542537037037037, "Validation loss ": 0.7447015628590476, "Validation accuracy ": 0.5373333333333333, "Testing loss ": 0.7454850951984627, "Testing accuracy ": 0.5379, "_timestamp": 1709559506.971505, "_runtime": 34.90512204170227, "_step": 9, "confusion_matrix_table": {"_type": "table-file", "sha256": "970ce09af79087e4b84551e23d84f9bae43c152b943e1a5fb12a57b3d5527d7f", "size": 3183, "artifact_path": "wandb-client-artifact://f3sslyhpkktgbfmcw51je9ln8pcxcn2g1775l76zere4ng7m8wkshwyvr9hh51zu0js5a7x2edfozf5pkipe0codmk64rwe1ipkuc6rew7uorolcoq2spcx23s8yu4ym:latest/confusion_matrix_table.table.json", "_latest_artifact_path": "wandb-client-artifact://f3sslyhpkktgbfmcw51je9ln8pcxcn2g1775l76zere4ng7m8wkshwyvr9hh51zu0js5a7x2edfozf5pkipe0codmk64rwe1ipkuc6rew7uorolcoq2spcx23s8yu4ym:latest/confusion_matrix_table.table.json", "path": "media/table/confusion_matrix_table_9_970ce09af79087e4b845.table.json", "ncols": 3, "nrows": 100}, "_wandb": {"runtime": 33}}