{"Epoch ": 19, "Training loss ": 2.1832880335810754, "Training accuracy ": 0.3366296296296296, "Validation loss ": 2.188682210107401, "Validation accuracy ": 0.31983333333333336, "Testing loss ": 2.181751587321965, "Testing accuracy ": 0.3393, "_timestamp": 1709488134.5829847, "_runtime": 122.32148861885071, "_step": 39, "confusion_matrix_table": {"_type": "table-file", "sha256": "a1f2a7fb4a51343e8c650fa4539ba4607c7e0082efd759223af14bc283906b7b", "size": 3173, "artifact_path": "wandb-client-artifact://z68agkxhsjwa6csvhls9oolmvonki9cqpgbll63d90g4fdypt898yfea6p91g2xdc5xxzdc3z0xi360xdpfqpyh62ml56lddixldressd8nkfbslik38r12y9z9tvqpu:latest/confusion_matrix_table.table.json", "_latest_artifact_path": "wandb-client-artifact://z68agkxhsjwa6csvhls9oolmvonki9cqpgbll63d90g4fdypt898yfea6p91g2xdc5xxzdc3z0xi360xdpfqpyh62ml56lddixldressd8nkfbslik38r12y9z9tvqpu:latest/confusion_matrix_table.table.json", "path": "media/table/confusion_matrix_table_39_a1f2a7fb4a51343e8c65.table.json", "ncols": 3, "nrows": 100}, "_wandb": {"runtime": 121}}