{"Epoch ": 24, "Training loss ": 0.18558498464105216, "Training accuracy ": 0.9315925925925926, "Validation loss ": 0.3500812821881858, "Validation accuracy ": 0.8828333333333334, "Testing loss ": 0.38458977274506845, "Testing accuracy ": 0.8782, "_timestamp": 1709139652.7500222, "_runtime": 133.86014223098755, "_step": 49, "confusion_matrix_table": {"_type": "table-file", "sha256": "ec0380d829cd78a64358e847c7735dbf39024661f03bc2d20ee226f2a12aa0e2", "size": 3173, "artifact_path": "wandb-client-artifact://40z0474fghvlj4wh63h1t2g4baw9554vynvf9k9vj8y6zrlzrw96tem9gan76gln8x2wdj8lfflhxdnk2hwnvj60vcm721go93cukfswpbd1k15y2v4dpl0c9zi145p4:latest/confusion_matrix_table.table.json", "_latest_artifact_path": "wandb-client-artifact://40z0474fghvlj4wh63h1t2g4baw9554vynvf9k9vj8y6zrlzrw96tem9gan76gln8x2wdj8lfflhxdnk2hwnvj60vcm721go93cukfswpbd1k15y2v4dpl0c9zi145p4:latest/confusion_matrix_table.table.json", "path": "media/table/confusion_matrix_table_49_ec0380d829cd78a64358.table.json", "ncols": 3, "nrows": 100}, "_wandb": {"runtime": 133}}