{"Epoch ": 9, "Training loss ": 0.2007962997067812, "Training accuracy ": 0.8649814814814815, "Validation loss ": 0.21633745067362703, "Validation accuracy ": 0.8535, "Testing loss ": 0.23093626969994685, "Testing accuracy ": 0.8401, "_timestamp": 1709302773.8472857, "_runtime": 104.84405875205994, "_step": 19, "confusion_matrix_table": {"_type": "table-file", "sha256": "030af318c6b27672168bc29aef1d2a3ec9a0afa0c56e4c4ab57b63c482acd9bf", "size": 3173, "artifact_path": "wandb-client-artifact://5qgec9t5ybyk8w4jkvx64odx6md6plfjpvgfcjbn0a97z3dtqo95ex0uo1it8cakp8ttj7iaicw5qhmvd4lal3npcrixn72uwyjh3ay03a08eestdshzsyic01ckxjpu:latest/confusion_matrix_table.table.json", "_latest_artifact_path": "wandb-client-artifact://5qgec9t5ybyk8w4jkvx64odx6md6plfjpvgfcjbn0a97z3dtqo95ex0uo1it8cakp8ttj7iaicw5qhmvd4lal3npcrixn72uwyjh3ay03a08eestdshzsyic01ckxjpu:latest/confusion_matrix_table.table.json", "path": "media/table/confusion_matrix_table_19_030af318c6b27672168b.table.json", "ncols": 3, "nrows": 100}, "_wandb": {"runtime": 104}}