{"Epoch ": 29, "Training loss ": 0.17926538754265472, "Training accuracy ": 0.8831851851851852, "Validation loss ": 0.19543866113157177, "Validation accuracy ": 0.8678333333333333, "Testing loss ": 0.20425640918640486, "Testing accuracy ": 0.864, "_timestamp": 1709149590.6365395, "_runtime": 111.0998215675354, "_step": 59, "confusion_matrix_table": {"_type": "table-file", "sha256": "64a73b6a6f9d7d9871b47fb24caec3ff4180c4733f820058958ff910689b7b1d", "size": 3173, "artifact_path": "wandb-client-artifact://k1i4brwtnt6w8m2109yhsxpkt4uuhi6q3v837kgp74of5xc5809z7dvjveaq0604cs07k8ef34uufx9euoq9vctzopt16l2aczv2nuox62edjw74ocngjiklrao15rw9:latest/confusion_matrix_table.table.json", "_latest_artifact_path": "wandb-client-artifact://k1i4brwtnt6w8m2109yhsxpkt4uuhi6q3v837kgp74of5xc5809z7dvjveaq0604cs07k8ef34uufx9euoq9vctzopt16l2aczv2nuox62edjw74ocngjiklrao15rw9:latest/confusion_matrix_table.table.json", "path": "media/table/confusion_matrix_table_59_64a73b6a6f9d7d9871b4.table.json", "ncols": 3, "nrows": 100}, "_wandb": {"runtime": 110}}