{"Epoch ": 29, "Training loss ": 0.07492261580242297, "Training accuracy ": 0.9494259259259259, "Validation loss ": 0.10413392213275563, "Validation accuracy ": 0.9311666666666667, "Testing loss ": 0.09872426165530661, "Testing accuracy ": 0.9355, "_timestamp": 1709535589.2651484, "_runtime": 68.50269651412964, "_step": 59, "confusion_matrix_table": {"_type": "table-file", "sha256": "d4c6ef94b33cea856da3c8ec6a2a26772bc276df6228a142cc29051dbf2f706c", "size": 3165, "artifact_path": "wandb-client-artifact://3c0betfylw9wwp5ko9bhpggp945ltacut3tfgtfxnq3o8dc6arregnt7fou1zjvyyfw1r519skf4oggwcu2pwwdc17jvssy4wvy0ow1vw2dmh525qgq9qjs0lqgufl7t:latest/confusion_matrix_table.table.json", "_latest_artifact_path": "wandb-client-artifact://3c0betfylw9wwp5ko9bhpggp945ltacut3tfgtfxnq3o8dc6arregnt7fou1zjvyyfw1r519skf4oggwcu2pwwdc17jvssy4wvy0ow1vw2dmh525qgq9qjs0lqgufl7t:latest/confusion_matrix_table.table.json", "path": "media/table/confusion_matrix_table_59_d4c6ef94b33cea856da3.table.json", "ncols": 3, "nrows": 100}, "_wandb": {"runtime": 67}}