{"Epoch ": 29, "Training loss ": 0.3971029061141509, "Training accuracy ": 0.8608148148148148, "Validation loss ": 0.4114781093861294, "Validation accuracy ": 0.8571666666666666, "Testing loss ": 0.4428502978732755, "Testing accuracy ": 0.8431, "_timestamp": 1709475269.4782436, "_runtime": 308.4040336608887, "_step": 59, "confusion_matrix_table": {"_type": "table-file", "sha256": "10b69cd1440ca4967fd372178a2a341ade585f3299a1869af47bf13f3d204691", "size": 3177, "artifact_path": "wandb-client-artifact://ymv9b87ua0a1dsgz3ihzb33rs7oroqrp5znmryr9mc3h8odow4a8hbxbdtj4av6662s5j2lo4kyrir3l05xmnpe31e95i03mzh8un2w8p63bqzipb1gj5tb02rrum8fr:latest/confusion_matrix_table.table.json", "_latest_artifact_path": "wandb-client-artifact://ymv9b87ua0a1dsgz3ihzb33rs7oroqrp5znmryr9mc3h8odow4a8hbxbdtj4av6662s5j2lo4kyrir3l05xmnpe31e95i03mzh8un2w8p63bqzipb1gj5tb02rrum8fr:latest/confusion_matrix_table.table.json", "path": "media/table/confusion_matrix_table_59_10b69cd1440ca4967fd3.table.json", "ncols": 3, "nrows": 100}, "_wandb": {"runtime": 307}}