{"Epoch ": 24, "Training loss ": 0.16751820955769872, "Training accuracy ": 0.8852037037037037, "Validation loss ": 0.18833816168440898, "Validation accuracy ": 0.8715, "Testing loss ": 0.20616671503294237, "Testing accuracy ": 0.8573, "_timestamp": 1709530212.9904864, "_runtime": 491.3818392753601, "_step": 49, "confusion_matrix_table": {"_type": "table-file", "sha256": "581894af5a22a25f20d2b2292a7f6d5efaf3a326b9fead577f8d8b962d3fb4eb", "size": 3173, "artifact_path": "wandb-client-artifact://v8fcov4oek6chhf197ta0omq8o9ntikcouri6nv0mzv42b9jzv03xy63yjxootm79zg996dja7vnms8wteqqrgg3aibj6uii4meortjjnowfbsku1b803mwmcga4q9td:latest/confusion_matrix_table.table.json", "_latest_artifact_path": "wandb-client-artifact://v8fcov4oek6chhf197ta0omq8o9ntikcouri6nv0mzv42b9jzv03xy63yjxootm79zg996dja7vnms8wteqqrgg3aibj6uii4meortjjnowfbsku1b803mwmcga4q9td:latest/confusion_matrix_table.table.json", "path": "media/table/confusion_matrix_table_49_581894af5a22a25f20d2.table.json", "ncols": 3, "nrows": 100}, "_wandb": {"runtime": 490}}