{"Epoch ": 29, "Training loss ": 0.3621656288868802, "Training accuracy ": 0.8711296296296296, "Validation loss ": 0.44475673405761207, "Validation accuracy ": 0.8506666666666667, "Testing loss ": 0.4804146182146692, "Testing accuracy ": 0.8409, "_timestamp": 1709293296.3608532, "_runtime": 58.457306146621704, "_step": 59, "confusion_matrix_table": {"_type": "table-file", "sha256": "51b0dfb266f801ff8815b5067864442ca20818733de7a553b131c9cee0097411", "size": 3175, "artifact_path": "wandb-client-artifact://nz166a38kick3cpyyksiabrmlm6ww1hjgv7lb5lh6ro3tt6k1mkvx2moqyjwzqvm97z0gv4vxn4eac6jgz966fiwoqq4wbnbol3nh4j7rbeivejzk6ey8o4z3eep40eu:latest/confusion_matrix_table.table.json", "_latest_artifact_path": "wandb-client-artifact://nz166a38kick3cpyyksiabrmlm6ww1hjgv7lb5lh6ro3tt6k1mkvx2moqyjwzqvm97z0gv4vxn4eac6jgz966fiwoqq4wbnbol3nh4j7rbeivejzk6ey8o4z3eep40eu:latest/confusion_matrix_table.table.json", "path": "media/table/confusion_matrix_table_59_51b0dfb266f801ff8815.table.json", "ncols": 3, "nrows": 100}, "_wandb": {"runtime": 57}}