{"Epoch ": 14, "Training loss ": 0.18412133017357285, "Training accuracy ": 0.8735185185185185, "Validation loss ": 0.18305962561592587, "Validation accuracy ": 0.872, "Testing loss ": 0.20516354458181918, "Testing accuracy ": 0.8588, "_timestamp": 1709634848.5993881, "_runtime": 134.728502035141, "_step": 29, "confusion_matrix_table": {"_type": "table-file", "sha256": "7cdc93f46b73324c8fb5b87828b5a5b1c00e65a3f3f93558d4b4b58f60ca5f5c", "size": 3173, "artifact_path": "wandb-client-artifact://4xh491aoqxx24efcrf05077081l4q4s8papwzvah5kbhnojej2pl78xbsoxbyoud10ky224w3dxsre764vmpiwfkb5swzgcxsf1e9tyqx5wf2ab100mwmpon8gc9csfs:latest/confusion_matrix_table.table.json", "_latest_artifact_path": "wandb-client-artifact://4xh491aoqxx24efcrf05077081l4q4s8papwzvah5kbhnojej2pl78xbsoxbyoud10ky224w3dxsre764vmpiwfkb5swzgcxsf1e9tyqx5wf2ab100mwmpon8gc9csfs:latest/confusion_matrix_table.table.json", "path": "media/table/confusion_matrix_table_29_7cdc93f46b73324c8fb5.table.json", "ncols": 3, "nrows": 100}, "_wandb": {"runtime": 133}}