{"Epoch ": 29, "Training loss ": 0.3220394438602011, "Training accuracy ": 0.8864444444444445, "Validation loss ": 0.3530651313797294, "Validation accuracy ": 0.874, "Testing loss ": 0.3841279438360895, "Testing accuracy ": 0.865, "_timestamp": 1709493255.7554362, "_runtime": 447.0369482040405, "_step": 59, "confusion_matrix_table": {"_type": "table-file", "sha256": "8b0922b2d61a5177aeb29aa52f7930b4e95c25fb9c26ae69491423e8535f3331", "size": 3172, "artifact_path": "wandb-client-artifact://ilezzg3r9cdvvk0oxiz0emroc8c9j6ez7udb4rk7b56ifah7fhyijo3avrg1uhht1l4sz4q4ia8bidr2962jc5irol37o3owf8lf39pxj4ciel001zl0rinjh3n8g0fv:latest/confusion_matrix_table.table.json", "_latest_artifact_path": "wandb-client-artifact://ilezzg3r9cdvvk0oxiz0emroc8c9j6ez7udb4rk7b56ifah7fhyijo3avrg1uhht1l4sz4q4ia8bidr2962jc5irol37o3owf8lf39pxj4ciel001zl0rinjh3n8g0fv:latest/confusion_matrix_table.table.json", "path": "media/table/confusion_matrix_table_59_8b0922b2d61a5177aeb2.table.json", "ncols": 3, "nrows": 100}, "_wandb": {"runtime": 446}}