{"Epoch ": 24, "Training loss ": 2.302586071520819, "Training accuracy ": 0.1, "Validation loss ": 2.302586071520818, "Validation accuracy ": 0.1, "Testing loss ": 2.302586071520818, "Testing accuracy ": 0.1, "_timestamp": 1709313319.2067332, "_runtime": 74.59290528297424, "_step": 49, "confusion_matrix_table": {"_type": "table-file", "sha256": "2f7474a661d21516977465101eafdd215990604da38f9e6f7cc0b40feda92165", "size": 3152, "artifact_path": "wandb-client-artifact://o638n5d0x60kf0smeajs43ifqtboo7fkb3b8e2ikhbjwapkdajlcp0czzlc05hm28kry50pi7pmjf1gw6ggr8nzq7z1futo9o45evmxhs76bc41dg09hc8p5o2d7s4fq:latest/confusion_matrix_table.table.json", "_latest_artifact_path": "wandb-client-artifact://o638n5d0x60kf0smeajs43ifqtboo7fkb3b8e2ikhbjwapkdajlcp0czzlc05hm28kry50pi7pmjf1gw6ggr8nzq7z1futo9o45evmxhs76bc41dg09hc8p5o2d7s4fq:latest/confusion_matrix_table.table.json", "path": "media/table/confusion_matrix_table_49_2f7474a661d215169774.table.json", "ncols": 3, "nrows": 100}, "_wandb": {"runtime": 73}}