{"Epoch ": 24, "Training loss ": 0.04199235512331118, "Training accuracy ": 0.9901296296296296, "Validation loss ": 0.08179722933318338, "Validation accuracy ": 0.9746666666666667, "Testing loss ": 0.0766097214166801, "Testing accuracy ": 0.9766, "_timestamp": 1709733587.2785518, "_runtime": 69.92423272132874, "_step": 49, "confusion_matrix_table": {"_type": "table-file", "sha256": "bb49aebf3949cd2c81ace10268a93418cbc9d1155ff30cc6329045ce87d6e8a7", "size": 3145, "artifact_path": "wandb-client-artifact://v7nj9w1p2u5qfcyahwcc0536qkmxmzihier39ubez2g1uq2e0300m5pbhz6bztpg79i7jlsxm7ygs9f61tc4ek2rc1q51digbohbjjljn4dl8skvatlvvd8bwcgxer9u:latest/confusion_matrix_table.table.json", "_latest_artifact_path": "wandb-client-artifact://v7nj9w1p2u5qfcyahwcc0536qkmxmzihier39ubez2g1uq2e0300m5pbhz6bztpg79i7jlsxm7ygs9f61tc4ek2rc1q51digbohbjjljn4dl8skvatlvvd8bwcgxer9u:latest/confusion_matrix_table.table.json", "path": "media/table/confusion_matrix_table_49_bb49aebf3949cd2c81ac.table.json", "ncols": 3, "nrows": 100}, "_wandb": {"runtime": 69}}