{"Epoch ": 14, "Training loss ": 0.3016666479073206, "Training accuracy ": 0.8003148148148148, "Validation loss ": 0.3049761581756125, "Validation accuracy ": 0.7971666666666667, "Testing loss ": 0.3118091555380632, "Testing accuracy ": 0.7879, "_timestamp": 1709149507.3683407, "_runtime": 96.17975783348083, "_step": 29, "confusion_matrix_table": {"_type": "table-file", "sha256": "9eeb0a4dc0fc806697997178b5cca70be92122d36ad43c92e1858aff4a2187c5", "size": 3179, "artifact_path": "wandb-client-artifact://mnqvmbwd3o3iua7m4dqjn8awnchxy13ixbl85h80bwgfju08nu8znww8fapz7l1dxlb9qp0mz8i38qjymv9vy5hxzssgy2ohvhig0oza6239qitpod0tj5bzahon5sdp:latest/confusion_matrix_table.table.json", "_latest_artifact_path": "wandb-client-artifact://mnqvmbwd3o3iua7m4dqjn8awnchxy13ixbl85h80bwgfju08nu8znww8fapz7l1dxlb9qp0mz8i38qjymv9vy5hxzssgy2ohvhig0oza6239qitpod0tj5bzahon5sdp:latest/confusion_matrix_table.table.json", "path": "media/table/confusion_matrix_table_29_9eeb0a4dc0fc80669799.table.json", "ncols": 3, "nrows": 100}, "_wandb": {"runtime": 95}}