{"Epoch ": 29, "Training loss ": 0.3806814226589288, "Training accuracy ": 0.8718148148148148, "Validation loss ": 0.44737269628690624, "Validation accuracy ": 0.8506666666666667, "Testing loss ": 0.4728108241591066, "Testing accuracy ": 0.8478, "_timestamp": 1709132638.3880959, "_runtime": 243.6952838897705, "_step": 59, "confusion_matrix_table": {"_type": "table-file", "sha256": "e820488fa54eb211b6b51a62be29531ef7fbaeb0fa106e1be63d4a758eeea545", "size": 3169, "artifact_path": "wandb-client-artifact://eslml1kh8xrtexuqqqspsisrk1dj8ktxb0lv3tj3n4opd00yaf87t9p30deeesn3kvemrzrrz9sy1kost9uc1j4pqsxg6cbh2fuefflnly8pv62b2yia5lv4zcprtuvd:latest/confusion_matrix_table.table.json", "_latest_artifact_path": "wandb-client-artifact://eslml1kh8xrtexuqqqspsisrk1dj8ktxb0lv3tj3n4opd00yaf87t9p30deeesn3kvemrzrrz9sy1kost9uc1j4pqsxg6cbh2fuefflnly8pv62b2yia5lv4zcprtuvd:latest/confusion_matrix_table.table.json", "path": "media/table/confusion_matrix_table_59_e820488fa54eb211b6b5.table.json", "ncols": 3, "nrows": 100}, "_wandb": {"runtime": 242}}