{"Epoch ": 4, "Training loss ": 1.5247399028130282, "Training accuracy ": 0.4990925925925926, "Validation loss ": 1.5266322167853998, "Validation accuracy": 0.495, "Testing loss ": 1.5307783698712307, "Testing accuracy ": 0.4976, "_timestamp": 1709125446.9161067, "_runtime": 12.12369179725647, "_step": 9, "confusion_matrix_table": {"_type": "table-file", "sha256": "365bc4be1be10cf081db54c60097f4122dbb9b87cccd62c1e8f97be115f7a2c6", "size": 3197, "artifact_path": "wandb-client-artifact://e4mkfpmilh72i14w0ep93tru6o6isokdnfh01ew2z6xb3in9un0id2tz6yv4zrykod045rwosub9c72xc4ooyapb8rrpz70fiehu1mj51e1v6zxjy2nr2wj2qbkv52bh:latest/confusion_matrix_table.table.json", "_latest_artifact_path": "wandb-client-artifact://e4mkfpmilh72i14w0ep93tru6o6isokdnfh01ew2z6xb3in9un0id2tz6yv4zrykod045rwosub9c72xc4ooyapb8rrpz70fiehu1mj51e1v6zxjy2nr2wj2qbkv52bh:latest/confusion_matrix_table.table.json", "path": "media/table/confusion_matrix_table_9_365bc4be1be10cf081db.table.json", "ncols": 3, "nrows": 100}, "_wandb": {"runtime": 11}}