{"Epoch ": 4, "Training loss ": 0.6362778941804623, "Training accuracy ": 0.5160740740740741, "Validation loss ": 0.6389844458647245, "Validation accuracy ": 0.5183333333333333, "Testing loss ": 0.6476820364453254, "Testing accuracy ": 0.5084, "_timestamp": 1709401320.501655, "_runtime": 35.27113604545593, "_step": 9, "confusion_matrix_table": {"_type": "table-file", "sha256": "11c947b1b7d276f7e0650d293fb622b00067e0b10631956977ed3f02c956b8d1", "size": 3183, "artifact_path": "wandb-client-artifact://v9cff8ca1rd1q1895tef79vxntnl04jxtl9hdqf2sbjo9seywefwognxbj7ghj8e3cqmg3rhfqwwkf8682yo70d3nqye3ru6j5agw6waucutbl7ll7l21gth9an6fhww:latest/confusion_matrix_table.table.json", "_latest_artifact_path": "wandb-client-artifact://v9cff8ca1rd1q1895tef79vxntnl04jxtl9hdqf2sbjo9seywefwognxbj7ghj8e3cqmg3rhfqwwkf8682yo70d3nqye3ru6j5agw6waucutbl7ll7l21gth9an6fhww:latest/confusion_matrix_table.table.json", "path": "media/table/confusion_matrix_table_9_11c947b1b7d276f7e065.table.json", "ncols": 3, "nrows": 100}, "_wandb": {"runtime": 34}}