{"Epoch ": 4, "Training loss ": 0.1957616584939242, "Training accuracy ": 0.9073333333333333, "Validation loss ": 0.1971292760370485, "Validation accuracy ": 0.9058333333333334, "Testing loss ": 0.1909795913693392, "Testing accuracy ": 0.9084, "_timestamp": 1709529214.7304544, "_runtime": 27.10744333267212, "_step": 9, "confusion_matrix_table": {"_type": "table-file", "sha256": "dfe25ed337301c4aaa3a8f14ef996b07fc133e26cde64faa8d8a50488faf0e44", "size": 3177, "artifact_path": "wandb-client-artifact://7m4ez8nrd3stp0zsa7usn7ju5ofg46y720e08jng42k2ee63qf9gei86mjru1xeamge2lrxhee54ehcdsgezg78l648k7hkmuebihc2a79drbrnvku250o1gj1e5xce3:latest/confusion_matrix_table.table.json", "_latest_artifact_path": "wandb-client-artifact://7m4ez8nrd3stp0zsa7usn7ju5ofg46y720e08jng42k2ee63qf9gei86mjru1xeamge2lrxhee54ehcdsgezg78l648k7hkmuebihc2a79drbrnvku250o1gj1e5xce3:latest/confusion_matrix_table.table.json", "path": "media/table/confusion_matrix_table_9_dfe25ed337301c4aaa3a.table.json", "ncols": 3, "nrows": 100}, "_wandb": {"runtime": 26}}