{"Epoch ": 9, "Training loss ": 0.13975622483723685, "Training accuracy ": 0.9036296296296297, "Validation loss ": 0.16910462846381677, "Validation accuracy ": 0.8843333333333333, "Testing loss ": 0.1795400675525249, "Testing accuracy ": 0.8742, "_timestamp": 1709182405.746333, "_runtime": 30.479529857635498, "_step": 19, "confusion_matrix_table": {"_type": "table-file", "sha256": "418fb49f212d072a694b4a2ac2242bf2ac125519ac327ac521c14f7a2b0a9066", "size": 3173, "artifact_path": "wandb-client-artifact://4906xa0t8etabu5dch22mp3vtttqljtin8qq56e03jkjkadqilu8pv83rd4qe28rusz807h6qbazt0kvey3qaza1yssgowog77bz5euifukbnxroso4eewb4kh7kt17c:latest/confusion_matrix_table.table.json", "_latest_artifact_path": "wandb-client-artifact://4906xa0t8etabu5dch22mp3vtttqljtin8qq56e03jkjkadqilu8pv83rd4qe28rusz807h6qbazt0kvey3qaza1yssgowog77bz5euifukbnxroso4eewb4kh7kt17c:latest/confusion_matrix_table.table.json", "path": "media/table/confusion_matrix_table_19_418fb49f212d072a694b.table.json", "ncols": 3, "nrows": 100}, "_wandb": {"runtime": 29}}