{"Epoch ": 29, "Training loss ": 2.300942525083676, "Training accuracy ": 0.11374074074074074, "Validation loss ": 2.3040633874371648, "Validation accuracy ": 0.1, "Testing loss ": 2.3010654649506628, "Testing accuracy ": 0.1135, "_timestamp": 1709492394.5834758, "_runtime": 121.206533908844, "_step": 59, "confusion_matrix_table": {"_type": "table-file", "sha256": "d1569761db429b76055faeaf2e107bee2147105aec334a738d9337d7991aa86c", "size": 3147, "artifact_path": "wandb-client-artifact://dh2d4ylms0kgay9pmba7ph46tu3h15dobsfl76rltc2gletw9az7d59drrptgnhgc0aeyn56oxo379ywzpnz5x06bmm219dygsxjztf25oj77f9rs65kido0ouh4v29u:latest/confusion_matrix_table.table.json", "_latest_artifact_path": "wandb-client-artifact://dh2d4ylms0kgay9pmba7ph46tu3h15dobsfl76rltc2gletw9az7d59drrptgnhgc0aeyn56oxo379ywzpnz5x06bmm219dygsxjztf25oj77f9rs65kido0ouh4v29u:latest/confusion_matrix_table.table.json", "path": "media/table/confusion_matrix_table_59_d1569761db429b76055f.table.json", "ncols": 3, "nrows": 100}, "_wandb": {"runtime": 120}}