{"Epoch ": 9, "Training loss ": 0.1705939477670031, "Training accuracy ": 0.8839074074074074, "Validation loss ": 0.18490249175594448, "Validation accuracy ": 0.8731666666666666, "Testing loss ": 0.19751909874940057, "Testing accuracy ": 0.865, "_timestamp": 1709189386.67765, "_runtime": 23.10356593132019, "_step": 19, "confusion_matrix_table": {"_type": "table-file", "sha256": "65c977ea075d4e73122066006a096bfe1345da15693416a7a97ffeaf258a9cf4", "size": 3172, "artifact_path": "wandb-client-artifact://l7juzfh0fah970ibbv7wn4ucp8udjt8i2mrtrzv9fjhvtb2nw4782y3j214v5m1p5mzjwndxmpx7lgieiu09sw70bkuzyvdrz7fy0cighz2243cyqya9mur9m6aj27gw:latest/confusion_matrix_table.table.json", "_latest_artifact_path": "wandb-client-artifact://l7juzfh0fah970ibbv7wn4ucp8udjt8i2mrtrzv9fjhvtb2nw4782y3j214v5m1p5mzjwndxmpx7lgieiu09sw70bkuzyvdrz7fy0cighz2243cyqya9mur9m6aj27gw:latest/confusion_matrix_table.table.json", "path": "media/table/confusion_matrix_table_19_65c977ea075d4e731220.table.json", "ncols": 3, "nrows": 100}, "_wandb": {"runtime": 22}}