{"Epoch ": 4, "Training loss ": 0.4557159474606761, "Training accuracy ": 0.8372037037037037, "Validation loss ": 0.46482439769466183, "Validation accuracy ": 0.8293333333333334, "Testing loss ": 0.5229819477921269, "Testing accuracy ": 0.8225, "_timestamp": 1709135089.5744228, "_runtime": 14.125197887420654, "_step": 9, "confusion_matrix_table": {"_type": "table-file", "sha256": "0375e50d5783ace2f21f03435854f184e1f4954feba60a6ca69b1b2ee01eef94", "size": 3173, "artifact_path": "wandb-client-artifact://bufakmwdem6eb5s8e9er79zwlg7q9antbfhmxckd6548zotks56cry87duamejdu1i182t77yp19i0ljguj8gtrtwzsob3ade4z28201a35plf2uyfg91grviaji1qli:latest/confusion_matrix_table.table.json", "_latest_artifact_path": "wandb-client-artifact://bufakmwdem6eb5s8e9er79zwlg7q9antbfhmxckd6548zotks56cry87duamejdu1i182t77yp19i0ljguj8gtrtwzsob3ade4z28201a35plf2uyfg91grviaji1qli:latest/confusion_matrix_table.table.json", "path": "media/table/confusion_matrix_table_9_0375e50d5783ace2f21f.table.json", "ncols": 3, "nrows": 100}, "_wandb": {"runtime": 13}}