{"Epoch ": 24, "Training loss ": 0.5046288263111018, "Training accuracy ": 0.6522962962962963, "Validation loss ": 0.5043185610143249, "Validation accuracy ": 0.656, "Testing loss ": 0.5088148785674456, "Testing accuracy ": 0.6453, "_timestamp": 1709313061.0211763, "_runtime": 86.65635538101196, "_step": 49, "confusion_matrix_table": {"_type": "table-file", "sha256": "214eacaf2043aad01efa88163abe7c34f496e82642d949643d4615ed77b9c24c", "size": 3186, "artifact_path": "wandb-client-artifact://mrovjdrch58xceggludfio83rdczbf9wfwye5a4u6hy712tlc8kaooeihgsjof4bvsnuev24sdb1iv9ds3q9zrgkjcbsfmialm3le26bwq46k3u8654ofjf2e606xubd:latest/confusion_matrix_table.table.json", "_latest_artifact_path": "wandb-client-artifact://mrovjdrch58xceggludfio83rdczbf9wfwye5a4u6hy712tlc8kaooeihgsjof4bvsnuev24sdb1iv9ds3q9zrgkjcbsfmialm3le26bwq46k3u8654ofjf2e606xubd:latest/confusion_matrix_table.table.json", "path": "media/table/confusion_matrix_table_49_214eacaf2043aad01efa.table.json", "ncols": 3, "nrows": 100}, "_wandb": {"runtime": 85}}