{"Epoch ": 14, "Training loss ": 0.3885151935412131, "Training accuracy ": 0.7011851851851851, "Validation loss ": 0.3921333395566071, "Validation accuracy ": 0.6991666666666667, "Testing loss ": 0.4006872148406083, "Testing accuracy ": 0.6918, "_timestamp": 1709145527.0544086, "_runtime": 22.298359632492065, "_step": 29, "confusion_matrix_table": {"_type": "table-file", "sha256": "b06fefb91d1106579455c247b830886fc3e331a2ae11e42d37ff91148e5700d2", "size": 3181, "artifact_path": "wandb-client-artifact://f3pixnzvyf6p01pmw8bh90s2jdav5q42mvm9oojlsq0emsfgjly0x4du015wv6ijwu0t2blv2p9utdqj19a5ykh09fh8cxfriynfdttodjqdwfgd47ubpairp9mptu9w:latest/confusion_matrix_table.table.json", "_latest_artifact_path": "wandb-client-artifact://f3pixnzvyf6p01pmw8bh90s2jdav5q42mvm9oojlsq0emsfgjly0x4du015wv6ijwu0t2blv2p9utdqj19a5ykh09fh8cxfriynfdttodjqdwfgd47ubpairp9mptu9w:latest/confusion_matrix_table.table.json", "path": "media/table/confusion_matrix_table_29_b06fefb91d1106579455.table.json", "ncols": 3, "nrows": 100}, "_wandb": {"runtime": 21}}