{"Epoch ": 14, "Training loss ": 0.18834836705145672, "Training accuracy ": 0.8674074074074074, "Validation loss ": 0.211846894935347, "Validation accuracy ": 0.8528333333333333, "Testing loss ": 0.22775209406467592, "Testing accuracy ": 0.8435, "_timestamp": 1709302650.4094906, "_runtime": 247.23323559761047, "_step": 29, "confusion_matrix_table": {"_type": "table-file", "sha256": "dfefd2068a28bac7911125122609d72aba811336b0aa05757a1904d7f18a5f1f", "size": 3173, "artifact_path": "wandb-client-artifact://s8vdgforyrzntkilnh831xj7qmrr4uo7ft14yrl9c2x9klj5j108a1bjzxlorjrsmlx1gwrloix2895m9ovf9qulu885uxannupx2dhhaa51ishauu8zoq624w9j70co:latest/confusion_matrix_table.table.json", "_latest_artifact_path": "wandb-client-artifact://s8vdgforyrzntkilnh831xj7qmrr4uo7ft14yrl9c2x9klj5j108a1bjzxlorjrsmlx1gwrloix2895m9ovf9qulu885uxannupx2dhhaa51ishauu8zoq624w9j70co:latest/confusion_matrix_table.table.json", "path": "media/table/confusion_matrix_table_29_dfefd2068a28bac79111.table.json", "ncols": 3, "nrows": 100}, "_wandb": {"runtime": 246}}