{"Epoch ": 4, "Training loss ": 0.34315662726063584, "Training accuracy ": 0.7509074074074074, "Validation loss ": 0.34544479409259216, "Validation accuracy ": 0.7488333333333334, "Testing loss ": 0.3606232162698725, "Testing accuracy ": 0.7368, "_timestamp": 1709570912.4399064, "_runtime": 11.027851343154907, "_step": 9, "confusion_matrix_table": {"_type": "table-file", "sha256": "b1a1f060816be31ee4002f7ae41499e5025c134392d3f386d68f087b8bf8456d", "size": 3182, "artifact_path": "wandb-client-artifact://wbllodxece045ys0eix9kgnt5z4kdr5ak9qrog13t3fksumku5l756sssd528d1iscijojb2xm98w0cqq1zt8cgrijbyubsn4grn2j147y3l4bt5vica63j7q6oroqo8:latest/confusion_matrix_table.table.json", "_latest_artifact_path": "wandb-client-artifact://wbllodxece045ys0eix9kgnt5z4kdr5ak9qrog13t3fksumku5l756sssd528d1iscijojb2xm98w0cqq1zt8cgrijbyubsn4grn2j147y3l4bt5vica63j7q6oroqo8:latest/confusion_matrix_table.table.json", "path": "media/table/confusion_matrix_table_9_b1a1f060816be31ee400.table.json", "ncols": 3, "nrows": 100}, "_wandb": {"runtime": 10}}