{"Epoch ": 29, "Training loss ": 0.24752431618549134, "Training accuracy ": 0.911537037037037, "Validation loss ": 0.3120392523613177, "Validation accuracy ": 0.8833333333333333, "Testing loss ": 0.345673888388704, "Testing accuracy ": 0.878, "_timestamp": 1709135290.2325385, "_runtime": 134.71455836296082, "_step": 59, "confusion_matrix_table": {"_type": "table-file", "sha256": "e0c50350e3d219eab2a6c4bd681403ed2d05eefe59c46456e1b98367fea4c4a8", "size": 3169, "artifact_path": "wandb-client-artifact://lezvj5qd6rmlgq0lvrfj3ss1c1oltkjur24uojcncvynwhd7xecl28f39tekrvb1y9ogc0kxcpg5ptkg8xts0il8wgax7jnkapqo1aanhiszo63yq1qu9l676cgdhsos:latest/confusion_matrix_table.table.json", "_latest_artifact_path": "wandb-client-artifact://lezvj5qd6rmlgq0lvrfj3ss1c1oltkjur24uojcncvynwhd7xecl28f39tekrvb1y9ogc0kxcpg5ptkg8xts0il8wgax7jnkapqo1aanhiszo63yq1qu9l676cgdhsos:latest/confusion_matrix_table.table.json", "path": "media/table/confusion_matrix_table_59_e0c50350e3d219eab2a6.table.json", "ncols": 3, "nrows": 100}, "_wandb": {"runtime": 133}}