{"Epoch ": 19, "Training loss ": 0.3820893286201106, "Training accuracy ": 0.8656111111111111, "Validation loss ": 0.43729787503639356, "Validation accuracy ": 0.85, "Testing loss ": 0.4631836456967847, "Testing accuracy ": 0.8438, "_timestamp": 1709131889.665, "_runtime": 120.54938387870789, "_step": 39, "confusion_matrix_table": {"_type": "table-file", "sha256": "117c7ec0daab184d3dc3674a598ff7a0308e671eb54680a26e6ea5d9ab9488a7", "size": 3176, "artifact_path": "wandb-client-artifact://02h1zsqdoha2lc1d6yr7vujqgm2h8o7e373hfnfk0eokpmedxzwyd4oyzjli8a8rdeq0wklhgldl1vizp5ujdxdriat7b7jr1oe77jf16uhn752iv4ttiomb1tq4x7o7:latest/confusion_matrix_table.table.json", "_latest_artifact_path": "wandb-client-artifact://02h1zsqdoha2lc1d6yr7vujqgm2h8o7e373hfnfk0eokpmedxzwyd4oyzjli8a8rdeq0wklhgldl1vizp5ujdxdriat7b7jr1oe77jf16uhn752iv4ttiomb1tq4x7o7:latest/confusion_matrix_table.table.json", "path": "media/table/confusion_matrix_table_39_117c7ec0daab184d3dc3.table.json", "ncols": 3, "nrows": 100}, "_wandb": {"runtime": 119}}