{"Epoch ": 19, "Training loss ": 0.2304447863561578, "Training accuracy ": 0.9155925925925926, "Validation loss ": 0.3747776150278959, "Validation accuracy ": 0.8746666666666667, "Testing loss ": 0.3832777232960281, "Testing accuracy ": 0.8749, "_timestamp": 1709312563.8256428, "_runtime": 361.70493173599243, "_step": 39, "confusion_matrix_table": {"_type": "table-file", "sha256": "f0d93c6ec9129e79c07bc636bbcc259f68b58e4aa3447044008cf26ffc8fc297", "size": 3169, "artifact_path": "wandb-client-artifact://g65zowzoqjrcyupioxw9mkpzbs2y1fequbaytjfs5ae0ahj9irzoj75dk89s76zmp1t7ce6ad341v0xtdkfqhf8xfgi7xqhxxhm5tqtqa78flsq7nyp9lme1aqbjraoy:latest/confusion_matrix_table.table.json", "_latest_artifact_path": "wandb-client-artifact://g65zowzoqjrcyupioxw9mkpzbs2y1fequbaytjfs5ae0ahj9irzoj75dk89s76zmp1t7ce6ad341v0xtdkfqhf8xfgi7xqhxxhm5tqtqa78flsq7nyp9lme1aqbjraoy:latest/confusion_matrix_table.table.json", "path": "media/table/confusion_matrix_table_39_f0d93c6ec9129e79c07b.table.json", "ncols": 3, "nrows": 100}, "_wandb": {"runtime": 360}}