{"Epoch ": 4, "Training loss ": 0.5035878800525548, "Training accuracy ": 0.8178703703703704, "Validation loss ": 0.5046660161067522, "Validation accuracy ": 0.8175, "Testing loss ": 0.5368787310519727, "Testing accuracy ": 0.8036, "_timestamp": 1709488358.0558443, "_runtime": 50.52045822143555, "_step": 9, "confusion_matrix_table": {"_type": "table-file", "sha256": "114e7feafb533cf15f0d28f099be750d4ee62c7900c3152f9be8d47f3e358abd", "size": 3173, "artifact_path": "wandb-client-artifact://e9y4b5kyrtt42n032cep4qdl2xmk7gxxq15oa147182f013v1i1kq2ph9yixkeodbku60y4zfwf48xg4z91pomgsrqzf12sb5wha97xbjrm6vwjtet9ldn1vaqa72a7p:latest/confusion_matrix_table.table.json", "_latest_artifact_path": "wandb-client-artifact://e9y4b5kyrtt42n032cep4qdl2xmk7gxxq15oa147182f013v1i1kq2ph9yixkeodbku60y4zfwf48xg4z91pomgsrqzf12sb5wha97xbjrm6vwjtet9ldn1vaqa72a7p:latest/confusion_matrix_table.table.json", "path": "media/table/confusion_matrix_table_9_114e7feafb533cf15f0d.table.json", "ncols": 3, "nrows": 100}, "_wandb": {"runtime": 49}}