{"Epoch ": 24, "Training loss ": 0.8530080340390653, "Training accuracy ": 0.6622407407407407, "Validation loss ": 0.8593217011899957, "Validation accuracy ": 0.659, "Testing loss ": 0.8730712899680244, "Testing accuracy ": 0.6552, "_timestamp": 1709405318.8288465, "_runtime": 178.95908856391907, "_step": 49, "confusion_matrix_table": {"_type": "table-file", "sha256": "20181d89b649d07a8bc7ca3ba46ef200ae9ba599029fc79893e39bb753f569b9", "size": 3181, "artifact_path": "wandb-client-artifact://dx2rnwmmndorfcyuor6d1dvx58yeskmvv0dz8wnr88pn68shyq08nenoh3yv82o6u4a8k0gk96wfi1bkt99rhv8uoz5i5ib0ui22coeaq1g7jbus7k59rcejamjz9qpn:latest/confusion_matrix_table.table.json", "_latest_artifact_path": "wandb-client-artifact://dx2rnwmmndorfcyuor6d1dvx58yeskmvv0dz8wnr88pn68shyq08nenoh3yv82o6u4a8k0gk96wfi1bkt99rhv8uoz5i5ib0ui22coeaq1g7jbus7k59rcejamjz9qpn:latest/confusion_matrix_table.table.json", "path": "media/table/confusion_matrix_table_49_20181d89b649d07a8bc7.table.json", "ncols": 3, "nrows": 100}, "_wandb": {"runtime": 178}}