{"Epoch ": 14, "Training loss ": 0.09439718408012882, "Training accuracy ": 0.9719074074074074, "Validation loss ": 0.140322966522874, "Validation accuracy ": 0.9603333333333334, "Testing loss ": 0.11680557003929098, "Testing accuracy ": 0.9634, "_timestamp": 1709493757.8813207, "_runtime": 54.97878074645996, "_step": 29, "confusion_matrix_table": {"_type": "table-file", "sha256": "c2ddd32e91771da00ab4520d9f3428d0292bf362c548a6a98c006cc8bcb54e07", "size": 3154, "artifact_path": "wandb-client-artifact://v98r5n2qfjm6tg5fv426upi315q8900s961kn7j6n5ydkqg6194gi2jnqvdf0aztwdmq8fn9ls9dukl46l1nm4tby0lb3to1kdppp542dtmk3kx9quv2oo6x9ya6ngue:latest/confusion_matrix_table.table.json", "_latest_artifact_path": "wandb-client-artifact://v98r5n2qfjm6tg5fv426upi315q8900s961kn7j6n5ydkqg6194gi2jnqvdf0aztwdmq8fn9ls9dukl46l1nm4tby0lb3to1kdppp542dtmk3kx9quv2oo6x9ya6ngue:latest/confusion_matrix_table.table.json", "path": "media/table/confusion_matrix_table_29_c2ddd32e91771da00ab4.table.json", "ncols": 3, "nrows": 100}, "_wandb": {"runtime": 54}}