{"Epoch ": 14, "Training loss ": 0.267809914040509, "Training accuracy ": 0.8368518518518518, "Validation loss ": 0.27484142597220534, "Validation accuracy ": 0.8316666666666667, "Testing loss ": 0.2837823310058593, "Testing accuracy ": 0.8185, "_timestamp": 1709309408.4881966, "_runtime": 53.99962258338928, "_step": 29, "confusion_matrix_table": {"_type": "table-file", "sha256": "5d6b62396b75c4519a9c7b2b5bed1efcbdf7ce27b9ff8697b612592b3212babd", "size": 3176, "artifact_path": "wandb-client-artifact://ym97ow5lel7xr0z0cozog5n9loqb5sxmhtni0b30nixqine17cpfpty7a915eki43g915zb2qndfl95y11dn18l6cf660behw3ox9bm5bfah4ngf4ol7omtufbr1yyhb:latest/confusion_matrix_table.table.json", "_latest_artifact_path": "wandb-client-artifact://ym97ow5lel7xr0z0cozog5n9loqb5sxmhtni0b30nixqine17cpfpty7a915eki43g915zb2qndfl95y11dn18l6cf660behw3ox9bm5bfah4ngf4ol7omtufbr1yyhb:latest/confusion_matrix_table.table.json", "path": "media/table/confusion_matrix_table_29_5d6b62396b75c4519a9c.table.json", "ncols": 3, "nrows": 100}, "_wandb": {"runtime": 53}}