{"Epoch ": 4, "Training loss ": 2.2988437780077353, "Training accuracy ": 0.11374074074074074, "Validation loss ": 2.3019146302674454, "Validation accuracy ": 0.1, "Testing loss ": 2.2989586682465086, "Testing accuracy ": 0.1135, "_timestamp": 1709493143.0570433, "_runtime": 26.68728542327881, "_step": 9, "confusion_matrix_table": {"_type": "table-file", "sha256": "d1569761db429b76055faeaf2e107bee2147105aec334a738d9337d7991aa86c", "size": 3147, "artifact_path": "wandb-client-artifact://z45196lxls9exl55tqiyk2n5plg4q4spwi41cbi5k2x55ht6qm4fi030xfxxkjconhcwv53yzq1xkrftsyo5yir1k7hc6hxz6wmkw7lfhiez32qkn64u39jx2sdd5g71:latest/confusion_matrix_table.table.json", "_latest_artifact_path": "wandb-client-artifact://z45196lxls9exl55tqiyk2n5plg4q4spwi41cbi5k2x55ht6qm4fi030xfxxkjconhcwv53yzq1xkrftsyo5yir1k7hc6hxz6wmkw7lfhiez32qkn64u39jx2sdd5g71:latest/confusion_matrix_table.table.json", "path": "media/table/confusion_matrix_table_9_d1569761db429b76055f.table.json", "ncols": 3, "nrows": 100}, "_wandb": {"runtime": 25}}