{"Epoch ": 9, "Training loss ": 0.01800765676235144, "Training accuracy ": 0.9886851851851852, "Validation loss ": 0.054914785274142154, "Validation accuracy ": 0.9638333333333333, "Testing loss ": 0.05000569858305122, "Testing accuracy ": 0.9686, "_timestamp": 1709526203.7895005, "_runtime": 44.90518045425415, "_step": 19, "confusion_matrix_table": {"_type": "table-file", "sha256": "1ab44ab31f05346585c6d4e4ac410373dd432bc77a4657a328b64182c3c5ee4b", "size": 3147, "artifact_path": "wandb-client-artifact://ansna9bzy3sh94qbv9yocd1ahvo45syrimukpfez8a4mmjma87ct5tylm3r2b3b1q511x1noo872ihwmmhilhaohc9qwtp4r5qryn6ug0bbeewwbcku26stnlufehkfg:latest/confusion_matrix_table.table.json", "_latest_artifact_path": "wandb-client-artifact://ansna9bzy3sh94qbv9yocd1ahvo45syrimukpfez8a4mmjma87ct5tylm3r2b3b1q511x1noo872ihwmmhilhaohc9qwtp4r5qryn6ug0bbeewwbcku26stnlufehkfg:latest/confusion_matrix_table.table.json", "path": "media/table/confusion_matrix_table_19_1ab44ab31f05346585c6.table.json", "ncols": 3, "nrows": 100}, "_wandb": {"runtime": 44}}