{"Epoch ": 19, "Training loss ": 0.25970942368617767, "Training accuracy ": 0.9064629629629629, "Validation loss ": 0.3290041133539948, "Validation accuracy ": 0.8816666666666667, "Testing loss ": 0.34517681005930445, "Testing accuracy ": 0.8772, "_timestamp": 1709454116.8193305, "_runtime": 65.0236554145813, "_step": 39, "confusion_matrix_table": {"_type": "table-file", "sha256": "f493e135b6f63591d64e4af213cd0e0545dce7971f107a9bcb5f45f04d17663d", "size": 3173, "artifact_path": "wandb-client-artifact://tjakihmc0oflxs9zzqwerrfqnd80xvx9afw4130aq2d83l0rvcsdl1huayo9mk93319tnq8eyjijlosufcudr4njaeegej37d2y2yi7yelz0i07988gqg3zhikkbme6j:latest/confusion_matrix_table.table.json", "_latest_artifact_path": "wandb-client-artifact://tjakihmc0oflxs9zzqwerrfqnd80xvx9afw4130aq2d83l0rvcsdl1huayo9mk93319tnq8eyjijlosufcudr4njaeegej37d2y2yi7yelz0i07988gqg3zhikkbme6j:latest/confusion_matrix_table.table.json", "path": "media/table/confusion_matrix_table_39_f493e135b6f63591d64e.table.json", "ncols": 3, "nrows": 100}, "_wandb": {"runtime": 64}}