{"Epoch ": 4, "Training loss ": 2.3030654425897255, "Training accuracy ": 0.1, "Validation loss ": 2.3030654425849297, "Validation accuracy ": 0.1, "Testing loss ": 2.303065442583595, "Testing accuracy ": 0.1, "_timestamp": 1709099534.1535769, "_runtime": 77.69819688796997, "_step": 4, "_wandb": {"runtime": 76}}