{"Epoch ": 4, "Training loss ": 0.23025165059821884, "Training accuracy ": 0.8487222222222223, "Validation loss ": 0.2430616671343181, "Validation accuracy ": 0.8405, "Testing loss ": 0.24772345545962784, "Testing accuracy ": 0.834, "_timestamp": 1709305427.4534109, "_runtime": 56.349663972854614, "_step": 9, "confusion_matrix_table": {"_type": "table-file", "sha256": "45e08137e242df98f9091bf678a385d789a93db36a32851800e81a67a2a4778f", "size": 3179, "artifact_path": "wandb-client-artifact://1wov8pt26bt24s1fppmmiclwculcdkhb49kqvig2rud5qjtqd6o4wyll6cugop23a2eod9syzr8o610p3oe755wq2q4aruvyqdt9c04u6j6ms85l2yznkg8do9lj0p43:latest/confusion_matrix_table.table.json", "_latest_artifact_path": "wandb-client-artifact://1wov8pt26bt24s1fppmmiclwculcdkhb49kqvig2rud5qjtqd6o4wyll6cugop23a2eod9syzr8o610p3oe755wq2q4aruvyqdt9c04u6j6ms85l2yznkg8do9lj0p43:latest/confusion_matrix_table.table.json", "path": "media/table/confusion_matrix_table_9_45e08137e242df98f909.table.json", "ncols": 3, "nrows": 100}, "_wandb": {"runtime": 55}}