{"Epoch ": 0, "Training loss ": 2.2160288951124874, "Training accuracy ": 0.16181481481481483, "Validation loss ": 2.218777036782936, "Validation accuracy ": 0.16316666666666665, "Testing loss ": 2.215201384237143, "Testing accuracy ": 0.1632, "_timestamp": 1709043098.271991, "_runtime": 9.734681129455566, "_step": 0, "_wandb": {"runtime": 8}}