{"Epoch ": 14, "Training loss ": 0.5907352068594236, "Training accuracy ": 0.5742962962962963, "Validation loss ": 0.5862497821565383, "Validation accuracy ": 0.5761666666666667, "Testing loss ": 0.5949144706581709, "Testing accuracy ": 0.5702, "_timestamp": 1709142699.267173, "_runtime": 59.5744891166687, "_step": 29, "confusion_matrix_table": {"_type": "table-file", "sha256": "7469dc9db68be57bf97f0624e160f0a4020f58e093cde214a12b8802cbe9cf6e", "size": 3187, "artifact_path": "wandb-client-artifact://vtgx52obvnd7gz41z1qj6vkn4myqyhj2wq15tekckaf9xi49zus27cx28luhds0sv7nar805i2kqi9udce76mpzbzqn3v3fw1al68ky2yzew1rgt7ep881bgcdwdca14:latest/confusion_matrix_table.table.json", "_latest_artifact_path": "wandb-client-artifact://vtgx52obvnd7gz41z1qj6vkn4myqyhj2wq15tekckaf9xi49zus27cx28luhds0sv7nar805i2kqi9udce76mpzbzqn3v3fw1al68ky2yzew1rgt7ep881bgcdwdca14:latest/confusion_matrix_table.table.json", "path": "media/table/confusion_matrix_table_29_7469dc9db68be57bf97f.table.json", "ncols": 3, "nrows": 100}, "_wandb": {"runtime": 58}}