{"Epoch ": 4, "Training loss ": 0.8378550411424827, "Training accuracy ": 0.7355925925925926, "Validation loss ": 0.8802802650469292, "Validation accuracy ": 0.7338333333333333, "Testing loss ": 0.9293361107842933, "Testing accuracy ": 0.725, "_timestamp": 1709400346.2296653, "_runtime": 20.857057332992554, "_step": 9, "confusion_matrix_table": {"_type": "table-file", "sha256": "ad3ffbeea6d3ec322a9410b12ae856f6c94eb2cfdf07e93efa3aaa21cfc931b5", "size": 3173, "artifact_path": "wandb-client-artifact://5kz3tu8w5w5e7lxrso4di11nr7boufwj7wx793sadmef43vfeobkubujnpblygsm79i2hf3vnw61g6efxtb64my0wivzs8vd263yo82ule6jbjb6vxypeyvsacsx73ty:latest/confusion_matrix_table.table.json", "_latest_artifact_path": "wandb-client-artifact://5kz3tu8w5w5e7lxrso4di11nr7boufwj7wx793sadmef43vfeobkubujnpblygsm79i2hf3vnw61g6efxtb64my0wivzs8vd263yo82ule6jbjb6vxypeyvsacsx73ty:latest/confusion_matrix_table.table.json", "path": "media/table/confusion_matrix_table_9_ad3ffbeea6d3ec322a94.table.json", "ncols": 3, "nrows": 100}, "_wandb": {"runtime": 20}}