{"Epoch ": 24, "Training loss ": 0.4191418811170522, "Training accuracy ": 0.8559814814814815, "Validation loss ": 0.43712615505792163, "Validation accuracy ": 0.8516666666666667, "Testing loss ": 0.4563256472518858, "Testing accuracy ": 0.8382, "_timestamp": 1709457095.8990097, "_runtime": 24.757216691970825, "_step": 49, "confusion_matrix_table": {"_type": "table-file", "sha256": "e4473d517ebbd1d6b3f28b339a299c3ac9c683fd5f6c864c94057446541bf8ae", "size": 3175, "artifact_path": "wandb-client-artifact://t0dgvjk0b2fgrm1rn9cm4wh0ls5hbrvmkc0bjtoamwek64au3cri9n2i9rgi057hpsi08sik2eqmh2d6d4nl04kx17vvx73sk3n3rxts8c25yo5grruckzkj99kfojho:latest/confusion_matrix_table.table.json", "_latest_artifact_path": "wandb-client-artifact://t0dgvjk0b2fgrm1rn9cm4wh0ls5hbrvmkc0bjtoamwek64au3cri9n2i9rgi057hpsi08sik2eqmh2d6d4nl04kx17vvx73sk3n3rxts8c25yo5grruckzkj99kfojho:latest/confusion_matrix_table.table.json", "path": "media/table/confusion_matrix_table_49_e4473d517ebbd1d6b3f2.table.json", "ncols": 3, "nrows": 100}, "_wandb": {"runtime": 24}}