{"Epoch ": 4, "Training loss ": 0.10658473834875126, "Training accuracy ": 0.9396296296296296, "Validation loss ": 0.11976066422475723, "Validation accuracy ": 0.9303333333333333, "Testing loss ": 0.11125406649167735, "Testing accuracy ": 0.9347, "_timestamp": 1709529543.5777295, "_runtime": 14.584629535675049, "_step": 9, "confusion_matrix_table": {"_type": "table-file", "sha256": "d09cf33ae4b9c163ea9eb4f9eb085090d9b4ac471f17dd77506677d3252a5a86", "size": 3172, "artifact_path": "wandb-client-artifact://c1iw0r2w4d89hy34vhr5pvlwbua1o8kdj9basfv0xyh5ioaisukoelgaow5ac8qwdhylr007e4gaygleoxyh10o86gp49oyp3xs7mp465kfipuzogawlw86wgp2swn3s:latest/confusion_matrix_table.table.json", "_latest_artifact_path": "wandb-client-artifact://c1iw0r2w4d89hy34vhr5pvlwbua1o8kdj9basfv0xyh5ioaisukoelgaow5ac8qwdhylr007e4gaygleoxyh10o86gp49oyp3xs7mp465kfipuzogawlw86wgp2swn3s:latest/confusion_matrix_table.table.json", "path": "media/table/confusion_matrix_table_9_d09cf33ae4b9c163ea9e.table.json", "ncols": 3, "nrows": 100}, "_wandb": {"runtime": 13}}