{"Epoch ": 29, "Training loss ": 0.396770793818889, "Training accuracy ": 0.8607777777777778, "Validation loss ": 0.3994572027305773, "Validation accuracy ": 0.859, "Testing loss ": 0.44085102017780153, "Testing accuracy ": 0.8468, "_timestamp": 1709307252.27744, "_runtime": 79.45319509506226, "_step": 59, "confusion_matrix_table": {"_type": "table-file", "sha256": "0682dfb01ff82aa918a83c609e4273a4e10c3893f919f9d9f72f18a57176d7ad", "size": 3175, "artifact_path": "wandb-client-artifact://hpsi0kpdbtj4pupzlj35o82hei2nuq0c5ij5udee2kmxe1pm6aaog28bk9429l8p1tz578m9gxodurrpeolc4o4adoaopupymuuqomxpuum1bowqh4cdc8hp1enjt33r:latest/confusion_matrix_table.table.json", "_latest_artifact_path": "wandb-client-artifact://hpsi0kpdbtj4pupzlj35o82hei2nuq0c5ij5udee2kmxe1pm6aaog28bk9429l8p1tz578m9gxodurrpeolc4o4adoaopupymuuqomxpuum1bowqh4cdc8hp1enjt33r:latest/confusion_matrix_table.table.json", "path": "media/table/confusion_matrix_table_59_0682dfb01ff82aa918a8.table.json", "ncols": 3, "nrows": 100}, "_wandb": {"runtime": 78}}