{"Epoch ": 29, "Training loss ": 0.17543099819814278, "Training accuracy ": 0.8782777777777778, "Validation loss ": 0.2130866304310412, "Validation accuracy ": 0.8536666666666667, "Testing loss ": 0.21887773397385143, "Testing accuracy ": 0.8515, "_timestamp": 1709312097.494823, "_runtime": 166.98694705963135, "_step": 59, "confusion_matrix_table": {"_type": "table-file", "sha256": "bbf50723c86b74126bc6063264c870b886a360bb03451b26798006829bcfbc81", "size": 3174, "artifact_path": "wandb-client-artifact://nu65ev3u9qhzebl71gtlf1cg8ew27u740etpcoc3agyefz2pi2u8bqaix5su34c1ulzaury1fl36aaofmcmoelflt6uqez28k5kle2p8sbop26ajqgdxz00bs36v6fy6:latest/confusion_matrix_table.table.json", "_latest_artifact_path": "wandb-client-artifact://nu65ev3u9qhzebl71gtlf1cg8ew27u740etpcoc3agyefz2pi2u8bqaix5su34c1ulzaury1fl36aaofmcmoelflt6uqez28k5kle2p8sbop26ajqgdxz00bs36v6fy6:latest/confusion_matrix_table.table.json", "path": "media/table/confusion_matrix_table_59_bbf50723c86b74126bc6.table.json", "ncols": 3, "nrows": 100}, "_wandb": {"runtime": 166}}