{"Epoch ": 24, "Training loss ": 0.14820975556554583, "Training accuracy ": 0.8997407407407407, "Validation loss ": 0.16534948846861358, "Validation accuracy ": 0.8861666666666667, "Testing loss ": 0.17935695465902557, "Testing accuracy ": 0.875, "_timestamp": 1709150903.8745801, "_runtime": 73.20124912261963, "_step": 49, "confusion_matrix_table": {"_type": "table-file", "sha256": "a007479fc0df967d197ae714706be674ad40245a93702f68696e215abf548128", "size": 3172, "artifact_path": "wandb-client-artifact://vsru2gax6fxb4x7vgkp2rb5bn25f8dsdmxffqeookixb362fnrf405ckghbfwke5tpege8xofni6vbamb9mvrgme7pavpp1lmfxfwfubhpem6w64a6t4pgqj2mf17ew6:latest/confusion_matrix_table.table.json", "_latest_artifact_path": "wandb-client-artifact://vsru2gax6fxb4x7vgkp2rb5bn25f8dsdmxffqeookixb362fnrf405ckghbfwke5tpege8xofni6vbamb9mvrgme7pavpp1lmfxfwfubhpem6w64a6t4pgqj2mf17ew6:latest/confusion_matrix_table.table.json", "path": "media/table/confusion_matrix_table_49_a007479fc0df967d197a.table.json", "ncols": 3, "nrows": 100}, "_wandb": {"runtime": 72}}