{"Epoch ": 4, "Training loss ": 1.441410594113989, "Training accuracy ": 0.2311851851851852, "Validation loss ": 1.4440512667325702, "Validation accuracy ": 0.23083333333333333, "Testing loss ": 1.444066253478898, "Testing accuracy ": 0.2298, "_timestamp": 1709400514.5045002, "_runtime": 25.739885091781616, "_step": 9, "confusion_matrix_table": {"_type": "table-file", "sha256": "8f38d92b39a990bbadbb288e1bc57d02f694af9cd72f46cc391b41955dd481e8", "size": 3170, "artifact_path": "wandb-client-artifact://rkk6713496c4atzojm7vpfjj4kxiupbwhs80ndrp6ckj0hucdvb7h7xor2bxndynq10rfdkwvz0nx74hxuhsfd71pqa8q2xo26dhbhifxglzwilfqyr8kzujf1iufevm:latest/confusion_matrix_table.table.json", "_latest_artifact_path": "wandb-client-artifact://rkk6713496c4atzojm7vpfjj4kxiupbwhs80ndrp6ckj0hucdvb7h7xor2bxndynq10rfdkwvz0nx74hxuhsfd71pqa8q2xo26dhbhifxglzwilfqyr8kzujf1iufevm:latest/confusion_matrix_table.table.json", "path": "media/table/confusion_matrix_table_9_8f38d92b39a990bbadbb.table.json", "ncols": 3, "nrows": 100}, "_wandb": {"runtime": 24}}