{"Epoch ": 9, "Training loss ": 1.8632413004292359, "Training accuracy ": 0.4195740740740741, "Validation loss ": 1.8627043025272936, "Validation accuracy ": 0.4151666666666667, "Testing loss ": 1.8663592535782763, "Testing accuracy ": 0.4178, "_timestamp": 1709097488.6357837, "_runtime": 38.441410779953, "_step": 9, "_wandb": {"runtime": 37}}