{"Epoch ": 14, "Training loss ": 0.3038027682442212, "Training accuracy ": 0.8900185185185185, "Validation loss ": 0.3985938198286115, "Validation accuracy ": 0.8621666666666666, "Testing loss ": 0.4119157035130378, "Testing accuracy ": 0.8624, "_timestamp": 1709453289.22245, "_runtime": 30.918893098831177, "_step": 29, "confusion_matrix_table": {"_type": "table-file", "sha256": "444fdd6ea7a43eabdde83f1b713d151af4cbe3358181e446f76d21ff2c579fd0", "size": 3174, "artifact_path": "wandb-client-artifact://uzuc4x7yj698j3vvmok4nz04d0q2pwspn29zy3b0slmsq4r428yo837g07tsfgb2ixwf4wt4ph95pkp9w2jp3e7tskaa8rzc0g2j9f1w1mhdt5g3j2p2c1l4q2liv439:latest/confusion_matrix_table.table.json", "_latest_artifact_path": "wandb-client-artifact://uzuc4x7yj698j3vvmok4nz04d0q2pwspn29zy3b0slmsq4r428yo837g07tsfgb2ixwf4wt4ph95pkp9w2jp3e7tskaa8rzc0g2j9f1w1mhdt5g3j2p2c1l4q2liv439:latest/confusion_matrix_table.table.json", "path": "media/table/confusion_matrix_table_29_444fdd6ea7a43eabdde8.table.json", "ncols": 3, "nrows": 100}, "_wandb": {"runtime": 30}}