{"Epoch ": 29, "Training loss ": 0.18028871271581645, "Training accuracy ": 0.8751111111111111, "Validation loss ": 0.1936034728039566, "Validation accuracy ": 0.8668333333333333, "Testing loss ": 0.21120703218606446, "Testing accuracy ": 0.8524, "_timestamp": 1709309002.6740336, "_runtime": 80.71796560287476, "_step": 59, "confusion_matrix_table": {"_type": "table-file", "sha256": "78d1278666a0ac364d22887cf78b7079ddab220ce928bcf1a2530256cecfb6c2", "size": 3173, "artifact_path": "wandb-client-artifact://beasxvfxc5z0w52ulse99vfokzb4g1omyrvd411fz8kbfjzfynz1q4pr0wnoxyup8oyn9a4jupal1et6wz5ubc9krusiikinursau5g4zf9bfwu8pc7kpmvqagvp9yu5:latest/confusion_matrix_table.table.json", "_latest_artifact_path": "wandb-client-artifact://beasxvfxc5z0w52ulse99vfokzb4g1omyrvd411fz8kbfjzfynz1q4pr0wnoxyup8oyn9a4jupal1et6wz5ubc9krusiikinursau5g4zf9bfwu8pc7kpmvqagvp9yu5:latest/confusion_matrix_table.table.json", "path": "media/table/confusion_matrix_table_59_78d1278666a0ac364d22.table.json", "ncols": 3, "nrows": 100}, "_wandb": {"runtime": 79}}