{"Epoch ": 14, "Training loss ": 0.37963501461439864, "Training accuracy ": 0.8682037037037037, "Validation loss ": 0.3809099721010636, "Validation accuracy ": 0.8618333333333333, "Testing loss ": 0.4246323874363705, "Testing accuracy ": 0.8489, "_timestamp": 1709489171.391599, "_runtime": 49.45966696739197, "_step": 29, "confusion_matrix_table": {"_type": "table-file", "sha256": "0a947f47608ca444079ff6a465a770b9611b3250859133d41a8b00dfe2b11c44", "size": 3173, "artifact_path": "wandb-client-artifact://iwbzpeq89wrirsvl46dto42mgwgcz7b1t8e6m1uewxswf91tti6arjjnesraih0on2u3q8cf8sxrt0lym2xlccbubkxpwsqo3rhi4bfyv0lomo79j30ndx8o5qremmnx:latest/confusion_matrix_table.table.json", "_latest_artifact_path": "wandb-client-artifact://iwbzpeq89wrirsvl46dto42mgwgcz7b1t8e6m1uewxswf91tti6arjjnesraih0on2u3q8cf8sxrt0lym2xlccbubkxpwsqo3rhi4bfyv0lomo79j30ndx8o5qremmnx:latest/confusion_matrix_table.table.json", "path": "media/table/confusion_matrix_table_29_0a947f47608ca444079f.table.json", "ncols": 3, "nrows": 100}, "_wandb": {"runtime": 48}}