{"Epoch ": 14, "Training loss ": 0.2884356461033167, "Training accuracy ": 0.7802592592592592, "Validation loss ": 0.29723846939935017, "Validation accuracy ": 0.7736666666666666, "Testing loss ": 0.3126910605634803, "Testing accuracy ": 0.7631, "_timestamp": 1709307511.7207007, "_runtime": 75.92443084716797, "_step": 29, "confusion_matrix_table": {"_type": "table-file", "sha256": "5a3102a71207ac212a1cdd447f8864f47464ca4dc514964b4cfaa7b3bbecc4cb", "size": 3180, "artifact_path": "wandb-client-artifact://5fonwkhlbd736y8mvileh87d0ar8dygcefi947rc7oif0teo7chevs2kt2cipfhnz9eafn1woxgrjr2gfc4prkkpwwx1u4y2h1aoe2x8kh4se2dqllf2dtag7jaonyjv:latest/confusion_matrix_table.table.json", "_latest_artifact_path": "wandb-client-artifact://5fonwkhlbd736y8mvileh87d0ar8dygcefi947rc7oif0teo7chevs2kt2cipfhnz9eafn1woxgrjr2gfc4prkkpwwx1u4y2h1aoe2x8kh4se2dqllf2dtag7jaonyjv:latest/confusion_matrix_table.table.json", "path": "media/table/confusion_matrix_table_29_5a3102a71207ac212a1c.table.json", "ncols": 3, "nrows": 100}, "_wandb": {"runtime": 75}}