{"Epoch ": 4, "Training loss ": 0.9000217877586565, "Training accuracy ": 0.1, "Validation loss ": 0.9000217877586562, "Validation accuracy ": 0.1, "Testing loss ": 0.9000217877586563, "Testing accuracy ": 0.1, "_timestamp": 1709400225.2588603, "_runtime": 20.061582326889038, "_step": 9, "confusion_matrix_table": {"_type": "table-file", "sha256": "6d7d5406d471dcaa7392abe06d312f6ff2245b40eb9127b1a192fa52803c93f3", "size": 3152, "artifact_path": "wandb-client-artifact://kk4fmr7p7dv21ixxfj9cmzt4j7ba6v3v95oqso7jd37x0cxicrvqvrajwyaz6ier35zjsrhvda3m9yjhwe17ovgefig2ugyt0hl2fwdhahpomu4578956bxt9op959n3:latest/confusion_matrix_table.table.json", "_latest_artifact_path": "wandb-client-artifact://kk4fmr7p7dv21ixxfj9cmzt4j7ba6v3v95oqso7jd37x0cxicrvqvrajwyaz6ier35zjsrhvda3m9yjhwe17ovgefig2ugyt0hl2fwdhahpomu4578956bxt9op959n3:latest/confusion_matrix_table.table.json", "path": "media/table/confusion_matrix_table_9_6d7d5406d471dcaa7392.table.json", "ncols": 3, "nrows": 100}, "_wandb": {"runtime": 19}}