{"Epoch ": 19, "Training loss ": 0.208492979514837, "Training accuracy ": 0.9205, "Validation loss ": 0.37763630956635164, "Validation accuracy ": 0.8846666666666667, "Testing loss ": 0.41415888128337863, "Testing accuracy ": 0.8777, "_timestamp": 1709446624.2799816, "_runtime": 406.8069267272949, "_step": 39, "confusion_matrix_table": {"_type": "table-file", "sha256": "02d876440f772d27a8bed01d25342925d600f90e307f800166ffa9b9fd89cd37", "size": 3169, "artifact_path": "wandb-client-artifact://kmhatjxsuve3xkbegnofrglezf8l98sxqyc8sh1fov1bxr6u1tex5l8yyrrz4gd5zmdfmbfmamcy5lk4ilh4q55l5oh4dfjp660ynw1ttrm17ei9e4tsxc7ysbdxz5ln:latest/confusion_matrix_table.table.json", "_latest_artifact_path": "wandb-client-artifact://kmhatjxsuve3xkbegnofrglezf8l98sxqyc8sh1fov1bxr6u1tex5l8yyrrz4gd5zmdfmbfmamcy5lk4ilh4q55l5oh4dfjp660ynw1ttrm17ei9e4tsxc7ysbdxz5ln:latest/confusion_matrix_table.table.json", "path": "media/table/confusion_matrix_table_39_02d876440f772d27a8be.table.json", "ncols": 3, "nrows": 100}, "_wandb": {"runtime": 406}}