{"Epoch ": 24, "Training loss ": 0.18221860235948123, "Training accuracy ": 0.8754444444444445, "Validation loss ": 0.19317048297042178, "Validation accuracy ": 0.8663333333333333, "Testing loss ": 0.20479039638879287, "Testing accuracy ": 0.859, "_timestamp": 1709574409.4916837, "_runtime": 132.3945927619934, "_step": 49, "confusion_matrix_table": {"_type": "table-file", "sha256": "b6dabe946a9711993b707e78ac9375b7791241c717b33f36ab593d94214374b7", "size": 3174, "artifact_path": "wandb-client-artifact://fasqzfn4tzmgttppl4v6rgyeyc7nxar5lqcp2xsi20cysb9uft7jpc2mlkrqw77hqdr5afo1jzkeu1x66858azynjjesi244irqym35f0l99y8c3drf3gglf8o5ds5au:latest/confusion_matrix_table.table.json", "_latest_artifact_path": "wandb-client-artifact://fasqzfn4tzmgttppl4v6rgyeyc7nxar5lqcp2xsi20cysb9uft7jpc2mlkrqw77hqdr5afo1jzkeu1x66858azynjjesi244irqym35f0l99y8c3drf3gglf8o5ds5au:latest/confusion_matrix_table.table.json", "path": "media/table/confusion_matrix_table_49_b6dabe946a9711993b70.table.json", "ncols": 3, "nrows": 100}, "_wandb": {"runtime": 131}}