{"Epoch ": 29, "Training loss ": 0.2503875765951529, "Training accuracy ": 0.908074074074074, "Validation loss ": 0.4149211534163, "Validation accuracy ": 0.8743333333333333, "Testing loss ": 0.4187633831874504, "Testing accuracy ": 0.8676, "_timestamp": 1709455057.1067753, "_runtime": 65.91720938682556, "_step": 59, "confusion_matrix_table": {"_type": "table-file", "sha256": "5b36969c44c65f8d923eb990311e5cc9cffa5c3e272d11f9bc1b2ff0fe3825e3", "size": 3170, "artifact_path": "wandb-client-artifact://pz6epd0jykufuvyqisws71d1rvtpp7x38dck4ejs6sok52h4suusdtr2yovoo0wrapft1ogvyi0ejr91pfuwiklxaqfe02asz2rblcq33bj2mfepp67v76oi7macm0gu:latest/confusion_matrix_table.table.json", "_latest_artifact_path": "wandb-client-artifact://pz6epd0jykufuvyqisws71d1rvtpp7x38dck4ejs6sok52h4suusdtr2yovoo0wrapft1ogvyi0ejr91pfuwiklxaqfe02asz2rblcq33bj2mfepp67v76oi7macm0gu:latest/confusion_matrix_table.table.json", "path": "media/table/confusion_matrix_table_59_5b36969c44c65f8d923e.table.json", "ncols": 3, "nrows": 100}, "_wandb": {"runtime": 65}}