{"Epoch ": 9, "Training loss ": 0.16182695105521952, "Training accuracy ": 0.8848518518518519, "Validation loss ": 0.1847181171762802, "Validation accuracy ": 0.8661666666666666, "Testing loss ": 0.19412164945730573, "Testing accuracy ": 0.8647, "_timestamp": 1709142428.4695053, "_runtime": 41.13807034492493, "_step": 19, "confusion_matrix_table": {"_type": "table-file", "sha256": "7f1d45cf17a8a26fbc1df07fd925d7a3b8dddcd2705609e75c6279bf5f133f55", "size": 3168, "artifact_path": "wandb-client-artifact://eohc4o35xt0sqnxtkosl82to36ssurgp4pi7f2lcc47aru9eewm6e3hr9jnwnhlglt5lp6ihjem0qf64c6dlq345qf2rnkpgh7mi3kyr6jrxcz3sgkytxfy4afocil6m:latest/confusion_matrix_table.table.json", "_latest_artifact_path": "wandb-client-artifact://eohc4o35xt0sqnxtkosl82to36ssurgp4pi7f2lcc47aru9eewm6e3hr9jnwnhlglt5lp6ihjem0qf64c6dlq345qf2rnkpgh7mi3kyr6jrxcz3sgkytxfy4afocil6m:latest/confusion_matrix_table.table.json", "path": "media/table/confusion_matrix_table_19_7f1d45cf17a8a26fbc1d.table.json", "ncols": 3, "nrows": 100}, "_wandb": {"runtime": 40}}