{"Epoch ": 24, "Training loss ": 0.259427687587778, "Training accuracy ": 0.9040555555555555, "Validation loss ": 0.4076655814279736, "Validation accuracy ": 0.8735, "Testing loss ": 0.42298833985604206, "Testing accuracy ": 0.8633, "_timestamp": 1709291039.3476222, "_runtime": 256.48326420783997, "_step": 49, "confusion_matrix_table": {"_type": "table-file", "sha256": "5bad2190cfac4c9712c272476b810993b64799d71f4db078624f7c14b4e8d4b0", "size": 3174, "artifact_path": "wandb-client-artifact://o87uyut376q5ef57miuufdyvpm6hpg2lnk4fv4g9ttafi2vae7bkq8fdy2o69eyzmpp5891spy1ct2io914sx2rcwmx89i0176cyea2hewhktf2hvw50etjqi0zw4jlu:latest/confusion_matrix_table.table.json", "_latest_artifact_path": "wandb-client-artifact://o87uyut376q5ef57miuufdyvpm6hpg2lnk4fv4g9ttafi2vae7bkq8fdy2o69eyzmpp5891spy1ct2io914sx2rcwmx89i0176cyea2hewhktf2hvw50etjqi0zw4jlu:latest/confusion_matrix_table.table.json", "path": "media/table/confusion_matrix_table_49_5bad2190cfac4c9712c2.table.json", "ncols": 3, "nrows": 100}, "_wandb": {"runtime": 253}}