{"Epoch ": 4, "Training loss ": 2.3421203974563216, "Training accuracy ": 0.1, "Validation loss ": 2.3421240692656085, "Validation accuracy ": 0.1, "Testing loss ": 2.342127013026321, "Testing accuracy ": 0.1, "_timestamp": 1709105509.7475183, "_runtime": 16.145830392837524, "_step": 9, "confusion_matrix_table": {"_type": "table-file", "sha256": "2f7474a661d21516977465101eafdd215990604da38f9e6f7cc0b40feda92165", "size": 3152, "artifact_path": "wandb-client-artifact://6kulg5a3xo1uv5zjbcgnvii3663t5vw50ti5abpol8oyilz1ruaddbjc6ykiwwg91b24069he9yelym70dbq8v44p238lysqjgs7mukdgqxnoifa0t6741sko0bqougj:latest/confusion_matrix_table.table.json", "_latest_artifact_path": "wandb-client-artifact://6kulg5a3xo1uv5zjbcgnvii3663t5vw50ti5abpol8oyilz1ruaddbjc6ykiwwg91b24069he9yelym70dbq8v44p238lysqjgs7mukdgqxnoifa0t6741sko0bqougj:latest/confusion_matrix_table.table.json", "path": "media/table/confusion_matrix_table_9_2f7474a661d215169774.table.json", "ncols": 3, "nrows": 100}, "_wandb": {"runtime": 15}}