{"Epoch ": 14, "Training loss ": 0.16865011210142777, "Training accuracy ": 0.884462962962963, "Validation loss ": 0.1847574698326954, "Validation accuracy ": 0.8713333333333333, "Testing loss ": 0.1949635705891459, "Testing accuracy ": 0.864, "_timestamp": 1709628265.827131, "_runtime": 42.26753497123718, "_step": 29, "confusion_matrix_table": {"_type": "table-file", "sha256": "d6b5d492f9268e5260d7145fdc306f108cc73c319fb6c6db980fd83556c0b0b2", "size": 3172, "artifact_path": "wandb-client-artifact://psxw4p6vwdxv8byrnrkanpkuc2ktyjpb9cy6su7fy0t2jucx2z8qeh4dqzf5j2ixu7d227803hinzulalp9k0p30ldh7nkxtasa4gh5elmzzclpmjzu8ogcqwljmrgu4:latest/confusion_matrix_table.table.json", "_latest_artifact_path": "wandb-client-artifact://psxw4p6vwdxv8byrnrkanpkuc2ktyjpb9cy6su7fy0t2jucx2z8qeh4dqzf5j2ixu7d227803hinzulalp9k0p30ldh7nkxtasa4gh5elmzzclpmjzu8ogcqwljmrgu4:latest/confusion_matrix_table.table.json", "path": "media/table/confusion_matrix_table_29_d6b5d492f9268e5260d7.table.json", "ncols": 3, "nrows": 100}, "_wandb": {"runtime": 41}}