{"Epoch ": 19, "Training loss ": 0.09603092404739194, "Training accuracy ": 0.9725185185185186, "Validation loss ": 0.14897852972351847, "Validation accuracy ": 0.9583333333333334, "Testing loss ": 0.1293715042464932, "Testing accuracy ": 0.961, "_timestamp": 1709497909.3941216, "_runtime": 68.96769762039185, "_step": 39, "confusion_matrix_table": {"_type": "table-file", "sha256": "1b4355d7e97c34903c622a56bc6ef32a1c0bdd5598cd357666abfa4258ca2d91", "size": 3154, "artifact_path": "wandb-client-artifact://4esz3zbh5n8os8bnekyvp385v3x70e7vcvji920k30m0cz9qj0gbi60l5c3umh3saemisiebon6cj0y9w3vkwnkn0irjmk1ae8tx69ka1e8a66hxn8obsnqfh3yym94x:latest/confusion_matrix_table.table.json", "_latest_artifact_path": "wandb-client-artifact://4esz3zbh5n8os8bnekyvp385v3x70e7vcvji920k30m0cz9qj0gbi60l5c3umh3saemisiebon6cj0y9w3vkwnkn0irjmk1ae8tx69ka1e8a66hxn8obsnqfh3yym94x:latest/confusion_matrix_table.table.json", "path": "media/table/confusion_matrix_table_39_1b4355d7e97c34903c62.table.json", "ncols": 3, "nrows": 100}, "_wandb": {"runtime": 68}}