{"Epoch ": 14, "Training loss ": 0.3196115205918703, "Training accuracy ": 0.8860370370370371, "Validation loss ": 0.34162013494320786, "Validation accuracy ": 0.88, "Testing loss ": 0.37443867878858766, "Testing accuracy ": 0.8654, "_timestamp": 1709486229.288272, "_runtime": 128.6811637878418, "_step": 29, "confusion_matrix_table": {"_type": "table-file", "sha256": "482079377952f89fd58e9efdf6110e711fc6de0321b049c8c922aef772ea7324", "size": 3174, "artifact_path": "wandb-client-artifact://puuu6ppp5wcfqmnugu37dm9bfhp9dm09va93ivjo191apqn127w0pixn4mmlzpx1sph6n6rgwywe8a0u3732fd4qdcuwk4r0zs33g1hvfhjgybe82xqi2ccwf6n8ir8u:latest/confusion_matrix_table.table.json", "_latest_artifact_path": "wandb-client-artifact://puuu6ppp5wcfqmnugu37dm9bfhp9dm09va93ivjo191apqn127w0pixn4mmlzpx1sph6n6rgwywe8a0u3732fd4qdcuwk4r0zs33g1hvfhjgybe82xqi2ccwf6n8ir8u:latest/confusion_matrix_table.table.json", "path": "media/table/confusion_matrix_table_29_482079377952f89fd58e.table.json", "ncols": 3, "nrows": 100}, "_wandb": {"runtime": 127}}