{"Epoch ": 29, "Training loss ": 0.31958249245122156, "Training accuracy ": 0.7672222222222222, "Validation loss ": 0.33020352763648286, "Validation accuracy ": 0.7616666666666667, "Testing loss ": 0.3383420597907781, "Testing accuracy ": 0.7526, "_timestamp": 1709308797.6501253, "_runtime": 73.22982716560364, "_step": 59, "confusion_matrix_table": {"_type": "table-file", "sha256": "a2f397a375cb42a1bcacadb15b706184eeebb6bd12425aa7d76a97551798921e", "size": 3178, "artifact_path": "wandb-client-artifact://jdf1uxatkdecv9s594aonr4asqjt7r63xrbcgp80lig8k3as1ucrb4a4ds8hsae4y4yhxt3p7z8u4tzs7y5g0r1qfb1f4b6baf3w3ymbh7yq380maz83mn3ea19v1g7c:latest/confusion_matrix_table.table.json", "_latest_artifact_path": "wandb-client-artifact://jdf1uxatkdecv9s594aonr4asqjt7r63xrbcgp80lig8k3as1ucrb4a4ds8hsae4y4yhxt3p7z8u4tzs7y5g0r1qfb1f4b6baf3w3ymbh7yq380maz83mn3ea19v1g7c:latest/confusion_matrix_table.table.json", "path": "media/table/confusion_matrix_table_59_a2f397a375cb42a1bcac.table.json", "ncols": 3, "nrows": 100}, "_wandb": {"runtime": 72}}