{"Epoch ": 19, "Training loss ": 0.1731898056271833, "Training accuracy ": 0.8811666666666667, "Validation loss ": 0.1877020383130526, "Validation accuracy ": 0.8688333333333333, "Testing loss ": 0.20542770904684243, "Testing accuracy ": 0.856, "_timestamp": 1709187503.0201929, "_runtime": 34.95537781715393, "_step": 39, "confusion_matrix_table": {"_type": "table-file", "sha256": "e60e2836649f79b3b64f8f0820a0300bd96d55b57578c688cbdf299c159822f6", "size": 3176, "artifact_path": "wandb-client-artifact://7tdnz36flzisclt82yqb0ba8tbm239zac4tp3lil2cm9lxzntspukuxheojlhuznb7kx0szmdlw0puhyq8w9nq4q9gukx4phw3qqsmjiiefyc7vsb2wuexkf02k3lu2v:latest/confusion_matrix_table.table.json", "_latest_artifact_path": "wandb-client-artifact://7tdnz36flzisclt82yqb0ba8tbm239zac4tp3lil2cm9lxzntspukuxheojlhuznb7kx0szmdlw0puhyq8w9nq4q9gukx4phw3qqsmjiiefyc7vsb2wuexkf02k3lu2v:latest/confusion_matrix_table.table.json", "path": "media/table/confusion_matrix_table_39_e60e2836649f79b3b64f.table.json", "ncols": 3, "nrows": 100}, "_wandb": {"runtime": 34}}