{"Epoch ": 19, "Training loss ": 5.259501677415174e-06, "Training accuracy ": 0.8952962962962963, "Validation loss ": 6.743681821456835e-05, "Validation accuracy ": 0.8716666666666667, "Testing loss ": 4.104320318255801e-05, "Testing accuracy ": 0.8647, "_timestamp": 1709006684.761674, "_runtime": 23.382792949676514, "_step": 39, "confusion_matrix_table": {"_type": "table-file", "sha256": "38fe230ad887e4834ac8858f6f0c656450e1f9676022bdb8310dc312a963400d", "size": 3169, "artifact_path": "wandb-client-artifact://zajj8xv3wo1q609q2rlxnt3vube8s7qxy8in2rpp4br80nay8vanh9q4ncwdmdy9k8qzumg22ejrny8apmbocp7k96qazp6d1q2m3slzifb8bi48fw9e0htpj2lw1nze:latest/confusion_matrix_table.table.json", "_latest_artifact_path": "wandb-client-artifact://zajj8xv3wo1q609q2rlxnt3vube8s7qxy8in2rpp4br80nay8vanh9q4ncwdmdy9k8qzumg22ejrny8apmbocp7k96qazp6d1q2m3slzifb8bi48fw9e0htpj2lw1nze:latest/confusion_matrix_table.table.json", "path": "media/table/confusion_matrix_table_39_38fe230ad887e4834ac8.table.json", "ncols": 3, "nrows": 100}, "_wandb": {"runtime": 22}}