{"Epoch ": 19, "Training loss ": 0.018757829014140453, "Training accuracy ": 0.9940740740740741, "Validation loss ": 0.18722916184896213, "Validation accuracy ": 0.9633333333333334, "Testing loss ": 0.16976377096098375, "Testing accuracy ": 0.9652, "_timestamp": 1709497510.1607852, "_runtime": 75.55267429351807, "_step": 39, "confusion_matrix_table": {"_type": "table-file", "sha256": "a0bdb7abd6cb12397c6fab0488e61158988be7f7f3f8f8143c2bcb1f827b5b14", "size": 3152, "artifact_path": "wandb-client-artifact://mxsfql665nqdhlrldgwya3wjx905myt03tkpmaexovdnu6ff17grqq3c0svuowcmu0li8gn8r73gn7uopmkji40ojytummht43nh2b2o49lczp51labnru9qsfzkl7lt:latest/confusion_matrix_table.table.json", "_latest_artifact_path": "wandb-client-artifact://mxsfql665nqdhlrldgwya3wjx905myt03tkpmaexovdnu6ff17grqq3c0svuowcmu0li8gn8r73gn7uopmkji40ojytummht43nh2b2o49lczp51labnru9qsfzkl7lt:latest/confusion_matrix_table.table.json", "path": "media/table/confusion_matrix_table_39_a0bdb7abd6cb12397c6f.table.json", "ncols": 3, "nrows": 100}, "_wandb": {"runtime": 74}}