{"Epoch ": 24, "Training loss ": 0.2524858189764192, "Training accuracy ": 0.907, "Validation loss ": 0.3582080153875669, "Validation accuracy ": 0.8786666666666667, "Testing loss ": 0.3896034875032366, "Testing accuracy ": 0.8712, "_timestamp": 1709290460.682139, "_runtime": 48.19238996505737, "_step": 49, "confusion_matrix_table": {"_type": "table-file", "sha256": "81e106730e82677d74fb862561139d4992841aa348464ca4e72119a0fdfa1259", "size": 3171, "artifact_path": "wandb-client-artifact://mvc0y7e4w49m4csj7inz612w4d1axtu55dos3l35xt8fsd86r9x107ws67d187p0k0mayj9kca6zhry7w3bef0gw8dortc7aak43rbdzsakdjp7pgotgn8isxwtbumtv:latest/confusion_matrix_table.table.json", "_latest_artifact_path": "wandb-client-artifact://mvc0y7e4w49m4csj7inz612w4d1axtu55dos3l35xt8fsd86r9x107ws67d187p0k0mayj9kca6zhry7w3bef0gw8dortc7aak43rbdzsakdjp7pgotgn8isxwtbumtv:latest/confusion_matrix_table.table.json", "path": "media/table/confusion_matrix_table_49_81e106730e82677d74fb.table.json", "ncols": 3, "nrows": 100}, "_wandb": {"runtime": 47}}