{"Epoch ": 29, "Training loss ": 0.2101958041796741, "Training accuracy ": 0.8605925925925926, "Validation loss ": 0.2134653710094449, "Validation accuracy ": 0.8543333333333333, "Testing loss ": 0.2296408211024103, "Testing accuracy ": 0.8433, "_timestamp": 1709304645.8737924, "_runtime": 104.87268829345703, "_step": 59, "confusion_matrix_table": {"_type": "table-file", "sha256": "e18f13bc5f436d7081dea18f415e72f8b1dc682e11cc805645a26dd6d56e6d6a", "size": 3177, "artifact_path": "wandb-client-artifact://tj58gf2wh4lbncackf9se2lkok86p6ncw0cgf5qfr6nq82ve7swlc1anpdoi495izrzqaikn9zwihmsttx02ljbh1vqt8zokts4dvy05yh078poo3u2rc1bpvq63pkh0:latest/confusion_matrix_table.table.json", "_latest_artifact_path": "wandb-client-artifact://tj58gf2wh4lbncackf9se2lkok86p6ncw0cgf5qfr6nq82ve7swlc1anpdoi495izrzqaikn9zwihmsttx02ljbh1vqt8zokts4dvy05yh078poo3u2rc1bpvq63pkh0:latest/confusion_matrix_table.table.json", "path": "media/table/confusion_matrix_table_59_e18f13bc5f436d7081de.table.json", "ncols": 3, "nrows": 100}, "_wandb": {"runtime": 104}}