{"Epoch ": 4, "Training loss ": 0.8997208959467639, "Training accuracy ": 0.11374074074074074, "Validation loss ": 0.9005858357035145, "Validation accuracy ": 0.1, "Testing loss ": 0.8997708900338974, "Testing accuracy ": 0.1135, "_timestamp": 1709529285.637633, "_runtime": 52.654093980789185, "_step": 9, "confusion_matrix_table": {"_type": "table-file", "sha256": "d1569761db429b76055faeaf2e107bee2147105aec334a738d9337d7991aa86c", "size": 3147, "artifact_path": "wandb-client-artifact://ezaq6t0tsbeze8snxuuti8a94vjrcc9bw1k4zadenilp2qfjopu9pgw1ytyjr5b6os5mzjgt0telgbxs1tju1pmg5hu13dodhes99mijyn8sh2yr8gm5wfoqkj6z5dh6:latest/confusion_matrix_table.table.json", "_latest_artifact_path": "wandb-client-artifact://ezaq6t0tsbeze8snxuuti8a94vjrcc9bw1k4zadenilp2qfjopu9pgw1ytyjr5b6os5mzjgt0telgbxs1tju1pmg5hu13dodhes99mijyn8sh2yr8gm5wfoqkj6z5dh6:latest/confusion_matrix_table.table.json", "path": "media/table/confusion_matrix_table_9_d1569761db429b76055f.table.json", "ncols": 3, "nrows": 100}, "_wandb": {"runtime": 51}}