{"Epoch ": 19, "Training loss ": 0.4492870716166866, "Training accuracy ": 0.8625185185185186, "Validation loss ": 0.5182759341826884, "Validation accuracy ": 0.844, "Testing loss ": 0.5486535284717325, "Testing accuracy ": 0.8312, "_timestamp": 1709130625.0480294, "_runtime": 91.06881046295166, "_step": 39, "confusion_matrix_table": {"_type": "table-file", "sha256": "02ef2b9866e2fa4121488589420946e556502fa4a886aa54e3173ff30a659714", "size": 3174, "artifact_path": "wandb-client-artifact://kxvjwmupo19tave1clynp99nn9kopuqmn9zf1p4ivhzlyffj8wm8l1st2btxi56gy9b68w7n6iiid8ccoek7vm8hkbuwb609yjazh7clmqu98e1icko07gcuojag0b5q:latest/confusion_matrix_table.table.json", "_latest_artifact_path": "wandb-client-artifact://kxvjwmupo19tave1clynp99nn9kopuqmn9zf1p4ivhzlyffj8wm8l1st2btxi56gy9b68w7n6iiid8ccoek7vm8hkbuwb609yjazh7clmqu98e1icko07gcuojag0b5q:latest/confusion_matrix_table.table.json", "path": "media/table/confusion_matrix_table_39_02ef2b9866e2fa412148.table.json", "ncols": 3, "nrows": 100}, "_wandb": {"runtime": 90}}