{"Epoch ": 9, "Training loss ": 0.26320160776332147, "Training accuracy ": 0.9043148148148148, "Validation loss ": 0.31065108070250746, "Validation accuracy ": 0.8855, "Testing loss ": 0.34390965466851914, "Testing accuracy ": 0.8776, "_timestamp": 1709733423.3981206, "_runtime": 30.459816694259644, "_step": 18, "confusion_matrix_table": {"_type": "table-file", "sha256": "da0933d13ed7f80b8f33dd5cd20144870485f1c6d88a1a1a0a82ebd2245d8db1", "size": 3169, "artifact_path": "wandb-client-artifact://5vx1amwl1fazpke84g7w9hyvqnsr0r7w29xb4htyykvjcgw3l1f91zqsmnkkw1w6l8dlicd667vzpviy4d1g0ziaeqx07ak2a8sc36krojvunssw3bzhhl4lnaroo6ns:latest/confusion_matrix_table.table.json", "_latest_artifact_path": "wandb-client-artifact://5vx1amwl1fazpke84g7w9hyvqnsr0r7w29xb4htyykvjcgw3l1f91zqsmnkkw1w6l8dlicd667vzpviy4d1g0ziaeqx07ak2a8sc36krojvunssw3bzhhl4lnaroo6ns:latest/confusion_matrix_table.table.json", "path": "media/table/confusion_matrix_table_17_da0933d13ed7f80b8f33.table.json", "ncols": 3, "nrows": 100}, "_wandb": {"runtime": 30}}