{"Epoch ": 19, "Training loss ": 0.28976386078783173, "Training accuracy ": 0.8942592592592593, "Validation loss ": 0.33727421918412026, "Validation accuracy ": 0.879, "Testing loss ": 0.3680246222379568, "Testing accuracy ": 0.8678, "_timestamp": 1709016849.3846676, "_runtime": 25.820019721984863, "_step": 39, "confusion_matrix_table": {"_type": "table-file", "sha256": "9c807f938043ba9f9a7fdf82cce50764a14b9175cc895e7d144cfcb7fc413d35", "size": 3170, "artifact_path": "wandb-client-artifact://jobn02l61q7992bii79n5s160epm1gjsyfuryi87ycw9ta65qjgxys9tsumqy5uk3dlfgpl6315a4kjg0m5foqffh8lqudwsddcx27uz1u9lbipwl0z32awkkwmdf6p1:latest/confusion_matrix_table.table.json", "_latest_artifact_path": "wandb-client-artifact://jobn02l61q7992bii79n5s160epm1gjsyfuryi87ycw9ta65qjgxys9tsumqy5uk3dlfgpl6315a4kjg0m5foqffh8lqudwsddcx27uz1u9lbipwl0z32awkkwmdf6p1:latest/confusion_matrix_table.table.json", "path": "media/table/confusion_matrix_table_39_9c807f938043ba9f9a7f.table.json", "ncols": 3, "nrows": 100}, "_wandb": {"runtime": 23}}