{"Epoch ": 19, "Training loss ": 0.630570109272364, "Training accuracy ": 0.7979259259259259, "Validation loss ": 0.6379970102392113, "Validation accuracy ": 0.7906666666666666, "Testing loss ": 0.6485570382127303, "Testing accuracy ": 0.7878, "_timestamp": 1709133907.2424457, "_runtime": 170.3986096382141, "_step": 39, "confusion_matrix_table": {"_type": "table-file", "sha256": "af6f5e561b01e30a9095227369e3f2db9510fa0caab3fed7ce84341ffd11cbec", "size": 3182, "artifact_path": "wandb-client-artifact://i4omyemruglnj6q77wvyefe96yxkl2p6bnm0alckstekqw0mv2rmxn6rrp55wswzhnecq1eybjzwl695kzdl9xl84sb8lh3envtn11s4jp4p5kyrcfkmzh4vrra9ndqw:latest/confusion_matrix_table.table.json", "_latest_artifact_path": "wandb-client-artifact://i4omyemruglnj6q77wvyefe96yxkl2p6bnm0alckstekqw0mv2rmxn6rrp55wswzhnecq1eybjzwl695kzdl9xl84sb8lh3envtn11s4jp4p5kyrcfkmzh4vrra9ndqw:latest/confusion_matrix_table.table.json", "path": "media/table/confusion_matrix_table_39_af6f5e561b01e30a9095.table.json", "ncols": 3, "nrows": 100}, "_wandb": {"runtime": 169}}