{"Epoch ": 4, "Training loss ": 0.4267003288535574, "Training accuracy ": 0.8508518518518519, "Validation loss ": 0.43836545386580444, "Validation accuracy ": 0.8425, "Testing loss ": 0.4657039752503809, "Testing accuracy ": 0.8333, "_timestamp": 1709126965.628167, "_runtime": 18.826624870300293, "_step": 9, "confusion_matrix_table": {"_type": "table-file", "sha256": "2f74ac45500f196e00775ea45036524f002f08eb26f6a0c2ecfb14f55492bef3", "size": 3174, "artifact_path": "wandb-client-artifact://7gwyipfrlekcwrbmbpgbdyw8lekp57re8b7hs9udfaem3vmnbusiknt61x9brx3gjcizuo4ci12tqjye5kzvrfioo2uoxjf5no684id92z4rsano7t1bmdu8lh6n7luw:latest/confusion_matrix_table.table.json", "_latest_artifact_path": "wandb-client-artifact://7gwyipfrlekcwrbmbpgbdyw8lekp57re8b7hs9udfaem3vmnbusiknt61x9brx3gjcizuo4ci12tqjye5kzvrfioo2uoxjf5no684id92z4rsano7t1bmdu8lh6n7luw:latest/confusion_matrix_table.table.json", "path": "media/table/confusion_matrix_table_9_2f74ac45500f196e0077.table.json", "ncols": 3, "nrows": 100}, "_wandb": {"runtime": 18}}