{"Epoch ": 24, "Training loss ": 0.01290374731446729, "Training accuracy ": 0.9956666666666667, "Validation loss ": 0.21769437585812, "Validation accuracy ": 0.9653333333333334, "Testing loss ": 0.16753046669468438, "Testing accuracy ": 0.9705, "_timestamp": 1709501017.0475185, "_runtime": 192.06143951416016, "_step": 49, "confusion_matrix_table": {"_type": "table-file", "sha256": "3d37440ef626634603c528d460161e573c59f777eedfbf0f279a7036a1652a27", "size": 3147, "artifact_path": "wandb-client-artifact://hzasywttqoq42wqjddyme1djwa5xb8x6p851ajklmznbmx19ge1ibpf3dlfce8tc9q3tlb7fnwayhxv8vp80ilxn08pmg7a9orhrzdgfurmcu694hx68oj2r7in2j0q0:latest/confusion_matrix_table.table.json", "_latest_artifact_path": "wandb-client-artifact://hzasywttqoq42wqjddyme1djwa5xb8x6p851ajklmznbmx19ge1ibpf3dlfce8tc9q3tlb7fnwayhxv8vp80ilxn08pmg7a9orhrzdgfurmcu694hx68oj2r7in2j0q0:latest/confusion_matrix_table.table.json", "path": "media/table/confusion_matrix_table_49_3d37440ef626634603c5.table.json", "ncols": 3, "nrows": 100}, "_wandb": {"runtime": 191}}