{"Epoch ": 29, "Training loss ": 0.2631092463526572, "Training accuracy ": 0.9040925925925926, "Validation loss ": 0.33738054254163474, "Validation accuracy ": 0.8786666666666667, "Testing loss ": 0.3916454605431779, "Testing accuracy ": 0.8711, "_timestamp": 1709403360.8560002, "_runtime": 596.5109512805939, "_step": 59, "confusion_matrix_table": {"_type": "table-file", "sha256": "6b8123e631769c2dd454af6832c7f7c258651db29b27b91e51d75155afb8a113", "size": 3172, "artifact_path": "wandb-client-artifact://cg1od6sfbr9uxamrnzj0ud1763dbzp1766jtr8myr50lrlj0bmwa41umrg3ouidczyahf6pmecyi0wsjgokc23otzd4dd67i13qyp2j9mbfy66vjar2g2x1u4fvbbsax:latest/confusion_matrix_table.table.json", "_latest_artifact_path": "wandb-client-artifact://cg1od6sfbr9uxamrnzj0ud1763dbzp1766jtr8myr50lrlj0bmwa41umrg3ouidczyahf6pmecyi0wsjgokc23otzd4dd67i13qyp2j9mbfy66vjar2g2x1u4fvbbsax:latest/confusion_matrix_table.table.json", "path": "media/table/confusion_matrix_table_59_6b8123e631769c2dd454.table.json", "ncols": 3, "nrows": 100}, "_wandb": {"runtime": 595}}