{"Epoch ": 29, "Training loss ": 0.17432814285209797, "Training accuracy ": 0.9361296296296296, "Validation loss ": 0.3322606867119631, "Validation accuracy ": 0.8863333333333333, "Testing loss ": 0.3653632068113702, "Testing accuracy ": 0.882, "_timestamp": 1709291646.3502939, "_runtime": 130.3868899345398, "_step": 59, "confusion_matrix_table": {"_type": "table-file", "sha256": "4073c3b91fe6d75a3638680a179059b43329c34d788f8a98c944b4cae5a776bf", "size": 3167, "artifact_path": "wandb-client-artifact://werr0djefbya080lnfqtofe5jtevospx6kj3qmtrutywt9r3zc8zcnx03ksrays1byp5a3yqv87oj3dkvw4x5i288g9g9e65a9v7bieplxgreq3quy74qxadpox92zgy:latest/confusion_matrix_table.table.json", "_latest_artifact_path": "wandb-client-artifact://werr0djefbya080lnfqtofe5jtevospx6kj3qmtrutywt9r3zc8zcnx03ksrays1byp5a3yqv87oj3dkvw4x5i288g9g9e65a9v7bieplxgreq3quy74qxadpox92zgy:latest/confusion_matrix_table.table.json", "path": "media/table/confusion_matrix_table_59_4073c3b91fe6d75a3638.table.json", "ncols": 3, "nrows": 100}, "_wandb": {"runtime": 129}}