{"Epoch ": 9, "Training loss ": 1.3405848061484502, "Training accuracy ": 0.5858148148148148, "Validation loss ": 1.341866420162971, "Validation accuracy ": 0.5778333333333333, "Testing loss ": 1.3498210816215779, "Testing accuracy ": 0.5749, "_timestamp": 1709111289.1673331, "_runtime": 18.157740116119385, "_step": 19, "confusion_matrix_table": {"_type": "table-file", "sha256": "c015e1508c1de56fb0b562fb9a6ce1edc965c102664df41b30059da2710f7a0a", "size": 3195, "artifact_path": "wandb-client-artifact://o9igbuh1fd3vy2a2jhd7owa4f19bm3rltcpp63qhng6011t2xi9eh2i3f496zs7jxqwx61yxrp3uqhttuga27eqp4t393aukg8hh2aquw9i4gqmr8rsw243z9mjaz4cm:latest/confusion_matrix_table.table.json", "_latest_artifact_path": "wandb-client-artifact://o9igbuh1fd3vy2a2jhd7owa4f19bm3rltcpp63qhng6011t2xi9eh2i3f496zs7jxqwx61yxrp3uqhttuga27eqp4t393aukg8hh2aquw9i4gqmr8rsw243z9mjaz4cm:latest/confusion_matrix_table.table.json", "path": "media/table/confusion_matrix_table_19_c015e1508c1de56fb0b5.table.json", "ncols": 3, "nrows": 100}, "_wandb": {"runtime": 17}}