{"Epoch ": 24, "Training loss ": 0.8614803814562388, "Training accuracy ": 0.2732962962962963, "Validation loss ": 0.861517659801079, "Validation accuracy ": 0.2723333333333333, "Testing loss ": 0.8627624491340412, "Testing accuracy ": 0.2712, "_timestamp": 1709305341.9590118, "_runtime": 56.01660180091858, "_step": 49, "confusion_matrix_table": {"_type": "table-file", "sha256": "9037991e99adf7d379d8669e0c45dda2e8eb92988a1360c367aa29f2616b4fa9", "size": 3161, "artifact_path": "wandb-client-artifact://lzhja8nw03e8rr5tdc02exbtt647whrdkkz4z6xpj86zkz7dle2h898zra251ibot3ht26vwk9tbf2itizoqn0uid2u4vjxo8vuo4movhj8o8ex4c9ktczq94u73ckq9:latest/confusion_matrix_table.table.json", "_latest_artifact_path": "wandb-client-artifact://lzhja8nw03e8rr5tdc02exbtt647whrdkkz4z6xpj86zkz7dle2h898zra251ibot3ht26vwk9tbf2itizoqn0uid2u4vjxo8vuo4movhj8o8ex4c9ktczq94u73ckq9:latest/confusion_matrix_table.table.json", "path": "media/table/confusion_matrix_table_49_9037991e99adf7d379d8.table.json", "ncols": 3, "nrows": 100}, "_wandb": {"runtime": 55}}