{"Epoch ": 9, "Training loss ": 2.302630147570052, "Training accuracy ": 0.1, "Validation loss ": 2.30263014756949, "Validation accuracy ": 0.1, "Testing loss ": 2.3026301475700843, "Testing accuracy ": 0.1, "_timestamp": 1709097581.9811351, "_runtime": 35.65490221977234, "_step": 9, "_wandb": {"runtime": 34}}