{"Epoch ": 4, "Training loss ": 0.6175039160884468, "Training accuracy ": 0.8032592592592592, "Validation loss ": 0.6020975457573, "Validation accuracy ": 0.8113333333333334, "Testing loss ": 0.6382802724656842, "Testing accuracy ": 0.7937, "_timestamp": 1709311183.333197, "_runtime": 26.8372540473938, "_step": 9, "confusion_matrix_table": {"_type": "table-file", "sha256": "4ddc013121518f23f51eed31bafbb07cd475c00b70ca73e059fba1393f152a13", "size": 3179, "artifact_path": "wandb-client-artifact://u0tqt7h3pxwln1bu72bmeqgu3ncz46i4ee9k0gkwwdibjoxd9w2mw9njf6r2c5d47hbe7q1g1lah5za8mnytz04n1mdqid01ms1h5pw9y3p5x0x2uj4a5b0js2wg4i08:latest/confusion_matrix_table.table.json", "_latest_artifact_path": "wandb-client-artifact://u0tqt7h3pxwln1bu72bmeqgu3ncz46i4ee9k0gkwwdibjoxd9w2mw9njf6r2c5d47hbe7q1g1lah5za8mnytz04n1mdqid01ms1h5pw9y3p5x0x2uj4a5b0js2wg4i08:latest/confusion_matrix_table.table.json", "path": "media/table/confusion_matrix_table_9_4ddc013121518f23f51e.table.json", "ncols": 3, "nrows": 100}, "_wandb": {"runtime": 25}}