{"Epoch ": 19, "Training loss ": 0.7473391327862132, "Training accuracy ": 0.4567037037037037, "Validation loss ": 0.7552336695344193, "Validation accuracy ": 0.4543333333333333, "Testing loss ": 0.7582036326649024, "Testing accuracy ": 0.4537, "_timestamp": 1709182812.206021, "_runtime": 37.299724102020264, "_step": 39, "confusion_matrix_table": {"_type": "table-file", "sha256": "f4780cf68feb89436a56b02a4f1862b7d76f0cfc283541d87085033f88cd24f7", "size": 3157, "artifact_path": "wandb-client-artifact://nhiiy25lr410kmzp76mqfr70tx7c69w4ujcxvjqcl2wzhnivlhbhccv3wjnpi3pliopfv18cbjgeindyw0kfqsuwynv9d3vjeinvrp8vaa6n6f1hb0tflvxjs72xwvgl:latest/confusion_matrix_table.table.json", "_latest_artifact_path": "wandb-client-artifact://nhiiy25lr410kmzp76mqfr70tx7c69w4ujcxvjqcl2wzhnivlhbhccv3wjnpi3pliopfv18cbjgeindyw0kfqsuwynv9d3vjeinvrp8vaa6n6f1hb0tflvxjs72xwvgl:latest/confusion_matrix_table.table.json", "path": "media/table/confusion_matrix_table_39_f4780cf68feb89436a56.table.json", "ncols": 3, "nrows": 100}, "_wandb": {"runtime": 36}}