{"Epoch ": 29, "Training loss ": 0.0785929924282792, "Training accuracy ": 0.9789444444444444, "Validation loss ": 0.16815759542423966, "Validation accuracy ": 0.9628333333333333, "Testing loss ": 0.1644350184760198, "Testing accuracy ": 0.9642, "_timestamp": 1709498965.6446598, "_runtime": 103.19210076332092, "_step": 59, "confusion_matrix_table": {"_type": "table-file", "sha256": "4f11c38e882aa6a0dae8176f24dcf90a7b5ad5e21ac82304d833bbcb6af82e7c", "size": 3152, "artifact_path": "wandb-client-artifact://kr6eo8h2t9ik2ilzp4180njr00w7bld1w0rljisx7a8dpskbmzbqz8gz7yq4kchqa6a0qeea8dx371o4hvbarxrq7qsutq4kqay7qxz59u8isckno07r55t2tnvuf9rb:latest/confusion_matrix_table.table.json", "_latest_artifact_path": "wandb-client-artifact://kr6eo8h2t9ik2ilzp4180njr00w7bld1w0rljisx7a8dpskbmzbqz8gz7yq4kchqa6a0qeea8dx371o4hvbarxrq7qsutq4kqay7qxz59u8isckno07r55t2tnvuf9rb:latest/confusion_matrix_table.table.json", "path": "media/table/confusion_matrix_table_59_4f11c38e882aa6a0dae8.table.json", "ncols": 3, "nrows": 100}, "_wandb": {"runtime": 102}}