{"Epoch ": 24, "Training loss ": 1.6980645226586966, "Training accuracy ": 0.4427037037037037, "Validation loss ": 1.695029692614733, "Validation accuracy ": 0.43933333333333335, "Testing loss ": 1.7005044674247711, "Testing accuracy ": 0.4413, "_timestamp": 1709303507.9073238, "_runtime": 95.17906594276428, "_step": 49, "confusion_matrix_table": {"_type": "table-file", "sha256": "816d8fa43196822c4b954ea5e127a0b9758714375255527ec7b1a5032a208985", "size": 3178, "artifact_path": "wandb-client-artifact://hvi2qku2eg5d6fru2y1x3rir4nyb13ojc66vplxgj7hnu3qshpg2mplu8156kzl13igrqfatktjuk5tahqmy3768670fwbp709gyfunpw3sdemied0wx760vho799q30:latest/confusion_matrix_table.table.json", "_latest_artifact_path": "wandb-client-artifact://hvi2qku2eg5d6fru2y1x3rir4nyb13ojc66vplxgj7hnu3qshpg2mplu8156kzl13igrqfatktjuk5tahqmy3768670fwbp709gyfunpw3sdemied0wx760vho799q30:latest/confusion_matrix_table.table.json", "path": "media/table/confusion_matrix_table_49_816d8fa43196822c4b95.table.json", "ncols": 3, "nrows": 100}, "_wandb": {"runtime": 94}}