{"Epoch ": 4, "Training loss ": 0.4698747006444801, "Training accuracy ": 0.8344444444444444, "Validation loss ": 0.5045797449510964, "Validation accuracy ": 0.8201666666666667, "Testing loss ": 0.5214007094576724, "Testing accuracy ": 0.8182, "_timestamp": 1709402721.0988717, "_runtime": 37.29944562911987, "_step": 9, "confusion_matrix_table": {"_type": "table-file", "sha256": "c50d7539d33f7e06fe6fbae0146120791fb4f4442d8c1686d114d2ac0c9eee93", "size": 3179, "artifact_path": "wandb-client-artifact://6mej7tyxc7e9dgmggi6adbtcgeibjq3olo54uqa2zjq2qyiwi6pzo43nmmxjdfhjx9tpj9crw88kik4pgk0ey82cc3ovovhnorud07frul3co4e78324o32k5bdgeu9s:latest/confusion_matrix_table.table.json", "_latest_artifact_path": "wandb-client-artifact://6mej7tyxc7e9dgmggi6adbtcgeibjq3olo54uqa2zjq2qyiwi6pzo43nmmxjdfhjx9tpj9crw88kik4pgk0ey82cc3ovovhnorud07frul3co4e78324o32k5bdgeu9s:latest/confusion_matrix_table.table.json", "path": "media/table/confusion_matrix_table_9_c50d7539d33f7e06fe6f.table.json", "ncols": 3, "nrows": 100}, "_wandb": {"runtime": 36}}