{"Epoch ": 19, "Training loss ": 1.8981736942791125, "Training accuracy ": 0.21914814814814815, "Validation loss ": 1.8978425207338363, "Validation accuracy ": 0.2215, "Testing loss ": 1.8994060811570543, "Testing accuracy ": 0.2174, "_timestamp": 1709310296.8752875, "_runtime": 77.33227157592773, "_step": 39, "confusion_matrix_table": {"_type": "table-file", "sha256": "adeeab5f69ce367f50ae5ead1cf296991582bec1eddb47bb07e7635e57f9626b", "size": 3173, "artifact_path": "wandb-client-artifact://nznsy26r415yr6mrrxgrmklja16qppgz05vyvuc1xgd17jmyygmr6aug33qx2gwa47li4hmx69r3qalfm7ioep94vvb7o0vk0ma3ny73pyms7kttvp86a8k2eq7sfetm:latest/confusion_matrix_table.table.json", "_latest_artifact_path": "wandb-client-artifact://nznsy26r415yr6mrrxgrmklja16qppgz05vyvuc1xgd17jmyygmr6aug33qx2gwa47li4hmx69r3qalfm7ioep94vvb7o0vk0ma3ny73pyms7kttvp86a8k2eq7sfetm:latest/confusion_matrix_table.table.json", "path": "media/table/confusion_matrix_table_39_adeeab5f69ce367f50ae.table.json", "ncols": 3, "nrows": 100}, "_wandb": {"runtime": 76}}