{"Epoch ": 24, "Training loss ": 0.18880645373980684, "Training accuracy ": 0.9273148148148148, "Validation loss ": 0.37130372855606286, "Validation accuracy ": 0.8811666666666667, "Testing loss ": 0.3791320911267797, "Testing accuracy ": 0.8781, "_timestamp": 1709408752.2325337, "_runtime": 123.29221558570862, "_step": 49, "confusion_matrix_table": {"_type": "table-file", "sha256": "7114ba8307520e82cd8dd91125959bb8de5199c8ce2b0909a6cd53e051b8ab72", "size": 3170, "artifact_path": "wandb-client-artifact://ndxce33l7m6pzqk5chd1uwc3iuze16mauhzkclgnb6kkvbe0xbszout570jrrqt20128lvyjdj1mz0g30cj4beztrlhui29se9zcvpdbkadwwoh9h8y4yok43dkxpyc0:latest/confusion_matrix_table.table.json", "_latest_artifact_path": "wandb-client-artifact://ndxce33l7m6pzqk5chd1uwc3iuze16mauhzkclgnb6kkvbe0xbszout570jrrqt20128lvyjdj1mz0g30cj4beztrlhui29se9zcvpdbkadwwoh9h8y4yok43dkxpyc0:latest/confusion_matrix_table.table.json", "path": "media/table/confusion_matrix_table_49_7114ba8307520e82cd8d.table.json", "ncols": 3, "nrows": 100}, "_wandb": {"runtime": 122}}