{"Epoch ": 19, "Training loss ": 2.5869689779418533e-05, "Training accuracy ": 0.6466481481481482, "Validation loss ": 0.0002337702688141835, "Validation accuracy ": 0.6461666666666667, "Testing loss ": 0.0001403568737785694, "Testing accuracy ": 0.6409, "_timestamp": 1708925030.2006376, "_runtime": 27.403154611587524, "_step": 39, "confusion_matrix_table": {"_type": "table-file", "sha256": "32376d37b2fb94b92374f0129c1c6c0f8606f34cdf9481072fe3b7ce09d01924", "size": 1822, "artifact_path": "wandb-client-artifact://2oun42tsj15l169m4rmez8wzl1x5djvn7syl9cto90q67w6njncmx9tqxku9vyyyepux5runsuswv5y2ohhfzv67jyhc587mpux4iskpdc3nyezkdc7g5yyftji1d6kd:latest/confusion_matrix_table.table.json", "_latest_artifact_path": "wandb-client-artifact://2oun42tsj15l169m4rmez8wzl1x5djvn7syl9cto90q67w6njncmx9tqxku9vyyyepux5runsuswv5y2ohhfzv67jyhc587mpux4iskpdc3nyezkdc7g5yyftji1d6kd:latest/confusion_matrix_table.table.json", "path": "media/table/confusion_matrix_table_39_32376d37b2fb94b92374.table.json", "ncols": 3, "nrows": 100}, "_wandb": {"runtime": 26}}