{"Epoch ": 24, "Training loss ": 0.17187808568248317, "Training accuracy ": 0.9352037037037036, "Validation loss ": 0.41423352331072794, "Validation accuracy ": 0.8868333333333334, "Testing loss ": 0.4233161485179933, "Testing accuracy ": 0.8795, "_timestamp": 1709129865.9963207, "_runtime": 352.53742361068726, "_step": 49, "confusion_matrix_table": {"_type": "table-file", "sha256": "760604dd73a8f8dd8e88687d067af49da3ecc3df057b1d8ae90f5ef23838af63", "size": 3170, "artifact_path": "wandb-client-artifact://0gnd1hcytwdyvmf8fxz9927zoil0cbxtmhuj20z01ln1f6tcyocgb4mpvtzq7fwojwvly2kinydl79g1ftuoptrykh3xknqyadtiv1f2e8vpgoc5vhwea8efsrm8mu2c:latest/confusion_matrix_table.table.json", "_latest_artifact_path": "wandb-client-artifact://0gnd1hcytwdyvmf8fxz9927zoil0cbxtmhuj20z01ln1f6tcyocgb4mpvtzq7fwojwvly2kinydl79g1ftuoptrykh3xknqyadtiv1f2e8vpgoc5vhwea8efsrm8mu2c:latest/confusion_matrix_table.table.json", "path": "media/table/confusion_matrix_table_49_760604dd73a8f8dd8e88.table.json", "ncols": 3, "nrows": 100}, "_wandb": {"runtime": 351}}