{"Epoch ": 29, "Training loss ": 0.29576166282163024, "Training accuracy ": 0.8945555555555555, "Validation loss ": 0.3544398637068464, "Validation accuracy ": 0.8723333333333333, "Testing loss ": 0.3709265479320797, "Testing accuracy ": 0.8679, "_timestamp": 1709406807.9062393, "_runtime": 136.64508724212646, "_step": 59, "confusion_matrix_table": {"_type": "table-file", "sha256": "2887630fa56a62ace73f1f7c959c695c0d89c0f2c0d7ffae46ba9a44a860f434", "size": 3172, "artifact_path": "wandb-client-artifact://4awh5dcw3xz13wpumkjsrwf764ixvxlqxdm1yg4cc0r6kv2kr1xuumk4khr6rr1g7zjtl6xso9ltr7faxj8cv4ukof5eyn0g260y14mdj37xnu23w9ie1ij7i4yd532a:latest/confusion_matrix_table.table.json", "_latest_artifact_path": "wandb-client-artifact://4awh5dcw3xz13wpumkjsrwf764ixvxlqxdm1yg4cc0r6kv2kr1xuumk4khr6rr1g7zjtl6xso9ltr7faxj8cv4ukof5eyn0g260y14mdj37xnu23w9ie1ij7i4yd532a:latest/confusion_matrix_table.table.json", "path": "media/table/confusion_matrix_table_59_2887630fa56a62ace73f.table.json", "ncols": 3, "nrows": 100}, "_wandb": {"runtime": 135}}