{"Epoch ": 4, "Training loss ": 0.4640179744463264, "Training accuracy ": 0.8354259259259259, "Validation loss ": 0.4868490253647456, "Validation accuracy ": 0.8331666666666667, "Testing loss ": 0.5028028804425771, "Testing accuracy ": 0.8216, "_timestamp": 1709102309.1677687, "_runtime": 74.10158967971802, "_step": 4, "_wandb": {"runtime": 73}}