{"Epoch ": 24, "Training loss ": 0.2673011167595057, "Training accuracy ": 0.917037037037037, "Validation loss ": 0.3502490572912307, "Validation accuracy ": 0.8996666666666666, "Testing loss ": 0.31991019707486557, "Testing accuracy ": 0.9072, "_timestamp": 1709497133.2686982, "_runtime": 319.8160831928253, "_step": 49, "confusion_matrix_table": {"_type": "table-file", "sha256": "417d3e344e2f1f671fd28bb236c535bf44eba284f6e8d08406e991ce865ada07", "size": 3181, "artifact_path": "wandb-client-artifact://mop5uhkqkfq1fjce36nao00fvwj850e5vu5xnbklzuwspn2g5q35mks1zwh6jlzrah728mkyc65cflptjruwoe53og5slyut7g73djkc7vti4ft0lwf2mfz45m9yv56a:latest/confusion_matrix_table.table.json", "_latest_artifact_path": "wandb-client-artifact://mop5uhkqkfq1fjce36nao00fvwj850e5vu5xnbklzuwspn2g5q35mks1zwh6jlzrah728mkyc65cflptjruwoe53og5slyut7g73djkc7vti4ft0lwf2mfz45m9yv56a:latest/confusion_matrix_table.table.json", "path": "media/table/confusion_matrix_table_49_417d3e344e2f1f671fd2.table.json", "ncols": 3, "nrows": 100}, "_wandb": {"runtime": 319}}