{"Epoch": 4, "Training loss": 2.3041775044687482, "Training accuracy": 0.1, "Validation loss": 2.304179595993441, "Validation accuracy": 0.1, "Testing loss": 2.30417802141192, "Testing accuracy": 0.1, "_timestamp": 1709120411.6747887, "_runtime": 15.792808771133423, "_step": 9, "confusion_matrix_table": {"_type": "table-file", "sha256": "08fe1c64df5b76934b26d06da88d1c97433567816ee39fc4f4fba51d2696f962", "size": 3152, "artifact_path": "wandb-client-artifact://djtp128niv19a8fu83zeakrruya2pslaex36wks0ea4p8jgaykyug53xhmpn2k3m7n8p3mr9oj0gvctkwy86y6ycnv350uzo3sokrvp52jo78w456bselfd215kw8qbv:latest/confusion_matrix_table.table.json", "_latest_artifact_path": "wandb-client-artifact://djtp128niv19a8fu83zeakrruya2pslaex36wks0ea4p8jgaykyug53xhmpn2k3m7n8p3mr9oj0gvctkwy86y6ycnv350uzo3sokrvp52jo78w456bselfd215kw8qbv:latest/confusion_matrix_table.table.json", "path": "media/table/confusion_matrix_table_9_08fe1c64df5b76934b26.table.json", "ncols": 3, "nrows": 100}, "_wandb": {"runtime": 15}}