{"Epoch ": 4, "Training loss ": 0.6150891544074614, "Training accuracy ": 0.8063888888888889, "Validation loss ": 0.6117054082143528, "Validation accuracy ": 0.8108333333333333, "Testing loss ": 0.6357478055233652, "Testing accuracy ": 0.7917, "_timestamp": 1709126757.5677018, "_runtime": 25.575559854507446, "_step": 9, "confusion_matrix_table": {"_type": "table-file", "sha256": "35667c9c3de4ec780f77b026061b78737be21028b9afc54b8990c4612a2ac33f", "size": 3182, "artifact_path": "wandb-client-artifact://ekj23nf8zejevhtdg3v0vxkiager6mu05kb5r86lcqd00ktj946xkh056ejei0p5nb6jakrozef93oo4ryzee8rwirrsfrnfrxgoanpkdrbhloebca0rjg53hv0i7lvx:latest/confusion_matrix_table.table.json", "_latest_artifact_path": "wandb-client-artifact://ekj23nf8zejevhtdg3v0vxkiager6mu05kb5r86lcqd00ktj946xkh056ejei0p5nb6jakrozef93oo4ryzee8rwirrsfrnfrxgoanpkdrbhloebca0rjg53hv0i7lvx:latest/confusion_matrix_table.table.json", "path": "media/table/confusion_matrix_table_9_35667c9c3de4ec780f77.table.json", "ncols": 3, "nrows": 100}, "_wandb": {"runtime": 24}}