{"Epoch ": 4, "Training loss ": 1.891802903910389, "Training accuracy ": 0.5380370370370371, "Validation loss ": 1.890415196425603, "Validation accuracy ": 0.544, "Testing loss ": 1.8958610786994308, "Testing accuracy ": 0.5296, "_timestamp": 1709133932.6280508, "_runtime": 13.74872875213623, "_step": 9, "confusion_matrix_table": {"_type": "table-file", "sha256": "b9281111213637119d4b48e6f6fa8e5a962872fb1d619351c44bccf18832e99e", "size": 3194, "artifact_path": "wandb-client-artifact://dkul4r2i7otqfjk3mrapoh45h0p0d3m57gpbbb0097aodmrlzc566sm2yt4wmjno2m3dyskfw89bz70i1v5z0uin9sbw30qmj2qwo5ot84v2phvh4a3drnmrlduxx8vc:latest/confusion_matrix_table.table.json", "_latest_artifact_path": "wandb-client-artifact://dkul4r2i7otqfjk3mrapoh45h0p0d3m57gpbbb0097aodmrlzc566sm2yt4wmjno2m3dyskfw89bz70i1v5z0uin9sbw30qmj2qwo5ot84v2phvh4a3drnmrlduxx8vc:latest/confusion_matrix_table.table.json", "path": "media/table/confusion_matrix_table_9_b9281111213637119d4b.table.json", "ncols": 3, "nrows": 100}, "_wandb": {"runtime": 13}}