{"Epoch ": 19, "Training loss ": 0.05346533229053018, "Training accuracy ": 0.9868148148148148, "Validation loss ": 0.09375529291668293, "Validation accuracy ": 0.9695, "Testing loss ": 0.08817220114376091, "Testing accuracy ": 0.9732, "_timestamp": 1709487107.9271557, "_runtime": 175.22804474830627, "_step": 39, "confusion_matrix_table": {"_type": "table-file", "sha256": "35e9841e5b5fa733f922bc11079b86b7aa28a51746202f600946f787340ab9d2", "size": 3147, "artifact_path": "wandb-client-artifact://nbbqcuhs44dlj31ujk45xg9cxdonnpa3kkcy59holl4ihs7tgp0436ccztu1wew635ow03tcu7bzakq9oecji5d9kpvwmd0rimcejaisd3q8dqh1pfz1hf6pj2tzy6a1:latest/confusion_matrix_table.table.json", "_latest_artifact_path": "wandb-client-artifact://nbbqcuhs44dlj31ujk45xg9cxdonnpa3kkcy59holl4ihs7tgp0436ccztu1wew635ow03tcu7bzakq9oecji5d9kpvwmd0rimcejaisd3q8dqh1pfz1hf6pj2tzy6a1:latest/confusion_matrix_table.table.json", "path": "media/table/confusion_matrix_table_39_35e9841e5b5fa733f922.table.json", "ncols": 3, "nrows": 100}, "_wandb": {"runtime": 174}}