{"Epoch ": 9, "Training loss ": 0.9727021980765771, "Training accuracy ": 0.36264814814814816, "Validation loss ": 0.9765128202876021, "Validation accuracy ": 0.36333333333333334, "Testing loss ": 0.9767451675422649, "Testing accuracy ": 0.3598, "_timestamp": 1709312547.3518703, "_runtime": 52.67838430404663, "_step": 19, "confusion_matrix_table": {"_type": "table-file", "sha256": "1e93e11b0b1305bfdb58ed66360df73c4711ded87171f617cf75ce3b6056f635", "size": 3165, "artifact_path": "wandb-client-artifact://cuibx49092hlbd72ubpq90byhfs3t2b4vkf8p82yrraqji5gqo2w5mgn62v9epc4cw53o7p13woxi751q5h5zcxiq2mluambhevyatg4cyzc0kt8n30rye17c0n4mjmd:latest/confusion_matrix_table.table.json", "_latest_artifact_path": "wandb-client-artifact://cuibx49092hlbd72ubpq90byhfs3t2b4vkf8p82yrraqji5gqo2w5mgn62v9epc4cw53o7p13woxi751q5h5zcxiq2mluambhevyatg4cyzc0kt8n30rye17c0n4mjmd:latest/confusion_matrix_table.table.json", "path": "media/table/confusion_matrix_table_19_1e93e11b0b1305bfdb58.table.json", "ncols": 3, "nrows": 100}, "_wandb": {"runtime": 51}}