{"Epoch ": 14, "Training loss ": 0.25026846003847597, "Training accuracy ": 0.9075925925925926, "Validation loss ": 0.3203406848917468, "Validation accuracy ": 0.8826666666666667, "Testing loss ": 0.3442575754062844, "Testing accuracy ": 0.8738, "_timestamp": 1709633896.3633785, "_runtime": 93.7851574420929, "_step": 29, "confusion_matrix_table": {"_type": "table-file", "sha256": "a9b73636d36c015d97caa3ebf853a9e58578dd5529ae7dd9fc1a78d8f19cbd2c", "size": 3169, "artifact_path": "wandb-client-artifact://erf4nxl17iosrass8yvtfkcvwpj5r29rsu3lc3w897jxqecwa7dybuyjuvo1jhye0cdfe29hm37p3dw6akk9ggfgjc5likw4qr8g2srlhfc6kc2gaqwaeeodhmu0g6ar:latest/confusion_matrix_table.table.json", "_latest_artifact_path": "wandb-client-artifact://erf4nxl17iosrass8yvtfkcvwpj5r29rsu3lc3w897jxqecwa7dybuyjuvo1jhye0cdfe29hm37p3dw6akk9ggfgjc5likw4qr8g2srlhfc6kc2gaqwaeeodhmu0g6ar:latest/confusion_matrix_table.table.json", "path": "media/table/confusion_matrix_table_29_a9b73636d36c015d97ca.table.json", "ncols": 3, "nrows": 100}, "_wandb": {"runtime": 93}}