{"Epoch ": 9, "Training loss ": 0.23617920641860957, "Training accuracy ": 0.856574074074074, "Validation loss ": 0.24236069743515481, "Validation accuracy ": 0.8516666666666667, "Testing loss ": 0.22893238364782986, "Testing accuracy ": 0.8626, "_timestamp": 1709534112.9326408, "_runtime": 260.2796359062195, "_step": 19, "confusion_matrix_table": {"_type": "table-file", "sha256": "d92ab89ff1f1bfbf732459bfa1528084c59921f001c8fb9386196168d68d8807", "size": 3181, "artifact_path": "wandb-client-artifact://1g50s3x371yhzngg7rwwbyzrmj0vaapr2ewh5c61awqq2iwx1mzeuq0sub2eo1i7q8nqjorlk5ux98m58gkpex6vv1md7rhwyy9gz7jwmbt31xdqnlrfmkbdj6ve8fgf:latest/confusion_matrix_table.table.json", "_latest_artifact_path": "wandb-client-artifact://1g50s3x371yhzngg7rwwbyzrmj0vaapr2ewh5c61awqq2iwx1mzeuq0sub2eo1i7q8nqjorlk5ux98m58gkpex6vv1md7rhwyy9gz7jwmbt31xdqnlrfmkbdj6ve8fgf:latest/confusion_matrix_table.table.json", "path": "media/table/confusion_matrix_table_19_d92ab89ff1f1bfbf7324.table.json", "ncols": 3, "nrows": 100}, "_wandb": {"runtime": 259}}