{"Epoch": 19, "Training loss": 0.4766321527364891, "Training accuracy": 0.8343888888888888, "Validation loss": 0.47500929564628336, "Validation accuracy": 0.8338333333333333, "Testing loss": 0.5093742198013419, "Testing accuracy": 0.8233, "_timestamp": 1709122348.6566412, "_runtime": 35.53925824165344, "_step": 39, "confusion_matrix_table": {"_type": "table-file", "sha256": "c6a365e5d78195d0d1be6acc93f7fb1a49b93e97709bd72b1ba786f88a620959", "size": 3175, "artifact_path": "wandb-client-artifact://u4bgf02teecs16z4fjtkj74gj98nr18w6lcvj1gex53gb96lpyv2i4v5aithp0g03trvjbf78lvs81wws64i4cwxe0ie41f5pqb8lu0xqdbhiepb0osleunafnjecqnt:latest/confusion_matrix_table.table.json", "_latest_artifact_path": "wandb-client-artifact://u4bgf02teecs16z4fjtkj74gj98nr18w6lcvj1gex53gb96lpyv2i4v5aithp0g03trvjbf78lvs81wws64i4cwxe0ie41f5pqb8lu0xqdbhiepb0osleunafnjecqnt:latest/confusion_matrix_table.table.json", "path": "media/table/confusion_matrix_table_39_c6a365e5d78195d0d1be.table.json", "ncols": 3, "nrows": 100}, "_wandb": {"runtime": 34}}