{"Epoch ": 4, "Training loss ": 2.2407881280428708, "Training accuracy ": 0.41425925925925927, "Validation loss ": 2.2401954257289263, "Validation accuracy ": 0.4101666666666667, "Testing loss ": 2.2409304653859192, "Testing accuracy ": 0.4096, "_timestamp": 1709448619.5610464, "_runtime": 19.607600450515747, "_step": 9, "confusion_matrix_table": {"_type": "table-file", "sha256": "6168a82f120afb0023465c5340f6133b88c4429e49ee3d3feaa725f566793f97", "size": 3200, "artifact_path": "wandb-client-artifact://4t4e6r8m52wbba2kkry9gya11e4sq0kvjtfudbmkabf4tje5l0pywwpgj27rln58mkxqslxb299o8b3x6hsilyyewg22dnwsgk8g4y5ga28uu8cvjai39ky08ewm7bof:latest/confusion_matrix_table.table.json", "_latest_artifact_path": "wandb-client-artifact://4t4e6r8m52wbba2kkry9gya11e4sq0kvjtfudbmkabf4tje5l0pywwpgj27rln58mkxqslxb299o8b3x6hsilyyewg22dnwsgk8g4y5ga28uu8cvjai39ky08ewm7bof:latest/confusion_matrix_table.table.json", "path": "media/table/confusion_matrix_table_9_6168a82f120afb002346.table.json", "ncols": 3, "nrows": 100}, "_wandb": {"runtime": 18}}