{"Epoch ": 29, "Training loss ": 2.3014436601148014, "Training accuracy ": 0.11374074074074074, "Validation loss ": 2.3028576485092946, "Validation accuracy ": 0.1, "Testing loss ": 2.301522580562331, "Testing accuracy ": 0.1135, "_timestamp": 1709496342.7196298, "_runtime": 124.92539072036743, "_step": 59, "confusion_matrix_table": {"_type": "table-file", "sha256": "d1569761db429b76055faeaf2e107bee2147105aec334a738d9337d7991aa86c", "size": 3147, "artifact_path": "wandb-client-artifact://ix8x1wm4hc1pf6bmgafbgxlxb0a6ndn5a5fn6ur8ydgftou4ska8ny4f2uid09uey3e8xmdbjcgpzaeeauu42xb9mee5cft9elqha1mei061ll142vxv0dl7jfw8rz5b:latest/confusion_matrix_table.table.json", "_latest_artifact_path": "wandb-client-artifact://ix8x1wm4hc1pf6bmgafbgxlxb0a6ndn5a5fn6ur8ydgftou4ska8ny4f2uid09uey3e8xmdbjcgpzaeeauu42xb9mee5cft9elqha1mei061ll142vxv0dl7jfw8rz5b:latest/confusion_matrix_table.table.json", "path": "media/table/confusion_matrix_table_59_d1569761db429b76055f.table.json", "ncols": 3, "nrows": 100}, "_wandb": {"runtime": 124}}