{"Epoch ": 29, "Training loss ": 0.15574667473814843, "Training accuracy ": 0.9431851851851852, "Validation loss ": 0.36970586605149525, "Validation accuracy ": 0.8875, "Testing loss ": 0.4019048328696066, "Testing accuracy ": 0.8798, "_timestamp": 1709307957.7099538, "_runtime": 165.72544980049133, "_step": 59, "confusion_matrix_table": {"_type": "table-file", "sha256": "75dc453c597025d261626017607ddf2ba01df24de5ba5f2503520e795447f27a", "size": 3169, "artifact_path": "wandb-client-artifact://7ki2c8no4v2v2l970ow1nwcsn54lic46k818fa3k3p1mhru3u6ncl9jsj5clk793ndw4aa0pnqiy2xn05g50bhrpc9c5u6fnvy17s57khbh8ovvjuv4h3jrqyd3z4wmf:latest/confusion_matrix_table.table.json", "_latest_artifact_path": "wandb-client-artifact://7ki2c8no4v2v2l970ow1nwcsn54lic46k818fa3k3p1mhru3u6ncl9jsj5clk793ndw4aa0pnqiy2xn05g50bhrpc9c5u6fnvy17s57khbh8ovvjuv4h3jrqyd3z4wmf:latest/confusion_matrix_table.table.json", "path": "media/table/confusion_matrix_table_59_75dc453c597025d26162.table.json", "ncols": 3, "nrows": 100}, "_wandb": {"runtime": 164}}