{"Epoch ": 29, "Training loss ": 0.13885524828730694, "Training accuracy ": 0.9602592592592593, "Validation loss ": 0.1658404350394919, "Validation accuracy ": 0.9563333333333334, "Testing loss ": 0.15548709340335884, "Testing accuracy ": 0.9556, "_timestamp": 1709496291.961208, "_runtime": 77.12193202972412, "_step": 59, "confusion_matrix_table": {"_type": "table-file", "sha256": "348be266cbcb1a5366838eee2ff5965eb480a33e6077f785e71da823bad8c065", "size": 3160, "artifact_path": "wandb-client-artifact://b1j7wnyo3u33i0lta22hb621l8961dhgx6yehmaaymwm1o2xq02vru4zsmfcm9nz6zht47b7ow4fkc64joeyfrb1que7jblvyg9hf3zn3doszz5wrhdhixrl97tf8ia6:latest/confusion_matrix_table.table.json", "_latest_artifact_path": "wandb-client-artifact://b1j7wnyo3u33i0lta22hb621l8961dhgx6yehmaaymwm1o2xq02vru4zsmfcm9nz6zht47b7ow4fkc64joeyfrb1que7jblvyg9hf3zn3doszz5wrhdhixrl97tf8ia6:latest/confusion_matrix_table.table.json", "path": "media/table/confusion_matrix_table_59_348be266cbcb1a536683.table.json", "ncols": 3, "nrows": 100}, "_wandb": {"runtime": 76}}