{"Epoch ": 4, "Training loss ": 0.19878324553944984, "Training accuracy ": 0.8614074074074074, "Validation loss ": 0.21281079369742706, "Validation accuracy ": 0.8488333333333333, "Testing loss ": 0.22060663070964856, "Testing accuracy ": 0.8444, "_timestamp": 1709565955.824996, "_runtime": 170.0669651031494, "_step": 9, "confusion_matrix_table": {"_type": "table-file", "sha256": "0fb761dd5b05e2cf9ea0b1df700226181ad61783219e6dfcb75613672f88acce", "size": 3176, "artifact_path": "wandb-client-artifact://y5jhdp9phoximdtjpx330qsz82tiqlz3b9a3gmapehurvozijjf8u1juwy60vxm2l94zmtwknk5sz6acoelob6q4dbjp54moykpvv1vl80y8uwrp2oq4e0nr9jv4tnxp:latest/confusion_matrix_table.table.json", "_latest_artifact_path": "wandb-client-artifact://y5jhdp9phoximdtjpx330qsz82tiqlz3b9a3gmapehurvozijjf8u1juwy60vxm2l94zmtwknk5sz6acoelob6q4dbjp54moykpvv1vl80y8uwrp2oq4e0nr9jv4tnxp:latest/confusion_matrix_table.table.json", "path": "media/table/confusion_matrix_table_9_0fb761dd5b05e2cf9ea0.table.json", "ncols": 3, "nrows": 100}, "_wandb": {"runtime": 169}}