{"Epoch ": 24, "Training loss ": 0.18524124466951283, "Training accuracy ": 0.9301851851851852, "Validation loss ": 0.3067842120231257, "Validation accuracy ": 0.8931666666666667, "Testing loss ": 0.3416199923752544, "Testing accuracy ": 0.8842, "_timestamp": 1709408019.6810386, "_runtime": 100.46810960769653, "_step": 49, "confusion_matrix_table": {"_type": "table-file", "sha256": "37cc8c511ce3c9e7f949f246e640d3c99ef37b0ef7f646bf002e7ed5ed53c05b", "size": 3169, "artifact_path": "wandb-client-artifact://wlz9vtosnv9l67odgf6gpu4u49igkpu6iz859qs9ca362oquc8a1cp8szqeb4fa5ju5fdr2ud0uvp4ldps8tvvgsoh5urluimhnsx14x4wxevx5dh54dgwiu5brvnjr8:latest/confusion_matrix_table.table.json", "_latest_artifact_path": "wandb-client-artifact://wlz9vtosnv9l67odgf6gpu4u49igkpu6iz859qs9ca362oquc8a1cp8szqeb4fa5ju5fdr2ud0uvp4ldps8tvvgsoh5urluimhnsx14x4wxevx5dh54dgwiu5brvnjr8:latest/confusion_matrix_table.table.json", "path": "media/table/confusion_matrix_table_49_37cc8c511ce3c9e7f949.table.json", "ncols": 3, "nrows": 100}, "_wandb": {"runtime": 99}}