{"Epoch ": 19, "Training loss ": 0.27766648448592335, "Training accuracy ": 0.9004629629629629, "Validation loss ": 0.384307816205272, "Validation accuracy ": 0.8728333333333333, "Testing loss ": 0.4094882651908406, "Testing accuracy ": 0.8644, "_timestamp": 1709475331.5724387, "_runtime": 49.56527376174927, "_step": 39, "confusion_matrix_table": {"_type": "table-file", "sha256": "acbe9669dc756d9a0c512bdf41dca016247550ca00338b873996c5438c08a4f9", "size": 3170, "artifact_path": "wandb-client-artifact://95utzb5t34e97a53u3u5f733bbmri2ad9f41jv80r45eat47pm91mes0if3rb0f2m8o45twjhlwbmo8gzwf61w4edkepge91kd6jov0gi58ptgapd4xmh29cpoubvpi4:latest/confusion_matrix_table.table.json", "_latest_artifact_path": "wandb-client-artifact://95utzb5t34e97a53u3u5f733bbmri2ad9f41jv80r45eat47pm91mes0if3rb0f2m8o45twjhlwbmo8gzwf61w4edkepge91kd6jov0gi58ptgapd4xmh29cpoubvpi4:latest/confusion_matrix_table.table.json", "path": "media/table/confusion_matrix_table_39_acbe9669dc756d9a0c51.table.json", "ncols": 3, "nrows": 100}, "_wandb": {"runtime": 48}}