{"Epoch ": 24, "Training loss ": 0.15442284508556597, "Training accuracy ": 0.8943518518518518, "Validation loss ": 0.17652780282434768, "Validation accuracy ": 0.8755, "Testing loss ": 0.189832479758495, "Testing accuracy ": 0.8686, "_timestamp": 1709150466.5169034, "_runtime": 47.346808433532715, "_step": 49, "confusion_matrix_table": {"_type": "table-file", "sha256": "99d87975fe788f5d4de0753af386691e34fd2225b344384b5e952b0984b0512b", "size": 3172, "artifact_path": "wandb-client-artifact://pfgdecsvglrq0j377u9xbt0k5y44m6qs3hxdw33ryaa6jqax97hbmjpptmy0mw6ij1claxvb4sv2kv4mm6tzthzyshdfvc399998bb9rcwig9s1kh97rnsjeywb9ee6t:latest/confusion_matrix_table.table.json", "_latest_artifact_path": "wandb-client-artifact://pfgdecsvglrq0j377u9xbt0k5y44m6qs3hxdw33ryaa6jqax97hbmjpptmy0mw6ij1claxvb4sv2kv4mm6tzthzyshdfvc399998bb9rcwig9s1kh97rnsjeywb9ee6t:latest/confusion_matrix_table.table.json", "path": "media/table/confusion_matrix_table_49_99d87975fe788f5d4de0.table.json", "ncols": 3, "nrows": 100}, "_wandb": {"runtime": 46}}