{"Epoch ": 4, "Training loss ": 0.7133659832240402, "Training accuracy ": 0.7493888888888889, "Validation loss ": 0.7299612359872223, "Validation accuracy ": 0.7476666666666667, "Testing loss ": 0.732481043084405, "Testing accuracy ": 0.7404, "_timestamp": 1709313113.2675126, "_runtime": 43.761770486831665, "_step": 9, "confusion_matrix_table": {"_type": "table-file", "sha256": "54fe6f6266963090e24d209145447d6eb3961e31eae5647787c36a9e24565aad", "size": 3187, "artifact_path": "wandb-client-artifact://adwrknfkoy1hb04lzf0029on6007aat4nhpx90fvxpckkjh1ao3mrqs7iginxoqhbqe7k0xc9uyhkc3htoqqcolnbhhgrrsvl8ek2bpr3whl3pcq175bggot7f7fo0wz:latest/confusion_matrix_table.table.json", "_latest_artifact_path": "wandb-client-artifact://adwrknfkoy1hb04lzf0029on6007aat4nhpx90fvxpckkjh1ao3mrqs7iginxoqhbqe7k0xc9uyhkc3htoqqcolnbhhgrrsvl8ek2bpr3whl3pcq175bggot7f7fo0wz:latest/confusion_matrix_table.table.json", "path": "media/table/confusion_matrix_table_9_54fe6f6266963090e24d.table.json", "ncols": 3, "nrows": 100}, "_wandb": {"runtime": 42}}