{"Epoch ": 4, "Training loss ": 0.18193516671316257, "Training accuracy ": 0.873462962962963, "Validation loss ": 0.1841695605286305, "Validation accuracy ": 0.8721666666666666, "Testing loss ": 0.204501132331031, "Testing accuracy ": 0.8585, "_timestamp": 1709629014.8568623, "_runtime": 25.63132119178772, "_step": 9, "confusion_matrix_table": {"_type": "table-file", "sha256": "b2fe37dd791ff393d9742a3741869ffed52877032f83023ae67ac788d3c6db7b", "size": 3173, "artifact_path": "wandb-client-artifact://su3fuf8o2pbb9eqmyh1tkesjq27cdnea3c4v0nmacwmd2s967yg1giib1j7yhgqmbypbfy9der9e8vidfi1y2ga2ubddj9wwoj88hta73x5zmrlsl87ttd0mjtqp3sml:latest/confusion_matrix_table.table.json", "_latest_artifact_path": "wandb-client-artifact://su3fuf8o2pbb9eqmyh1tkesjq27cdnea3c4v0nmacwmd2s967yg1giib1j7yhgqmbypbfy9der9e8vidfi1y2ga2ubddj9wwoj88hta73x5zmrlsl87ttd0mjtqp3sml:latest/confusion_matrix_table.table.json", "path": "media/table/confusion_matrix_table_9_b2fe37dd791ff393d974.table.json", "ncols": 3, "nrows": 100}, "_wandb": {"runtime": 24}}