{"Epoch ": 9, "Training loss ": 0.16971619687764972, "Training accuracy ": 0.8796851851851852, "Validation loss ": 0.18857209901894137, "Validation accuracy ": 0.8653333333333333, "Testing loss ": 0.20953818486863338, "Testing accuracy ": 0.8513, "_timestamp": 1709580734.2743585, "_runtime": 249.24451446533203, "_step": 19, "confusion_matrix_table": {"_type": "table-file", "sha256": "19f566db89e343d06bdaf8d0eb5f74e25f9bf121039a9da624b1a78da1df756f", "size": 3174, "artifact_path": "wandb-client-artifact://2vc9gp2m9uphomg60hbs4q02akz7z7zigf9t8bftk1iyg641xogr3yau907qrqc1uzfzo9nxow5l5u28nltj3mqyf0f1mcgjg7jd8bovdfvqib64jrf4v92pq8yx4vha:latest/confusion_matrix_table.table.json", "_latest_artifact_path": "wandb-client-artifact://2vc9gp2m9uphomg60hbs4q02akz7z7zigf9t8bftk1iyg641xogr3yau907qrqc1uzfzo9nxow5l5u28nltj3mqyf0f1mcgjg7jd8bovdfvqib64jrf4v92pq8yx4vha:latest/confusion_matrix_table.table.json", "path": "media/table/confusion_matrix_table_19_19f566db89e343d06bda.table.json", "ncols": 3, "nrows": 100}, "_wandb": {"runtime": 248}}