{"Epoch ": 14, "Training loss ": 0.1686703883072516, "Training accuracy ": 0.8847037037037037, "Validation loss ": 0.18115787810753387, "Validation accuracy ": 0.8773333333333333, "Testing loss ": 0.19801892930356968, "Testing accuracy ": 0.8616, "_timestamp": 1709308771.6595156, "_runtime": 47.94261050224304, "_step": 29, "confusion_matrix_table": {"_type": "table-file", "sha256": "ffa81e63cceb3e27abc756937c5daaf43007f80d6da510b65ed7a8f8b63e4a6e", "size": 3175, "artifact_path": "wandb-client-artifact://icam80exy2qi7stac6vm9qpmj6tfe8slysc38syjimk1yia95qzjkn459dx43c60tkj77nc866zr2xmnh4sjwi0inyc2azl040oltstxwc7r2qjykfv35cdy4nropddn:latest/confusion_matrix_table.table.json", "_latest_artifact_path": "wandb-client-artifact://icam80exy2qi7stac6vm9qpmj6tfe8slysc38syjimk1yia95qzjkn459dx43c60tkj77nc866zr2xmnh4sjwi0inyc2azl040oltstxwc7r2qjykfv35cdy4nropddn:latest/confusion_matrix_table.table.json", "path": "media/table/confusion_matrix_table_29_ffa81e63cceb3e27abc7.table.json", "ncols": 3, "nrows": 100}, "_wandb": {"runtime": 47}}