{"Epoch ": 19, "Training loss ": 1.905964756296034, "Training accuracy ": 0.5025555555555555, "Validation loss ": 1.9171132768196963, "Validation accuracy ": 0.4995, "Testing loss ": 1.8983808585888067, "Testing accuracy ": 0.5122, "_timestamp": 1709491602.153651, "_runtime": 55.60364389419556, "_step": 39, "confusion_matrix_table": {"_type": "table-file", "sha256": "11553483d02883808c412ef643d5c71436532cfe4c429d88217496fb944e5404", "size": 3196, "artifact_path": "wandb-client-artifact://8iv01jqznemth1z5irtp1i9lfrv72i19e8n58flrc93z01aymdvngcw0uyundeclvrr9lb5xlahgi22fcocdd6jjnsk9089u2wn5g9ohzn75kwhcm1x6p1y64jsflxdt:latest/confusion_matrix_table.table.json", "_latest_artifact_path": "wandb-client-artifact://8iv01jqznemth1z5irtp1i9lfrv72i19e8n58flrc93z01aymdvngcw0uyundeclvrr9lb5xlahgi22fcocdd6jjnsk9089u2wn5g9ohzn75kwhcm1x6p1y64jsflxdt:latest/confusion_matrix_table.table.json", "path": "media/table/confusion_matrix_table_39_11553483d02883808c41.table.json", "ncols": 3, "nrows": 100}, "_wandb": {"runtime": 54}}