{"Epoch ": 29, "Training loss ": 0.30963436669145133, "Training accuracy ": 0.7850925925925926, "Validation loss ": 0.3079960499315196, "Validation accuracy ": 0.789, "Testing loss ": 0.31839978517402834, "Testing accuracy ": 0.7767, "_timestamp": 1709314126.387297, "_runtime": 179.4595718383789, "_step": 59, "confusion_matrix_table": {"_type": "table-file", "sha256": "270db72bf7bc366d184a0e75b2b5315dae04d0bd942a0685f103c822f140ac2a", "size": 3177, "artifact_path": "wandb-client-artifact://bn4i6jqd7afphx1nnwj4cbg1uoh4d4dr6f5ebxe4enytk0w9d8w5f0kfytbiom15t9hvoauphj0gtjgrfkzk328slch7bbjhrtglr2bpzi2646m51z5a60dm4di4kgr6:latest/confusion_matrix_table.table.json", "_latest_artifact_path": "wandb-client-artifact://bn4i6jqd7afphx1nnwj4cbg1uoh4d4dr6f5ebxe4enytk0w9d8w5f0kfytbiom15t9hvoauphj0gtjgrfkzk328slch7bbjhrtglr2bpzi2646m51z5a60dm4di4kgr6:latest/confusion_matrix_table.table.json", "path": "media/table/confusion_matrix_table_59_270db72bf7bc366d184a.table.json", "ncols": 3, "nrows": 100}, "_wandb": {"runtime": 178}}