{"Epoch ": 9, "Training loss ": 0.313159346045205, "Training accuracy ": 0.8867037037037037, "Validation loss ": 0.3456066080486183, "Validation accuracy ": 0.8758333333333334, "Testing loss ": 0.3815268376091124, "Testing accuracy ": 0.8623, "_timestamp": 1709452239.6346672, "_runtime": 21.989354133605957, "_step": 19, "confusion_matrix_table": {"_type": "table-file", "sha256": "5ffaeeaf73d5adbd2997c752864baedb6852e33d2ab2c7df9864bf77b6fb0c00", "size": 3172, "artifact_path": "wandb-client-artifact://8fp98ll6uhtbwppn2w890ngo8a7yy8nh32a6o4rlteo6jn4za20pgmyxqgztpjbhi5ax5fdyi28ywiqxk8hnd7eh6ajwcdghwmw8ncebbi1iznyti92kqcar7i05238f:latest/confusion_matrix_table.table.json", "_latest_artifact_path": "wandb-client-artifact://8fp98ll6uhtbwppn2w890ngo8a7yy8nh32a6o4rlteo6jn4za20pgmyxqgztpjbhi5ax5fdyi28ywiqxk8hnd7eh6ajwcdghwmw8ncebbi1iznyti92kqcar7i05238f:latest/confusion_matrix_table.table.json", "path": "media/table/confusion_matrix_table_19_5ffaeeaf73d5adbd2997.table.json", "ncols": 3, "nrows": 100}, "_wandb": {"runtime": 21}}