{"Epoch ": 4, "Training loss ": 2.3027393555942606, "Training accuracy ": 0.1, "Validation loss ": 2.3027393555942597, "Validation accuracy ": 0.1, "Testing loss ": 2.30273935559426, "Testing accuracy ": 0.1, "_timestamp": 1709130624.0776784, "_runtime": 47.82354545593262, "_step": 9, "confusion_matrix_table": {"_type": "table-file", "sha256": "14aba07669112483f4c4ff17d067555ba1f0fe451130bd585ffc3d5776033d9c", "size": 3152, "artifact_path": "wandb-client-artifact://pz4fl91hrufwimvu7bmtcddz4jbpo5o68lavgxg65c5w9tltqg559xb6x0bkeayjdd5b6m1s69k83p3z65b6rwl0os7n6dy10rvarp8dscz28gddgb5jxdumme7sgoxf:latest/confusion_matrix_table.table.json", "_latest_artifact_path": "wandb-client-artifact://pz4fl91hrufwimvu7bmtcddz4jbpo5o68lavgxg65c5w9tltqg559xb6x0bkeayjdd5b6m1s69k83p3z65b6rwl0os7n6dy10rvarp8dscz28gddgb5jxdumme7sgoxf:latest/confusion_matrix_table.table.json", "path": "media/table/confusion_matrix_table_9_14aba07669112483f4c4.table.json", "ncols": 3, "nrows": 100}, "_wandb": {"runtime": 46}}