{"Epoch ": 4, "Training loss ": 1.951203568323926, "Training accuracy ": 0.35009259259259257, "Validation loss ": 1.9527519082505944, "Validation accuracy ": 0.352, "Testing loss ": 1.9561619892587851, "Testing accuracy ": 0.3534, "_timestamp": 1709304989.9015741, "_runtime": 32.948087215423584, "_step": 9, "confusion_matrix_table": {"_type": "table-file", "sha256": "988004193d76cb8f0b489af575ded6e5373096f62b7427095260775428c55566", "size": 3225, "artifact_path": "wandb-client-artifact://cbgm8vhxp924thnvssv2kjmweyu34sgqzij6xlwxegejy0qz2mt9ffrs8kyq5zugk74zhem2xgenfj1kx5ky7azu3a7l9n3zu8znvumckgu4xftlk5wjdjywztxxc8fy:latest/confusion_matrix_table.table.json", "_latest_artifact_path": "wandb-client-artifact://cbgm8vhxp924thnvssv2kjmweyu34sgqzij6xlwxegejy0qz2mt9ffrs8kyq5zugk74zhem2xgenfj1kx5ky7azu3a7l9n3zu8znvumckgu4xftlk5wjdjywztxxc8fy:latest/confusion_matrix_table.table.json", "path": "media/table/confusion_matrix_table_9_988004193d76cb8f0b48.table.json", "ncols": 3, "nrows": 100}, "_wandb": {"runtime": 32}}