{"Epoch ": 19, "Training loss ": 0.20087590498671415, "Training accuracy ": 0.8614259259259259, "Validation loss ": 0.21870640965894336, "Validation accuracy ": 0.8471666666666666, "Testing loss ": 0.22591910485061853, "Testing accuracy ": 0.8401, "_timestamp": 1709149818.8061802, "_runtime": 47.42418432235718, "_step": 39, "confusion_matrix_table": {"_type": "table-file", "sha256": "1aca9bec969ae46da29b1b2db7d4d3236e9deb5046d5a8a70f2c155669ecd8fc", "size": 3174, "artifact_path": "wandb-client-artifact://gho4s9ju963ut8vjq5pnq9l0eka3zcigxfl1c39rr1vc06re12j7qi0n9b4safmlgbinf9pmknki18mcirugtug78bvrpl5j74samaa0e4o4oxnsvpy9k3t38wr3dnos:latest/confusion_matrix_table.table.json", "_latest_artifact_path": "wandb-client-artifact://gho4s9ju963ut8vjq5pnq9l0eka3zcigxfl1c39rr1vc06re12j7qi0n9b4safmlgbinf9pmknki18mcirugtug78bvrpl5j74samaa0e4o4oxnsvpy9k3t38wr3dnos:latest/confusion_matrix_table.table.json", "path": "media/table/confusion_matrix_table_39_1aca9bec969ae46da29b.table.json", "ncols": 3, "nrows": 100}, "_wandb": {"runtime": 46}}