{"Epoch ": 4, "Training loss ": 0.650119209536235, "Training accuracy ": 0.45314814814814813, "Validation loss ": 0.6611789172069334, "Validation accuracy ": 0.44533333333333336, "Testing loss ": 0.6574001335969833, "Testing accuracy ": 0.4485, "_timestamp": 1709401269.700759, "_runtime": 32.69215703010559, "_step": 9, "confusion_matrix_table": {"_type": "table-file", "sha256": "e157c829183945b11e35c19df0e98f7614ce49f2df2996d0b5959037a1c9aab6", "size": 3169, "artifact_path": "wandb-client-artifact://6hs6khmn6ogp56yoscomq718fptsl6qtdsbrxq22dwcb6201qezqmypcd4wslor24k70vzqmqtw07zo1cmgd79m164a05gek2g44obqujboqru39lp606uqajo023z3f:latest/confusion_matrix_table.table.json", "_latest_artifact_path": "wandb-client-artifact://6hs6khmn6ogp56yoscomq718fptsl6qtdsbrxq22dwcb6201qezqmypcd4wslor24k70vzqmqtw07zo1cmgd79m164a05gek2g44obqujboqru39lp606uqajo023z3f:latest/confusion_matrix_table.table.json", "path": "media/table/confusion_matrix_table_9_e157c829183945b11e35.table.json", "ncols": 3, "nrows": 100}, "_wandb": {"runtime": 31}}