{"Epoch ": 9, "Training loss ": 0.5987188782049565, "Training accuracy ": 0.8038703703703703, "Validation loss ": 0.611851088356487, "Validation accuracy ": 0.8033333333333333, "Testing loss ": 0.6227445500691802, "Testing accuracy ": 0.7926, "_timestamp": 1709098253.7624347, "_runtime": 30.218902826309204, "_step": 9, "_wandb": {"runtime": 29}}