{"Epoch ": 9, "Training loss ": 1.0054095022778886, "Training accuracy ": 0.3869444444444444, "Validation loss ": 1.00527509220593, "Validation accuracy ": 0.38483333333333336, "Testing loss ": 1.0117289301319938, "Testing accuracy ": 0.3838, "_timestamp": 1709145146.6982303, "_runtime": 46.01504921913147, "_step": 19, "confusion_matrix_table": {"_type": "table-file", "sha256": "54614dd638921ad6598bb06d286df193dd6391d0660a3323d7fd2003837c9301", "size": 3153, "artifact_path": "wandb-client-artifact://2nco9zb2uinwselyjaja8odbtokzojkprt6qg9vlbdeohwe4npumam4tfv4msexnlk5biccv9ogvgtwl1x15xj3r9sgylj2nz1bsslct9bfoodps4rvhzztxd4vpux5x:latest/confusion_matrix_table.table.json", "_latest_artifact_path": "wandb-client-artifact://2nco9zb2uinwselyjaja8odbtokzojkprt6qg9vlbdeohwe4npumam4tfv4msexnlk5biccv9ogvgtwl1x15xj3r9sgylj2nz1bsslct9bfoodps4rvhzztxd4vpux5x:latest/confusion_matrix_table.table.json", "path": "media/table/confusion_matrix_table_19_54614dd638921ad6598b.table.json", "ncols": 3, "nrows": 100}, "_wandb": {"runtime": 45}}