{"Epoch ": 14, "Training loss ": 0.18462393070686872, "Training accuracy ": 0.8750370370370371, "Validation loss ": 0.19784909207073706, "Validation accuracy ": 0.8616666666666667, "Testing loss ": 0.2065954944591756, "Testing accuracy ": 0.8587, "_timestamp": 1709575618.4589624, "_runtime": 232.38874650001526, "_step": 29, "confusion_matrix_table": {"_type": "table-file", "sha256": "430cc1a72c54b6158339e84f9b837173fc0b399dd6eac7da254b88cd40cf5cc3", "size": 3174, "artifact_path": "wandb-client-artifact://4wsaxmcrp17dclqs8vqb2jgjcg0iyiyguvl24uxdxedfwmb5xvjakvytbekeh53zxxg7hiur00m0rp2nw3jzas1ddyegqi8fbc47bxemd95y2jvedupz1986y5g5ftvx:latest/confusion_matrix_table.table.json", "_latest_artifact_path": "wandb-client-artifact://4wsaxmcrp17dclqs8vqb2jgjcg0iyiyguvl24uxdxedfwmb5xvjakvytbekeh53zxxg7hiur00m0rp2nw3jzas1ddyegqi8fbc47bxemd95y2jvedupz1986y5g5ftvx:latest/confusion_matrix_table.table.json", "path": "media/table/confusion_matrix_table_29_430cc1a72c54b6158339.table.json", "ncols": 3, "nrows": 100}, "_wandb": {"runtime": 231}}