{"Epoch ": 14, "Training loss ": 0.6398668409908973, "Training accuracy ": 0.6592592592592592, "Validation loss ": 0.6414742227725221, "Validation accuracy ": 0.6585, "Testing loss ": 0.6429239563781103, "Testing accuracy ": 0.652, "_timestamp": 1709143411.7830207, "_runtime": 105.27114868164062, "_step": 29, "confusion_matrix_table": {"_type": "table-file", "sha256": "3e9fd71318952cd792357ef6256f38f4680f45a5717dc9865217b879251b9c3f", "size": 3185, "artifact_path": "wandb-client-artifact://jlvl8jmie7fdqv6rglt69l4ijpn1iyecfrg4rdrptd7ty7fmdsfk1ki8c81wgzf2h8k8fts5b8jqr64o16v2e1fpw1c4jpokvg1hwe61ixnwcw167whr0q5qb5z2lads:latest/confusion_matrix_table.table.json", "_latest_artifact_path": "wandb-client-artifact://jlvl8jmie7fdqv6rglt69l4ijpn1iyecfrg4rdrptd7ty7fmdsfk1ki8c81wgzf2h8k8fts5b8jqr64o16v2e1fpw1c4jpokvg1hwe61ixnwcw167whr0q5qb5z2lads:latest/confusion_matrix_table.table.json", "path": "media/table/confusion_matrix_table_29_3e9fd71318952cd79235.table.json", "ncols": 3, "nrows": 100}, "_wandb": {"runtime": 104}}