{"Epoch ": 24, "Training loss ": 0.390238681586975, "Training accuracy ": 0.8606111111111111, "Validation loss ": 0.4506555178330642, "Validation accuracy ": 0.8466666666666667, "Testing loss ": 0.46182051833426196, "Testing accuracy ": 0.8401, "_timestamp": 1709287863.2869787, "_runtime": 24.024784803390503, "_step": 49, "confusion_matrix_table": {"_type": "table-file", "sha256": "60608c1146bce80b07e9a6ec37de46a2edc3d0757c622138a169d95655c5fe4d", "size": 3176, "artifact_path": "wandb-client-artifact://cyxezhkzsxipy01q7i5wttbnvmt3o5qpkupbbh0hokih1ur6bxmjuo4gv0zhy7f2tauv3rmdbyhs0rnlsibpyql1w71q7fy6pa4a7dktitynd2t2x0veg1r58hhxo3ik:latest/confusion_matrix_table.table.json", "_latest_artifact_path": "wandb-client-artifact://cyxezhkzsxipy01q7i5wttbnvmt3o5qpkupbbh0hokih1ur6bxmjuo4gv0zhy7f2tauv3rmdbyhs0rnlsibpyql1w71q7fy6pa4a7dktitynd2t2x0veg1r58hhxo3ik:latest/confusion_matrix_table.table.json", "path": "media/table/confusion_matrix_table_49_60608c1146bce80b07e9.table.json", "ncols": 3, "nrows": 100}, "_wandb": {"runtime": 23}}