{"Epoch ": 9, "Training loss ": 0.35744039907381964, "Training accuracy ": 0.8901481481481481, "Validation loss ": 0.4833072891164227, "Validation accuracy ": 0.8793333333333333, "Testing loss ": 0.5227167438924849, "Testing accuracy ": 0.8627, "_timestamp": 1709107019.4058669, "_runtime": 53.37498188018799, "_step": 19, "confusion_matrix_table": {"_type": "table-file", "sha256": "8a39a2cd61f7a56ee05425c9ed6f547e2ec902ad25cb75e288d705ed439fdd73", "size": 3172, "artifact_path": "wandb-client-artifact://mp2gqril093c81eqas6301o32chnxfea84sbrrnz1jeko1ut30kn6ybdpcvh4r6n11gna87b6270r0rif16114msy9nt4kpiwd8rnoxgam8wtfeb6pmsh4v7un5ngp7q:latest/confusion_matrix_table.table.json", "_latest_artifact_path": "wandb-client-artifact://mp2gqril093c81eqas6301o32chnxfea84sbrrnz1jeko1ut30kn6ybdpcvh4r6n11gna87b6270r0rif16114msy9nt4kpiwd8rnoxgam8wtfeb6pmsh4v7un5ngp7q:latest/confusion_matrix_table.table.json", "path": "media/table/confusion_matrix_table_19_8a39a2cd61f7a56ee054.table.json", "ncols": 3, "nrows": 100}, "_wandb": {"runtime": 52}}