{"Epoch ": 19, "Training loss ": 0.11011390291037526, "Training accuracy ": 0.9260185185185185, "Validation loss ": 0.14911194071015788, "Validation accuracy ": 0.897, "Testing loss ": 0.16593420912713672, "Testing accuracy ": 0.8875, "_timestamp": 1709537896.0153234, "_runtime": 213.83694338798523, "_step": 39, "confusion_matrix_table": {"_type": "table-file", "sha256": "64088216fee239799fd789f56e62cf2e2d545bcf0d85da5499cc01d8b82c50cb", "size": 3166, "artifact_path": "wandb-client-artifact://7g3dpql6m2e0jhgrdmy5370jw1b81faacprzo3n4wyyv6w5unqsx37c9t942mdauuek3g9tz4mr3xtgg11jyz8coihw6irt01mqlgt2xlf6w8pyjg3m94h9u7iiuquln:latest/confusion_matrix_table.table.json", "_latest_artifact_path": "wandb-client-artifact://7g3dpql6m2e0jhgrdmy5370jw1b81faacprzo3n4wyyv6w5unqsx37c9t942mdauuek3g9tz4mr3xtgg11jyz8coihw6irt01mqlgt2xlf6w8pyjg3m94h9u7iiuquln:latest/confusion_matrix_table.table.json", "path": "media/table/confusion_matrix_table_39_64088216fee239799fd7.table.json", "ncols": 3, "nrows": 100}, "_wandb": {"runtime": 213}}