{"Epoch ": 9, "Training loss ": 0.21675859899193473, "Training accuracy ": 0.8438888888888889, "Validation loss ": 0.2300328204395247, "Validation accuracy ": 0.8363333333333334, "Testing loss ": 0.24982246254524454, "Testing accuracy ": 0.8219, "_timestamp": 1709314396.6125228, "_runtime": 40.12420582771301, "_step": 19, "confusion_matrix_table": {"_type": "table-file", "sha256": "b0d235dfc4c10accb8677b1da2b7621e54c8bcd58a6b67bc1071e43746f13911", "size": 3174, "artifact_path": "wandb-client-artifact://iq4onb5caepvrd4fu1jj4pucr8e2mzs2bog9hluwtryqs83gj3cyc66zi0w3ga72reexjc7mxeiw4lr05tymjic0mjrb8lrrkc5lb5mnimyxer3lbocr4t5v5jehhuxu:latest/confusion_matrix_table.table.json", "_latest_artifact_path": "wandb-client-artifact://iq4onb5caepvrd4fu1jj4pucr8e2mzs2bog9hluwtryqs83gj3cyc66zi0w3ga72reexjc7mxeiw4lr05tymjic0mjrb8lrrkc5lb5mnimyxer3lbocr4t5v5jehhuxu:latest/confusion_matrix_table.table.json", "path": "media/table/confusion_matrix_table_19_b0d235dfc4c10accb867.table.json", "ncols": 3, "nrows": 100}, "_wandb": {"runtime": 39}}