{"Epoch ": 9, "Training loss ": 2.3031577921548396, "Training accuracy ": 0.1, "Validation loss ": 2.303157792167042, "Validation accuracy ": 0.1, "Testing loss ": 2.3031577921563637, "Testing accuracy ": 0.1, "_timestamp": 1709097406.788169, "_runtime": 83.44007802009583, "_step": 9, "_wandb": {"runtime": 82}}