{"Epoch ": 4, "Training loss ": 0.5112952246347461, "Training accuracy ": 0.8116296296296296, "Validation loss ": 0.5314416103567092, "Validation accuracy ": 0.8046666666666666, "Testing loss ": 0.5647846776857168, "Testing accuracy ": 0.798, "_timestamp": 1709487326.3473105, "_runtime": 27.365761518478394, "_step": 9, "confusion_matrix_table": {"_type": "table-file", "sha256": "771886a993b072fb033fc850e22dcfcb925a30b39ee9c4f8c2ea8097fea57041", "size": 3176, "artifact_path": "wandb-client-artifact://6wosoyygk892kekyti0f3zpfvzu1mil03a422bt9b7k6il7l37a6sx9bx21isigjmhk0g3podynsyscmi62wsldf7pcs42knonfec5nu92ibq96qjbnf998o1xlfcpkv:latest/confusion_matrix_table.table.json", "_latest_artifact_path": "wandb-client-artifact://6wosoyygk892kekyti0f3zpfvzu1mil03a422bt9b7k6il7l37a6sx9bx21isigjmhk0g3podynsyscmi62wsldf7pcs42knonfec5nu92ibq96qjbnf998o1xlfcpkv:latest/confusion_matrix_table.table.json", "path": "media/table/confusion_matrix_table_9_771886a993b072fb033f.table.json", "ncols": 3, "nrows": 100}, "_wandb": {"runtime": 26}}