{"Epoch ": 24, "Training loss ": 0.3417361331964689, "Training accuracy ": 0.8775555555555555, "Validation loss ": 0.38022521765959555, "Validation accuracy ": 0.8653333333333333, "Testing loss ": 0.39628510939175393, "Testing accuracy ": 0.8591, "_timestamp": 1709288703.7812974, "_runtime": 150.70635747909546, "_step": 49, "confusion_matrix_table": {"_type": "table-file", "sha256": "eaef9772888144fb6af0365b2c082600a5882dc9add1ad137421f632fec8f542", "size": 3174, "artifact_path": "wandb-client-artifact://x6k6etbf6yhy3sead22ef49n47tvzz1zn0wmyr7duw5rt9olcnmtgbkvc8ke8h6wauy76t2dswyu9fbs2pehpru1h785hgwbv28wh4f23jjprz7i11foiiiq6cgz3ppt:latest/confusion_matrix_table.table.json", "_latest_artifact_path": "wandb-client-artifact://x6k6etbf6yhy3sead22ef49n47tvzz1zn0wmyr7duw5rt9olcnmtgbkvc8ke8h6wauy76t2dswyu9fbs2pehpru1h785hgwbv28wh4f23jjprz7i11foiiiq6cgz3ppt:latest/confusion_matrix_table.table.json", "path": "media/table/confusion_matrix_table_49_eaef9772888144fb6af0.table.json", "ncols": 3, "nrows": 100}, "_wandb": {"runtime": 149}}