{"Epoch ": 9, "Training loss ": 0.37293837839153887, "Training accuracy ": 0.8720925925925926, "Validation loss ": 0.39000357855263806, "Validation accuracy ": 0.8633333333333333, "Testing loss ": 0.41801955018849424, "Testing accuracy ": 0.8519, "_timestamp": 1709132347.3294039, "_runtime": 44.25827193260193, "_step": 19, "confusion_matrix_table": {"_type": "table-file", "sha256": "05b3be18a37b75095edb50b3fb48fb298c4c42f35e04c11ad7b2ad2d591862ea", "size": 3175, "artifact_path": "wandb-client-artifact://ff8dpba8ajg2uq2mbot2ztf0vsd391sjwzyhs281jlw5ffdbv5km5x509dp5l6pgtg26dtmcy2kpt4mou5hqma8civkd3cg7e73htqq0ixbii4evsqv9wcq5t9r8al83:latest/confusion_matrix_table.table.json", "_latest_artifact_path": "wandb-client-artifact://ff8dpba8ajg2uq2mbot2ztf0vsd391sjwzyhs281jlw5ffdbv5km5x509dp5l6pgtg26dtmcy2kpt4mou5hqma8civkd3cg7e73htqq0ixbii4evsqv9wcq5t9r8al83:latest/confusion_matrix_table.table.json", "path": "media/table/confusion_matrix_table_19_05b3be18a37b75095edb.table.json", "ncols": 3, "nrows": 100}, "_wandb": {"runtime": 43}}