{"Epoch ": 24, "Training loss ": 0.2850873066345133, "Training accuracy ": 0.8946111111111111, "Validation loss ": 0.405115683736218, "Validation accuracy ": 0.8681666666666666, "Testing loss ": 0.4110693542295388, "Testing accuracy ": 0.8594, "_timestamp": 1709311142.8003068, "_runtime": 163.91593480110168, "_step": 49, "confusion_matrix_table": {"_type": "table-file", "sha256": "76947439eedb5183b9fa02dd646538a0c2ac6810f18957c9cea3d5762401a87f", "size": 3170, "artifact_path": "wandb-client-artifact://5zrwbysxuhjgbrtdh43itai5udei75ix1uda7oidc8efxw3tdftne7deojdbkoeqtbydvh8vnzouqqaytwcaet2o1da93onuousfc1p0bm878liwa94gmn0u05tnkjhd:latest/confusion_matrix_table.table.json", "_latest_artifact_path": "wandb-client-artifact://5zrwbysxuhjgbrtdh43itai5udei75ix1uda7oidc8efxw3tdftne7deojdbkoeqtbydvh8vnzouqqaytwcaet2o1da93onuousfc1p0bm878liwa94gmn0u05tnkjhd:latest/confusion_matrix_table.table.json", "path": "media/table/confusion_matrix_table_49_76947439eedb5183b9fa.table.json", "ncols": 3, "nrows": 100}, "_wandb": {"runtime": 163}}