{"Epoch ": 4, "Training loss ": 0.3808773805158806, "Training accuracy ": 0.8672592592592593, "Validation loss ": 0.4170013343698551, "Validation accuracy ": 0.8536666666666667, "Testing loss ": 0.4257481502432126, "Testing accuracy ": 0.8462, "_timestamp": 1709127019.8676786, "_runtime": 14.781864643096924, "_step": 9, "confusion_matrix_table": {"_type": "table-file", "sha256": "165ed8d7facff20f54c14162b07d3e00fbba5f793496aaf63fb8552d2f7d09de", "size": 3171, "artifact_path": "wandb-client-artifact://8fe5r7ye2vigyzywiwl21gz3w6x37vny3cvk9xcqx3an3dq904os567l74wppp53crfwsbaqtmjatf8ue7c5cl6o5vpswu7sse5b1t7m7i37nnhh5cczmlfi9ijf72xx:latest/confusion_matrix_table.table.json", "_latest_artifact_path": "wandb-client-artifact://8fe5r7ye2vigyzywiwl21gz3w6x37vny3cvk9xcqx3an3dq904os567l74wppp53crfwsbaqtmjatf8ue7c5cl6o5vpswu7sse5b1t7m7i37nnhh5cczmlfi9ijf72xx:latest/confusion_matrix_table.table.json", "path": "media/table/confusion_matrix_table_9_165ed8d7facff20f54c1.table.json", "ncols": 3, "nrows": 100}, "_wandb": {"runtime": 14}}