{"Epoch ": 29, "Training loss ": 0.22204816944649733, "Training accuracy ": 0.922074074074074, "Validation loss ": 0.38682353746092335, "Validation accuracy ": 0.8883333333333333, "Testing loss ": 0.4434054082838886, "Testing accuracy ": 0.8735, "_timestamp": 1709301863.12835, "_runtime": 96.1446099281311, "_step": 59, "confusion_matrix_table": {"_type": "table-file", "sha256": "5d3cef5dfc87354284ab53f7b835c9efda3db780822c9c7a7585c838d1ff8bc8", "size": 3170, "artifact_path": "wandb-client-artifact://jfptssmil846sojyz1cmjwutx1o6ve99bre8k90lz4qkdh46657cr81906tdhc0r47m1u66h2od6tah0iap5ykgh06yp8u2h4xafhz3vs5sxfssgdbg89r5ydan55h7b:latest/confusion_matrix_table.table.json", "_latest_artifact_path": "wandb-client-artifact://jfptssmil846sojyz1cmjwutx1o6ve99bre8k90lz4qkdh46657cr81906tdhc0r47m1u66h2od6tah0iap5ykgh06yp8u2h4xafhz3vs5sxfssgdbg89r5ydan55h7b:latest/confusion_matrix_table.table.json", "path": "media/table/confusion_matrix_table_59_5d3cef5dfc87354284ab.table.json", "ncols": 3, "nrows": 100}, "_wandb": {"runtime": 95}}