{"Epoch ": 29, "Training loss ": 0.4228806775350225, "Training accuracy ": 0.8523148148148149, "Validation loss ": 0.4543690123697108, "Validation accuracy ": 0.84, "Testing loss ": 0.4824661610345881, "Testing accuracy ": 0.8299, "_timestamp": 1709290194.808637, "_runtime": 29.794005870819092, "_step": 59, "confusion_matrix_table": {"_type": "table-file", "sha256": "89b701670f735bb89a14ab5116b500ca89ae8f3d873d95e91eea78b6ebcebe6d", "size": 3182, "artifact_path": "wandb-client-artifact://vg4qaid000js4d11ylgwtsu2foaqfbsbh9ggk82zlvbm4296p7epjry7ex0778ra53zczwisr7vcmpwok8awqaihqdv0ht8w675evo1n9rry4a7p0tfu9ylx2e3ezpex:latest/confusion_matrix_table.table.json", "_latest_artifact_path": "wandb-client-artifact://vg4qaid000js4d11ylgwtsu2foaqfbsbh9ggk82zlvbm4296p7epjry7ex0778ra53zczwisr7vcmpwok8awqaihqdv0ht8w675evo1n9rry4a7p0tfu9ylx2e3ezpex:latest/confusion_matrix_table.table.json", "path": "media/table/confusion_matrix_table_59_89b701670f735bb89a14.table.json", "ncols": 3, "nrows": 100}, "_wandb": {"runtime": 29}}