{"Epoch ": 29, "Training loss ": 0.22644078426719733, "Training accuracy ": 0.9174074074074074, "Validation loss ": 0.4153793562364983, "Validation accuracy ": 0.8748333333333334, "Testing loss ": 0.4581745238299486, "Testing accuracy ": 0.8717, "_timestamp": 1709408511.1034696, "_runtime": 120.11770558357239, "_step": 59, "confusion_matrix_table": {"_type": "table-file", "sha256": "1b09155af2d363a38461df8416b1593df79182f4936855455e26a432ddf4219f", "size": 3171, "artifact_path": "wandb-client-artifact://ganal78tgeac22ohfm2ehpeisebpr5ux8wavl9uzbm7z667n1a0fw3ail1cpyfet4wfl445drs4qvmqquswgvkng4xd3hr0l0ccn0jw8oexq1gnd63nwah05hoy361v1:latest/confusion_matrix_table.table.json", "_latest_artifact_path": "wandb-client-artifact://ganal78tgeac22ohfm2ehpeisebpr5ux8wavl9uzbm7z667n1a0fw3ail1cpyfet4wfl445drs4qvmqquswgvkng4xd3hr0l0ccn0jw8oexq1gnd63nwah05hoy361v1:latest/confusion_matrix_table.table.json", "path": "media/table/confusion_matrix_table_59_1b09155af2d363a38461.table.json", "ncols": 3, "nrows": 100}, "_wandb": {"runtime": 119}}