{"Epoch ": 19, "Training loss ": 3.349244336924656e-05, "Training accuracy ": 0.5015185185185185, "Validation loss ": 0.0003009814748450583, "Validation accuracy ": 0.5015, "Testing loss ": 0.00018101135971061646, "Testing accuracy ": 0.4935, "_timestamp": 1708926379.533628, "_runtime": 26.34064507484436, "_step": 39, "conf_mat_table": {"_type": "table-file", "sha256": "e374c5cde9c8853fd926c681be9ce63d8d53ae2544be3d0e55c925e221910ea1", "size": 3187, "artifact_path": "wandb-client-artifact://oc69epk2b3h9lxnpqjna8vpolawqcyhlg2vmxgxu9tvwmsjxr5tjjqovbpgi7bnbdof1mhnu8fngr2d2di9ofnmqkjpp03mmmhz52yaqbod6n4o7q9k4y2zz906thbeg:latest/conf_mat_table.table.json", "_latest_artifact_path": "wandb-client-artifact://oc69epk2b3h9lxnpqjna8vpolawqcyhlg2vmxgxu9tvwmsjxr5tjjqovbpgi7bnbdof1mhnu8fngr2d2di9ofnmqkjpp03mmmhz52yaqbod6n4o7q9k4y2zz906thbeg:latest/conf_mat_table.table.json", "path": "media/table/conf_mat_table_39_e374c5cde9c8853fd926.table.json", "ncols": 3, "nrows": 100}, "_wandb": {"runtime": 25}}