{"Epoch ": 4, "Training loss ": 0.5241727553033083, "Training accuracy ": 0.8039814814814815, "Validation loss ": 0.5357108104911248, "Validation accuracy ": 0.7981666666666667, "Testing loss ": 0.5768209087275658, "Testing accuracy ": 0.7855, "_timestamp": 1709401154.156064, "_runtime": 28.361329078674316, "_step": 9, "confusion_matrix_table": {"_type": "table-file", "sha256": "7409bfdb024242183a257787597aa9b8cab80ae8218400b39ea602cf76447989", "size": 3177, "artifact_path": "wandb-client-artifact://6byz3nnn1i4pdkjmcfd9q8ys86k365s11bpg7ipb81rkvayb3wul23dyhaopz1lc9e3k6f0og2yys5l05enf47mkfz300s1zrpl0chdzexvwq2kzfztiuqkhs52a1v2t:latest/confusion_matrix_table.table.json", "_latest_artifact_path": "wandb-client-artifact://6byz3nnn1i4pdkjmcfd9q8ys86k365s11bpg7ipb81rkvayb3wul23dyhaopz1lc9e3k6f0og2yys5l05enf47mkfz300s1zrpl0chdzexvwq2kzfztiuqkhs52a1v2t:latest/confusion_matrix_table.table.json", "path": "media/table/confusion_matrix_table_9_7409bfdb024242183a25.table.json", "ncols": 3, "nrows": 100}, "_wandb": {"runtime": 27}}