{"Epoch ": 9, "Training loss ": 0.3245471625460601, "Training accuracy ": 0.8834074074074074, "Validation loss ": 0.39823561481368186, "Validation accuracy ": 0.8635, "Testing loss ": 0.41984919982931435, "Testing accuracy ": 0.8539, "_timestamp": 1709311982.058407, "_runtime": 56.97802400588989, "_step": 19, "confusion_matrix_table": {"_type": "table-file", "sha256": "07156662d7953274ae9806487493aebaa68d92ad14a71ee0817934f6d99a05f2", "size": 3172, "artifact_path": "wandb-client-artifact://b20ykkdus3277f5cz1obqdgp3yl0nr2ddp8f3qdmzlfnx0r378mibczbykydpm32h8elfalnfcda2swyabbvv10io1l62tpt15m4nxa5fbbur3s6b4nymwj7l5hr701x:latest/confusion_matrix_table.table.json", "_latest_artifact_path": "wandb-client-artifact://b20ykkdus3277f5cz1obqdgp3yl0nr2ddp8f3qdmzlfnx0r378mibczbykydpm32h8elfalnfcda2swyabbvv10io1l62tpt15m4nxa5fbbur3s6b4nymwj7l5hr701x:latest/confusion_matrix_table.table.json", "path": "media/table/confusion_matrix_table_19_07156662d7953274ae98.table.json", "ncols": 3, "nrows": 100}, "_wandb": {"runtime": 56}}