{"Epoch ": 19, "Training loss ": 0.11877806960146496, "Training accuracy ": 0.9198148148148149, "Validation loss ": 0.1547434783503958, "Validation accuracy ": 0.8925, "Testing loss ": 0.1698486733917448, "Testing accuracy ": 0.8821, "_timestamp": 1709631153.0452678, "_runtime": 184.1182267665863, "_step": 39, "confusion_matrix_table": {"_type": "table-file", "sha256": "3f4e4b63af8e07d711351ee0fd9000eb118af383015adaca0c9ea19c6cf5ef67", "size": 3168, "artifact_path": "wandb-client-artifact://vc7joobz6bn2m5b4q932r16p5jmbsycsr0qxipo7brig0kg2k1juvye4czp64jtrualxnpmo2o4rcjiol7hebqvtl3jo31r6ybcyb2hm8ru06239g1xta85el2hylu45:latest/confusion_matrix_table.table.json", "_latest_artifact_path": "wandb-client-artifact://vc7joobz6bn2m5b4q932r16p5jmbsycsr0qxipo7brig0kg2k1juvye4czp64jtrualxnpmo2o4rcjiol7hebqvtl3jo31r6ybcyb2hm8ru06239g1xta85el2hylu45:latest/confusion_matrix_table.table.json", "path": "media/table/confusion_matrix_table_39_3f4e4b63af8e07d71135.table.json", "ncols": 3, "nrows": 100}, "_wandb": {"runtime": 183}}