{"Epoch ": 9, "Training loss ": 0.1589855120732247, "Training accuracy ": 0.8910370370370371, "Validation loss ": 0.17781598028110432, "Validation accuracy ": 0.8785, "Testing loss ": 0.18859532654058705, "Testing accuracy ": 0.87, "_timestamp": 1709539485.3194811, "_runtime": 28.55665111541748, "_step": 19, "confusion_matrix_table": {"_type": "table-file", "sha256": "8f46a29c2b7f8edb63cf4d5c4f269201d93d775d1d7d582944e9b1b0e7dcb48d", "size": 3174, "artifact_path": "wandb-client-artifact://bz48tnx6rlwfz6yrueoelthtv3nonvdut9l2iq5z80yyo12bwhrhbk4wjkgujuma2a7tvi79tzs74g05ra64ruqwnwwutc6llx0zkl8u8lzu0ww94ue2ctunpqkz7fc8:latest/confusion_matrix_table.table.json", "_latest_artifact_path": "wandb-client-artifact://bz48tnx6rlwfz6yrueoelthtv3nonvdut9l2iq5z80yyo12bwhrhbk4wjkgujuma2a7tvi79tzs74g05ra64ruqwnwwutc6llx0zkl8u8lzu0ww94ue2ctunpqkz7fc8:latest/confusion_matrix_table.table.json", "path": "media/table/confusion_matrix_table_19_8f46a29c2b7f8edb63cf.table.json", "ncols": 3, "nrows": 100}, "_wandb": {"runtime": 27}}