{"Epoch ": 24, "Training loss ": 0.4311797944695149, "Training accuracy ": 0.8495925925925926, "Validation loss ": 0.4349624653913616, "Validation accuracy ": 0.8461666666666666, "Testing loss ": 0.4624813866754885, "Testing accuracy ": 0.8371, "_timestamp": 1709493599.9435635, "_runtime": 334.152042388916, "_step": 49, "confusion_matrix_table": {"_type": "table-file", "sha256": "9a9e7623cdfbac2dc6aa60cfe451fb0c790b0368384293b29784bfc9f1973e12", "size": 3175, "artifact_path": "wandb-client-artifact://g759gaknvidpqamxzk5z9klvogls8fhnyvu154esuzcrt3w7rnh1900my6ufo18xd6pbcrlylxdtwx0i8sgqdhmql34m0obbbvbq6et9apzwkr08uwwts5fr4nnfn8nx:latest/confusion_matrix_table.table.json", "_latest_artifact_path": "wandb-client-artifact://g759gaknvidpqamxzk5z9klvogls8fhnyvu154esuzcrt3w7rnh1900my6ufo18xd6pbcrlylxdtwx0i8sgqdhmql34m0obbbvbq6et9apzwkr08uwwts5fr4nnfn8nx:latest/confusion_matrix_table.table.json", "path": "media/table/confusion_matrix_table_49_9a9e7623cdfbac2dc6aa.table.json", "ncols": 3, "nrows": 100}, "_wandb": {"runtime": 333}}