{"Epoch ": 14, "Training loss ": 0.13094036706567094, "Training accuracy ": 0.9104814814814814, "Validation loss ": 0.1597455045829912, "Validation accuracy ": 0.8888333333333334, "Testing loss ": 0.17614041641219594, "Testing accuracy ": 0.8786, "_timestamp": 1709571689.0442407, "_runtime": 94.60971164703369, "_step": 29, "confusion_matrix_table": {"_type": "table-file", "sha256": "e628c3615b3a26a92e068d271f5ae6ff20e8c985ec02ed4f7958f97404df67c5", "size": 3168, "artifact_path": "wandb-client-artifact://cnwyiqj2k5yc0zfevwcmr1ft8j8apmxmlxlciuysn5obqdm9w7ig4wyefbkt210hnj2x6rs0rn2mr1xfd5z4pvkukplx5a6pi7mwxwghrwy3eivbrqn2m3f36mr7hj71:latest/confusion_matrix_table.table.json", "_latest_artifact_path": "wandb-client-artifact://cnwyiqj2k5yc0zfevwcmr1ft8j8apmxmlxlciuysn5obqdm9w7ig4wyefbkt210hnj2x6rs0rn2mr1xfd5z4pvkukplx5a6pi7mwxwghrwy3eivbrqn2m3f36mr7hj71:latest/confusion_matrix_table.table.json", "path": "media/table/confusion_matrix_table_29_e628c3615b3a26a92e06.table.json", "ncols": 3, "nrows": 100}, "_wandb": {"runtime": 93}}