{"Epoch ": 19, "Training loss ": 0.2900114727837272, "Training accuracy ": 0.8970185185185185, "Validation loss ": 0.3321021224955679, "Validation accuracy ": 0.8763333333333333, "Testing loss ": 0.3653847415773793, "Testing accuracy ": 0.8686, "_timestamp": 1709307595.370029, "_runtime": 94.93373894691467, "_step": 39, "confusion_matrix_table": {"_type": "table-file", "sha256": "9fe154bd046583c0e349f5821639e327793b42ea191e7da4dc583faef7698c0b", "size": 3171, "artifact_path": "wandb-client-artifact://b3gmrpbovvm65wwegj9je97vgm01t7jn2j4k9eqn0gn5l7tmc1tr852pt3u2e1xpnklrrhe9k3npkpr5649xfm4214wybwz31f18sl27h1m1vx4fqi0cwla5btff03eb:latest/confusion_matrix_table.table.json", "_latest_artifact_path": "wandb-client-artifact://b3gmrpbovvm65wwegj9je97vgm01t7jn2j4k9eqn0gn5l7tmc1tr852pt3u2e1xpnklrrhe9k3npkpr5649xfm4214wybwz31f18sl27h1m1vx4fqi0cwla5btff03eb:latest/confusion_matrix_table.table.json", "path": "media/table/confusion_matrix_table_39_9fe154bd046583c0e349.table.json", "ncols": 3, "nrows": 100}, "_wandb": {"runtime": 94}}