{"Epoch ": 9, "Training loss ": 0.3648650088177487, "Training accuracy ": 0.7568148148148148, "Validation loss ": 0.3634994026080868, "Validation accuracy ": 0.7551666666666667, "Testing loss ": 0.38151859349996203, "Testing accuracy ": 0.7416, "_timestamp": 1709310958.8552635, "_runtime": 23.58823251724243, "_step": 19, "confusion_matrix_table": {"_type": "table-file", "sha256": "319312a265e3eb86cf4f6bb22c07dbd4381bae9d7346ec156359a9ea962a7d25", "size": 3174, "artifact_path": "wandb-client-artifact://us6p5lthae454qj8ltkyyldrx7bb7bw3a4jk9h92c9t80f6vgtmrbt33lmsfjxfc8yydnwvbb8na439gidbuvmbr49akp226az0gc02v4d7eb9qynhq9nzxbb9lycqrq:latest/confusion_matrix_table.table.json", "_latest_artifact_path": "wandb-client-artifact://us6p5lthae454qj8ltkyyldrx7bb7bw3a4jk9h92c9t80f6vgtmrbt33lmsfjxfc8yydnwvbb8na439gidbuvmbr49akp226az0gc02v4d7eb9qynhq9nzxbb9lycqrq:latest/confusion_matrix_table.table.json", "path": "media/table/confusion_matrix_table_19_319312a265e3eb86cf4f.table.json", "ncols": 3, "nrows": 100}, "_wandb": {"runtime": 22}}