{"Epoch ": 29, "Training loss ": 0.3325903138470036, "Training accuracy ": 0.8836481481481482, "Validation loss ": 0.35733038736094713, "Validation accuracy ": 0.8676666666666667, "Testing loss ": 0.38781966344861163, "Testing accuracy ": 0.862, "_timestamp": 1709455311.3070688, "_runtime": 29.927066802978516, "_step": 59, "confusion_matrix_table": {"_type": "table-file", "sha256": "eeba84043675b3cc08009372d4bba37a69ba7af59238d60c87e478a20c6a67b9", "size": 3173, "artifact_path": "wandb-client-artifact://5k67zj9imuxtstb7czlexypzxky5r84h6c6kbxjehus67vxmozn3dxfxvn3suxv4eov0uj3ea0ydb5a8qckotzrh9wwnluw8dyvr6vbihovk8bhv6konjssy7dweewrr:latest/confusion_matrix_table.table.json", "_latest_artifact_path": "wandb-client-artifact://5k67zj9imuxtstb7czlexypzxky5r84h6c6kbxjehus67vxmozn3dxfxvn3suxv4eov0uj3ea0ydb5a8qckotzrh9wwnluw8dyvr6vbihovk8bhv6konjssy7dweewrr:latest/confusion_matrix_table.table.json", "path": "media/table/confusion_matrix_table_59_eeba84043675b3cc0800.table.json", "ncols": 3, "nrows": 100}, "_wandb": {"runtime": 29}}