{"Epoch ": 29, "Training loss ": 0.3322486426421015, "Training accuracy ": 0.8837407407407407, "Validation loss ": 0.38450659399472426, "Validation accuracy ": 0.8636666666666667, "Testing loss ": 0.4280476493950687, "Testing accuracy ": 0.8534, "_timestamp": 1709131087.8985682, "_runtime": 34.11462926864624, "_step": 59, "confusion_matrix_table": {"_type": "table-file", "sha256": "d4eaa533dea88bf19e9cde9566b046a97b0f38c42086da848e47f8b0d222d8c9", "size": 3172, "artifact_path": "wandb-client-artifact://ek5bytmomt0tj0qv2gzwlkhpda1rgwpvh2cb79co2x3c6hzqh38bfvf1jbc5um47u37q0119rdsvodq4vae7byphc9r89yp5snpi9lea435ydajtnibwfwtff9b0zrik:latest/confusion_matrix_table.table.json", "_latest_artifact_path": "wandb-client-artifact://ek5bytmomt0tj0qv2gzwlkhpda1rgwpvh2cb79co2x3c6hzqh38bfvf1jbc5um47u37q0119rdsvodq4vae7byphc9r89yp5snpi9lea435ydajtnibwfwtff9b0zrik:latest/confusion_matrix_table.table.json", "path": "media/table/confusion_matrix_table_59_d4eaa533dea88bf19e9c.table.json", "ncols": 3, "nrows": 100}, "_wandb": {"runtime": 33}}