{"Epoch ": 19, "Training loss ": 0.438095130510527, "Training accuracy ": 0.8477592592592592, "Validation loss ": 0.44149011429585644, "Validation accuracy ": 0.846, "Testing loss ": 0.468088779214839, "Testing accuracy ": 0.8335, "_timestamp": 1709484536.4692788, "_runtime": 210.55556869506836, "_step": 39, "confusion_matrix_table": {"_type": "table-file", "sha256": "a9ae4f9d37245a1645c11a7208cadccd4ddbb4f673d1eb8c44aa2f0d4040e012", "size": 3176, "artifact_path": "wandb-client-artifact://zxkx84hirg9qqsw6mlijzcp956iry7xls0dbho2dwqipblojyn5z4o698miq312ub9perpyx445gtm94qssf8c4t22ofc0du1ajtj71nc7nn8ebs9lbn7c2hl8mszqpg:latest/confusion_matrix_table.table.json", "_latest_artifact_path": "wandb-client-artifact://zxkx84hirg9qqsw6mlijzcp956iry7xls0dbho2dwqipblojyn5z4o698miq312ub9perpyx445gtm94qssf8c4t22ofc0du1ajtj71nc7nn8ebs9lbn7c2hl8mszqpg:latest/confusion_matrix_table.table.json", "path": "media/table/confusion_matrix_table_39_a9ae4f9d37245a1645c1.table.json", "ncols": 3, "nrows": 100}, "_wandb": {"runtime": 209}}