{"Epoch ": 24, "Training loss ": 0.07618456991007612, "Training accuracy ": 0.9746666666666667, "Validation loss ": 0.2602377466663485, "Validation accuracy ": 0.9431666666666667, "Testing loss ": 0.26911326098225025, "Testing accuracy ": 0.9473, "_timestamp": 1709499531.1878445, "_runtime": 457.96346950531006, "_step": 49, "confusion_matrix_table": {"_type": "table-file", "sha256": "75b4137241d523798fb9dfeec0e18444a7d9f8fab5b3a91115a132013dbadac6", "size": 3160, "artifact_path": "wandb-client-artifact://sglk9nmva6rwkm02rwfo1ms213jl3vgc8u1fx1r1z93wceb3rdtynmx1zaejnd7glondn89ll01wmzvayi7wxnccwhtjwv8zj978bpxl0wbhndf2zihvocgcplgdba8p:latest/confusion_matrix_table.table.json", "_latest_artifact_path": "wandb-client-artifact://sglk9nmva6rwkm02rwfo1ms213jl3vgc8u1fx1r1z93wceb3rdtynmx1zaejnd7glondn89ll01wmzvayi7wxnccwhtjwv8zj978bpxl0wbhndf2zihvocgcplgdba8p:latest/confusion_matrix_table.table.json", "path": "media/table/confusion_matrix_table_49_75b4137241d523798fb9.table.json", "ncols": 3, "nrows": 100}, "_wandb": {"runtime": 457}}