{"Epoch ": 19, "Training loss ": 0.15534897878431791, "Training accuracy ": 0.8936666666666667, "Validation loss ": 0.17797784864259786, "Validation accuracy ": 0.8801666666666667, "Testing loss ": 0.1973457004133237, "Testing accuracy ": 0.8642, "_timestamp": 1709303119.7910504, "_runtime": 334.9509663581848, "_step": 39, "confusion_matrix_table": {"_type": "table-file", "sha256": "583def7aca0cbcb5b9ea44109dee27b57f1cff84bbc15dcf2f5964779eb7b359", "size": 3173, "artifact_path": "wandb-client-artifact://5p6363rr2zixuy7o5h7i2mjhnzw5mn521ws4rgmi50pgajhl0132o16ssh8w63zggmslj96sl8e5378pf8krisy5tmi1p8gh86ap6xp5mpez7xrfwucugujl785ue8ex:latest/confusion_matrix_table.table.json", "_latest_artifact_path": "wandb-client-artifact://5p6363rr2zixuy7o5h7i2mjhnzw5mn521ws4rgmi50pgajhl0132o16ssh8w63zggmslj96sl8e5378pf8krisy5tmi1p8gh86ap6xp5mpez7xrfwucugujl785ue8ex:latest/confusion_matrix_table.table.json", "path": "media/table/confusion_matrix_table_39_583def7aca0cbcb5b9ea.table.json", "ncols": 3, "nrows": 100}, "_wandb": {"runtime": 334}}