{"Epoch ": 19, "Training loss ": 0.3712823798321801, "Training accuracy ": 0.8004259259259259, "Validation loss ": 0.3736888068659703, "Validation accuracy ": 0.7995, "Testing loss ": 0.3808539885027748, "Testing accuracy ": 0.786, "_timestamp": 1709149033.1824229, "_runtime": 33.49489998817444, "_step": 39, "confusion_matrix_table": {"_type": "table-file", "sha256": "136e3c5f2eb1a7b72f1962b22fc6ec730a6f5f4877d92d06468b57e2b881f681", "size": 3178, "artifact_path": "wandb-client-artifact://qkqg8mlmo7upqut2rxjjmb1hkle98sm1b2v5k4f9t9svxvxzytajudrc8a33u9gl2ipfeldu2m4za5tun6uq5zy4hw0esddeewblc0luvairc5lxkfqvld58gk0ar48n:latest/confusion_matrix_table.table.json", "_latest_artifact_path": "wandb-client-artifact://qkqg8mlmo7upqut2rxjjmb1hkle98sm1b2v5k4f9t9svxvxzytajudrc8a33u9gl2ipfeldu2m4za5tun6uq5zy4hw0esddeewblc0luvairc5lxkfqvld58gk0ar48n:latest/confusion_matrix_table.table.json", "path": "media/table/confusion_matrix_table_39_136e3c5f2eb1a7b72f19.table.json", "ncols": 3, "nrows": 100}, "_wandb": {"runtime": 32}}