{"Epoch ": 29, "Training loss ": 0.0017853266409098513, "Training accuracy ": 0.9998703703703704, "Validation loss ": 0.13250777748892978, "Validation accuracy ": 0.9723333333333334, "Testing loss ": 0.10242513568459219, "Testing accuracy ": 0.9778, "_timestamp": 1709503768.9003427, "_runtime": 132.47595262527466, "_step": 59, "confusion_matrix_table": {"_type": "table-file", "sha256": "a36a60cdcb2d60b158200c7247d5fbf063af0127efdb7a95cfa20c5111bc3d70", "size": 3147, "artifact_path": "wandb-client-artifact://73dijiyk9hufbhzw0lxo3tfvligd1hawxcpgp19a4m8oyasbdftzju32p9l5pl2yvljidu1dxwy3etmdnmd4mg8780qgsyav5l0osjdm4867i83jqbyjxxuhuozkoulm:latest/confusion_matrix_table.table.json", "_latest_artifact_path": "wandb-client-artifact://73dijiyk9hufbhzw0lxo3tfvligd1hawxcpgp19a4m8oyasbdftzju32p9l5pl2yvljidu1dxwy3etmdnmd4mg8780qgsyav5l0osjdm4867i83jqbyjxxuhuozkoulm:latest/confusion_matrix_table.table.json", "path": "media/table/confusion_matrix_table_59_a36a60cdcb2d60b15820.table.json", "ncols": 3, "nrows": 100}, "_wandb": {"runtime": 131}}