{"Epoch ": 29, "Training loss ": 0.2995076908470827, "Training accuracy ": 0.8932592592592593, "Validation loss ": 0.3431960490871331, "Validation accuracy ": 0.8736666666666667, "Testing loss ": 0.3670833944469608, "Testing accuracy ": 0.8694, "_timestamp": 1709133237.559477, "_runtime": 109.49202799797058, "_step": 59, "confusion_matrix_table": {"_type": "table-file", "sha256": "28b11f1df5714fc46b505874b10f2b8dca4b429c1e2955222cca68a6aa419ca1", "size": 3173, "artifact_path": "wandb-client-artifact://pofu8fdza7r0eamhi75r4d7euf4ffp8prgs0i5r818svr4ty8qi4wrzuhzqek8yxl3baw237uu33445yek3xnmgysvdnwbrkghcm9sydxegbvswo0k594s5uq0ihuk8t:latest/confusion_matrix_table.table.json", "_latest_artifact_path": "wandb-client-artifact://pofu8fdza7r0eamhi75r4d7euf4ffp8prgs0i5r818svr4ty8qi4wrzuhzqek8yxl3baw237uu33445yek3xnmgysvdnwbrkghcm9sydxegbvswo0k594s5uq0ihuk8t:latest/confusion_matrix_table.table.json", "path": "media/table/confusion_matrix_table_59_28b11f1df5714fc46b50.table.json", "ncols": 3, "nrows": 100}, "_wandb": {"runtime": 108}}