{"Epoch ": 14, "Training loss ": 0.3037072850485933, "Training accuracy ": 0.891962962962963, "Validation loss ": 0.36867467362317013, "Validation accuracy ": 0.8636666666666667, "Testing loss ": 0.39271396793412255, "Testing accuracy ": 0.8578, "_timestamp": 1709297705.0035083, "_runtime": 30.87630844116211, "_step": 29, "confusion_matrix_table": {"_type": "table-file", "sha256": "e78e01777287c034dc3f58926c48f8fa9cbe9add3df1d581887f385b9981bd3d", "size": 3173, "artifact_path": "wandb-client-artifact://qfv2xn8oytm9kdlvsf3rxxp0t2iu2qikh2gbpm0oy2ler0d6bs3f1s40v7py5nj4aroqll6jvfi5pvsplx6qlji9h2j97twjyehcks6jgqxia6kva8cjlbey1iyztr1o:latest/confusion_matrix_table.table.json", "_latest_artifact_path": "wandb-client-artifact://qfv2xn8oytm9kdlvsf3rxxp0t2iu2qikh2gbpm0oy2ler0d6bs3f1s40v7py5nj4aroqll6jvfi5pvsplx6qlji9h2j97twjyehcks6jgqxia6kva8cjlbey1iyztr1o:latest/confusion_matrix_table.table.json", "path": "media/table/confusion_matrix_table_29_e78e01777287c034dc3f.table.json", "ncols": 3, "nrows": 100}, "_wandb": {"runtime": 30}}