{"Epoch ": 19, "Training loss ": 0.3225023113757879, "Training accuracy ": 0.8829814814814815, "Validation loss ": 0.36082938477861726, "Validation accuracy ": 0.87, "Testing loss ": 0.3842169163550386, "Testing accuracy ": 0.8623, "_timestamp": 1709039043.230368, "_runtime": 24.464865922927856, "_step": 39, "confusion_matrix_table": {"_type": "table-file", "sha256": "e36533a2db33038659ebc662d00ee82890981a33495017fa1e1746b34c7b10aa", "size": 3173, "artifact_path": "wandb-client-artifact://ptpy66fz156vqj1obp40bdgmegc53pp21wmnxhs6r3m7rm2oot1c76g3ren2cjcv5kxfcsgdbbdkpatiz8j7wc26z89fkjp4eszoh3vta0zm7mvd082h541vina00t5f:latest/confusion_matrix_table.table.json", "_latest_artifact_path": "wandb-client-artifact://ptpy66fz156vqj1obp40bdgmegc53pp21wmnxhs6r3m7rm2oot1c76g3ren2cjcv5kxfcsgdbbdkpatiz8j7wc26z89fkjp4eszoh3vta0zm7mvd082h541vina00t5f:latest/confusion_matrix_table.table.json", "path": "media/table/confusion_matrix_table_39_e36533a2db33038659eb.table.json", "ncols": 3, "nrows": 100}, "_wandb": {"runtime": 23}}