{"Epoch ": 19, "Training loss ": 2.1846956889104767, "Training accuracy ": 0.22116666666666668, "Validation loss ": 2.1840241398224673, "Validation accuracy ": 0.21916666666666668, "Testing loss ": 2.1850845439801425, "Testing accuracy ": 0.2208, "_timestamp": 1709310637.7489154, "_runtime": 47.841875314712524, "_step": 39, "confusion_matrix_table": {"_type": "table-file", "sha256": "dd88e5216c43a49e99e9697dba76005fec071d424a43bbd15bdfd2cd643abe46", "size": 3162, "artifact_path": "wandb-client-artifact://egkx25ipl8vdtx6ssh56zpznssplqu4c5igh8x5f6xdbfjasji8h7zro29n3f0v5rfmp82afkq2o02gjgiwnmndcyiuhitcdafwmytifddhh6akv7rxpdhy1168axv11:latest/confusion_matrix_table.table.json", "_latest_artifact_path": "wandb-client-artifact://egkx25ipl8vdtx6ssh56zpznssplqu4c5igh8x5f6xdbfjasji8h7zro29n3f0v5rfmp82afkq2o02gjgiwnmndcyiuhitcdafwmytifddhh6akv7rxpdhy1168axv11:latest/confusion_matrix_table.table.json", "path": "media/table/confusion_matrix_table_39_dd88e5216c43a49e99e9.table.json", "ncols": 3, "nrows": 100}, "_wandb": {"runtime": 47}}