{"Epoch ": 4, "Training loss ": 0.43047147261022756, "Training accuracy ": 0.6726851851851852, "Validation loss ": 0.435851534367484, "Validation accuracy ": 0.6721666666666667, "Testing loss ": 0.4400552720981431, "Testing accuracy ": 0.6656, "_timestamp": 1709401635.0948582, "_runtime": 19.429351091384888, "_step": 9, "confusion_matrix_table": {"_type": "table-file", "sha256": "00bedb320409d611bd7c8b9e58e4e264f87e5799dbbc4ad7a3398bb105310174", "size": 3188, "artifact_path": "wandb-client-artifact://qcpbqxqfbty9gshfp9bsi2ibmr5y96ez8o26hr6bbvm03xkx077ee9ai7gjvr8re1e7xtm5hwdr0rqduxq0od5mfr25hmu5y71rx5olll6bzmf7m4xxx718dq7rxh5fd:latest/confusion_matrix_table.table.json", "_latest_artifact_path": "wandb-client-artifact://qcpbqxqfbty9gshfp9bsi2ibmr5y96ez8o26hr6bbvm03xkx077ee9ai7gjvr8re1e7xtm5hwdr0rqduxq0od5mfr25hmu5y71rx5olll6bzmf7m4xxx718dq7rxh5fd:latest/confusion_matrix_table.table.json", "path": "media/table/confusion_matrix_table_9_00bedb320409d611bd7c.table.json", "ncols": 3, "nrows": 100}, "_wandb": {"runtime": 18}}