{"Epoch ": 4, "Training loss ": 0.6785379431196871, "Training accuracy ": 0.5597222222222222, "Validation loss ": 0.6848385535281187, "Validation accuracy ": 0.5611666666666667, "Testing loss ": 0.693844464882787, "Testing accuracy ": 0.5486, "_timestamp": 1709400029.647919, "_runtime": 20.23924493789673, "_step": 9, "confusion_matrix_table": {"_type": "table-file", "sha256": "1a8d46b8b93117d05e9ffeee26f9c890cb970cd6349a1b375d5de1ca3230e8bd", "size": 3174, "artifact_path": "wandb-client-artifact://xtrdh4wf79qd8257orixc7aiom80zgu6gn1qo7uly5zpafk64e3hxrwak78rb339kcae5lijdgis9yxrnqsqwz02z6vhyt26l7zm27zqv67cffelmhgpzyb24b7yzgw8:latest/confusion_matrix_table.table.json", "_latest_artifact_path": "wandb-client-artifact://xtrdh4wf79qd8257orixc7aiom80zgu6gn1qo7uly5zpafk64e3hxrwak78rb339kcae5lijdgis9yxrnqsqwz02z6vhyt26l7zm27zqv67cffelmhgpzyb24b7yzgw8:latest/confusion_matrix_table.table.json", "path": "media/table/confusion_matrix_table_9_1a8d46b8b93117d05e9f.table.json", "ncols": 3, "nrows": 100}, "_wandb": {"runtime": 19}}