{"Epoch ": 24, "Training loss ": 0.13321916327820038, "Training accuracy ": 0.9087407407407407, "Validation loss ": 0.16192725575248637, "Validation accuracy ": 0.8858333333333334, "Testing loss ": 0.1813213692561567, "Testing accuracy ": 0.8734, "_timestamp": 1709308713.9040897, "_runtime": 223.17607760429382, "_step": 49, "confusion_matrix_table": {"_type": "table-file", "sha256": "80cbb2eefa5a645fb67f58fd76264b2d4f8e947c59a7bb37efbe0cee6b6332f7", "size": 3174, "artifact_path": "wandb-client-artifact://z28oklfvropyjdy7ml7390h9ydlzomlsi1sdyy17sjt59ribeelbuoehl4ceqcd92vrsuvk7csetbm88ubrzfz7a0yw9dz4men31u0pxxsqnxjiac4ikv95sqml9swzo:latest/confusion_matrix_table.table.json", "_latest_artifact_path": "wandb-client-artifact://z28oklfvropyjdy7ml7390h9ydlzomlsi1sdyy17sjt59ribeelbuoehl4ceqcd92vrsuvk7csetbm88ubrzfz7a0yw9dz4men31u0pxxsqnxjiac4ikv95sqml9swzo:latest/confusion_matrix_table.table.json", "path": "media/table/confusion_matrix_table_49_80cbb2eefa5a645fb67f.table.json", "ncols": 3, "nrows": 100}, "_wandb": {"runtime": 222}}