{"Epoch ": 14, "Training loss ": 0.18222015317650084, "Training accuracy ": 0.8746296296296296, "Validation loss ": 0.206838422909639, "Validation accuracy ": 0.8588333333333333, "Testing loss ": 0.21796653105326697, "Testing accuracy ": 0.8533, "_timestamp": 1709183478.185423, "_runtime": 129.88824582099915, "_step": 29, "confusion_matrix_table": {"_type": "table-file", "sha256": "a1ebc1506dd49e5ac746e338d2578fdb54a73a5160ddf2f86120229f22117aef", "size": 3176, "artifact_path": "wandb-client-artifact://yqfrbrtndg5ybqp1btcic9jq4y4jticvamappzwcjhb04mtesqjzogt6mnwpwxxpkze6mjqehwlel4c3xqzrq8m3ngd0sinh98g07grg6aip8i0j1k6c9p5uw0zxc08x:latest/confusion_matrix_table.table.json", "_latest_artifact_path": "wandb-client-artifact://yqfrbrtndg5ybqp1btcic9jq4y4jticvamappzwcjhb04mtesqjzogt6mnwpwxxpkze6mjqehwlel4c3xqzrq8m3ngd0sinh98g07grg6aip8i0j1k6c9p5uw0zxc08x:latest/confusion_matrix_table.table.json", "path": "media/table/confusion_matrix_table_29_a1ebc1506dd49e5ac746.table.json", "ncols": 3, "nrows": 100}, "_wandb": {"runtime": 129}}