{"Epoch ": 14, "Training loss ": 0.1711884705669363, "Training accuracy ": 0.8835740740740741, "Validation loss ": 0.18812147922602612, "Validation accuracy ": 0.8663333333333333, "Testing loss ": 0.19791798858315432, "Testing accuracy ": 0.8642, "_timestamp": 1709535391.3854845, "_runtime": 32.19104242324829, "_step": 29, "confusion_matrix_table": {"_type": "table-file", "sha256": "5aa7bb564a69ad1373b16232db22014f6bc688e7ead1f04cf717ceebf7684c11", "size": 3173, "artifact_path": "wandb-client-artifact://36ikuyxa9angxckxkqy3tgl6b4hepqzy9ouwyt77197rpg57ewwrjumc53tksj1bgds9y2d0wj3fibt84im4cfegcd0z1f6e6dtvdpamntfquqpoe8dwuo6hxinfm0rs:latest/confusion_matrix_table.table.json", "_latest_artifact_path": "wandb-client-artifact://36ikuyxa9angxckxkqy3tgl6b4hepqzy9ouwyt77197rpg57ewwrjumc53tksj1bgds9y2d0wj3fibt84im4cfegcd0z1f6e6dtvdpamntfquqpoe8dwuo6hxinfm0rs:latest/confusion_matrix_table.table.json", "path": "media/table/confusion_matrix_table_29_5aa7bb564a69ad1373b1.table.json", "ncols": 3, "nrows": 100}, "_wandb": {"runtime": 31}}