{"Epoch ": 9, "Training loss ": 0.42376175031481295, "Training accuracy ": 0.8500740740740741, "Validation loss ": 0.442795041023496, "Validation accuracy ": 0.8431666666666666, "Testing loss ": 0.46928960826585553, "Testing accuracy ": 0.8318, "_timestamp": 1709310922.2239785, "_runtime": 104.43506050109863, "_step": 19, "confusion_matrix_table": {"_type": "table-file", "sha256": "cf9bc53b8a3d7d1991dfc8792b17f2c743b9529111a7c8f680bbde9b89d96e59", "size": 3171, "artifact_path": "wandb-client-artifact://ggvk41aerlfq3xj1z09w4q442b2ilfh0ac4ff4nrcjcwm5ofum4xz2s1zb1yrgfy00wufpvj8gat6c1gq0pmha32cg2rkf3ad53aixxmsrtzyp4k84m4vrc729zmarhm:latest/confusion_matrix_table.table.json", "_latest_artifact_path": "wandb-client-artifact://ggvk41aerlfq3xj1z09w4q442b2ilfh0ac4ff4nrcjcwm5ofum4xz2s1zb1yrgfy00wufpvj8gat6c1gq0pmha32cg2rkf3ad53aixxmsrtzyp4k84m4vrc729zmarhm:latest/confusion_matrix_table.table.json", "path": "media/table/confusion_matrix_table_19_cf9bc53b8a3d7d1991df.table.json", "ncols": 3, "nrows": 100}, "_wandb": {"runtime": 103}}