{"Epoch ": 29, "Training loss ": 0.20378414154138544, "Training accuracy ": 0.924037037037037, "Validation loss ": 0.43131195062244776, "Validation accuracy ": 0.882, "Testing loss ": 0.45093900066645654, "Testing accuracy ": 0.8706, "_timestamp": 1709410716.1691873, "_runtime": 276.1637043952942, "_step": 59, "confusion_matrix_table": {"_type": "table-file", "sha256": "e3fb97ea40c4bcb70776910e8645ff258292872d9e116dd8b6897c6c1a4a6545", "size": 3170, "artifact_path": "wandb-client-artifact://n7nmey7dtaymcfwu8090f15hevy70l7pa2ki2w4h22riybnzr9p1vhr8frppeuctrwrn02klu3543mxw6oopv7tng0xz7c0wrerx2foaclk0e4f00ot42xvvaq4tbb9w:latest/confusion_matrix_table.table.json", "_latest_artifact_path": "wandb-client-artifact://n7nmey7dtaymcfwu8090f15hevy70l7pa2ki2w4h22riybnzr9p1vhr8frppeuctrwrn02klu3543mxw6oopv7tng0xz7c0wrerx2foaclk0e4f00ot42xvvaq4tbb9w:latest/confusion_matrix_table.table.json", "path": "media/table/confusion_matrix_table_59_e3fb97ea40c4bcb70776.table.json", "ncols": 3, "nrows": 100}, "_wandb": {"runtime": 275}}