{"Epoch ": 9, "Training loss ": 0.159618732289567, "Training accuracy ": 0.8878518518518519, "Validation loss ": 0.18738841738551204, "Validation accuracy ": 0.8685, "Testing loss ": 0.20264046169872965, "Testing accuracy ": 0.8589, "_timestamp": 1709149279.8157063, "_runtime": 48.42126822471619, "_step": 19, "confusion_matrix_table": {"_type": "table-file", "sha256": "3462dd14240bb6cfa2716dfdd62f5164b2a0aa3ba939e1001856b4459e8d6998", "size": 3173, "artifact_path": "wandb-client-artifact://wk7vm0mhxtjbyxoerwfvxfzl42873uovy33ebn2ocovm9r8hk1cwi54nhu3bjm5mqwjtp7ant0oqwxjc2p8nrga6kf3y0faqcsv31mwv5jkyg08qluayeeefrlhm4ttt:latest/confusion_matrix_table.table.json", "_latest_artifact_path": "wandb-client-artifact://wk7vm0mhxtjbyxoerwfvxfzl42873uovy33ebn2ocovm9r8hk1cwi54nhu3bjm5mqwjtp7ant0oqwxjc2p8nrga6kf3y0faqcsv31mwv5jkyg08qluayeeefrlhm4ttt:latest/confusion_matrix_table.table.json", "path": "media/table/confusion_matrix_table_19_3462dd14240bb6cfa271.table.json", "ncols": 3, "nrows": 100}, "_wandb": {"runtime": 47}}