{"Epoch ": 29, "Training loss ": 1.0769024170731423, "Training accuracy ": 0.27744444444444444, "Validation loss ": 1.098791399689039, "Validation accuracy ": 0.26466666666666666, "Testing loss ": 1.0728901708190037, "Testing accuracy ": 0.2805, "_timestamp": 1709527120.3006754, "_runtime": 419.8607814311981, "_step": 59, "confusion_matrix_table": {"_type": "table-file", "sha256": "5a262c5f3c01734cf923e8cba17abc49e0f23825805d1fdd7efb367ba4e464d7", "size": 3166, "artifact_path": "wandb-client-artifact://yav9pv0war4ao3zim2w88ohzlqfuenpyx0jt1ocyodf8i7k7i82k5jq2el051o85kahmieythehl6hhcmy71j8kxfhcrb2kbpmq1nrkyb6lrood1om5lp513xvpvlqi3:latest/confusion_matrix_table.table.json", "_latest_artifact_path": "wandb-client-artifact://yav9pv0war4ao3zim2w88ohzlqfuenpyx0jt1ocyodf8i7k7i82k5jq2el051o85kahmieythehl6hhcmy71j8kxfhcrb2kbpmq1nrkyb6lrood1om5lp513xvpvlqi3:latest/confusion_matrix_table.table.json", "path": "media/table/confusion_matrix_table_59_5a262c5f3c01734cf923.table.json", "ncols": 3, "nrows": 100}, "_wandb": {"runtime": 419}}