{"Epoch ": 4, "Training loss ": 0.2338418813473802, "Training accuracy ": 0.8496111111111111, "Validation loss ": 0.2294949765373953, "Validation accuracy ": 0.8541666666666666, "Testing loss ": 0.2487422310952072, "Testing accuracy ": 0.8381, "_timestamp": 1709631547.951839, "_runtime": 15.934046983718872, "_step": 9, "confusion_matrix_table": {"_type": "table-file", "sha256": "b0046e63b74a56bd9c66ceb16a0773a0fdd06f168ee5130e5b73599fe1997468", "size": 3172, "artifact_path": "wandb-client-artifact://emsmra350ggc6ycfdq0w970tx7ci700g7i4cio18cvlho52yzmql8080ge72x5xrkj0klp2a3h3ojiq8n4puu6olglsgroj16p6kaxppspw58rimvfmbvss3bq8te194:latest/confusion_matrix_table.table.json", "_latest_artifact_path": "wandb-client-artifact://emsmra350ggc6ycfdq0w970tx7ci700g7i4cio18cvlho52yzmql8080ge72x5xrkj0klp2a3h3ojiq8n4puu6olglsgroj16p6kaxppspw58rimvfmbvss3bq8te194:latest/confusion_matrix_table.table.json", "path": "media/table/confusion_matrix_table_9_b0046e63b74a56bd9c66.table.json", "ncols": 3, "nrows": 100}, "_wandb": {"runtime": 14}}