{"Epoch ": 19, "Training loss ": 0.24493597546863696, "Training accuracy ": 0.9093888888888889, "Validation loss ": 0.3408155125479401, "Validation accuracy ": 0.8858333333333334, "Testing loss ": 0.376891064927338, "Testing accuracy ": 0.8708, "_timestamp": 1709288878.5006526, "_runtime": 65.74400758743286, "_step": 39, "confusion_matrix_table": {"_type": "table-file", "sha256": "7c65a7980af6129a374ab9e8ac54dfab8ef4c2ce43f4464cf3c60fbbcc071685", "size": 3171, "artifact_path": "wandb-client-artifact://c61a132v8nim8j0h1quduwy5xflm4dx9nd0ioqn8rlkqorz5r3jkc22f2g15y9j6t6f06mabkmnwpj0oj7v505o0918p7woajpukchzyt79c6936su967sxm999aa8sg:latest/confusion_matrix_table.table.json", "_latest_artifact_path": "wandb-client-artifact://c61a132v8nim8j0h1quduwy5xflm4dx9nd0ioqn8rlkqorz5r3jkc22f2g15y9j6t6f06mabkmnwpj0oj7v505o0918p7woajpukchzyt79c6936su967sxm999aa8sg:latest/confusion_matrix_table.table.json", "path": "media/table/confusion_matrix_table_39_7c65a7980af6129a374a.table.json", "ncols": 3, "nrows": 100}, "_wandb": {"runtime": 64}}