{"Epoch ": 29, "Training loss ": 0.14201889426831568, "Training accuracy ": 0.9038333333333334, "Validation loss ": 0.17960296815993293, "Validation accuracy ": 0.8763333333333333, "Testing loss ": 0.20272761315618731, "Testing accuracy ": 0.864, "_timestamp": 1709571897.4315374, "_runtime": 91.93504548072815, "_step": 59, "confusion_matrix_table": {"_type": "table-file", "sha256": "1c3fad4d5c63da99d4f91a2ecf9d06e0a5ff33c451f5f91fc2b0633d4b01b19d", "size": 3172, "artifact_path": "wandb-client-artifact://lfhkz4j13v6x2fstotta315bf5z2i1vofsu6ytf58r6fbc8s2zotbs6mzqe8xho5ybpcsc2gzyyxn1j9fagcp007f4wkbyc3aox7j4i2xnlhix7qa4p14cjlr0abfmid:latest/confusion_matrix_table.table.json", "_latest_artifact_path": "wandb-client-artifact://lfhkz4j13v6x2fstotta315bf5z2i1vofsu6ytf58r6fbc8s2zotbs6mzqe8xho5ybpcsc2gzyyxn1j9fagcp007f4wkbyc3aox7j4i2xnlhix7qa4p14cjlr0abfmid:latest/confusion_matrix_table.table.json", "path": "media/table/confusion_matrix_table_59_1c3fad4d5c63da99d4f9.table.json", "ncols": 3, "nrows": 100}, "_wandb": {"runtime": 91}}