{"Epoch": 9, "Training loss": 0.3765980397659683, "Training accuracy": 0.873462962962963, "Validation loss": 0.4216422936661473, "Validation accuracy": 0.8618333333333333, "Testing loss": 0.4518039239679966, "Testing accuracy": 0.8525, "_timestamp": 1709120709.0971, "_runtime": 31.417191982269287, "_step": 19, "confusion_matrix_table": {"_type": "table-file", "sha256": "b03d942ebb3225c5097a42455fa21353a885ecc75f4e4272b77fbda4cf960886", "size": 3173, "artifact_path": "wandb-client-artifact://j9i784v6enorri6thjyxdmiitowjr1y61niiqosyflyzjanh5do76en49w1by83lhlbtn9crs0wbi1kvhs6jue4uums5xrq80ipaxaa5qza3zzllb8pckhokkhcllb3g:latest/confusion_matrix_table.table.json", "_latest_artifact_path": "wandb-client-artifact://j9i784v6enorri6thjyxdmiitowjr1y61niiqosyflyzjanh5do76en49w1by83lhlbtn9crs0wbi1kvhs6jue4uums5xrq80ipaxaa5qza3zzllb8pckhokkhcllb3g:latest/confusion_matrix_table.table.json", "path": "media/table/confusion_matrix_table_19_b03d942ebb3225c5097a.table.json", "ncols": 3, "nrows": 100}, "_wandb": {"runtime": 30}}