{"Epoch ": 4, "Training loss ": 0.2015688294318687, "Training accuracy ": 0.9031481481481481, "Validation loss ": 0.2096145784855854, "Validation accuracy ": 0.8956666666666667, "Testing loss ": 0.19874969797719005, "Testing accuracy ": 0.9063, "_timestamp": 1709529327.7146392, "_runtime": 31.04538106918335, "_step": 9, "confusion_matrix_table": {"_type": "table-file", "sha256": "8f394f35433416b8ed3b3560ee5f180a1515e8f3970dffbdc401112ecfa20b45", "size": 3178, "artifact_path": "wandb-client-artifact://16is1sqk9o7t33eng35i1hdb66f4nsohbi7jt1xoscnq5nkuv0zu1mggkojd3o9rzbjc2qmu2bzfb7btbpe2i6nq3vojtjvfvr3zaeu0ifynx9vquma4cimzxn5y9t4m:latest/confusion_matrix_table.table.json", "_latest_artifact_path": "wandb-client-artifact://16is1sqk9o7t33eng35i1hdb66f4nsohbi7jt1xoscnq5nkuv0zu1mggkojd3o9rzbjc2qmu2bzfb7btbpe2i6nq3vojtjvfvr3zaeu0ifynx9vquma4cimzxn5y9t4m:latest/confusion_matrix_table.table.json", "path": "media/table/confusion_matrix_table_9_8f394f35433416b8ed3b.table.json", "ncols": 3, "nrows": 100}, "_wandb": {"runtime": 30}}