{"Epoch ": 24, "Training loss ": 0.3119755647324699, "Training accuracy ": 0.8905925925925926, "Validation loss ": 0.3547722019168228, "Validation accuracy ": 0.8723333333333333, "Testing loss ": 0.3884254989300407, "Testing accuracy ": 0.862, "_timestamp": 1709134532.88974, "_runtime": 42.19883608818054, "_step": 49, "confusion_matrix_table": {"_type": "table-file", "sha256": "73eba50331a51437ef6d7334c60d964a0138a5d90a84fea7d8d4a97165167021", "size": 3174, "artifact_path": "wandb-client-artifact://1cv63wq98kcqhtt90sufulrzrah9fhibjw8e1hx9aqlqfed1uusskk8sjs9oee0x6yain2tz4y0kgwhmdfiz02au3n3mvzyslct6p0ksiirgfghwz3fx3ly1kyu4ay4g:latest/confusion_matrix_table.table.json", "_latest_artifact_path": "wandb-client-artifact://1cv63wq98kcqhtt90sufulrzrah9fhibjw8e1hx9aqlqfed1uusskk8sjs9oee0x6yain2tz4y0kgwhmdfiz02au3n3mvzyslct6p0ksiirgfghwz3fx3ly1kyu4ay4g:latest/confusion_matrix_table.table.json", "path": "media/table/confusion_matrix_table_49_73eba50331a51437ef6d.table.json", "ncols": 3, "nrows": 100}, "_wandb": {"runtime": 41}}