{"Epoch": 24, "Training loss": 1.0611219386779946, "Training accuracy": 0.6859444444444445, "Validation loss": 1.0628207836036612, "Validation accuracy": 0.687, "Testing loss": 1.0746558841530203, "Testing accuracy": 0.6765, "_timestamp": 1709122909.4165373, "_runtime": 47.45616936683655, "_step": 49, "confusion_matrix_table": {"_type": "table-file", "sha256": "7426733066fdee630c137e1f285d5f0fddbee72e559739e42ad9223daec09230", "size": 3191, "artifact_path": "wandb-client-artifact://ht0ogmy8guxriopdykr1a9h5aj0hv8dh03p3sdrbamle1jkbzjg3vznlivajv9rhu25is3wravxhmg8afrs4v2uqpqxstbo8hh9f2u2vt4oxa8zunj7kwv3qvc6tm4np:latest/confusion_matrix_table.table.json", "_latest_artifact_path": "wandb-client-artifact://ht0ogmy8guxriopdykr1a9h5aj0hv8dh03p3sdrbamle1jkbzjg3vznlivajv9rhu25is3wravxhmg8afrs4v2uqpqxstbo8hh9f2u2vt4oxa8zunj7kwv3qvc6tm4np:latest/confusion_matrix_table.table.json", "path": "media/table/confusion_matrix_table_49_7426733066fdee630c13.table.json", "ncols": 3, "nrows": 100}, "_wandb": {"runtime": 46}}