{"Epoch": 9, "Training loss": 0.32455191225427693, "Training accuracy": 0.888, "Validation loss": 0.3974056235105585, "Validation accuracy": 0.8656666666666667, "Testing loss": 0.42432238141639456, "Testing accuracy": 0.8622, "_timestamp": 1709122849.1142466, "_runtime": 29.52793860435486, "_step": 19, "confusion_matrix_table": {"_type": "table-file", "sha256": "be54d8aa5bbff7688ba523677ee3944d3c67142e233b6a7d38bf30f0b8a17ebe", "size": 3174, "artifact_path": "wandb-client-artifact://kt4eqe73plw7md6mgwxixk7v0d25t0c6fjzch8hplgtbhvs0o6o84fcyu6uraf45170p40admfk35m3ohng7muxi7ou4gocthol7tr3loxtyr3jjugwe63mhjhta5d6f:latest/confusion_matrix_table.table.json", "_latest_artifact_path": "wandb-client-artifact://kt4eqe73plw7md6mgwxixk7v0d25t0c6fjzch8hplgtbhvs0o6o84fcyu6uraf45170p40admfk35m3ohng7muxi7ou4gocthol7tr3loxtyr3jjugwe63mhjhta5d6f:latest/confusion_matrix_table.table.json", "path": "media/table/confusion_matrix_table_19_be54d8aa5bbff7688ba5.table.json", "ncols": 3, "nrows": 100}, "_wandb": {"runtime": 28}}