{"Epoch ": 99, "Training loss ": 3.6095573398479952e-06, "Training accuracy ": 0.9309259259259259, "Validation loss ": 5.473117313902401e-05, "Validation accuracy ": 0.8886666666666667, "Testing loss ": 3.553246513941719e-05, "Testing accuracy ": 0.8804, "_timestamp": 1708927628.1456058, "_runtime": 84.28742480278015, "_step": 199, "confusion_matrix_table": {"_type": "table-file", "sha256": "d9e244454ab7365e8c052bfbf1ffa1015a1f90f92654c95a957f2642f04addab", "size": 3170, "artifact_path": "wandb-client-artifact://dwm8e9j0o7rekvph12zj73palxd7c8zl29bsl0zshbeubsignot0b2yfq02wgp7a2o3vlzk31gdoroxnfyn8uttxywkj1nmlgtoeuf5wlwu3g0oblc737gfy3ji2r1av:latest/confusion_matrix_table.table.json", "_latest_artifact_path": "wandb-client-artifact://dwm8e9j0o7rekvph12zj73palxd7c8zl29bsl0zshbeubsignot0b2yfq02wgp7a2o3vlzk31gdoroxnfyn8uttxywkj1nmlgtoeuf5wlwu3g0oblc737gfy3ji2r1av:latest/confusion_matrix_table.table.json", "path": "media/table/confusion_matrix_table_199_d9e244454ab7365e8c05.table.json", "ncols": 3, "nrows": 100}, "_wandb": {"runtime": 83}}