{"Epoch ": 4, "Training loss ": 0.4069634614031613, "Training accuracy ": 0.8521481481481481, "Validation loss ": 0.4442650611394574, "Validation accuracy ": 0.8395, "Testing loss ": 0.4633718234692128, "Testing accuracy ": 0.8344, "_timestamp": 1709401748.8873668, "_runtime": 16.313117742538452, "_step": 9, "confusion_matrix_table": {"_type": "table-file", "sha256": "2764c9fb42b63f339a3a4ceac111e6b4ee310fc64e55eb72a7f8a05efde6b147", "size": 3175, "artifact_path": "wandb-client-artifact://oj3oadrr6ac4q3qwmsu54qv3xq21sde7s5rmduv7i2a34xzqb7f75006obl0q2mmdgrftplsfam48jggzykb7q1o84tkvpgpghui6nddx3oo5ta8ukz00x2c097e3a87:latest/confusion_matrix_table.table.json", "_latest_artifact_path": "wandb-client-artifact://oj3oadrr6ac4q3qwmsu54qv3xq21sde7s5rmduv7i2a34xzqb7f75006obl0q2mmdgrftplsfam48jggzykb7q1o84tkvpgpghui6nddx3oo5ta8ukz00x2c097e3a87:latest/confusion_matrix_table.table.json", "path": "media/table/confusion_matrix_table_9_2764c9fb42b63f339a3a.table.json", "ncols": 3, "nrows": 100}, "_wandb": {"runtime": 15}}