{"Epoch ": 9, "Training loss ": 2.295017300899035, "Training accuracy ": 0.27874074074074073, "Validation loss ": 2.294890433696059, "Validation accuracy ": 0.2793333333333333, "Testing loss ": 2.295112414847381, "Testing accuracy ": 0.2743, "_timestamp": 1709485092.2732096, "_runtime": 56.631529569625854, "_step": 19, "confusion_matrix_table": {"_type": "table-file", "sha256": "f7a3070cd4ec2653392e1fc0a66d6a9c86a970298bba03980604428407fb3545", "size": 3167, "artifact_path": "wandb-client-artifact://o1v9hu668bvui2lq7fop6gm2vqcb5b5b7pjqmxp6jaz5b3dvr81vs2e40vlz28o1i99ix1sc2px5pl1zwol3ck8k4oaczez3fjmfsam9pwacd28haaiuns3siny9t0w3:latest/confusion_matrix_table.table.json", "_latest_artifact_path": "wandb-client-artifact://o1v9hu668bvui2lq7fop6gm2vqcb5b5b7pjqmxp6jaz5b3dvr81vs2e40vlz28o1i99ix1sc2px5pl1zwol3ck8k4oaczez3fjmfsam9pwacd28haaiuns3siny9t0w3:latest/confusion_matrix_table.table.json", "path": "media/table/confusion_matrix_table_19_f7a3070cd4ec2653392e.table.json", "ncols": 3, "nrows": 100}, "_wandb": {"runtime": 55}}