{"Epoch ": 24, "Training loss ": 0.525377262553579, "Training accuracy ": 0.698925925925926, "Validation loss ": 0.5311376858879427, "Validation accuracy ": 0.6875, "Testing loss ": 0.5239381404014646, "Testing accuracy ": 0.699, "_timestamp": 1709533577.0143268, "_runtime": 92.74017190933228, "_step": 49, "confusion_matrix_table": {"_type": "table-file", "sha256": "9f1252e3c2d30f98bbb08baf5b36d5608b6486d149d35fdf1f566f2914ba1690", "size": 3186, "artifact_path": "wandb-client-artifact://dt13gsf80auhuf8sh5i8kjyz0fmcwq06xs9p2mup7vktnh7gcozhlqisk6p9zjyti5luqx60eeza1vtlnkj249khb9n4rra9dz3nh8z70qq06gi01on8a803fa8trxix:latest/confusion_matrix_table.table.json", "_latest_artifact_path": "wandb-client-artifact://dt13gsf80auhuf8sh5i8kjyz0fmcwq06xs9p2mup7vktnh7gcozhlqisk6p9zjyti5luqx60eeza1vtlnkj249khb9n4rra9dz3nh8z70qq06gi01on8a803fa8trxix:latest/confusion_matrix_table.table.json", "path": "media/table/confusion_matrix_table_49_9f1252e3c2d30f98bbb0.table.json", "ncols": 3, "nrows": 100}, "_wandb": {"runtime": 91}}