{"Epoch ": 14, "Training loss ": 0.12674839516949601, "Training accuracy ": 0.919, "Validation loss ": 0.13819128376829604, "Validation accuracy ": 0.9091666666666667, "Testing loss ": 0.1381784394726317, "Testing accuracy ": 0.9109, "_timestamp": 1709528909.4470904, "_runtime": 76.60134744644165, "_step": 29, "confusion_matrix_table": {"_type": "table-file", "sha256": "02e12230bda9cf9718e214945b43924c3bb9e15552b036c7266eef16ac870f2a", "size": 3174, "artifact_path": "wandb-client-artifact://30ej1b4rqn2mkix4tpyjctuys021k678zzyvi0p6qz8kojareumsao15kcmqvv9adxqh2po6bwh1doy1jn5bnqy2ztligzrr290vd5rcph1pm0wpn781y45w45ppizd0:latest/confusion_matrix_table.table.json", "_latest_artifact_path": "wandb-client-artifact://30ej1b4rqn2mkix4tpyjctuys021k678zzyvi0p6qz8kojareumsao15kcmqvv9adxqh2po6bwh1doy1jn5bnqy2ztligzrr290vd5rcph1pm0wpn781y45w45ppizd0:latest/confusion_matrix_table.table.json", "path": "media/table/confusion_matrix_table_29_02e12230bda9cf9718e2.table.json", "ncols": 3, "nrows": 100}, "_wandb": {"runtime": 75}}