{"Epoch ": 24, "Training loss ": 0.12099463494388524, "Training accuracy ": 0.9178148148148149, "Validation loss ": 0.16560367610332072, "Validation accuracy ": 0.8875, "Testing loss ": 0.18251108483506046, "Testing accuracy ": 0.8739, "_timestamp": 1709148605.0688903, "_runtime": 133.99334931373596, "_step": 49, "confusion_matrix_table": {"_type": "table-file", "sha256": "9a61fdb0eadc3b71546387be61b43fcd7d442a7971f2b127b202a47a6b5518f0", "size": 3170, "artifact_path": "wandb-client-artifact://29ko4flvmc7a98ccygj1hzkq9z3e25id2vbw1pmeg6ka9z408utpva3xa33z7bwzbk91454cecinsd8prvlabd6ao4eb0zscojsz2l9pyzjlh4wqanraptf3v5xvv6lx:latest/confusion_matrix_table.table.json", "_latest_artifact_path": "wandb-client-artifact://29ko4flvmc7a98ccygj1hzkq9z3e25id2vbw1pmeg6ka9z408utpva3xa33z7bwzbk91454cecinsd8prvlabd6ao4eb0zscojsz2l9pyzjlh4wqanraptf3v5xvv6lx:latest/confusion_matrix_table.table.json", "path": "media/table/confusion_matrix_table_49_9a61fdb0eadc3b715463.table.json", "ncols": 3, "nrows": 100}, "_wandb": {"runtime": 133}}