{"Epoch ": 14, "Training loss ": 0.21815663707797245, "Training accuracy ": 0.8524074074074074, "Validation loss ": 0.2272381337416294, "Validation accuracy ": 0.8411666666666666, "Testing loss ": 0.23487676736280197, "Testing accuracy ": 0.8385, "_timestamp": 1709631514.1180973, "_runtime": 50.70760130882263, "_step": 29, "confusion_matrix_table": {"_type": "table-file", "sha256": "7664a5f9508046fbb00d533b2ef9d8bae2d540575521be0feacdcb0d41bc6051", "size": 3178, "artifact_path": "wandb-client-artifact://5qz2gs7a0ybrf7kft0qvy90ajywc3q6bnsievusey945694pu2azijekr42zpa0h4yzcuc79v6kgckxxjg5tmpu5bc9vilfrl8lxwqor94b49r8kk321ppqa8dfz41t8:latest/confusion_matrix_table.table.json", "_latest_artifact_path": "wandb-client-artifact://5qz2gs7a0ybrf7kft0qvy90ajywc3q6bnsievusey945694pu2azijekr42zpa0h4yzcuc79v6kgckxxjg5tmpu5bc9vilfrl8lxwqor94b49r8kk321ppqa8dfz41t8:latest/confusion_matrix_table.table.json", "path": "media/table/confusion_matrix_table_29_7664a5f9508046fbb00d.table.json", "ncols": 3, "nrows": 100}, "_wandb": {"runtime": 49}}