{"Epoch ": 4, "Training loss ": 0.4809626148951645, "Training accuracy ": 0.8340925925925926, "Validation loss ": 0.4926471588136548, "Validation accuracy ": 0.8298333333333333, "Testing loss ": 0.5149052956980199, "Testing accuracy ": 0.8183, "_timestamp": 1709115250.3693447, "_runtime": 14.588602781295776, "_step": 9, "confusion_matrix_table": {"_type": "table-file", "sha256": "09078f4755315d22de7b1ac2e79ffabe9895747e59b184aa0a363f04fbfc3b7c", "size": 3181, "artifact_path": "wandb-client-artifact://s2sst624phi8lxjb2r0vz0ri601y7l2ilnq78wggwmwwj7qm9kawp4y6x5t4vo374twhzfavw3s4a9cbfkq5q0gccu25qnx58sd8r7qxuxjx9suvcppwpioukomj73r6:latest/confusion_matrix_table.table.json", "_latest_artifact_path": "wandb-client-artifact://s2sst624phi8lxjb2r0vz0ri601y7l2ilnq78wggwmwwj7qm9kawp4y6x5t4vo374twhzfavw3s4a9cbfkq5q0gccu25qnx58sd8r7qxuxjx9suvcppwpioukomj73r6:latest/confusion_matrix_table.table.json", "path": "media/table/confusion_matrix_table_9_09078f4755315d22de7b.table.json", "ncols": 3, "nrows": 100}, "_wandb": {"runtime": 12}}