{"Epoch ": 24, "Training loss ": 0.25230533185926923, "Training accuracy ": 0.9049444444444444, "Validation loss ": 0.35992414570732056, "Validation accuracy ": 0.869, "Testing loss ": 0.4030300576902187, "Testing accuracy ": 0.8615, "_timestamp": 1709135376.9156, "_runtime": 68.14262413978577, "_step": 49, "confusion_matrix_table": {"_type": "table-file", "sha256": "1c2d8dc49ded24c4b8912e747683cc14796cbd36b8668e1aa5967bad8b944ded", "size": 3173, "artifact_path": "wandb-client-artifact://inr9ixjvdtf71jzjj2mo87ohbgaklwoqb3q0iri2lr76b2behlpva8yw6pjvqpl2zdq3orbt3q9irvw84xma0u9wu5iivp1rnx0n8bcuxsqjk96p5mgno19nxy8dmwi3:latest/confusion_matrix_table.table.json", "_latest_artifact_path": "wandb-client-artifact://inr9ixjvdtf71jzjj2mo87ohbgaklwoqb3q0iri2lr76b2behlpva8yw6pjvqpl2zdq3orbt3q9irvw84xma0u9wu5iivp1rnx0n8bcuxsqjk96p5mgno19nxy8dmwi3:latest/confusion_matrix_table.table.json", "path": "media/table/confusion_matrix_table_49_1c2d8dc49ded24c4b891.table.json", "ncols": 3, "nrows": 100}, "_wandb": {"runtime": 67}}