{"Epoch ": 4, "Training loss ": 1.3037301353283184, "Training accuracy ": 0.04611111111111111, "Validation loss ": 1.3084527094167064, "Validation accuracy ": 0.0455, "Testing loss ": 1.3078115379546114, "Testing accuracy ": 0.0432, "_timestamp": 1709400660.527117, "_runtime": 33.48341202735901, "_step": 9, "confusion_matrix_table": {"_type": "table-file", "sha256": "edbf5bd692e667cf7638da077f7eb4dfaa9be8ba60b71cfaa6fd1064d03696e4", "size": 3165, "artifact_path": "wandb-client-artifact://1p3prz7i8tx47jsfkex22faqm0m2wt7m6pw5b7aqzokdlsh0t6bqmf98pnno7v6tujd4u1q52d9qkcyzs56upf0w00egbhjsvd37csv5itbgelde0fi98pxd50vnpaka:latest/confusion_matrix_table.table.json", "_latest_artifact_path": "wandb-client-artifact://1p3prz7i8tx47jsfkex22faqm0m2wt7m6pw5b7aqzokdlsh0t6bqmf98pnno7v6tujd4u1q52d9qkcyzs56upf0w00egbhjsvd37csv5itbgelde0fi98pxd50vnpaka:latest/confusion_matrix_table.table.json", "path": "media/table/confusion_matrix_table_9_edbf5bd692e667cf7638.table.json", "ncols": 3, "nrows": 100}, "_wandb": {"runtime": 32}}