{"Epoch ": 9, "Training loss ": 1.3408263515101622, "Training accuracy ": 0.5671851851851852, "Validation loss ": 1.3331832489328073, "Validation accuracy ": 0.5695, "Testing loss ": 1.3496764208863488, "Testing accuracy ": 0.5593, "_timestamp": 1709095453.195319, "_runtime": 23.866432905197144, "_step": 9, "_wandb": {"runtime": 23}}