{"Epoch ": 4, "Training loss ": 0.3667652408820616, "Training accuracy ": 0.8685925925925926, "Validation loss ": 0.39126102151038633, "Validation accuracy ": 0.8568333333333333, "Testing loss ": 0.4201833803703287, "Testing accuracy ": 0.8475, "_timestamp": 1709401713.2983737, "_runtime": 23.991214752197266, "_step": 9, "confusion_matrix_table": {"_type": "table-file", "sha256": "45e367589d6ee32bac916df2ec1beebebadd853d1bc1596ca45a96fdf6d72e59", "size": 3174, "artifact_path": "wandb-client-artifact://zzfimboyjq16id57tyq0dwqm8bket3aa0vpv6qc9ca6y9c027nqecc5bm8jr7dx9wqci9wano9dy85y8k8zmtmteifcxzpsfz8scx1dzw0o47vg5rx622hwdnf5gtjhz:latest/confusion_matrix_table.table.json", "_latest_artifact_path": "wandb-client-artifact://zzfimboyjq16id57tyq0dwqm8bket3aa0vpv6qc9ca6y9c027nqecc5bm8jr7dx9wqci9wano9dy85y8k8zmtmteifcxzpsfz8scx1dzw0o47vg5rx622hwdnf5gtjhz:latest/confusion_matrix_table.table.json", "path": "media/table/confusion_matrix_table_9_45e367589d6ee32bac91.table.json", "ncols": 3, "nrows": 100}, "_wandb": {"runtime": 23}}