{"Epoch ": 19, "Training loss ": 0.302171073755741, "Training accuracy ": 0.8901481481481481, "Validation loss ": 0.3799748882508794, "Validation accuracy ": 0.8666666666666667, "Testing loss ": 0.42346498837119373, "Testing accuracy ": 0.8563, "_timestamp": 1709134390.1111553, "_runtime": 57.008031368255615, "_step": 39, "confusion_matrix_table": {"_type": "table-file", "sha256": "42fea0c4c53f29278f4c2ee52b668f4219e80e57bf281652c12c08c2314ef93f", "size": 3173, "artifact_path": "wandb-client-artifact://iplm0hsw3l6mozwxkz386yld5ub1m8c5gh2b5biwpcvsj4qlcr60xxbbrhlxt521th46fqot26rs8bencqcgyz98s3gin691jz0pzsh9vp77tuca7w445pg36agrqjky:latest/confusion_matrix_table.table.json", "_latest_artifact_path": "wandb-client-artifact://iplm0hsw3l6mozwxkz386yld5ub1m8c5gh2b5biwpcvsj4qlcr60xxbbrhlxt521th46fqot26rs8bencqcgyz98s3gin691jz0pzsh9vp77tuca7w445pg36agrqjky:latest/confusion_matrix_table.table.json", "path": "media/table/confusion_matrix_table_39_42fea0c4c53f29278f4c.table.json", "ncols": 3, "nrows": 100}, "_wandb": {"runtime": 56}}