{"Epoch ": 29, "Training loss ": 0.13213061837488024, "Training accuracy ": 0.9093888888888889, "Validation loss ": 0.16375021542359955, "Validation accuracy ": 0.8855, "Testing loss ": 0.17599413803294034, "Testing accuracy ": 0.8779, "_timestamp": 1709189306.9401565, "_runtime": 72.95965957641602, "_step": 59, "confusion_matrix_table": {"_type": "table-file", "sha256": "0ddbb7cdbb77e24762aaa74c03ca139881149ec87360a19a66f3023347737e30", "size": 3170, "artifact_path": "wandb-client-artifact://pi56f5g2fjn3le1lnyhuidy9mdp35f2lwcoisbg8oi7hutj40i6xodrqjdoem47g6hwovefkxx373c3in5pl67en805trufbjvnp4o92g51y04snzpq9pfwbk2otvj5s:latest/confusion_matrix_table.table.json", "_latest_artifact_path": "wandb-client-artifact://pi56f5g2fjn3le1lnyhuidy9mdp35f2lwcoisbg8oi7hutj40i6xodrqjdoem47g6hwovefkxx373c3in5pl67en805trufbjvnp4o92g51y04snzpq9pfwbk2otvj5s:latest/confusion_matrix_table.table.json", "path": "media/table/confusion_matrix_table_59_0ddbb7cdbb77e24762aa.table.json", "ncols": 3, "nrows": 100}, "_wandb": {"runtime": 72}}