{"Epoch ": 29, "Training loss ": 0.6142875563645457, "Training accuracy ": 0.7955, "Validation loss ": 0.6528457936213841, "Validation accuracy ": 0.7853333333333333, "Testing loss ": 0.6600583821498702, "Testing accuracy ": 0.7831, "_timestamp": 1709303319.575652, "_runtime": 540.4932188987732, "_step": 59, "confusion_matrix_table": {"_type": "table-file", "sha256": "584ffd622a7b06941c4cdca6d4c1722f85212df9639383525e51116e97e449b1", "size": 3178, "artifact_path": "wandb-client-artifact://j326gspfc9x4hdelk1epkb6wak7uc30uvmy1iscr445nl9bbg2454zwwiezotbhl73qb7h3ra0o6npgstx1xl04jcdau49k4tv61j76628hfxz6a123b84gz5yzjw2u8:latest/confusion_matrix_table.table.json", "_latest_artifact_path": "wandb-client-artifact://j326gspfc9x4hdelk1epkb6wak7uc30uvmy1iscr445nl9bbg2454zwwiezotbhl73qb7h3ra0o6npgstx1xl04jcdau49k4tv61j76628hfxz6a123b84gz5yzjw2u8:latest/confusion_matrix_table.table.json", "path": "media/table/confusion_matrix_table_59_584ffd622a7b06941c4c.table.json", "ncols": 3, "nrows": 100}, "_wandb": {"runtime": 539}}