{"Epoch ": 29, "Training loss ": 0.05525484995252238, "Training accuracy ": 0.9845185185185186, "Validation loss ": 0.12400589875428983, "Validation accuracy ": 0.9646666666666667, "Testing loss ": 0.12067748291126504, "Testing accuracy ": 0.9656, "_timestamp": 1709495595.5982683, "_runtime": 88.6980152130127, "_step": 59, "confusion_matrix_table": {"_type": "table-file", "sha256": "191157fbe59a6261aaa6c0a3127328b8d370963b46fb9c99e29239fc35b04210", "size": 3151, "artifact_path": "wandb-client-artifact://20a0k0xpu7y2bms4t98hm5uixqezzie9x0abutyj75lhy9dqi67un6bmqr8v5jjg9rx5z1flnpphzoohuuddnlsdy1x32mkasqqp9xbglrouy23wu26tx98wpqyd6tv0:latest/confusion_matrix_table.table.json", "_latest_artifact_path": "wandb-client-artifact://20a0k0xpu7y2bms4t98hm5uixqezzie9x0abutyj75lhy9dqi67un6bmqr8v5jjg9rx5z1flnpphzoohuuddnlsdy1x32mkasqqp9xbglrouy23wu26tx98wpqyd6tv0:latest/confusion_matrix_table.table.json", "path": "media/table/confusion_matrix_table_59_191157fbe59a6261aaa6.table.json", "ncols": 3, "nrows": 100}, "_wandb": {"runtime": 87}}