{"Epoch ": 0, "Training loss ": 0.8999999781711713, "Training accuracy ": 0.097, "Validation loss ": 0.899999977384534, "Validation accuracy ": 0.097, "Testing loss ": 0.8999999773236143, "Testing accuracy ": 0.0971, "_timestamp": 1709095089.8136356, "_runtime": 9.45304560661316, "_step": 0, "_wandb": {"runtime": 8}}