{"Epoch ": 14, "Training loss ": 0.2509779375142656, "Training accuracy ": 0.8434259259259259, "Validation loss ": 0.2545416573121084, "Validation accuracy ": 0.8385, "Testing loss ": 0.26861885227231086, "Testing accuracy ": 0.8256, "_timestamp": 1709528053.1522868, "_runtime": 24.156969785690308, "_step": 29, "confusion_matrix_table": {"_type": "table-file", "sha256": "db12b54d708f7295c263eedaf523374ae3496b9dc4414839a752902fcaaa6256", "size": 3177, "artifact_path": "wandb-client-artifact://84g9thvq5a3g0qqx3u481k3bt4dfnn758jbk4lflvr4jfg7bht29e9fhm49mqcjfqrscgubdizgq7eq9fu6s4fx7oo3tt3vr7i4rg6oejk4o9v8n6gct5evea5npnenf:latest/confusion_matrix_table.table.json", "_latest_artifact_path": "wandb-client-artifact://84g9thvq5a3g0qqx3u481k3bt4dfnn758jbk4lflvr4jfg7bht29e9fhm49mqcjfqrscgubdizgq7eq9fu6s4fx7oo3tt3vr7i4rg6oejk4o9v8n6gct5evea5npnenf:latest/confusion_matrix_table.table.json", "path": "media/table/confusion_matrix_table_29_db12b54d708f7295c263.table.json", "ncols": 3, "nrows": 100}, "_wandb": {"runtime": 23}}