{"Epoch ": 24, "Training loss ": 0.24236163060217894, "Training accuracy ": 0.9123148148148148, "Validation loss ": 0.2975458892949646, "Validation accuracy ": 0.8921666666666667, "Testing loss ": 0.33081985156655797, "Testing accuracy ": 0.8808, "_timestamp": 1709130522.9865825, "_runtime": 222.79045748710632, "_step": 49, "confusion_matrix_table": {"_type": "table-file", "sha256": "c8daa7b7bb386a7cb827a02195a71325cbecaa0a2a01a17e377baf4790f4ebcf", "size": 3171, "artifact_path": "wandb-client-artifact://3sn87jqdrlwpcg1r7n1f7wd57ogodrq532k0nls9jfb6qpnklp04cyi76w4b59t0kbzesolr660fjqu2qhjx79hsyqwxr97cuj3itq9l1uvrtlwripzghd1enkdzl3dx:latest/confusion_matrix_table.table.json", "_latest_artifact_path": "wandb-client-artifact://3sn87jqdrlwpcg1r7n1f7wd57ogodrq532k0nls9jfb6qpnklp04cyi76w4b59t0kbzesolr660fjqu2qhjx79hsyqwxr97cuj3itq9l1uvrtlwripzghd1enkdzl3dx:latest/confusion_matrix_table.table.json", "path": "media/table/confusion_matrix_table_49_c8daa7b7bb386a7cb827.table.json", "ncols": 3, "nrows": 100}, "_wandb": {"runtime": 222}}