{"Epoch ": 4, "Training loss ": 0.38054468504443684, "Training accuracy ": 0.8646666666666667, "Validation loss ": 0.4104534392792294, "Validation accuracy ": 0.8568333333333333, "Testing loss ": 0.4270678214427262, "Testing accuracy ": 0.845, "_timestamp": 1709129510.5108519, "_runtime": 16.62108874320984, "_step": 9, "confusion_matrix_table": {"_type": "table-file", "sha256": "bd1d307d136f2487a288f22a44ace9913ea4a2bd81116769ff1945ef784a0976", "size": 3172, "artifact_path": "wandb-client-artifact://qhgeh727n6jaii464nhgbne3hj1yt8m2tc0xm5n7a6c3f3fusfcvux9iogkz0c6y2ao9b3mhpqee99ul9d932shxika1gpyoyofjpnt1pqib6cfzaig091ofjdjtazyb:latest/confusion_matrix_table.table.json", "_latest_artifact_path": "wandb-client-artifact://qhgeh727n6jaii464nhgbne3hj1yt8m2tc0xm5n7a6c3f3fusfcvux9iogkz0c6y2ao9b3mhpqee99ul9d932shxika1gpyoyofjpnt1pqib6cfzaig091ofjdjtazyb:latest/confusion_matrix_table.table.json", "path": "media/table/confusion_matrix_table_9_bd1d307d136f2487a288.table.json", "ncols": 3, "nrows": 100}, "_wandb": {"runtime": 15}}