{"Epoch ": 9, "Training loss ": 0.34141282595421646, "Training accuracy ": 0.8757037037037037, "Validation loss ": 0.41941075325717125, "Validation accuracy ": 0.8553333333333333, "Testing loss ": 0.4405682980066901, "Testing accuracy ": 0.8501, "_timestamp": 1709451113.4368143, "_runtime": 356.8460183143616, "_step": 19, "confusion_matrix_table": {"_type": "table-file", "sha256": "ce10830df17977b6e4abf5f31a39c8b85c9cf8b5023159e9b9841cd034a9b071", "size": 3173, "artifact_path": "wandb-client-artifact://b27z6j51km7wrqunwl9bfqxg0xl97w449bwjnudwx53aqco0yqn3lkqcjp0p7xna7jsw2aso1fbqx2dorxj16p82v2sh3nhg6wwu0ztmzq64j73hf1vzsomixy4x9wuk:latest/confusion_matrix_table.table.json", "_latest_artifact_path": "wandb-client-artifact://b27z6j51km7wrqunwl9bfqxg0xl97w449bwjnudwx53aqco0yqn3lkqcjp0p7xna7jsw2aso1fbqx2dorxj16p82v2sh3nhg6wwu0ztmzq64j73hf1vzsomixy4x9wuk:latest/confusion_matrix_table.table.json", "path": "media/table/confusion_matrix_table_19_ce10830df17977b6e4ab.table.json", "ncols": 3, "nrows": 100}, "_wandb": {"runtime": 356}}