{"Epoch ": 4, "Training loss ": 2.3025777525952833, "Training accuracy ": 0.1, "Validation loss ": 2.3025777525952824, "Validation accuracy ": 0.1, "Testing loss ": 2.3025777525952815, "Testing accuracy ": 0.1, "_timestamp": 1709486358.5167282, "_runtime": 37.27354121208191, "_step": 9, "confusion_matrix_table": {"_type": "table-file", "sha256": "14aba07669112483f4c4ff17d067555ba1f0fe451130bd585ffc3d5776033d9c", "size": 3152, "artifact_path": "wandb-client-artifact://b5fg32e40z1uvknobcojsfn5d8bziebfokw76tu9qt8p8f830wbpn13e4zcxi2h84odbf4gux84qkm0agjfnjs70briwg6j3wzb3o5btpxbw8fh62zt8rwn16w8cfhsf:latest/confusion_matrix_table.table.json", "_latest_artifact_path": "wandb-client-artifact://b5fg32e40z1uvknobcojsfn5d8bziebfokw76tu9qt8p8f830wbpn13e4zcxi2h84odbf4gux84qkm0agjfnjs70briwg6j3wzb3o5btpxbw8fh62zt8rwn16w8cfhsf:latest/confusion_matrix_table.table.json", "path": "media/table/confusion_matrix_table_9_14aba07669112483f4c4.table.json", "ncols": 3, "nrows": 100}, "_wandb": {"runtime": 36}}