{"Epoch ": 24, "Training loss ": 0.24041030947460587, "Training accuracy ": 0.8392777777777778, "Validation loss ": 0.24027672097563244, "Validation accuracy ": 0.8376666666666667, "Testing loss ": 0.25434670126039094, "Testing accuracy ": 0.8277, "_timestamp": 1709147759.2307823, "_runtime": 63.642418384552, "_step": 49, "confusion_matrix_table": {"_type": "table-file", "sha256": "bfac3e8d4a6759da68fdcfdf7e1cd9850512aafaaf05bc131b39d3795577d176", "size": 3177, "artifact_path": "wandb-client-artifact://6pusqwr8t0xa2chaobgrk3kbb5z11eu64awdxuz9qwys9f5dd8cfzijyxfiu68i21pv96g9ti9e5yv26pw1l6ac5p4dih859avisbuajfdwrrtiauxpq304ypgjyc29s:latest/confusion_matrix_table.table.json", "_latest_artifact_path": "wandb-client-artifact://6pusqwr8t0xa2chaobgrk3kbb5z11eu64awdxuz9qwys9f5dd8cfzijyxfiu68i21pv96g9ti9e5yv26pw1l6ac5p4dih859avisbuajfdwrrtiauxpq304ypgjyc29s:latest/confusion_matrix_table.table.json", "path": "media/table/confusion_matrix_table_49_bfac3e8d4a6759da68fd.table.json", "ncols": 3, "nrows": 100}, "_wandb": {"runtime": 62}}