{"Epoch ": 29, "Training loss ": 0.5155006149381203, "Training accuracy ": 0.620037037037037, "Validation loss ": 0.5157164493495539, "Validation accuracy ": 0.623, "Testing loss ": 0.5210925409290932, "Testing accuracy ": 0.6126, "_timestamp": 1709314306.44275, "_runtime": 36.216278076171875, "_step": 59, "confusion_matrix_table": {"_type": "table-file", "sha256": "0c811a18302fe73fb4ed33548a1416489fadf425bce529fd401002503de70371", "size": 3186, "artifact_path": "wandb-client-artifact://69xe3sfz1d4wg7hqs668oihdjxaweox2c1oo592geg3r5ujui2hz7oxs3aj0wd8kylikl244zh8t6p50zk7pns3965ylks6ujuuzyofo15u4bwscpjng1erg7sjb3405:latest/confusion_matrix_table.table.json", "_latest_artifact_path": "wandb-client-artifact://69xe3sfz1d4wg7hqs668oihdjxaweox2c1oo592geg3r5ujui2hz7oxs3aj0wd8kylikl244zh8t6p50zk7pns3965ylks6ujuuzyofo15u4bwscpjng1erg7sjb3405:latest/confusion_matrix_table.table.json", "path": "media/table/confusion_matrix_table_59_0c811a18302fe73fb4ed.table.json", "ncols": 3, "nrows": 100}, "_wandb": {"runtime": 35}}