{"Epoch ": 4, "Training loss ": 1.314566023619037, "Training accuracy ": 0.6394814814814814, "Validation loss ": 1.3173849375912359, "Validation accuracy ": 0.634, "Testing loss ": 1.3223682229637297, "Testing accuracy ": 0.6274, "_timestamp": 1709486559.3461163, "_runtime": 42.63910436630249, "_step": 9, "confusion_matrix_table": {"_type": "table-file", "sha256": "c50c14eeeb47436eb630ebbb5e33b3dcaf10699b47bff29b43503dc8c8002b32", "size": 3190, "artifact_path": "wandb-client-artifact://8nc5ykhbsnn2fkcl4heip5p42dlg6xl5fe7gl8lch404s3eklk593hdyeekm29ujwbxaf1bm13d6z4m6rbe1xx61lfxnha3bkrks29oo0tn07nhdd3snr5nayd3uxev7:latest/confusion_matrix_table.table.json", "_latest_artifact_path": "wandb-client-artifact://8nc5ykhbsnn2fkcl4heip5p42dlg6xl5fe7gl8lch404s3eklk593hdyeekm29ujwbxaf1bm13d6z4m6rbe1xx61lfxnha3bkrks29oo0tn07nhdd3snr5nayd3uxev7:latest/confusion_matrix_table.table.json", "path": "media/table/confusion_matrix_table_9_c50c14eeeb47436eb630.table.json", "ncols": 3, "nrows": 100}, "_wandb": {"runtime": 41}}