{"Epoch ": 14, "Training loss ": 0.2726996682086324, "Training accuracy ": 0.8990185185185186, "Validation loss ": 0.3714579255494915, "Validation accuracy ": 0.8681666666666666, "Testing loss ": 0.40114576953286557, "Testing accuracy ": 0.8561, "_timestamp": 1709134480.592799, "_runtime": 76.0235710144043, "_step": 29, "confusion_matrix_table": {"_type": "table-file", "sha256": "2f495304a9dc933e171a8ed887cbcb6af6703c804ad0d68ebc6374c0b9e49ff9", "size": 3177, "artifact_path": "wandb-client-artifact://8o0id9v1c108m5nsq7xjkbbzw23nvlofa1bxukh07ddkfe6da4bfdu5xit2zg0ylhcg0q57njwo5xkj38n9hks9o3dno8d8q6utna86vw8ftdggnv9lpdljbhzp9ix2x:latest/confusion_matrix_table.table.json", "_latest_artifact_path": "wandb-client-artifact://8o0id9v1c108m5nsq7xjkbbzw23nvlofa1bxukh07ddkfe6da4bfdu5xit2zg0ylhcg0q57njwo5xkj38n9hks9o3dno8d8q6utna86vw8ftdggnv9lpdljbhzp9ix2x:latest/confusion_matrix_table.table.json", "path": "media/table/confusion_matrix_table_29_2f495304a9dc933e171a.table.json", "ncols": 3, "nrows": 100}, "_wandb": {"runtime": 75}}