{"Epoch ": 24, "Training loss ": 0.6077479375301593, "Training accuracy ": 0.5645185185185185, "Validation loss ": 0.6193532275019304, "Validation accuracy ": 0.5588333333333333, "Testing loss ": 0.6324192507492762, "Testing accuracy ": 0.5507, "_timestamp": 1709143114.5893614, "_runtime": 174.04723954200745, "_step": 49, "confusion_matrix_table": {"_type": "table-file", "sha256": "16bc559937af5fc3dd11c8ad6999bb7547998e8eca2f660c7fb955ec68305496", "size": 3164, "artifact_path": "wandb-client-artifact://yk1be8lcxv3m4axbzs7cgr77y3arpr1so1ukb8xlnmswr69se3g5gtc488wnmuiz6cddt5u7fk04wh2cfumfdqtbgpc6tsy499sfit26tizfihsw92ga3igvun8td1sc:latest/confusion_matrix_table.table.json", "_latest_artifact_path": "wandb-client-artifact://yk1be8lcxv3m4axbzs7cgr77y3arpr1so1ukb8xlnmswr69se3g5gtc488wnmuiz6cddt5u7fk04wh2cfumfdqtbgpc6tsy499sfit26tizfihsw92ga3igvun8td1sc:latest/confusion_matrix_table.table.json", "path": "media/table/confusion_matrix_table_49_16bc559937af5fc3dd11.table.json", "ncols": 3, "nrows": 100}, "_wandb": {"runtime": 168}}