{"Epoch ": 9, "Training loss ": 0.16007922645056438, "Training accuracy ": 0.8896111111111111, "Validation loss ": 0.19047856545427785, "Validation accuracy ": 0.8663333333333333, "Testing loss ": 0.19581011379475624, "Testing accuracy ": 0.8648, "_timestamp": 1709145327.9978225, "_runtime": 45.02746558189392, "_step": 19, "confusion_matrix_table": {"_type": "table-file", "sha256": "4099df8fe1c568a8333f026adde701aa9b027585e7218f96bc061da758577b6c", "size": 3170, "artifact_path": "wandb-client-artifact://xez27rfeawmm59eck0kqt2848kge4zo3cldp9tbst29iwn06ohrq0geh4i57y5bhibj0pr9bwk5yufojm9hchvvgp4hb65wvhcgk9t2o2a70kkca2z4rl7sg3x5de04a:latest/confusion_matrix_table.table.json", "_latest_artifact_path": "wandb-client-artifact://xez27rfeawmm59eck0kqt2848kge4zo3cldp9tbst29iwn06ohrq0geh4i57y5bhibj0pr9bwk5yufojm9hchvvgp4hb65wvhcgk9t2o2a70kkca2z4rl7sg3x5de04a:latest/confusion_matrix_table.table.json", "path": "media/table/confusion_matrix_table_19_4099df8fe1c568a8333f.table.json", "ncols": 3, "nrows": 100}, "_wandb": {"runtime": 41}}