{"Epoch ": 24, "Training loss ": 0.04238685310871895, "Training accuracy ": 0.9865925925925926, "Validation loss ": 0.1617944638827272, "Validation accuracy ": 0.9625, "Testing loss ": 0.152306311027026, "Testing accuracy ": 0.9628, "_timestamp": 1709498830.1601665, "_runtime": 45.78983759880066, "_step": 49, "confusion_matrix_table": {"_type": "table-file", "sha256": "7fa1b1f980bc2feda284dcd4e932a3de7e6a6712fe7f8e12fd74d3fd57e2f275", "size": 3155, "artifact_path": "wandb-client-artifact://6gi95bfbkbn8g06vd0ltpq1athsr983pos7l8qwtnbde9om03fkgqovgkkva2y03pg7fzy09bhqc3ktfb5giu4z9vcu92cwr0ge1axw67dk8on0hr4czl4xykuuqh4ku:latest/confusion_matrix_table.table.json", "_latest_artifact_path": "wandb-client-artifact://6gi95bfbkbn8g06vd0ltpq1athsr983pos7l8qwtnbde9om03fkgqovgkkva2y03pg7fzy09bhqc3ktfb5giu4z9vcu92cwr0ge1axw67dk8on0hr4czl4xykuuqh4ku:latest/confusion_matrix_table.table.json", "path": "media/table/confusion_matrix_table_49_7fa1b1f980bc2feda284.table.json", "ncols": 3, "nrows": 100}, "_wandb": {"runtime": 45}}