{"Epoch ": 4, "Training loss ": 0.36920148126231034, "Training accuracy ": 0.8639629629629629, "Validation loss ": 0.41001070011415375, "Validation accuracy ": 0.8521666666666666, "Testing loss ": 0.4317628587247214, "Testing accuracy ": 0.8465, "_timestamp": 1709128278.0739439, "_runtime": 43.73525595664978, "_step": 9, "confusion_matrix_table": {"_type": "table-file", "sha256": "184ff3fbcf2f686962875b4fdb68b99e1b1665b1d00d1a752ce5f2744f6d5fa4", "size": 3176, "artifact_path": "wandb-client-artifact://5dd8kz3fcllulxmwxi2vxiohgak2s5zlewq8fih6dooxbugmscw3tji2gl5pn45wkfo710twyw2enjglymppqs44edhz5t7zjhd0jloexmvvhcpy7b7i1xy45td55wjp:latest/confusion_matrix_table.table.json", "_latest_artifact_path": "wandb-client-artifact://5dd8kz3fcllulxmwxi2vxiohgak2s5zlewq8fih6dooxbugmscw3tji2gl5pn45wkfo710twyw2enjglymppqs44edhz5t7zjhd0jloexmvvhcpy7b7i1xy45td55wjp:latest/confusion_matrix_table.table.json", "path": "media/table/confusion_matrix_table_9_184ff3fbcf2f68696287.table.json", "ncols": 3, "nrows": 100}, "_wandb": {"runtime": 42}}