{"Epoch ": 14, "Training loss ": 0.4126935729421151, "Training accuracy ": 0.858537037037037, "Validation loss ": 0.42811676603609455, "Validation accuracy ": 0.8476666666666667, "Testing loss ": 0.45452980500278073, "Testing accuracy ": 0.8415, "_timestamp": 1709312682.9977622, "_runtime": 35.68446922302246, "_step": 29, "confusion_matrix_table": {"_type": "table-file", "sha256": "c903afe79a681804c61fbb73e96a7791bbf9ecfb16c60a135edbe892c2c13ed7", "size": 3179, "artifact_path": "wandb-client-artifact://jp35qo1d9la7v0s28smm0tbiv0rns9s6merwnlb579m3i2z3hgjs51kcdd2jhoqd75slu95x9nf6crr3yjp2zisr0v8e5d1wxdm1al9amie8mk5i5us8rew7g91r0vjn:latest/confusion_matrix_table.table.json", "_latest_artifact_path": "wandb-client-artifact://jp35qo1d9la7v0s28smm0tbiv0rns9s6merwnlb579m3i2z3hgjs51kcdd2jhoqd75slu95x9nf6crr3yjp2zisr0v8e5d1wxdm1al9amie8mk5i5us8rew7g91r0vjn:latest/confusion_matrix_table.table.json", "path": "media/table/confusion_matrix_table_29_c903afe79a681804c61f.table.json", "ncols": 3, "nrows": 100}, "_wandb": {"runtime": 34}}