{"Epoch ": 4, "Training loss ": 0.9026246536421485, "Training accuracy ": 0.09422222222222222, "Validation loss ": 0.9026300845808927, "Validation accuracy ": 0.09216666666666666, "Testing loss ": 0.9026283732518834, "Testing accuracy ": 0.0951, "_timestamp": 1709147522.3102672, "_runtime": 50.04680323600769, "_step": 9, "confusion_matrix_table": {"_type": "table-file", "sha256": "09f12a4963b0e64b0f5916283e534fdaf0edd1ad927c02be0e97792f8f843d9c", "size": 3152, "artifact_path": "wandb-client-artifact://f3ktrs1z693ikm19p6r260qcdwds6fjtlpz8dhqwweh7aza18ezripodvtl0jcsupohsyeo9ecn043rnivy9zldnzw3p8a39j0bzv72gwiw2uawtxdhxz8ya5f7gdju2:latest/confusion_matrix_table.table.json", "_latest_artifact_path": "wandb-client-artifact://f3ktrs1z693ikm19p6r260qcdwds6fjtlpz8dhqwweh7aza18ezripodvtl0jcsupohsyeo9ecn043rnivy9zldnzw3p8a39j0bzv72gwiw2uawtxdhxz8ya5f7gdju2:latest/confusion_matrix_table.table.json", "path": "media/table/confusion_matrix_table_9_09f12a4963b0e64b0f59.table.json", "ncols": 3, "nrows": 100}, "_wandb": {"runtime": 49}}