{"Epoch ": 29, "Training loss ": 0.31702343727174137, "Training accuracy ": 0.8872037037037037, "Validation loss ": 0.36137225865898054, "Validation accuracy ": 0.8706666666666667, "Testing loss ": 0.38659386772754734, "Testing accuracy ": 0.8623, "_timestamp": 1709408929.9476547, "_runtime": 57.82542562484741, "_step": 59, "confusion_matrix_table": {"_type": "table-file", "sha256": "682e3f7f2a488f793b70d728fa2fecd1f937702d0b291968fadf6e9b62b1fa67", "size": 3173, "artifact_path": "wandb-client-artifact://jji9gs5apa6806swrf3pjopqpdkfs3ve7wp9fs724mvbpt8n9fg9xc0yojuwf1j3xkz442afzkeqquz3y0bcti9etw0ugfwqyvr34jgkieeybd0eixkfz8njj8njsgo1:latest/confusion_matrix_table.table.json", "_latest_artifact_path": "wandb-client-artifact://jji9gs5apa6806swrf3pjopqpdkfs3ve7wp9fs724mvbpt8n9fg9xc0yojuwf1j3xkz442afzkeqquz3y0bcti9etw0ugfwqyvr34jgkieeybd0eixkfz8njj8njsgo1:latest/confusion_matrix_table.table.json", "path": "media/table/confusion_matrix_table_59_682e3f7f2a488f793b70.table.json", "ncols": 3, "nrows": 100}, "_wandb": {"runtime": 57}}