{"Epoch ": 9, "Training loss ": 1.059660160046672, "Training accuracy ": 0.668037037037037, "Validation loss ": 1.0578459537145168, "Validation accuracy ": 0.6688333333333333, "Testing loss ": 1.0697153081407162, "Testing accuracy ": 0.6593, "_timestamp": 1709095589.7415423, "_runtime": 49.17558431625366, "_step": 9, "_wandb": {"runtime": 48}}