{"Epoch ": 9, "Training loss ": 2.302576711157393, "Training accuracy ": 0.1, "Validation loss ": 2.3025767120763403, "Validation accuracy ": 0.1, "Testing loss ": 2.3025767102618455, "Testing accuracy ": 0.1, "_timestamp": 1709097303.0075822, "_runtime": 54.32026028633118, "_step": 9, "_wandb": {"runtime": 53}}