{"Epoch ": 29, "Training loss ": 0.309462625134793, "Training accuracy ": 0.8898148148148148, "Validation loss ": 0.3530116664258447, "Validation accuracy ": 0.8708333333333333, "Testing loss ": 0.3891378931644054, "Testing accuracy ": 0.8619, "_timestamp": 1709290148.3869262, "_runtime": 57.165661096572876, "_step": 59, "confusion_matrix_table": {"_type": "table-file", "sha256": "a8d3ce17af922fe132ceb5ebef36a3c2764bef0b711586027e79a072a7e45248", "size": 3173, "artifact_path": "wandb-client-artifact://b8qfy4kly3oltcz41tvrm7hjooaejfd2s3pv78ssoenqvw3zxvn4qvtmpq76flmyspl8ktg257gselrno1182zs6keq1uniy10b8nlwhswxlitio48oja716j5ag6rlz:latest/confusion_matrix_table.table.json", "_latest_artifact_path": "wandb-client-artifact://b8qfy4kly3oltcz41tvrm7hjooaejfd2s3pv78ssoenqvw3zxvn4qvtmpq76flmyspl8ktg257gselrno1182zs6keq1uniy10b8nlwhswxlitio48oja716j5ag6rlz:latest/confusion_matrix_table.table.json", "path": "media/table/confusion_matrix_table_59_a8d3ce17af922fe132ce.table.json", "ncols": 3, "nrows": 100}, "_wandb": {"runtime": 56}}