{"Epoch ": 29, "Training loss ": 0.27311855566997095, "Training accuracy ": 0.8950555555555556, "Validation loss ": 0.39313621556660777, "Validation accuracy ": 0.8685, "Testing loss ": 0.4254973750288059, "Testing accuracy ": 0.8588, "_timestamp": 1709409859.0384574, "_runtime": 146.17322945594788, "_step": 59, "confusion_matrix_table": {"_type": "table-file", "sha256": "1bd0516bd56933d5c75efca878c9bf601b2ad08d374ef7b1d37269724b9be192", "size": 3173, "artifact_path": "wandb-client-artifact://qo169qmpz60dhpyj7qhdwxep8o2m84qkb6uu2igxlm6ny8oem5nbmwe24rhem5ij9wwka3dun0pp3xbia8ng7665fk13z90plya6ixpfvzrrro48xvxd8jhdj8xowc3k:latest/confusion_matrix_table.table.json", "_latest_artifact_path": "wandb-client-artifact://qo169qmpz60dhpyj7qhdwxep8o2m84qkb6uu2igxlm6ny8oem5nbmwe24rhem5ij9wwka3dun0pp3xbia8ng7665fk13z90plya6ixpfvzrrro48xvxd8jhdj8xowc3k:latest/confusion_matrix_table.table.json", "path": "media/table/confusion_matrix_table_59_1bd0516bd56933d5c75e.table.json", "ncols": 3, "nrows": 100}, "_wandb": {"runtime": 145}}