{"Epoch ": 29, "Training loss ": 0.3331798271954166, "Training accuracy ": 0.8818518518518519, "Validation loss ": 0.3525038548685684, "Validation accuracy ": 0.8726666666666667, "Testing loss ": 0.3815530404966957, "Testing accuracy ": 0.8633, "_timestamp": 1709290439.767636, "_runtime": 190.43107104301453, "_step": 59, "confusion_matrix_table": {"_type": "table-file", "sha256": "d1753cd8ba4387ab3122f584935aaceba44242fef59935c8b8f4465069308df0", "size": 3173, "artifact_path": "wandb-client-artifact://xcql9paw8ec5yi3wtp63w45iy93paa5xomdci7n3giwny20ylooc1uqz562rtg5tb58fqvfuo6ods3ft28k4rbbz36nfgbrwj24cy0kakksaaze15ikcu02bndzoibp0:latest/confusion_matrix_table.table.json", "_latest_artifact_path": "wandb-client-artifact://xcql9paw8ec5yi3wtp63w45iy93paa5xomdci7n3giwny20ylooc1uqz562rtg5tb58fqvfuo6ods3ft28k4rbbz36nfgbrwj24cy0kakksaaze15ikcu02bndzoibp0:latest/confusion_matrix_table.table.json", "path": "media/table/confusion_matrix_table_59_d1753cd8ba4387ab3122.table.json", "ncols": 3, "nrows": 100}, "_wandb": {"runtime": 189}}