{"Epoch ": 9, "Training loss ": 0.2639807010348562, "Training accuracy ": 0.9019814814814815, "Validation loss ": 0.3560520122171552, "Validation accuracy ": 0.8775, "Testing loss ": 0.37643571368649353, "Testing accuracy ": 0.8708, "_timestamp": 1709482153.7190745, "_runtime": 122.50322651863098, "_step": 19, "confusion_matrix_table": {"_type": "table-file", "sha256": "d418c0ca0244e111a605064980ae69330eef520d0a8b7c9bd81cdc8425c28830", "size": 3170, "artifact_path": "wandb-client-artifact://y78q7chg8addxu3gvn88377emfgqd8opkkw6uu2dyse8qc4wi5rfx68dcczexxhcu1chb32mwz4kx7jiz2fjvz70us8jqedc5wmxh49oujx3liqd7qdk0owezqbkf000:latest/confusion_matrix_table.table.json", "_latest_artifact_path": "wandb-client-artifact://y78q7chg8addxu3gvn88377emfgqd8opkkw6uu2dyse8qc4wi5rfx68dcczexxhcu1chb32mwz4kx7jiz2fjvz70us8jqedc5wmxh49oujx3liqd7qdk0owezqbkf000:latest/confusion_matrix_table.table.json", "path": "media/table/confusion_matrix_table_19_d418c0ca0244e111a605.table.json", "ncols": 3, "nrows": 100}, "_wandb": {"runtime": 121}}