{"Epoch ": 4, "Training loss ": 0.4214874471532168, "Training accuracy ": 0.8495, "Validation loss ": 0.4313780304649137, "Validation accuracy ": 0.8483333333333334, "Testing loss ": 0.46189718103815647, "Testing accuracy ": 0.8353, "_timestamp": 1709399458.0210404, "_runtime": 19.27842354774475, "_step": 9, "confusion_matrix_table": {"_type": "table-file", "sha256": "d611619b5ba389935f4ad20929719ad5dc8c5db61ba644db97e316a496bdca2e", "size": 3177, "artifact_path": "wandb-client-artifact://84etah573u0fk05aggkvtuwtzzmuayo0jmuv9r8gcgho0634rnqm0u2yla9jslqyfm4q26fdgq4tkv1jpyh5lazm4gkbznt1s8aynlh7snvk6z9snearwd1lck2x8asp:latest/confusion_matrix_table.table.json", "_latest_artifact_path": "wandb-client-artifact://84etah573u0fk05aggkvtuwtzzmuayo0jmuv9r8gcgho0634rnqm0u2yla9jslqyfm4q26fdgq4tkv1jpyh5lazm4gkbznt1s8aynlh7snvk6z9snearwd1lck2x8asp:latest/confusion_matrix_table.table.json", "path": "media/table/confusion_matrix_table_9_d611619b5ba389935f4a.table.json", "ncols": 3, "nrows": 100}, "_wandb": {"runtime": 18}}