{"Epoch ": 19, "Training loss ": 0.25798081284813434, "Training accuracy ": 0.9056851851851851, "Validation loss ": 0.4059476216920629, "Validation accuracy ": 0.869, "Testing loss ": 0.44400281029292665, "Testing accuracy ": 0.8607, "_timestamp": 1709494713.0916386, "_runtime": 343.56583046913147, "_step": 39, "confusion_matrix_table": {"_type": "table-file", "sha256": "974285c29a69d31d59ec98c5c48d8ed3927a83edabcd42155169582a9a868cb1", "size": 3169, "artifact_path": "wandb-client-artifact://oqtwm3hqcg2yuyxdbcv23oqk6i31969wrdblyb7ny2oza4dczrmyjtl2x1i7pt58eaac336k9egkbecqxmws8ah4hzmdzouh1bdgni6szfsp2j57i7706tld1b708ozo:latest/confusion_matrix_table.table.json", "_latest_artifact_path": "wandb-client-artifact://oqtwm3hqcg2yuyxdbcv23oqk6i31969wrdblyb7ny2oza4dczrmyjtl2x1i7pt58eaac336k9egkbecqxmws8ah4hzmdzouh1bdgni6szfsp2j57i7706tld1b708ozo:latest/confusion_matrix_table.table.json", "path": "media/table/confusion_matrix_table_39_974285c29a69d31d59ec.table.json", "ncols": 3, "nrows": 100}, "_wandb": {"runtime": 342}}