{"Epoch ": 29, "Training loss ": 0.661512479952578, "Training accuracy ": 0.8073148148148148, "Validation loss ": 0.6786236921039334, "Validation accuracy ": 0.8051666666666667, "Testing loss ": 0.6801581429838378, "Testing accuracy ": 0.7984, "_timestamp": 1709485621.8825426, "_runtime": 52.34828758239746, "_step": 59, "confusion_matrix_table": {"_type": "table-file", "sha256": "46e43099f868a994a12dc8327e039d61474384ffbc11b626a10ffbcd25316d5c", "size": 3181, "artifact_path": "wandb-client-artifact://3qqb3jnf1yvlb1mk7b7f26rs39dey9nix61crvjiftr5vn1a5st9sqekqhr2dfz1xipzxhr8fmxorhk5lf1gew8empur06lb2krfq9pajq0rbv65lo3xdqo37i7wkfjr:latest/confusion_matrix_table.table.json", "_latest_artifact_path": "wandb-client-artifact://3qqb3jnf1yvlb1mk7b7f26rs39dey9nix61crvjiftr5vn1a5st9sqekqhr2dfz1xipzxhr8fmxorhk5lf1gew8empur06lb2krfq9pajq0rbv65lo3xdqo37i7wkfjr:latest/confusion_matrix_table.table.json", "path": "media/table/confusion_matrix_table_59_46e43099f868a994a12d.table.json", "ncols": 3, "nrows": 100}, "_wandb": {"runtime": 46}}