{"Epoch ": 9, "Training loss ": 0.49170565128830124, "Training accuracy ": 0.6113333333333333, "Validation loss ": 0.501967541020248, "Validation accuracy ": 0.6048333333333333, "Testing loss ": 0.4988331662555549, "Testing accuracy ": 0.6062, "_timestamp": 1709303505.8574116, "_runtime": 54.22281861305237, "_step": 19, "confusion_matrix_table": {"_type": "table-file", "sha256": "af05dfb7f5f780a2e62729dae7d966f0e6c3c93e1792bd57279850d580e16a4b", "size": 3172, "artifact_path": "wandb-client-artifact://bpaafx39m9qncc7boe7atg2mzr0i4gg2t6m84275np6i9voi1vwspb3xa4fdyt741osqrnil681zod7go5rhnrcy33s9m7lftwjyphmkgf5rud6khi9rehnihlelx528:latest/confusion_matrix_table.table.json", "_latest_artifact_path": "wandb-client-artifact://bpaafx39m9qncc7boe7atg2mzr0i4gg2t6m84275np6i9voi1vwspb3xa4fdyt741osqrnil681zod7go5rhnrcy33s9m7lftwjyphmkgf5rud6khi9rehnihlelx528:latest/confusion_matrix_table.table.json", "path": "media/table/confusion_matrix_table_19_af05dfb7f5f780a2e627.table.json", "ncols": 3, "nrows": 100}, "_wandb": {"runtime": 53}}