{"Epoch ": 4, "Training loss ": 0.38818012907777, "Training accuracy ": 0.861537037037037, "Validation loss ": 0.39447253973179697, "Validation accuracy ": 0.8628333333333333, "Testing loss ": 0.4379523622361281, "Testing accuracy ": 0.845, "_timestamp": 1709402134.2818525, "_runtime": 23.830031394958496, "_step": 9, "confusion_matrix_table": {"_type": "table-file", "sha256": "89077e285c46377af850e92ff54fee1a20c7472e1732b5c2b6576b0850a311c6", "size": 3172, "artifact_path": "wandb-client-artifact://musl0ogqv70aceuxr4hwos14p3xiym8rkk3qh6lhk41mcr9wpg8z5ryjgx9bv0z2tpwjv0tx6tkvjwzjujj8nnui5wavr7g04f34melzce9ckivpb71miezqvwdo7f6u:latest/confusion_matrix_table.table.json", "_latest_artifact_path": "wandb-client-artifact://musl0ogqv70aceuxr4hwos14p3xiym8rkk3qh6lhk41mcr9wpg8z5ryjgx9bv0z2tpwjv0tx6tkvjwzjujj8nnui5wavr7g04f34melzce9ckivpb71miezqvwdo7f6u:latest/confusion_matrix_table.table.json", "path": "media/table/confusion_matrix_table_9_89077e285c46377af850.table.json", "ncols": 3, "nrows": 100}, "_wandb": {"runtime": 23}}