{"Epoch ": 29, "Training loss ": 0.17366265780467616, "Training accuracy ": 0.9356111111111111, "Validation loss ": 0.3465609831524733, "Validation accuracy ": 0.8908333333333334, "Testing loss ": 0.3795577952104277, "Testing accuracy ": 0.8812, "_timestamp": 1709291675.2546396, "_runtime": 110.65467858314514, "_step": 59, "confusion_matrix_table": {"_type": "table-file", "sha256": "25d80143028069472df72b395bf6917dafe41199aed5794421830055bcb9caca", "size": 3169, "artifact_path": "wandb-client-artifact://rx7ws2aorj9su0pwlmfb3xjgwyn0hqbhzvaebgm0c0hx45veazzqph5v456at29fcyoxknd0c6ilfa3qv4hcbwee6ynidaa06mxkmg40gz1wnoqaurw9cc2qfdontuos:latest/confusion_matrix_table.table.json", "_latest_artifact_path": "wandb-client-artifact://rx7ws2aorj9su0pwlmfb3xjgwyn0hqbhzvaebgm0c0hx45veazzqph5v456at29fcyoxknd0c6ilfa3qv4hcbwee6ynidaa06mxkmg40gz1wnoqaurw9cc2qfdontuos:latest/confusion_matrix_table.table.json", "path": "media/table/confusion_matrix_table_59_25d80143028069472df7.table.json", "ncols": 3, "nrows": 100}, "_wandb": {"runtime": 109}}