{"Epoch ": 4, "Training loss ": 0.40114872032046783, "Training accuracy ": 0.858, "Validation loss ": 0.4265979062748582, "Validation accuracy ": 0.8521666666666666, "Testing loss ": 0.44961586914069157, "Testing accuracy ": 0.839, "_timestamp": 1709126931.2506247, "_runtime": 16.79092764854431, "_step": 9, "confusion_matrix_table": {"_type": "table-file", "sha256": "00a8323dc604309c871e7a60ba06cbddba9f32bdd9368564394f0f58d723198a", "size": 3171, "artifact_path": "wandb-client-artifact://ifq1q97wq7o59kbns7ip2iktadyn9lu5mzgc7rdvy0oa3qxb0ps4aii9kr10xqdhtb25qj3hyd11t7299ia7t9bkqq6xaz4kfmpjy4i91svz0018dvend7nlxbdlstsa:latest/confusion_matrix_table.table.json", "_latest_artifact_path": "wandb-client-artifact://ifq1q97wq7o59kbns7ip2iktadyn9lu5mzgc7rdvy0oa3qxb0ps4aii9kr10xqdhtb25qj3hyd11t7299ia7t9bkqq6xaz4kfmpjy4i91svz0018dvend7nlxbdlstsa:latest/confusion_matrix_table.table.json", "path": "media/table/confusion_matrix_table_9_00a8323dc604309c871e.table.json", "ncols": 3, "nrows": 100}, "_wandb": {"runtime": 16}}