{"Epoch ": 19, "Training loss ": 0.12161712607913364, "Training accuracy ": 0.9164074074074074, "Validation loss ": 0.17399808308010073, "Validation accuracy ": 0.8826666666666667, "Testing loss ": 0.1832756172604202, "Testing accuracy ": 0.8751, "_timestamp": 1709572213.2684531, "_runtime": 243.53493404388428, "_step": 39, "confusion_matrix_table": {"_type": "table-file", "sha256": "1d19883181f974d1b08b4fd11885d47773d056488ddeb928745a5ec73f6cef7b", "size": 3170, "artifact_path": "wandb-client-artifact://9ny9nc3xdpo4wovv6jympllpb60ey982ctbvmqivfsakqyd3m14sdva262lrp70dibcpcl5ir19wk764lqbdwjuppthsxex610mxb2qc3dau96nelgdejpmfl9jbqhkb:latest/confusion_matrix_table.table.json", "_latest_artifact_path": "wandb-client-artifact://9ny9nc3xdpo4wovv6jympllpb60ey982ctbvmqivfsakqyd3m14sdva262lrp70dibcpcl5ir19wk764lqbdwjuppthsxex610mxb2qc3dau96nelgdejpmfl9jbqhkb:latest/confusion_matrix_table.table.json", "path": "media/table/confusion_matrix_table_39_1d19883181f974d1b08b.table.json", "ncols": 3, "nrows": 100}, "_wandb": {"runtime": 242}}