{"Epoch ": 4, "Training loss ": 1.502431399115388, "Training accuracy ": 0.4767962962962963, "Validation loss ": 1.5057589284981663, "Validation accuracy ": 0.4721666666666667, "Testing loss ": 1.5065555766698315, "Testing accuracy ": 0.4765, "_timestamp": 1709103863.0534205, "_runtime": 12.871282577514648, "_step": 4, "_wandb": {"runtime": 12}}