{"Epoch ": 19, "Training loss ": 0.5182806199167729, "Training accuracy ": 0.6377592592592592, "Validation loss ": 0.5182654363773076, "Validation accuracy ": 0.6433333333333333, "Testing loss ": 0.5211551108589016, "Testing accuracy ": 0.6348, "_timestamp": 1709312089.0334983, "_runtime": 107.59120726585388, "_step": 39, "confusion_matrix_table": {"_type": "table-file", "sha256": "d890dc68c8facb4a8c883423fe4baadde6ca7d39d65c72bf28432517fe299212", "size": 3187, "artifact_path": "wandb-client-artifact://wdzsn9p3qat5jmlhgzn6fy45h83khbktz3klgqe40tdb2elrfvvodpwum7l9t2c38rah1nl0u36zxvqsxi5k8zea611lqk0j53cck7gqk7a70b9hmw9qmw0ifixno6hk:latest/confusion_matrix_table.table.json", "_latest_artifact_path": "wandb-client-artifact://wdzsn9p3qat5jmlhgzn6fy45h83khbktz3klgqe40tdb2elrfvvodpwum7l9t2c38rah1nl0u36zxvqsxi5k8zea611lqk0j53cck7gqk7a70b9hmw9qmw0ifixno6hk:latest/confusion_matrix_table.table.json", "path": "media/table/confusion_matrix_table_39_d890dc68c8facb4a8c88.table.json", "ncols": 3, "nrows": 100}, "_wandb": {"runtime": 106}}