{"Epoch ": 19, "Training loss ": 0.10062589512642629, "Training accuracy ": 0.9717222222222223, "Validation loss ": 0.12360158456045676, "Validation accuracy ": 0.9643333333333334, "Testing loss ": 0.11795339892883415, "Testing accuracy ": 0.9642, "_timestamp": 1709502899.3297112, "_runtime": 135.70390725135803, "_step": 39, "confusion_matrix_table": {"_type": "table-file", "sha256": "a3550fdf08448cd6bdadc42467de4144f480bce84a52f6934bede523aa6603d4", "size": 3152, "artifact_path": "wandb-client-artifact://u4wr1w2mocf9mrf2btvmd5prch0av2jkfain21459pl73yfb94vrka07zxqwqp7t022uqa4hmlstljzddwss0uqn7z175vc7b3mmfbw05v2pedwd6zfaybgrdkz4lhe8:latest/confusion_matrix_table.table.json", "_latest_artifact_path": "wandb-client-artifact://u4wr1w2mocf9mrf2btvmd5prch0av2jkfain21459pl73yfb94vrka07zxqwqp7t022uqa4hmlstljzddwss0uqn7z175vc7b3mmfbw05v2pedwd6zfaybgrdkz4lhe8:latest/confusion_matrix_table.table.json", "path": "media/table/confusion_matrix_table_39_a3550fdf08448cd6bdad.table.json", "ncols": 3, "nrows": 100}, "_wandb": {"runtime": 134}}