{"Epoch ": 24, "Training loss ": 0.3750075114906089, "Training accuracy ": 0.8673518518518518, "Validation loss ": 0.41225436664372844, "Validation accuracy ": 0.8518333333333333, "Testing loss ": 0.4462622563291547, "Testing accuracy ": 0.8463, "_timestamp": 1709291460.5599566, "_runtime": 24.933709621429443, "_step": 49, "confusion_matrix_table": {"_type": "table-file", "sha256": "976f9070820e04d0f4de3c7bf5207150e2f55b69b8842b96d297eca929570bcb", "size": 3175, "artifact_path": "wandb-client-artifact://8grl3qnew8pzsh7fw6k94zks4tz90kqm9qonjwxu67k5xy4me60upuj262ar6cvaf5v27184mbugmkptddtti6kpoj15ymjcpsjumc39wpe7440zkg9kflqyz5rr60gr:latest/confusion_matrix_table.table.json", "_latest_artifact_path": "wandb-client-artifact://8grl3qnew8pzsh7fw6k94zks4tz90kqm9qonjwxu67k5xy4me60upuj262ar6cvaf5v27184mbugmkptddtti6kpoj15ymjcpsjumc39wpe7440zkg9kflqyz5rr60gr:latest/confusion_matrix_table.table.json", "path": "media/table/confusion_matrix_table_49_976f9070820e04d0f4de.table.json", "ncols": 3, "nrows": 100}, "_wandb": {"runtime": 24}}