{"Epoch ": 0, "Training loss ": 0.9008248460680905, "Training accuracy ": 0.1, "Validation loss ": 0.9008248419733023, "Validation accuracy ": 0.1, "Testing loss ": 0.9008248440452573, "Testing accuracy ": 0.1, "_timestamp": 1709095113.0226254, "_runtime": 11.078161478042603, "_step": 0, "_wandb": {"runtime": 10}}