{"Epoch ": 19, "Training loss ": 2.2640964255375025, "Training accuracy ": 0.40246296296296297, "Validation loss ": 2.2640893712363397, "Validation accuracy ": 0.4111666666666667, "Testing loss ": 2.2640386010414515, "Testing accuracy ": 0.4028, "_timestamp": 1709105175.3096852, "_runtime": 23.964609146118164, "_step": 19, "_wandb": {"runtime": 23}}