{"Epoch ": 24, "Training loss ": 0.20873525465740553, "Training accuracy ": 0.9211666666666667, "Validation loss ": 0.41632950398488744, "Validation accuracy ": 0.8783333333333333, "Testing loss ": 0.45430502777197335, "Testing accuracy ": 0.8682, "_timestamp": 1709402510.5130522, "_runtime": 338.6800911426544, "_step": 49, "confusion_matrix_table": {"_type": "table-file", "sha256": "e2d39ed1e24a838bb64e1db19b25d9192d7c448e5ea1bef53d3580d515cf3ba4", "size": 3170, "artifact_path": "wandb-client-artifact://orenbfl7p79ksdgv1hqtqkfg14g7zdzhbfkgktirgrxkili5rj3h8bdqpn9mhwm3hnr20u5mxac6g29k8ix1pa9wf2s64pzy48kde1l5th225rsck5x8nvm64mpc9nag:latest/confusion_matrix_table.table.json", "_latest_artifact_path": "wandb-client-artifact://orenbfl7p79ksdgv1hqtqkfg14g7zdzhbfkgktirgrxkili5rj3h8bdqpn9mhwm3hnr20u5mxac6g29k8ix1pa9wf2s64pzy48kde1l5th225rsck5x8nvm64mpc9nag:latest/confusion_matrix_table.table.json", "path": "media/table/confusion_matrix_table_49_e2d39ed1e24a838bb64e.table.json", "ncols": 3, "nrows": 100}, "_wandb": {"runtime": 337}}