{"Epoch ": 9, "Training loss ": 0.2924286101950013, "Training accuracy ": 0.8942407407407408, "Validation loss ": 0.32634282677983917, "Validation accuracy ": 0.8848333333333334, "Testing loss ": 0.35646009243530685, "Testing accuracy ": 0.8678, "_timestamp": 1709453354.7044501, "_runtime": 44.724788188934326, "_step": 19, "confusion_matrix_table": {"_type": "table-file", "sha256": "117b615ac2bcf1519325b67fc8ed0b09056eb224c5484c40235786ef52a8858f", "size": 3173, "artifact_path": "wandb-client-artifact://csqciar4wlmobl1mgc4fxw59kkavrr5mbvdbgiqy63nr5v4psaf0pl9pjtsar1x3mez2hsbk01o8fkbffffmqcy3f1w24ysh3s8kusig9fezy2jaq3bfwec01e4rhpx9:latest/confusion_matrix_table.table.json", "_latest_artifact_path": "wandb-client-artifact://csqciar4wlmobl1mgc4fxw59kkavrr5mbvdbgiqy63nr5v4psaf0pl9pjtsar1x3mez2hsbk01o8fkbffffmqcy3f1w24ysh3s8kusig9fezy2jaq3bfwec01e4rhpx9:latest/confusion_matrix_table.table.json", "path": "media/table/confusion_matrix_table_19_117b615ac2bcf1519325.table.json", "ncols": 3, "nrows": 100}, "_wandb": {"runtime": 44}}