{"Epoch ": 4, "Training loss ": 0.4075941329731088, "Training accuracy ": 0.8530185185185185, "Validation loss ": 0.41790283258177113, "Validation accuracy ": 0.8471666666666666, "Testing loss ": 0.4433811317008461, "Testing accuracy ": 0.8389, "_timestamp": 1709485345.0099404, "_runtime": 121.21082735061646, "_step": 9, "confusion_matrix_table": {"_type": "table-file", "sha256": "169cced7f45d4b0dde1a65a1889188d133655c513da4db0926c64c4a8f1d29d3", "size": 3176, "artifact_path": "wandb-client-artifact://oreostd97i9406cg8iprt7otd91hbhivlnn9zswe8xmmv98gwkoxq9lhs0oj457j9eh9p5evrp5yep4jq7hnvfg68tl08t26vjvwu17zwulrg57rw21ydq9aozf1q6pp:latest/confusion_matrix_table.table.json", "_latest_artifact_path": "wandb-client-artifact://oreostd97i9406cg8iprt7otd91hbhivlnn9zswe8xmmv98gwkoxq9lhs0oj457j9eh9p5evrp5yep4jq7hnvfg68tl08t26vjvwu17zwulrg57rw21ydq9aozf1q6pp:latest/confusion_matrix_table.table.json", "path": "media/table/confusion_matrix_table_9_169cced7f45d4b0dde1a.table.json", "ncols": 3, "nrows": 100}, "_wandb": {"runtime": 120}}