{"Epoch ": 54, "Training loss ": 8.202357683134973e-06, "Training accuracy ": 0.8739629629629629, "Validation loss ": 0.0001243486401063733, "Validation accuracy ": 0.842, "Testing loss ": 8.280336143628148e-05, "Testing accuracy ": 0.8321, "_timestamp": 1708957506.965225, "_runtime": 62.4450318813324, "_step": 109, "confusion_matrix_table": {"_type": "table-file", "sha256": "3e228a804f7c70fb24f7187ec9a8035931b1781d63f49b6cd0419fa9c7b747d1", "size": 3175, "artifact_path": "wandb-client-artifact://t9rcm3apgwo7jglkf7vsfmj10m8rod0dupjs62xdhqdu1rtuykosfye8q5zrfxq7sjfidnfij5mteu7s2zqt3qsot75gazoabb7o7yulnbgcnzb2tyf37w3ys2sjh6zi:latest/confusion_matrix_table.table.json", "_latest_artifact_path": "wandb-client-artifact://t9rcm3apgwo7jglkf7vsfmj10m8rod0dupjs62xdhqdu1rtuykosfye8q5zrfxq7sjfidnfij5mteu7s2zqt3qsot75gazoabb7o7yulnbgcnzb2tyf37w3ys2sjh6zi:latest/confusion_matrix_table.table.json", "path": "media/table/confusion_matrix_table_109_3e228a804f7c70fb24f7.table.json", "ncols": 3, "nrows": 100}, "_wandb": {"runtime": 61}}