{"Epoch ": 24, "Training loss ": 0.0053941853449404, "Training accuracy ": 0.9997592592592592, "Validation loss ": 0.08520606351437669, "Validation accuracy ": 0.9755, "Testing loss ": 0.0750423666250574, "Testing accuracy ": 0.9773, "_timestamp": 1709503948.2888565, "_runtime": 90.6433916091919, "_step": 49, "confusion_matrix_table": {"_type": "table-file", "sha256": "df5cc330527b07496400f427849a138f073edeae7ae9a5888d6993f616eea8f0", "size": 3148, "artifact_path": "wandb-client-artifact://hwlyjt9tmxih4l007pjfyd2uwaqkh857cwl941ijmazow9xo89y0wniy60ukj2twyv67yk1cnw2t6ymdj358xqdcvn3pe60xyuvw2lj843jyeqok7sm01oafna2h03z1:latest/confusion_matrix_table.table.json", "_latest_artifact_path": "wandb-client-artifact://hwlyjt9tmxih4l007pjfyd2uwaqkh857cwl941ijmazow9xo89y0wniy60ukj2twyv67yk1cnw2t6ymdj358xqdcvn3pe60xyuvw2lj843jyeqok7sm01oafna2h03z1:latest/confusion_matrix_table.table.json", "path": "media/table/confusion_matrix_table_49_df5cc330527b07496400.table.json", "ncols": 3, "nrows": 100}, "_wandb": {"runtime": 89}}