{"Epoch ": 29, "Training loss ": 0.6479959292803034, "Training accuracy ": 0.8572592592592593, "Validation loss ": 0.6533487941310896, "Validation accuracy ": 0.853, "Testing loss ": 0.6515308538858605, "Testing accuracy ": 0.8557, "_timestamp": 1709494007.258158, "_runtime": 220.98239707946777, "_step": 59, "confusion_matrix_table": {"_type": "table-file", "sha256": "0767917e5631a74c13251d3bc43f6be8f52754e26fdecba6ea98df4b574c876d", "size": 3185, "artifact_path": "wandb-client-artifact://aa6p7uetb2rbtkc2n6t26hs49emt017cdl03huruiy0bl257xnyju7b63asb6dc4wmh2zd5wbob4nzdlpw2gv51xunifq8fu5rsrnlrukqa1lvh2o5azxwywp5uoymva:latest/confusion_matrix_table.table.json", "_latest_artifact_path": "wandb-client-artifact://aa6p7uetb2rbtkc2n6t26hs49emt017cdl03huruiy0bl257xnyju7b63asb6dc4wmh2zd5wbob4nzdlpw2gv51xunifq8fu5rsrnlrukqa1lvh2o5azxwywp5uoymva:latest/confusion_matrix_table.table.json", "path": "media/table/confusion_matrix_table_59_0767917e5631a74c1325.table.json", "ncols": 3, "nrows": 100}, "_wandb": {"runtime": 220}}