{"Epoch ": 29, "Training loss ": 0.5524964997724174, "Training accuracy ": 0.7027777777777777, "Validation loss ": 0.5534387504286087, "Validation accuracy ": 0.7021666666666667, "Testing loss ": 0.5563076745215273, "Testing accuracy ": 0.6939, "_timestamp": 1709310659.7945192, "_runtime": 142.031809091568, "_step": 59, "confusion_matrix_table": {"_type": "table-file", "sha256": "0a6e060d9583cda9cee81780959f2673a47960fb4758cbd2603df38eadef02d9", "size": 3187, "artifact_path": "wandb-client-artifact://qrmvqr566m3t8r5dokx1uxi8l4fcubjc8d8yzad7zas3f3z43avak2a73d0mbhswmwjapi7kygq8er2haubyvyse6hadi7rkjifu74xfstysnt0ylacj1yj934ibwszm:latest/confusion_matrix_table.table.json", "_latest_artifact_path": "wandb-client-artifact://qrmvqr566m3t8r5dokx1uxi8l4fcubjc8d8yzad7zas3f3z43avak2a73d0mbhswmwjapi7kygq8er2haubyvyse6hadi7rkjifu74xfstysnt0ylacj1yj934ibwszm:latest/confusion_matrix_table.table.json", "path": "media/table/confusion_matrix_table_59_0a6e060d9583cda9cee8.table.json", "ncols": 3, "nrows": 100}, "_wandb": {"runtime": 141}}