{"Epoch ": 4, "Training loss ": 0.07685661695520414, "Training accuracy ": 0.9503518518518519, "Validation loss ": 0.0845104885304131, "Validation accuracy ": 0.945, "Testing loss ": 0.08270337936822161, "Testing accuracy ": 0.946, "_timestamp": 1709528443.8573499, "_runtime": 72.675283908844, "_step": 9, "confusion_matrix_table": {"_type": "table-file", "sha256": "057b251c2023256350954638db2b97e95ee42ed2766d268f2872909241b80003", "size": 3163, "artifact_path": "wandb-client-artifact://q5ajdafb5gc6hbl56kxgfruz0kgwdsx5id5kq0ks2tc8dr8c8271aavk4o0afrs9oza4z8bixzstcq88o194oksum39uhqbphxy4dpffeo1z38c9hn3fksnw3p3rrabo:latest/confusion_matrix_table.table.json", "_latest_artifact_path": "wandb-client-artifact://q5ajdafb5gc6hbl56kxgfruz0kgwdsx5id5kq0ks2tc8dr8c8271aavk4o0afrs9oza4z8bixzstcq88o194oksum39uhqbphxy4dpffeo1z38c9hn3fksnw3p3rrabo:latest/confusion_matrix_table.table.json", "path": "media/table/confusion_matrix_table_9_057b251c202325635095.table.json", "ncols": 3, "nrows": 100}, "_wandb": {"runtime": 71}}