{"Epoch ": 14, "Training loss ": 0.15607337760232548, "Training accuracy ": 0.8951111111111111, "Validation loss ": 0.17665503327642518, "Validation accuracy ": 0.8751666666666666, "Testing loss ": 0.19031267092237134, "Testing accuracy ": 0.8698, "_timestamp": 1709146501.3275602, "_runtime": 47.04291224479675, "_step": 29, "confusion_matrix_table": {"_type": "table-file", "sha256": "1ba802cbaef42bba333731aa5e62d1e4f15b2cbdfd7cfebbf492505b4c5d958b", "size": 3171, "artifact_path": "wandb-client-artifact://9xm8ru7swowryzx7hfifsdv8hel9o99og1x6bqm8qimj1grvp0b8bp7tffaf5bl375b5uwozbl223bi8iytfeod94b7izugfjnf1at7e7sgga8sabxj7i2c93qmneyw5:latest/confusion_matrix_table.table.json", "_latest_artifact_path": "wandb-client-artifact://9xm8ru7swowryzx7hfifsdv8hel9o99og1x6bqm8qimj1grvp0b8bp7tffaf5bl375b5uwozbl223bi8iytfeod94b7izugfjnf1at7e7sgga8sabxj7i2c93qmneyw5:latest/confusion_matrix_table.table.json", "path": "media/table/confusion_matrix_table_29_1ba802cbaef42bba3337.table.json", "ncols": 3, "nrows": 100}, "_wandb": {"runtime": 46}}