{"Epoch ": 14, "Training loss ": 0.34691899408352905, "Training accuracy ": 0.8731851851851852, "Validation loss ": 0.3930866705034564, "Validation accuracy ": 0.8601666666666666, "Testing loss ": 0.42575003547832774, "Testing accuracy ": 0.8485, "_timestamp": 1709301242.559764, "_runtime": 144.65226197242737, "_step": 29, "confusion_matrix_table": {"_type": "table-file", "sha256": "52ee750d0bb6bb96a57162d4d2ca14807d9487a31123a1dd4c8cfd9cf4ab2685", "size": 3171, "artifact_path": "wandb-client-artifact://b5eb2tu6t3wqqwf2tgki0lipm10q7wvnm9k0ay4t99oi8zyewww4xi77o4svyjey5v8qk8xbs3j4b30bjizoty70c0rv99c2dkskxyxvw0as2z0nlzgtq2jcdttd9bht:latest/confusion_matrix_table.table.json", "_latest_artifact_path": "wandb-client-artifact://b5eb2tu6t3wqqwf2tgki0lipm10q7wvnm9k0ay4t99oi8zyewww4xi77o4svyjey5v8qk8xbs3j4b30bjizoty70c0rv99c2dkskxyxvw0as2z0nlzgtq2jcdttd9bht:latest/confusion_matrix_table.table.json", "path": "media/table/confusion_matrix_table_29_52ee750d0bb6bb96a571.table.json", "ncols": 3, "nrows": 100}, "_wandb": {"runtime": 143}}