{"Epoch ": 24, "Training loss ": 0.26135428784624887, "Training accuracy ": 0.9038888888888889, "Validation loss ": 0.3838415328992936, "Validation accuracy ": 0.8798333333333334, "Testing loss ": 0.4280863026521609, "Testing accuracy ": 0.865, "_timestamp": 1709480699.0611572, "_runtime": 125.80703210830688, "_step": 49, "confusion_matrix_table": {"_type": "table-file", "sha256": "a805ce423577996824ee97e8da3ac129d673fb672efd872cbf32233c8c9c3166", "size": 3173, "artifact_path": "wandb-client-artifact://j49mekrr0fpgt2ucwo7uxn3w62la2jywfyl7rl54aqaanz4rkxj0bnr2f6kk7d6xjsqqqm8blsit3xbvtnvbpcr0c8603058tqou1d3auws6sowmin9z6v4r68j5hgp3:latest/confusion_matrix_table.table.json", "_latest_artifact_path": "wandb-client-artifact://j49mekrr0fpgt2ucwo7uxn3w62la2jywfyl7rl54aqaanz4rkxj0bnr2f6kk7d6xjsqqqm8blsit3xbvtnvbpcr0c8603058tqou1d3auws6sowmin9z6v4r68j5hgp3:latest/confusion_matrix_table.table.json", "path": "media/table/confusion_matrix_table_49_a805ce423577996824ee.table.json", "ncols": 3, "nrows": 100}, "_wandb": {"runtime": 125}}