{"Epoch ": 24, "Training loss ": 0.3041748323920708, "Training accuracy ": 0.8921666666666667, "Validation loss ": 0.3562050830102726, "Validation accuracy ": 0.8761666666666666, "Testing loss ": 0.38250694478983566, "Testing accuracy ": 0.8637, "_timestamp": 1709457170.084909, "_runtime": 25.542957067489624, "_step": 49, "confusion_matrix_table": {"_type": "table-file", "sha256": "292bc8919d0f9866ad23eea0fcd8b2d1c46ddb9be819e540c2c33829b30673a1", "size": 3175, "artifact_path": "wandb-client-artifact://gt0tzw9r3w56ojr3qcgmfer84cjh4erwdk0yny5r8g4xt53gj0cnnioy4xojpvpamr40k57rxf9g1a7htbpymiuhzaeigoe9ayxvoirywg0j67aj65rhf4ww0x78y5hr:latest/confusion_matrix_table.table.json", "_latest_artifact_path": "wandb-client-artifact://gt0tzw9r3w56ojr3qcgmfer84cjh4erwdk0yny5r8g4xt53gj0cnnioy4xojpvpamr40k57rxf9g1a7htbpymiuhzaeigoe9ayxvoirywg0j67aj65rhf4ww0x78y5hr:latest/confusion_matrix_table.table.json", "path": "media/table/confusion_matrix_table_49_292bc8919d0f9866ad23.table.json", "ncols": 3, "nrows": 100}, "_wandb": {"runtime": 24}}