{"Epoch ": 24, "Training loss ": 0.2868194474069949, "Training accuracy ": 0.8973148148148148, "Validation loss ": 0.32343487652161407, "Validation accuracy ": 0.8825, "Testing loss ": 0.35612852285600244, "Testing accuracy ": 0.8728, "_timestamp": 1709291124.9182084, "_runtime": 149.85722637176514, "_step": 49, "confusion_matrix_table": {"_type": "table-file", "sha256": "5a52b5b6f7b668a245ad073c77a41533eb5cbbb94e743ea928880e0c9ea80afa", "size": 3172, "artifact_path": "wandb-client-artifact://j6eiipd19l7sn34nc2xnfwkzv7xa79zwilfgeo356iwdeey7y8g8p3zc7mzjcd96l6v9ab1yb4zg0zg56ic5i1u2ytcvof03xumnqvlhnmnbyud9adctn0ezq2a7xfih:latest/confusion_matrix_table.table.json", "_latest_artifact_path": "wandb-client-artifact://j6eiipd19l7sn34nc2xnfwkzv7xa79zwilfgeo356iwdeey7y8g8p3zc7mzjcd96l6v9ab1yb4zg0zg56ic5i1u2ytcvof03xumnqvlhnmnbyud9adctn0ezq2a7xfih:latest/confusion_matrix_table.table.json", "path": "media/table/confusion_matrix_table_49_5a52b5b6f7b668a245ad.table.json", "ncols": 3, "nrows": 100}, "_wandb": {"runtime": 149}}