{"Epoch ": 14, "Training loss ": 0.10207668997167335, "Training accuracy ": 0.9668703703703704, "Validation loss ": 0.220909810914091, "Validation accuracy ": 0.9438333333333333, "Testing loss ": 0.19792615084123813, "Testing accuracy ": 0.9471, "_timestamp": 1709503004.9184208, "_runtime": 93.31916284561157, "_step": 29, "confusion_matrix_table": {"_type": "table-file", "sha256": "fc1352052ea0e272e5f9066c7d96c21caba14b53506dcb4a30cf1030b9c17ba9", "size": 3165, "artifact_path": "wandb-client-artifact://9esm7wizcsrm1z5jhho6y5luxdnt7qfptdx3nu6f3sl5clyu4slraqbgp680p7wx1pt1bsqm60c3rd6n18dhn6dt4twbozxprtkwl5xzpjvxhwe64tgjnrt1iquvsqhz:latest/confusion_matrix_table.table.json", "_latest_artifact_path": "wandb-client-artifact://9esm7wizcsrm1z5jhho6y5luxdnt7qfptdx3nu6f3sl5clyu4slraqbgp680p7wx1pt1bsqm60c3rd6n18dhn6dt4twbozxprtkwl5xzpjvxhwe64tgjnrt1iquvsqhz:latest/confusion_matrix_table.table.json", "path": "media/table/confusion_matrix_table_29_fc1352052ea0e272e5f9.table.json", "ncols": 3, "nrows": 100}, "_wandb": {"runtime": 92}}