{"Epoch ": 24, "Training loss ": 0.5622896635577672, "Training accuracy ": 0.8814814814814815, "Validation loss ": 0.7872289067996877, "Validation accuracy ": 0.858, "Testing loss ": 0.8611610042517054, "Testing accuracy ": 0.849, "_timestamp": 1709303065.9630785, "_runtime": 376.28640842437744, "_step": 49, "confusion_matrix_table": {"_type": "table-file", "sha256": "26225aa396794a9ec36a12ac022dffe30e05b715d81445ebbff32ba03ea42367", "size": 3170, "artifact_path": "wandb-client-artifact://2p2hzp9mve7vhdh2jvx7tpbdc25fvkuxwutmbsrdyi1dmawioltv5n3o21rqqsltnlj1ni8l3s8jvhzhah6s7rqa6pa37m1ecyz1xmrpkod1k80jp87gyg4lb03hjdga:latest/confusion_matrix_table.table.json", "_latest_artifact_path": "wandb-client-artifact://2p2hzp9mve7vhdh2jvx7tpbdc25fvkuxwutmbsrdyi1dmawioltv5n3o21rqqsltnlj1ni8l3s8jvhzhah6s7rqa6pa37m1ecyz1xmrpkod1k80jp87gyg4lb03hjdga:latest/confusion_matrix_table.table.json", "path": "media/table/confusion_matrix_table_49_26225aa396794a9ec36a.table.json", "ncols": 3, "nrows": 100}, "_wandb": {"runtime": 375}}