{"Epoch ": 19, "Training loss ": 0.5396526998213801, "Training accuracy ": 0.6252962962962964, "Validation loss ": 0.5412345032328285, "Validation accuracy ": 0.6175, "Testing loss ": 0.5444630331142377, "Testing accuracy ": 0.6199, "_timestamp": 1709182765.5574179, "_runtime": 60.944108963012695, "_step": 39, "confusion_matrix_table": {"_type": "table-file", "sha256": "730fc1fb9149f4048632e525e9a017310d2a441ee4730cba5dd4ffb27c51c3bd", "size": 3185, "artifact_path": "wandb-client-artifact://5udqn1yyhjsywsjnendkue3k3omz2c14woli94im0ljej4xo5ovwtemut05lx15vbqsvw96yh3f4wazk35dwjvbbqdd4ditogcvevwn9tp8mmirsce6s7r89tq0v1oc9:latest/confusion_matrix_table.table.json", "_latest_artifact_path": "wandb-client-artifact://5udqn1yyhjsywsjnendkue3k3omz2c14woli94im0ljej4xo5ovwtemut05lx15vbqsvw96yh3f4wazk35dwjvbbqdd4ditogcvevwn9tp8mmirsce6s7r89tq0v1oc9:latest/confusion_matrix_table.table.json", "path": "media/table/confusion_matrix_table_39_730fc1fb9149f4048632.table.json", "ncols": 3, "nrows": 100}, "_wandb": {"runtime": 60}}