{"Epoch ": 19, "Training loss ": 0.32828312235751805, "Training accuracy ": 0.7733888888888889, "Validation loss ": 0.33161556898912525, "Validation accuracy ": 0.7738333333333334, "Testing loss ": 0.3417325615068293, "Testing accuracy ": 0.7653, "_timestamp": 1709151037.9312904, "_runtime": 22.532965421676636, "_step": 39, "confusion_matrix_table": {"_type": "table-file", "sha256": "c2869ee90f9c3aad074c21dd0104ea3b184684c36bd492f00e40e67f19c222a3", "size": 3178, "artifact_path": "wandb-client-artifact://8zmiau6y1kfnpoka62oc2dtydagwzyytg2208zjevv408d7avcynbkcytk1vd38ik8ayhv6p4ug86tgwrx81e33tv8csqr40ydxkyp145tb19r4352da4yq5t8ncj7qe:latest/confusion_matrix_table.table.json", "_latest_artifact_path": "wandb-client-artifact://8zmiau6y1kfnpoka62oc2dtydagwzyytg2208zjevv408d7avcynbkcytk1vd38ik8ayhv6p4ug86tgwrx81e33tv8csqr40ydxkyp145tb19r4352da4yq5t8ncj7qe:latest/confusion_matrix_table.table.json", "path": "media/table/confusion_matrix_table_39_c2869ee90f9c3aad074c.table.json", "ncols": 3, "nrows": 100}, "_wandb": {"runtime": 21}}