{"Epoch ": 24, "Training loss ": 0.33536213699457146, "Training accuracy ": 0.8822222222222222, "Validation loss ": 0.350119284527531, "Validation accuracy ": 0.879, "Testing loss ": 0.3904408715936121, "Testing accuracy ": 0.8634, "_timestamp": 1709452912.3619125, "_runtime": 43.16117453575134, "_step": 49, "confusion_matrix_table": {"_type": "table-file", "sha256": "296ed1b62206b6a1b6919c82d1334ebc6fa10913e76220f12165c7237f0a9f94", "size": 3172, "artifact_path": "wandb-client-artifact://ut3kxq8qg627rz09724xoqxkk7so1gwu3wgxf6y5g73xyii88i2e2vg1gt8u7qedb0u2q5v5b69xq71s3udwrdn9cmadfcpc0onwdwyd681faxt2s2isdsi3cya6xc1y:latest/confusion_matrix_table.table.json", "_latest_artifact_path": "wandb-client-artifact://ut3kxq8qg627rz09724xoqxkk7so1gwu3wgxf6y5g73xyii88i2e2vg1gt8u7qedb0u2q5v5b69xq71s3udwrdn9cmadfcpc0onwdwyd681faxt2s2isdsi3cya6xc1y:latest/confusion_matrix_table.table.json", "path": "media/table/confusion_matrix_table_49_296ed1b62206b6a1b691.table.json", "ncols": 3, "nrows": 100}, "_wandb": {"runtime": 42}}