{"Epoch ": 24, "Training loss ": 0.18980433089474355, "Training accuracy ": 0.9293148148148148, "Validation loss ": 0.4143988241674408, "Validation accuracy ": 0.8871666666666667, "Testing loss ": 0.4821565828259577, "Testing accuracy ": 0.8768, "_timestamp": 1709136779.794562, "_runtime": 311.6966881752014, "_step": 49, "confusion_matrix_table": {"_type": "table-file", "sha256": "a1b58dc3b3e1c018fd75c6b33831a3fb3cd2522cf5db102fb79bd2ed787a97de", "size": 3169, "artifact_path": "wandb-client-artifact://tsdhp6cktveuf0wpzkdasxeba0eiqkmsf3puamv2yv1i6ce95us41dy9itdnx965ozsjs4lepxmvaozmmn35jn28emoymhwpx0q9erz1723mrnse380r6ws1z4ja8fq4:latest/confusion_matrix_table.table.json", "_latest_artifact_path": "wandb-client-artifact://tsdhp6cktveuf0wpzkdasxeba0eiqkmsf3puamv2yv1i6ce95us41dy9itdnx965ozsjs4lepxmvaozmmn35jn28emoymhwpx0q9erz1723mrnse380r6ws1z4ja8fq4:latest/confusion_matrix_table.table.json", "path": "media/table/confusion_matrix_table_49_a1b58dc3b3e1c018fd75.table.json", "ncols": 3, "nrows": 100}, "_wandb": {"runtime": 310}}