{"Epoch ": 4, "Training loss ": 0.904942957297155, "Training accuracy ": 0.7438703703703704, "Validation loss ": 0.933500083345193, "Validation accuracy ": 0.7366666666666667, "Testing loss ": 0.9963821228147898, "Testing accuracy ": 0.7338, "_timestamp": 1709129889.8249416, "_runtime": 23.182514667510986, "_step": 9, "confusion_matrix_table": {"_type": "table-file", "sha256": "f023d7371aa55e0bf3f33e73b59f81ac51a3a890fcaf5ae7831a853eeb005bb2", "size": 3172, "artifact_path": "wandb-client-artifact://kml1gg1au88poki77gwiks4l2vvkbtthdei1168e33ulc3n229qyklts15wn1f6on8ltbt8t0tbo4ukr4l6n3hh5hvfoilxcqzs5on5iyx01csta68bl2dgsbapkoh8s:latest/confusion_matrix_table.table.json", "_latest_artifact_path": "wandb-client-artifact://kml1gg1au88poki77gwiks4l2vvkbtthdei1168e33ulc3n229qyklts15wn1f6on8ltbt8t0tbo4ukr4l6n3hh5hvfoilxcqzs5on5iyx01csta68bl2dgsbapkoh8s:latest/confusion_matrix_table.table.json", "path": "media/table/confusion_matrix_table_9_f023d7371aa55e0bf3f3.table.json", "ncols": 3, "nrows": 100}, "_wandb": {"runtime": 22}}