{"Epoch ": 4, "Training loss ": 2.302576892294557, "Training accuracy ": 0.1, "Validation loss ": 2.302576892294557, "Validation accuracy ": 0.1, "Testing loss ": 2.302576892294557, "Testing accuracy ": 0.1, "_timestamp": 1709106912.2892132, "_runtime": 21.707444190979004, "_step": 9, "confusion_matrix_table": {"_type": "table-file", "sha256": "0ee415feb6e88801bea131a71c2983f6ab863018fdbc5640c49db930f958dd1d", "size": 3152, "artifact_path": "wandb-client-artifact://r690wdhc6jsgy923ma6zjm23e6841mzl80z7qyfln2g8cym5lrm7dhf1xp16w6aacx6na2dxmg506v22e2zdrr3tc7w1fdpyd39ymny79usinbvqf8ky1cltec4pxsnh:latest/confusion_matrix_table.table.json", "_latest_artifact_path": "wandb-client-artifact://r690wdhc6jsgy923ma6zjm23e6841mzl80z7qyfln2g8cym5lrm7dhf1xp16w6aacx6na2dxmg506v22e2zdrr3tc7w1fdpyd39ymny79usinbvqf8ky1cltec4pxsnh:latest/confusion_matrix_table.table.json", "path": "media/table/confusion_matrix_table_9_0ee415feb6e88801bea1.table.json", "ncols": 3, "nrows": 100}, "_wandb": {"runtime": 20}}