{"Epoch ": 14, "Training loss ": 1.682094847996697, "Training accuracy ": 0.5395185185185185, "Validation loss ": 1.6787161780617765, "Validation accuracy ": 0.538, "Testing loss ": 1.6834111984269229, "Testing accuracy ": 0.5385, "_timestamp": 1709126685.1587858, "_runtime": 37.91404891014099, "_step": 29, "confusion_matrix_table": {"_type": "table-file", "sha256": "721b67d0777fb50497ecfa1a3c6e30f7ba330546086111cfaa0d9c339b3ad96e", "size": 3205, "artifact_path": "wandb-client-artifact://i9tg27wlsgtpih0d5gfjyr41d0duooaef38xmlhuihjeagyaaulwips1wfliht7i1o6k5a5g4316udrnc20nd0knm4i1gl7o6i3asrdk0lj6h5pzrzahv6iqdv80vcve:latest/confusion_matrix_table.table.json", "_latest_artifact_path": "wandb-client-artifact://i9tg27wlsgtpih0d5gfjyr41d0duooaef38xmlhuihjeagyaaulwips1wfliht7i1o6k5a5g4316udrnc20nd0knm4i1gl7o6i3asrdk0lj6h5pzrzahv6iqdv80vcve:latest/confusion_matrix_table.table.json", "path": "media/table/confusion_matrix_table_29_721b67d0777fb50497ec.table.json", "ncols": 3, "nrows": 100}, "_wandb": {"runtime": 37}}