{"Epoch ": 24, "Training loss ": 0.22921314707773197, "Training accuracy ": 0.9175555555555556, "Validation loss ": 0.3758227664419417, "Validation accuracy ": 0.8798333333333334, "Testing loss ": 0.39318046094145714, "Testing accuracy ": 0.877, "_timestamp": 1709296159.9293962, "_runtime": 105.81020307540894, "_step": 49, "confusion_matrix_table": {"_type": "table-file", "sha256": "cf1bf828a74cfbe43b1ebbd9834561885c8cff76da406b08dc662a8782c2e7a0", "size": 3170, "artifact_path": "wandb-client-artifact://x443n5ij57dkuncmiqlf12hvzyovw9s61csrvav66h81m8pc1zfrmgrg28z0pkuolop0qs7gl9sq0xvjnmac88vdphmsxsgom1tsc0m2em2lelybroa18sgopl52x3x0:latest/confusion_matrix_table.table.json", "_latest_artifact_path": "wandb-client-artifact://x443n5ij57dkuncmiqlf12hvzyovw9s61csrvav66h81m8pc1zfrmgrg28z0pkuolop0qs7gl9sq0xvjnmac88vdphmsxsgom1tsc0m2em2lelybroa18sgopl52x3x0:latest/confusion_matrix_table.table.json", "path": "media/table/confusion_matrix_table_49_cf1bf828a74cfbe43b1e.table.json", "ncols": 3, "nrows": 100}, "_wandb": {"runtime": 105}}