{"Epoch ": 14, "Training loss ": 0.28188971359659964, "Training accuracy ": 0.8986111111111111, "Validation loss ": 0.3360906952029611, "Validation accuracy ": 0.8855, "Testing loss ": 0.37207185504757145, "Testing accuracy ": 0.8695, "_timestamp": 1709292411.2334368, "_runtime": 35.58296179771423, "_step": 29, "confusion_matrix_table": {"_type": "table-file", "sha256": "430b1947b1b6fc791f34aa5afe046db8d4cf0229bfd78744829d1609a1eb4856", "size": 3172, "artifact_path": "wandb-client-artifact://z1uebbng3t5oy9jzv5412x6t04uap8kxx3iwqhhgc79ehbem4pa1tz64n8u3j85hmquvuugg9ti4nvnt9umjqivck2p9jwurk3wuq3x06vlq3r7xcaid8wgcptj282ew:latest/confusion_matrix_table.table.json", "_latest_artifact_path": "wandb-client-artifact://z1uebbng3t5oy9jzv5412x6t04uap8kxx3iwqhhgc79ehbem4pa1tz64n8u3j85hmquvuugg9ti4nvnt9umjqivck2p9jwurk3wuq3x06vlq3r7xcaid8wgcptj282ew:latest/confusion_matrix_table.table.json", "path": "media/table/confusion_matrix_table_29_430b1947b1b6fc791f34.table.json", "ncols": 3, "nrows": 100}, "_wandb": {"runtime": 34}}