{"Epoch ": 4, "Training loss ": 0.6213959872775847, "Training accuracy ": 0.7951111111111111, "Validation loss ": 0.6114838526749825, "Validation accuracy ": 0.8051666666666667, "Testing loss ": 0.6387363487152985, "Testing accuracy ": 0.7874, "_timestamp": 1709401583.6605785, "_runtime": 21.60016655921936, "_step": 9, "confusion_matrix_table": {"_type": "table-file", "sha256": "7a561d62f9ddf83787534c3fc32939c2d5fbc27d87d6488e53b86cef16874178", "size": 3183, "artifact_path": "wandb-client-artifact://ohbe7rw9p04scba63gc51mpddsey1lq2dbuilo5qwmafu2iazkjfsczo39dfi8b5vntpixru16q7r6xyeoaqywoj4lqs137nzmpb5jzt1l67a5kyf8l1h97b7bl2un55:latest/confusion_matrix_table.table.json", "_latest_artifact_path": "wandb-client-artifact://ohbe7rw9p04scba63gc51mpddsey1lq2dbuilo5qwmafu2iazkjfsczo39dfi8b5vntpixru16q7r6xyeoaqywoj4lqs137nzmpb5jzt1l67a5kyf8l1h97b7bl2un55:latest/confusion_matrix_table.table.json", "path": "media/table/confusion_matrix_table_9_7a561d62f9ddf8378753.table.json", "ncols": 3, "nrows": 100}, "_wandb": {"runtime": 20}}