{"Epoch ": 29, "Training loss ": 0.27822035932297773, "Training accuracy ": 0.9053703703703704, "Validation loss ": 0.39953846638104007, "Validation accuracy ": 0.8773333333333333, "Testing loss ": 0.43193786638642484, "Testing accuracy ": 0.8667, "_timestamp": 1709409974.9827254, "_runtime": 103.6456823348999, "_step": 59, "confusion_matrix_table": {"_type": "table-file", "sha256": "ed853086c2f5fb17e35139d677a0ffe884bffb89044e3d487e77a3a723e1d2df", "size": 3168, "artifact_path": "wandb-client-artifact://56w8k20pihhyh02pmv7q8mjj9e2947542ihol5is9xxc3f3dye6ty4f0qa21ll6iup2vbw9eqg3wnui018ft005tzop19qtscx52bnm39mrphnhtemuhqcdkg7hkgarl:latest/confusion_matrix_table.table.json", "_latest_artifact_path": "wandb-client-artifact://56w8k20pihhyh02pmv7q8mjj9e2947542ihol5is9xxc3f3dye6ty4f0qa21ll6iup2vbw9eqg3wnui018ft005tzop19qtscx52bnm39mrphnhtemuhqcdkg7hkgarl:latest/confusion_matrix_table.table.json", "path": "media/table/confusion_matrix_table_59_ed853086c2f5fb17e351.table.json", "ncols": 3, "nrows": 100}, "_wandb": {"runtime": 102}}