{"Epoch ": 29, "Training loss ": 0.29225075000871353, "Training accuracy ": 0.8916111111111111, "Validation loss ": 0.395356232781512, "Validation accuracy ": 0.8631666666666666, "Testing loss ": 0.40421010360832377, "Testing accuracy ": 0.8598, "_timestamp": 1709139500.5946448, "_runtime": 200.68563771247864, "_step": 59, "confusion_matrix_table": {"_type": "table-file", "sha256": "6f1e9fdb97ae756276ab8f4a67eced1577a53130e5754f694a14e34c89e8a19b", "size": 3174, "artifact_path": "wandb-client-artifact://fnkledyfn5ztv5u7rqgmomc2pn9tmyzqgx3u379lniukih6s6ma7tba1sasnioh25673s1dm1pj5q0dyaqwym4sodi58mphgljzw3eibhvvv1dwt6pnklrrtx00dpxzn:latest/confusion_matrix_table.table.json", "_latest_artifact_path": "wandb-client-artifact://fnkledyfn5ztv5u7rqgmomc2pn9tmyzqgx3u379lniukih6s6ma7tba1sasnioh25673s1dm1pj5q0dyaqwym4sodi58mphgljzw3eibhvvv1dwt6pnklrrtx00dpxzn:latest/confusion_matrix_table.table.json", "path": "media/table/confusion_matrix_table_59_6f1e9fdb97ae756276ab.table.json", "ncols": 3, "nrows": 100}, "_wandb": {"runtime": 199}}