{"Epoch ": 24, "Training loss ": 0.8999524474890364, "Training accuracy ": 0.18642592592592594, "Validation loss ": 0.8999523500624407, "Validation accuracy ": 0.18416666666666667, "Testing loss ": 0.8999526541406089, "Testing accuracy ": 0.1865, "_timestamp": 1709146313.9422724, "_runtime": 85.76452851295471, "_step": 49, "confusion_matrix_table": {"_type": "table-file", "sha256": "6f47f384640e7331b5e4332237c443772d6cc47be24974e12ee30b89796591e6", "size": 3160, "artifact_path": "wandb-client-artifact://1xynej42e8oknkomyy4vto6l9v11sbsszotpmytu0656ersbu09rnu7abkv99c0w4z3yeyg2p6if833x57eho6t4wco52xfa5efrrz999p2reomns517h5i703ivy6l3:latest/confusion_matrix_table.table.json", "_latest_artifact_path": "wandb-client-artifact://1xynej42e8oknkomyy4vto6l9v11sbsszotpmytu0656ersbu09rnu7abkv99c0w4z3yeyg2p6if833x57eho6t4wco52xfa5efrrz999p2reomns517h5i703ivy6l3:latest/confusion_matrix_table.table.json", "path": "media/table/confusion_matrix_table_49_6f47f384640e7331b5e4.table.json", "ncols": 3, "nrows": 100}, "_wandb": {"runtime": 84}}