{"Epoch ": 29, "Training loss ": 0.29036977711752, "Training accuracy ": 0.797, "Validation loss ": 0.28831028271638615, "Validation accuracy ": 0.7986666666666666, "Testing loss ": 0.30087293465848836, "Testing accuracy ": 0.789, "_timestamp": 1709299957.3652332, "_runtime": 233.02091813087463, "_step": 59, "confusion_matrix_table": {"_type": "table-file", "sha256": "4cb6f478a43f654ee4836e27b06c994b8eb5b125840d49ac0ab255d88180e37f", "size": 3181, "artifact_path": "wandb-client-artifact://mb3g3z8206wm5irqbgrtimretc16myrj7qezclmhjqsbv9bqoqssuwkeqbvugq9kmd2mq17ck3d7ni183ke1gq51pj9ujzt10ya82wc6iz0y2dtu9irsitu08zg8ei18:latest/confusion_matrix_table.table.json", "_latest_artifact_path": "wandb-client-artifact://mb3g3z8206wm5irqbgrtimretc16myrj7qezclmhjqsbv9bqoqssuwkeqbvugq9kmd2mq17ck3d7ni183ke1gq51pj9ujzt10ya82wc6iz0y2dtu9irsitu08zg8ei18:latest/confusion_matrix_table.table.json", "path": "media/table/confusion_matrix_table_59_4cb6f478a43f654ee483.table.json", "ncols": 3, "nrows": 100}, "_wandb": {"runtime": 232}}