{"Epoch ": 29, "Training loss ": 0.210085143325503, "Training accuracy ": 0.8566111111111111, "Validation loss ": 0.21444464491942428, "Validation accuracy ": 0.8526666666666667, "Testing loss ": 0.227355560621613, "Testing accuracy ": 0.8413, "_timestamp": 1709147584.3155956, "_runtime": 110.71849370002747, "_step": 59, "confusion_matrix_table": {"_type": "table-file", "sha256": "779c7da55243d1f34bc89cd8f53f3d98f37482790c22fe2adba0187561fef736", "size": 3174, "artifact_path": "wandb-client-artifact://orpr01a9l0utz1b54axc4u9a7a042q2dg7u3h1tidujoclcy6skjylysup5bn2k64iokfjm4qfo73jwbksncalm7x1lneg4qv36k6x82lpg6fwiue1kwz9lk85xk1jgc:latest/confusion_matrix_table.table.json", "_latest_artifact_path": "wandb-client-artifact://orpr01a9l0utz1b54axc4u9a7a042q2dg7u3h1tidujoclcy6skjylysup5bn2k64iokfjm4qfo73jwbksncalm7x1lneg4qv36k6x82lpg6fwiue1kwz9lk85xk1jgc:latest/confusion_matrix_table.table.json", "path": "media/table/confusion_matrix_table_59_779c7da55243d1f34bc8.table.json", "ncols": 3, "nrows": 100}, "_wandb": {"runtime": 110}}