{"Epoch ": 29, "Training loss ": 0.21464622095121372, "Training accuracy ": 0.8557407407407407, "Validation loss ": 0.22384221532190254, "Validation accuracy ": 0.8466666666666667, "Testing loss ": 0.23233482195630917, "Testing accuracy ": 0.8417, "_timestamp": 1709310407.8876758, "_runtime": 118.24151182174683, "_step": 59, "confusion_matrix_table": {"_type": "table-file", "sha256": "8ec938061058952b8979ee93a342f3e642b32906a67e5e06775e4e0b1d953032", "size": 3174, "artifact_path": "wandb-client-artifact://xuv4wkbb2z7rv90e5sltvl4m2zeu4zz4zuwqjt8awdox8c0dfzfuh89kotlnbabp90ttdr6pnlbnhv0c4y1qb59362sufg9feygw4c7pa1g2q354iltgi27isapms5z2:latest/confusion_matrix_table.table.json", "_latest_artifact_path": "wandb-client-artifact://xuv4wkbb2z7rv90e5sltvl4m2zeu4zz4zuwqjt8awdox8c0dfzfuh89kotlnbabp90ttdr6pnlbnhv0c4y1qb59362sufg9feygw4c7pa1g2q354iltgi27isapms5z2:latest/confusion_matrix_table.table.json", "path": "media/table/confusion_matrix_table_59_8ec938061058952b8979.table.json", "ncols": 3, "nrows": 100}, "_wandb": {"runtime": 117}}