{"Epoch ": 19, "Training loss ": 0.4675458323050207, "Training accuracy ": 0.8442962962962963, "Validation loss ": 0.4804302765563247, "Validation accuracy ": 0.8421666666666666, "Testing loss ": 0.5020367734806599, "Testing accuracy ": 0.8305, "_timestamp": 1709446413.962316, "_runtime": 32.927117109298706, "_step": 39, "confusion_matrix_table": {"_type": "table-file", "sha256": "78bba6ffebc201d2a0ee9d9418cbbebc9031118c65479592c20f28ca95002092", "size": 3178, "artifact_path": "wandb-client-artifact://dnsqtvnhhun5od2s7ohar0nicgjrbgt9jw43f1nekalf6f4wybksg0bz7d8pjglfe782v6mee6u7hkxuttn9mbxexv40f7fgs6dl9m8hpicn8to0m3ezorkp39a6wp76:latest/confusion_matrix_table.table.json", "_latest_artifact_path": "wandb-client-artifact://dnsqtvnhhun5od2s7ohar0nicgjrbgt9jw43f1nekalf6f4wybksg0bz7d8pjglfe782v6mee6u7hkxuttn9mbxexv40f7fgs6dl9m8hpicn8to0m3ezorkp39a6wp76:latest/confusion_matrix_table.table.json", "path": "media/table/confusion_matrix_table_39_78bba6ffebc201d2a0ee.table.json", "ncols": 3, "nrows": 100}, "_wandb": {"runtime": 32}}