{"Epoch ": 29, "Training loss ": 2.078401627643815, "Training accuracy ": 0.3573703703703704, "Validation loss ": 2.0783440377583475, "Validation accuracy ": 0.35633333333333334, "Testing loss ": 2.078776728554842, "Testing accuracy ": 0.3571, "_timestamp": 1709475197.6231859, "_runtime": 98.1891598701477, "_step": 59, "confusion_matrix_table": {"_type": "table-file", "sha256": "9bb5c29c05ed9367b4b9d3e28273890d2f7e21707eb75ea13b7d8a7d5b1fb487", "size": 3170, "artifact_path": "wandb-client-artifact://w06wb493y7u0uvi9v2lu90boterijv4lz8uvq9aullx2ae985ubiyd7ihnxipvd2svmy2to0p26g5knao7b5wnbc4g7d9988sai9j321xrcvrqsaykt90v1ztckz78ny:latest/confusion_matrix_table.table.json", "_latest_artifact_path": "wandb-client-artifact://w06wb493y7u0uvi9v2lu90boterijv4lz8uvq9aullx2ae985ubiyd7ihnxipvd2svmy2to0p26g5knao7b5wnbc4g7d9988sai9j321xrcvrqsaykt90v1ztckz78ny:latest/confusion_matrix_table.table.json", "path": "media/table/confusion_matrix_table_59_9bb5c29c05ed9367b4b9.table.json", "ncols": 3, "nrows": 100}, "_wandb": {"runtime": 97}}