{"Epoch ": 19, "Training loss ": 0.8095509939056351, "Training accuracy ": 0.5195555555555555, "Validation loss ": 0.807311968741103, "Validation accuracy ": 0.5195, "Testing loss ": 0.8275463587779547, "Testing accuracy ": 0.5084, "_timestamp": 1709150337.317192, "_runtime": 60.92367696762085, "_step": 39, "confusion_matrix_table": {"_type": "table-file", "sha256": "2854fa0db4d94f040ad2d61c76efa73e331e99c4dcc02063031d42278154864c", "size": 3191, "artifact_path": "wandb-client-artifact://9f7k7q69zkzy5vsyu8oabvqw26zsakj879pe68p1bdh5b1f2ig9n9v22o9rrk7uesa2k7upf1ps9l2ck0dazgd4o8omagdprkv7yv9nwaeqk3u0v2rw7nu2cxo2859be:latest/confusion_matrix_table.table.json", "_latest_artifact_path": "wandb-client-artifact://9f7k7q69zkzy5vsyu8oabvqw26zsakj879pe68p1bdh5b1f2ig9n9v22o9rrk7uesa2k7upf1ps9l2ck0dazgd4o8omagdprkv7yv9nwaeqk3u0v2rw7nu2cxo2859be:latest/confusion_matrix_table.table.json", "path": "media/table/confusion_matrix_table_39_2854fa0db4d94f040ad2.table.json", "ncols": 3, "nrows": 100}, "_wandb": {"runtime": 60}}