{"Epoch ": 19, "Training loss ": 0.32473206895510576, "Training accuracy ": 0.8020185185185185, "Validation loss ": 0.3267011580236761, "Validation accuracy ": 0.7965, "Testing loss ": 0.33433378941393155, "Testing accuracy ": 0.7891, "_timestamp": 1709536833.4235666, "_runtime": 41.64587950706482, "_step": 39, "confusion_matrix_table": {"_type": "table-file", "sha256": "3acb987e0da047fbff51884918cf4de7691c27453ba783592bf00c0308785dbc", "size": 3179, "artifact_path": "wandb-client-artifact://0wa4lr9mqi96rpzm2p3u2qsi77subbe8dw3r75m9v3yuw9xkwwrflryn9fkeaatiaa4rse8qqmglbzsbyqjgggxbh0ecq2jvrzipf093idexae1gf8ub84y7ni0t8s5c:latest/confusion_matrix_table.table.json", "_latest_artifact_path": "wandb-client-artifact://0wa4lr9mqi96rpzm2p3u2qsi77subbe8dw3r75m9v3yuw9xkwwrflryn9fkeaatiaa4rse8qqmglbzsbyqjgggxbh0ecq2jvrzipf093idexae1gf8ub84y7ni0t8s5c:latest/confusion_matrix_table.table.json", "path": "media/table/confusion_matrix_table_39_3acb987e0da047fbff51.table.json", "ncols": 3, "nrows": 100}, "_wandb": {"runtime": 40}}