{"Epoch ": 4, "Training loss ": 0.4592900986013976, "Training accuracy ": 0.833037037037037, "Validation loss ": 0.46870349833546177, "Validation accuracy ": 0.8288333333333333, "Testing loss ": 0.5082164042160934, "Testing accuracy ": 0.8151, "_timestamp": 1709130669.2627149, "_runtime": 34.48882079124451, "_step": 9, "confusion_matrix_table": {"_type": "table-file", "sha256": "cce92bbdb17f223a12d3e225f7a2e6fe6384cc46a7ed8e74c43ba91f70c49fb0", "size": 3175, "artifact_path": "wandb-client-artifact://t2evowqyl87xuk3i0ntfvzy66irsz3lzy2qnwrtrwlo61ojrlgdreq26tdhfnflvdyq8j5uqzfkfbcctna1pgohok1j2o66x46jfrtlqn6d4389u2i93t849ms6n0n4t:latest/confusion_matrix_table.table.json", "_latest_artifact_path": "wandb-client-artifact://t2evowqyl87xuk3i0ntfvzy66irsz3lzy2qnwrtrwlo61ojrlgdreq26tdhfnflvdyq8j5uqzfkfbcctna1pgohok1j2o66x46jfrtlqn6d4389u2i93t849ms6n0n4t:latest/confusion_matrix_table.table.json", "path": "media/table/confusion_matrix_table_9_cce92bbdb17f223a12d3.table.json", "ncols": 3, "nrows": 100}, "_wandb": {"runtime": 33}}