{"Epoch ": 24, "Training loss ": 0.6834838429133036, "Training accuracy ": 0.7800370370370371, "Validation loss ": 0.6735848264631524, "Validation accuracy ": 0.7833333333333333, "Testing loss ": 0.6982639644512028, "Testing accuracy ": 0.7693, "_timestamp": 1709451889.8069966, "_runtime": 75.6693365573883, "_step": 49, "confusion_matrix_table": {"_type": "table-file", "sha256": "216548148e74130097fc300cd24a2cb414c249e0906c7059079ebab7ba92b19f", "size": 3186, "artifact_path": "wandb-client-artifact://3kthz1cifyqtxjsc6vj10mbu3bg094s9qcang90xqkprjeyzt2psrz0hwytvd6w11j25d1ssnr8nljemkn4n3ekfw19moro2n6kyhqz5iz2h5dybfv4p7ad4gw6b5f54:latest/confusion_matrix_table.table.json", "_latest_artifact_path": "wandb-client-artifact://3kthz1cifyqtxjsc6vj10mbu3bg094s9qcang90xqkprjeyzt2psrz0hwytvd6w11j25d1ssnr8nljemkn4n3ekfw19moro2n6kyhqz5iz2h5dybfv4p7ad4gw6b5f54:latest/confusion_matrix_table.table.json", "path": "media/table/confusion_matrix_table_49_216548148e74130097fc.table.json", "ncols": 3, "nrows": 100}, "_wandb": {"runtime": 74}}