{"Epoch ": 99, "Training loss ": 3.7335536887508518e-06, "Training accuracy ": 0.9267777777777778, "Validation loss ": 8.041538408334069e-05, "Validation accuracy ": 0.8663333333333333, "Testing loss ": 5.401008159392553e-05, "Testing accuracy ": 0.866, "_timestamp": 1708928147.2134588, "_runtime": 116.22268271446228, "_step": 199, "confusion_matrix_table": {"_type": "table-file", "sha256": "b078a9fde83a993e73905230738c5d6ca6746c7b141a0e2ad28582204e747034", "size": 3171, "artifact_path": "wandb-client-artifact://q0mun9q1gsh2n9a6da7k80r6hdxqrkhal2vhd71o3p2gg4so7dgplbg09w2cil8v0m5rj9ad0x83owu7bda5yxnx8cu97w83t2q16z9dyd0kvxzvnejxmi3scxthkddf:latest/confusion_matrix_table.table.json", "_latest_artifact_path": "wandb-client-artifact://q0mun9q1gsh2n9a6da7k80r6hdxqrkhal2vhd71o3p2gg4so7dgplbg09w2cil8v0m5rj9ad0x83owu7bda5yxnx8cu97w83t2q16z9dyd0kvxzvnejxmi3scxthkddf:latest/confusion_matrix_table.table.json", "path": "media/table/confusion_matrix_table_199_b078a9fde83a993e7390.table.json", "ncols": 3, "nrows": 100}, "_wandb": {"runtime": 115}}