{"Epoch ": 29, "Training loss ": 0.18048864323541633, "Training accuracy ": 0.8737222222222222, "Validation loss ": 0.19969622327761366, "Validation accuracy ": 0.862, "Testing loss ": 0.2205835008289031, "Testing accuracy ": 0.8475, "_timestamp": 1709571484.1484742, "_runtime": 67.79805827140808, "_step": 59, "confusion_matrix_table": {"_type": "table-file", "sha256": "08a27bd388f937f2ce1ee64e6baafadfdd29753402aa7d7f261050fbc0471abe", "size": 3174, "artifact_path": "wandb-client-artifact://j286ilc9pn1489xlmstej61ipxkkzt6zg8zp0clbqyke99psbev66n9gpmml3h2s90ez3sc4u3j3tgllahs88djgc4n7zoqo4k8ic1yqf7wn3gojru3k1fvfj2y4mv0i:latest/confusion_matrix_table.table.json", "_latest_artifact_path": "wandb-client-artifact://j286ilc9pn1489xlmstej61ipxkkzt6zg8zp0clbqyke99psbev66n9gpmml3h2s90ez3sc4u3j3tgllahs88djgc4n7zoqo4k8ic1yqf7wn3gojru3k1fvfj2y4mv0i:latest/confusion_matrix_table.table.json", "path": "media/table/confusion_matrix_table_59_08a27bd388f937f2ce1e.table.json", "ncols": 3, "nrows": 100}, "_wandb": {"runtime": 67}}