{"Epoch ": 4, "Training loss ": 1.314633741581508, "Training accuracy ": 0.1991111111111111, "Validation loss ": 1.3092222663379618, "Validation accuracy ": 0.20233333333333334, "Testing loss ": 1.3267470613917913, "Testing accuracy ": 0.1977, "_timestamp": 1709401135.4026384, "_runtime": 30.692411422729492, "_step": 9, "confusion_matrix_table": {"_type": "table-file", "sha256": "e773554cc184801c55e0ae18df92ba467515b412be79acfb1d331af8597c3c38", "size": 3166, "artifact_path": "wandb-client-artifact://u97zjlw985w4bt1043kukld3yq0giytxloj0viks7ef7rv4a7qghf3nh39rfvq3wyj61hl9wp7udq5bhkpwzkk10rx9jmqgui0j1c8sbagb9tvajexytt89y3du5ldv9:latest/confusion_matrix_table.table.json", "_latest_artifact_path": "wandb-client-artifact://u97zjlw985w4bt1043kukld3yq0giytxloj0viks7ef7rv4a7qghf3nh39rfvq3wyj61hl9wp7udq5bhkpwzkk10rx9jmqgui0j1c8sbagb9tvajexytt89y3du5ldv9:latest/confusion_matrix_table.table.json", "path": "media/table/confusion_matrix_table_9_e773554cc184801c55e0.table.json", "ncols": 3, "nrows": 100}, "_wandb": {"runtime": 29}}