{"Epoch ": 4, "Training loss ": 0.40118045920880374, "Training accuracy ": 0.8601111111111112, "Validation loss ": 0.41611397487620977, "Validation accuracy ": 0.8543333333333333, "Testing loss ": 0.44379181169071624, "Testing accuracy ": 0.8423, "_timestamp": 1709399424.3300793, "_runtime": 17.144373416900635, "_step": 9, "confusion_matrix_table": {"_type": "table-file", "sha256": "546f3c04e0881d07778259f908fab5e5f1f8e3f694e37dc66a9b103d773b6862", "size": 3174, "artifact_path": "wandb-client-artifact://tqfw2yfb7yaxzd87brjnlytnju75rzivdp2gnqzjtwfqcd8qhc9r5g5vip6eggijwvcy2evs2fioml687qlf3clo43xnjrwdwme78kmm9f8l2cvii0izenil3xs7ltvb:latest/confusion_matrix_table.table.json", "_latest_artifact_path": "wandb-client-artifact://tqfw2yfb7yaxzd87brjnlytnju75rzivdp2gnqzjtwfqcd8qhc9r5g5vip6eggijwvcy2evs2fioml687qlf3clo43xnjrwdwme78kmm9f8l2cvii0izenil3xs7ltvb:latest/confusion_matrix_table.table.json", "path": "media/table/confusion_matrix_table_9_546f3c04e0881d077782.table.json", "ncols": 3, "nrows": 100}, "_wandb": {"runtime": 16}}