{"Epoch ": 4, "Training loss ": 0.22168528162724932, "Training accuracy ": 0.855537037037037, "Validation loss ": 0.22610583239708767, "Validation accuracy ": 0.8501666666666666, "Testing loss ": 0.2389664111410817, "Testing accuracy ": 0.8396, "_timestamp": 1709306629.99568, "_runtime": 28.878568172454834, "_step": 9, "confusion_matrix_table": {"_type": "table-file", "sha256": "8519532eb8e16077c5a7698a04bcb301ed420121720c034799b6e0b07e160985", "size": 3174, "artifact_path": "wandb-client-artifact://tm5lzuncz4mmtgh1f5limsfas1p3a1pka6bggmtg5jv7x48i1g8zseb9x8nuwan16l0im1lsv5y0mxp68ftugepepgdgmkhg0z24jx1no09k91rae0snyeic7u5n6142:latest/confusion_matrix_table.table.json", "_latest_artifact_path": "wandb-client-artifact://tm5lzuncz4mmtgh1f5limsfas1p3a1pka6bggmtg5jv7x48i1g8zseb9x8nuwan16l0im1lsv5y0mxp68ftugepepgdgmkhg0z24jx1no09k91rae0snyeic7u5n6142:latest/confusion_matrix_table.table.json", "path": "media/table/confusion_matrix_table_9_8519532eb8e16077c5a7.table.json", "ncols": 3, "nrows": 100}, "_wandb": {"runtime": 28}}