{"Epoch ": 24, "Training loss ": 0.2032510869686705, "Training accuracy ": 0.8594074074074074, "Validation loss ": 0.20497502379891136, "Validation accuracy ": 0.8588333333333333, "Testing loss ": 0.22260503330021902, "Testing accuracy ": 0.8429, "_timestamp": 1709576678.171147, "_runtime": 624.9718730449677, "_step": 49, "confusion_matrix_table": {"_type": "table-file", "sha256": "4781d4c6ab7328429553157f9f32cfa307de01c00558e505b51411bc08a46757", "size": 3177, "artifact_path": "wandb-client-artifact://cjdfwhh07hv17y9lfybmhr10uclimfb56qge273hzjb1cm5rgo42wvla09hhhnt6x12gpbrh7to8it96xy0j8och7odbvf094llhkys3zk7cmgsorcutk4mfggt7za6r:latest/confusion_matrix_table.table.json", "_latest_artifact_path": "wandb-client-artifact://cjdfwhh07hv17y9lfybmhr10uclimfb56qge273hzjb1cm5rgo42wvla09hhhnt6x12gpbrh7to8it96xy0j8och7odbvf094llhkys3zk7cmgsorcutk4mfggt7za6r:latest/confusion_matrix_table.table.json", "path": "media/table/confusion_matrix_table_49_4781d4c6ab7328429553.table.json", "ncols": 3, "nrows": 100}, "_wandb": {"runtime": 624}}