{"Epoch ": 14, "Training loss ": 0.07296862222268276, "Training accuracy ": 0.9528888888888889, "Validation loss ": 0.09223342234431556, "Validation accuracy ": 0.9391666666666667, "Testing loss ": 0.08863213670379844, "Testing accuracy ": 0.9405, "_timestamp": 1709529827.3316665, "_runtime": 59.25763654708862, "_step": 29, "confusion_matrix_table": {"_type": "table-file", "sha256": "06e010e36ec2209979ea6c2f51846c1dab3d3dea1ce3e81bde3fe275c5aaf03d", "size": 3169, "artifact_path": "wandb-client-artifact://4pb8a8il4x8qphj0v81489fmyk7fslpnxvk7hjrhmu2wh7mhr1ulm5x1unwdxfn4usgsqphtnu6cff7rzh8yvjmoy2qyciuyofyny2u0g71obsd9kkdhcwywesytezlp:latest/confusion_matrix_table.table.json", "_latest_artifact_path": "wandb-client-artifact://4pb8a8il4x8qphj0v81489fmyk7fslpnxvk7hjrhmu2wh7mhr1ulm5x1unwdxfn4usgsqphtnu6cff7rzh8yvjmoy2qyciuyofyny2u0g71obsd9kkdhcwywesytezlp:latest/confusion_matrix_table.table.json", "path": "media/table/confusion_matrix_table_29_06e010e36ec2209979ea.table.json", "ncols": 3, "nrows": 100}, "_wandb": {"runtime": 58}}