{"Epoch ": 29, "Training loss ": 0.509460674712884, "Training accuracy ": 0.8282037037037037, "Validation loss ": 0.52658891698769, "Validation accuracy ": 0.8228333333333333, "Testing loss ": 0.5362131071444423, "Testing accuracy ": 0.8174, "_timestamp": 1709115129.3886275, "_runtime": 72.78686261177063, "_step": 59, "confusion_matrix_table": {"_type": "table-file", "sha256": "3b46b009d09ca5fe73ced23515747e86187f9d18cd0b8be25cda39157cf3c4b0", "size": 3177, "artifact_path": "wandb-client-artifact://2g9vblphy9fabf3xc3e0lhpuaa26knleshiwftsu8p88pulskgfd4pgloyvok54v4wxe2iy61j67gn6g54t6x7swdxok374fesvebum1d3ev4jh46hy72nue1lrulufs:latest/confusion_matrix_table.table.json", "_latest_artifact_path": "wandb-client-artifact://2g9vblphy9fabf3xc3e0lhpuaa26knleshiwftsu8p88pulskgfd4pgloyvok54v4wxe2iy61j67gn6g54t6x7swdxok374fesvebum1d3ev4jh46hy72nue1lrulufs:latest/confusion_matrix_table.table.json", "path": "media/table/confusion_matrix_table_59_3b46b009d09ca5fe73ce.table.json", "ncols": 3, "nrows": 100}, "_wandb": {"runtime": 72}}