{"Epoch ": 24, "Training loss ": 0.20411470646250005, "Training accuracy ": 0.8581296296296296, "Validation loss ": 0.2060979700258052, "Validation accuracy ": 0.8573333333333333, "Testing loss ": 0.2246293876124318, "Testing accuracy ": 0.8422, "_timestamp": 1709568894.389819, "_runtime": 992.1466479301453, "_step": 49, "confusion_matrix_table": {"_type": "table-file", "sha256": "6cb3ef18330cac9c86fe14244e079a78ab594af70426e407258f6a12db6dfe30", "size": 3175, "artifact_path": "wandb-client-artifact://k17sn1c5m5cafrrld1sbt9ysq1f6b0b9ywqdmfcmxh0ltbzvar3r1cdmupzbamkh20kmarix2bxdpmduxmyq6kftnhneumocv30wzpy86luo1wxqfepk45pi8m3igcvb:latest/confusion_matrix_table.table.json", "_latest_artifact_path": "wandb-client-artifact://k17sn1c5m5cafrrld1sbt9ysq1f6b0b9ywqdmfcmxh0ltbzvar3r1cdmupzbamkh20kmarix2bxdpmduxmyq6kftnhneumocv30wzpy86luo1wxqfepk45pi8m3igcvb:latest/confusion_matrix_table.table.json", "path": "media/table/confusion_matrix_table_49_6cb3ef18330cac9c86fe.table.json", "ncols": 3, "nrows": 100}, "_wandb": {"runtime": 991}}