{"Epoch ": 29, "Training loss ": 0.15286920664831335, "Training accuracy ": 0.894462962962963, "Validation loss ": 0.18080481992527078, "Validation accuracy ": 0.8735, "Testing loss ": 0.19683355701610586, "Testing accuracy ": 0.8623, "_timestamp": 1709184011.5144293, "_runtime": 63.59681940078735, "_step": 59, "confusion_matrix_table": {"_type": "table-file", "sha256": "58c3cb2972e5207cae0fd6bc975fa56aaefd097098d9af18f796bfd9da111194", "size": 3175, "artifact_path": "wandb-client-artifact://6z3vehd4jo8k8dg15ajgde8m4yj5e96m6fha91utur7f477k09faknk0r3a3idw62xhu1ocusxkg27fd6yb3483yslwhacu4t0opva8iik9vmp1wui1ya5hsbdy7ixrm:latest/confusion_matrix_table.table.json", "_latest_artifact_path": "wandb-client-artifact://6z3vehd4jo8k8dg15ajgde8m4yj5e96m6fha91utur7f477k09faknk0r3a3idw62xhu1ocusxkg27fd6yb3483yslwhacu4t0opva8iik9vmp1wui1ya5hsbdy7ixrm:latest/confusion_matrix_table.table.json", "path": "media/table/confusion_matrix_table_59_58c3cb2972e5207cae0f.table.json", "ncols": 3, "nrows": 100}, "_wandb": {"runtime": 62}}