{"Epoch ": 14, "Training loss ": 0.1566838332520484, "Training accuracy ": 0.8925925925925926, "Validation loss ": 0.17869936102035627, "Validation accuracy ": 0.8746666666666667, "Testing loss ": 0.18982916412720602, "Testing accuracy ": 0.8707, "_timestamp": 1709535151.3269958, "_runtime": 46.37339973449707, "_step": 29, "confusion_matrix_table": {"_type": "table-file", "sha256": "a28dd35e8833804002f3e8ec1fc852cf61db65466cbcc0b64defbad59d93f595", "size": 3170, "artifact_path": "wandb-client-artifact://ac3bk4hjid0ntz20ahrr689jb5bemof1vbdud4hp14zmu7vn9hp3m6tevg9lnv46qqdbgemtfnenuiphq137q41h7cl1dzp423i00qwh0pjetpzc45qz3tg9tgpf2ibr:latest/confusion_matrix_table.table.json", "_latest_artifact_path": "wandb-client-artifact://ac3bk4hjid0ntz20ahrr689jb5bemof1vbdud4hp14zmu7vn9hp3m6tevg9lnv46qqdbgemtfnenuiphq137q41h7cl1dzp423i00qwh0pjetpzc45qz3tg9tgpf2ibr:latest/confusion_matrix_table.table.json", "path": "media/table/confusion_matrix_table_29_a28dd35e8833804002f3.table.json", "ncols": 3, "nrows": 100}, "_wandb": {"runtime": 45}}