{"Epoch ": 14, "Training loss ": 0.18467702084244328, "Training accuracy ": 0.868037037037037, "Validation loss ": 0.2095671769999816, "Validation accuracy ": 0.8541666666666666, "Testing loss ": 0.2244597039618469, "Testing accuracy ": 0.8438, "_timestamp": 1709564880.091427, "_runtime": 261.25304412841797, "_step": 29, "confusion_matrix_table": {"_type": "table-file", "sha256": "f0735e3dc8bc3c8e0f6cf36073ab35a99e82c6856811146a48bc9fa6b6d3e22a", "size": 3174, "artifact_path": "wandb-client-artifact://c8lj951yipdhgww4mrmlhyikot5wrkmdaqe9cshus11u8n6rema33y49z6hd1vvnzl4xekbdnznnl59lqgtj3av73x4klu203uqe4cjt4woskzseylzqdhbwraptktc4:latest/confusion_matrix_table.table.json", "_latest_artifact_path": "wandb-client-artifact://c8lj951yipdhgww4mrmlhyikot5wrkmdaqe9cshus11u8n6rema33y49z6hd1vvnzl4xekbdnznnl59lqgtj3av73x4klu203uqe4cjt4woskzseylzqdhbwraptktc4:latest/confusion_matrix_table.table.json", "path": "media/table/confusion_matrix_table_29_f0735e3dc8bc3c8e0f6c.table.json", "ncols": 3, "nrows": 100}, "_wandb": {"runtime": 260}}