{"Epoch ": 14, "Training loss ": 0.1621938497343025, "Training accuracy ": 0.8901481481481481, "Validation loss ": 0.18451639397218503, "Validation accuracy ": 0.8716666666666667, "Testing loss ": 0.19574500666568115, "Testing accuracy ": 0.8638, "_timestamp": 1709310916.3287463, "_runtime": 34.69387936592102, "_step": 29, "confusion_matrix_table": {"_type": "table-file", "sha256": "2033fb4b7c7795e1a1948048969288108044fd7e19c7de53be9b8684a1877140", "size": 3175, "artifact_path": "wandb-client-artifact://o9a85xiykbkw3cmvoj619vsw71jvum8gqrxzgf83eoyqyop3wbgnfmo6798u89njm8r00k2bmbr49b1t3n5c9mv2ov7r3hhejfcmma1ikia4afuuw7xp1mvtl2ob4e9e:latest/confusion_matrix_table.table.json", "_latest_artifact_path": "wandb-client-artifact://o9a85xiykbkw3cmvoj619vsw71jvum8gqrxzgf83eoyqyop3wbgnfmo6798u89njm8r00k2bmbr49b1t3n5c9mv2ov7r3hhejfcmma1ikia4afuuw7xp1mvtl2ob4e9e:latest/confusion_matrix_table.table.json", "path": "media/table/confusion_matrix_table_29_2033fb4b7c7795e1a194.table.json", "ncols": 3, "nrows": 100}, "_wandb": {"runtime": 33}}