{"Epoch ": 19, "Training loss ": 0.48143432082665377, "Training accuracy ": 0.8348518518518518, "Validation loss ": 0.4798094974444081, "Validation accuracy ": 0.8286666666666667, "Testing loss ": 0.5074658206210712, "Testing accuracy ": 0.8235, "_timestamp": 1709129132.9342594, "_runtime": 61.80668044090271, "_step": 39, "confusion_matrix_table": {"_type": "table-file", "sha256": "0dd1bb590878218fe197bf7d9649e5220008ed19f71dfb07a9e12f1f68f4882a", "size": 3178, "artifact_path": "wandb-client-artifact://wplepl2ejzjeolisisfu2veh6msm6o97da6oj2u18yszgp955y9e8wm5rq5hdvgkbnvq6hu0fuonylslka7l6508tfb8q0l35txgsokosqvsvccdtydivwc1gzsr4gzm:latest/confusion_matrix_table.table.json", "_latest_artifact_path": "wandb-client-artifact://wplepl2ejzjeolisisfu2veh6msm6o97da6oj2u18yszgp955y9e8wm5rq5hdvgkbnvq6hu0fuonylslka7l6508tfb8q0l35txgsokosqvsvccdtydivwc1gzsr4gzm:latest/confusion_matrix_table.table.json", "path": "media/table/confusion_matrix_table_39_0dd1bb590878218fe197.table.json", "ncols": 3, "nrows": 100}, "_wandb": {"runtime": 61}}