{"Epoch ": 9, "Training loss ": 0.90000006791286, "Training accuracy ": 0.1, "Validation loss ": 0.9000000679128602, "Validation accuracy ": 0.1, "Testing loss ": 0.9000000679128604, "Testing accuracy ": 0.1, "_timestamp": 1709313645.2573159, "_runtime": 16.403503894805908, "_step": 19, "confusion_matrix_table": {"_type": "table-file", "sha256": "6d7d5406d471dcaa7392abe06d312f6ff2245b40eb9127b1a192fa52803c93f3", "size": 3152, "artifact_path": "wandb-client-artifact://xwfzuua8neyh1f9a9bqu405sja623cwunimvougvo6fmb9ltczgo949qdp173y4qc1de3440icojw3q0wcm2m2fliqxhl4v456ja91kp3c2z54vcfopexf8a7b3qfpik:latest/confusion_matrix_table.table.json", "_latest_artifact_path": "wandb-client-artifact://xwfzuua8neyh1f9a9bqu405sja623cwunimvougvo6fmb9ltczgo949qdp173y4qc1de3440icojw3q0wcm2m2fliqxhl4v456ja91kp3c2z54vcfopexf8a7b3qfpik:latest/confusion_matrix_table.table.json", "path": "media/table/confusion_matrix_table_19_6d7d5406d471dcaa7392.table.json", "ncols": 3, "nrows": 100}, "_wandb": {"runtime": 15}}