{"Epoch ": 29, "Training loss ": 0.26469108773087296, "Training accuracy ": 0.9047037037037037, "Validation loss ": 0.38355554806652725, "Validation accuracy ": 0.8725, "Testing loss ": 0.39565598600537316, "Testing accuracy ": 0.8672, "_timestamp": 1709127784.5560987, "_runtime": 183.1480176448822, "_step": 59, "confusion_matrix_table": {"_type": "table-file", "sha256": "1a6301da77d2991606f08a8cb6372e702b189a56bb99e3b58eb3efe97ca39921", "size": 3171, "artifact_path": "wandb-client-artifact://1rkpnbkoj7osif8rfbkwo2ay15u58uzhtq8l3zpgjpa86opw5wy9lg6axtcapepittr8pwufc21m8a0aozl8k63te4lapqjqrh7sc8mv92bqd0qhlj04iy0f2ig867uc:latest/confusion_matrix_table.table.json", "_latest_artifact_path": "wandb-client-artifact://1rkpnbkoj7osif8rfbkwo2ay15u58uzhtq8l3zpgjpa86opw5wy9lg6axtcapepittr8pwufc21m8a0aozl8k63te4lapqjqrh7sc8mv92bqd0qhlj04iy0f2ig867uc:latest/confusion_matrix_table.table.json", "path": "media/table/confusion_matrix_table_59_1a6301da77d2991606f0.table.json", "ncols": 3, "nrows": 100}, "_wandb": {"runtime": 182}}