{"Epoch ": 9, "Training loss ": 2.302578693934055, "Training accuracy ": 0.1, "Validation loss ": 2.302578682307613, "Validation accuracy ": 0.1, "Testing loss ": 2.30257869114313, "Testing accuracy ": 0.1, "_timestamp": 1709095419.2501917, "_runtime": 27.47550368309021, "_step": 9, "_wandb": {"runtime": 26}}