{"Epoch ": 14, "Training loss ": 0.30343674260825926, "Training accuracy ": 0.8917407407407407, "Validation loss ": 0.3327854940087906, "Validation accuracy ": 0.8773333333333333, "Testing loss ": 0.3634431759404851, "Testing accuracy ": 0.8717, "_timestamp": 1709635109.6149032, "_runtime": 240.61368227005005, "_step": 29, "confusion_matrix_table": {"_type": "table-file", "sha256": "c186c9763c52d55a66744a544a07a33e09354133ae2ecbf8e8c4b31fc69f289b", "size": 3171, "artifact_path": "wandb-client-artifact://4ta29pu15w4ivlq6vtbylip2psc6cythdvw8xvmk2hiuvlvy9nl7as1xx4lmybmkrgirhy9u3wvwpw1laqphyt5ci2yq3zna5grajgpd327on4tzn9thptrpvgxk88h2:latest/confusion_matrix_table.table.json", "_latest_artifact_path": "wandb-client-artifact://4ta29pu15w4ivlq6vtbylip2psc6cythdvw8xvmk2hiuvlvy9nl7as1xx4lmybmkrgirhy9u3wvwpw1laqphyt5ci2yq3zna5grajgpd327on4tzn9thptrpvgxk88h2:latest/confusion_matrix_table.table.json", "path": "media/table/confusion_matrix_table_29_c186c9763c52d55a6674.table.json", "ncols": 3, "nrows": 100}, "_wandb": {"runtime": 239}}