{"Epoch ": 19, "Training loss ": 0.15158269297734497, "Training accuracy ": 0.8963333333333333, "Validation loss ": 0.19368134482118157, "Validation accuracy ": 0.8698333333333333, "Testing loss ": 0.20313160856020546, "Testing accuracy ": 0.865, "_timestamp": 1709582091.559297, "_runtime": 57.45090913772583, "_step": 39, "confusion_matrix_table": {"_type": "table-file", "sha256": "804d12b0a30a7d49bdc5872de679f607e57d487c669a5ffa6425ff79bc9eda4c", "size": 3173, "artifact_path": "wandb-client-artifact://29qd6w84xqgq61ynglkld9xnzms1lzxpnn50ai5rf83ae9pjgen2wpj9qnowhn31rzf9o96sobvoehm1uoumgly0j7bp5mq5mcgg2bgzja4hma7dso2rrmpg8ot1wu5v:latest/confusion_matrix_table.table.json", "_latest_artifact_path": "wandb-client-artifact://29qd6w84xqgq61ynglkld9xnzms1lzxpnn50ai5rf83ae9pjgen2wpj9qnowhn31rzf9o96sobvoehm1uoumgly0j7bp5mq5mcgg2bgzja4hma7dso2rrmpg8ot1wu5v:latest/confusion_matrix_table.table.json", "path": "media/table/confusion_matrix_table_39_804d12b0a30a7d49bdc5.table.json", "ncols": 3, "nrows": 100}, "_wandb": {"runtime": 56}}