{"Epoch ": 14, "Training loss ": 0.22381613249112076, "Training accuracy ": 0.9175185185185185, "Validation loss ": 0.3148058867245463, "Validation accuracy ": 0.8928333333333334, "Testing loss ": 0.33755957037389683, "Testing accuracy ": 0.8827, "_timestamp": 1709480813.4125588, "_runtime": 203.70899868011475, "_step": 29, "confusion_matrix_table": {"_type": "table-file", "sha256": "dca50830d4d8da850be7fd9867f7dabc66268588978a6f22c5921f422170a98c", "size": 3170, "artifact_path": "wandb-client-artifact://nrct9xvbxuxpx0679836c7i2vdetsxcxokvpjhd1foicuhnpzzzzfcoaai4pgz49qlxwau7i5ttjildzwz4h0m34bwz1p7skk1m5in5efm31apw7tk4guurq2bz6zmr4:latest/confusion_matrix_table.table.json", "_latest_artifact_path": "wandb-client-artifact://nrct9xvbxuxpx0679836c7i2vdetsxcxokvpjhd1foicuhnpzzzzfcoaai4pgz49qlxwau7i5ttjildzwz4h0m34bwz1p7skk1m5in5efm31apw7tk4guurq2bz6zmr4:latest/confusion_matrix_table.table.json", "path": "media/table/confusion_matrix_table_29_dca50830d4d8da850be7.table.json", "ncols": 3, "nrows": 100}, "_wandb": {"runtime": 202}}