{"Epoch ": 29, "Training loss ": 0.5343202362572461, "Training accuracy ": 0.815, "Validation loss ": 0.5432079909661622, "Validation accuracy ": 0.8111666666666667, "Testing loss ": 0.5583043150506322, "Testing accuracy ": 0.803, "_timestamp": 1709127293.552854, "_runtime": 62.356565952301025, "_step": 59, "confusion_matrix_table": {"_type": "table-file", "sha256": "8d1e38301b6ada4b11ad8b2acbba1194262186998619733eeb7faa8f651f95ed", "size": 3179, "artifact_path": "wandb-client-artifact://9wsuw1021r646joe7u5n708z7s8qtyvhz6begpndcv8br9gqrymvq9jx3fkiggffkc33ewxcsvdyon59ngo9u1njkc0j9oc0knvi1po6nisn28ghp4x47xtwpjszoysw:latest/confusion_matrix_table.table.json", "_latest_artifact_path": "wandb-client-artifact://9wsuw1021r646joe7u5n708z7s8qtyvhz6begpndcv8br9gqrymvq9jx3fkiggffkc33ewxcsvdyon59ngo9u1njkc0j9oc0knvi1po6nisn28ghp4x47xtwpjszoysw:latest/confusion_matrix_table.table.json", "path": "media/table/confusion_matrix_table_59_8d1e38301b6ada4b11ad.table.json", "ncols": 3, "nrows": 100}, "_wandb": {"runtime": 61}}