{"Epoch ": 4, "Training loss ": 1.1984869958760207, "Training accuracy ": 0.6449074074074074, "Validation loss ": 1.2010720049437622, "Validation accuracy ": 0.6478333333333334, "Testing loss ": 1.2143092615023408, "Testing accuracy ": 0.6297, "_timestamp": 1709311624.052139, "_runtime": 22.439913988113403, "_step": 9, "confusion_matrix_table": {"_type": "table-file", "sha256": "296896b22d99ac66fa28fd3399e65971825b5c304962e58ce74a31bb73a61af9", "size": 3190, "artifact_path": "wandb-client-artifact://vaaaosq4xke176d7t7b2y4qqqp6f9gfocx5il35wyfxlrq7d9wd3d724n78et6udcpd02mxzerckyvmd4ernnftjnzu9s5se7ux4b900pzqg17gl2u80f891cz4vszm7:latest/confusion_matrix_table.table.json", "_latest_artifact_path": "wandb-client-artifact://vaaaosq4xke176d7t7b2y4qqqp6f9gfocx5il35wyfxlrq7d9wd3d724n78et6udcpd02mxzerckyvmd4ernnftjnzu9s5se7ux4b900pzqg17gl2u80f891cz4vszm7:latest/confusion_matrix_table.table.json", "path": "media/table/confusion_matrix_table_9_296896b22d99ac66fa28.table.json", "ncols": 3, "nrows": 100}, "_wandb": {"runtime": 21}}