{"Epoch ": 24, "Training loss ": 0.3346846198033447, "Training accuracy ": 0.8804444444444445, "Validation loss ": 0.3528992187938461, "Validation accuracy ": 0.871, "Testing loss ": 0.3866895861377167, "Testing accuracy ": 0.8609, "_timestamp": 1709491227.175927, "_runtime": 392.210067987442, "_step": 49, "confusion_matrix_table": {"_type": "table-file", "sha256": "aa1a8437d16f71a2503028226e76a24534021580e8771584070040f2ae7337cd", "size": 3174, "artifact_path": "wandb-client-artifact://cux1jk64046pchyalxqz5gjzs3btc6qh9qzdctlgmww6jbxvy3ytf73lflw327y2z61h4zf5ordwdwxr29zp2onpigannb9ilxb8089r1s880iistnglf7tylegleqi6:latest/confusion_matrix_table.table.json", "_latest_artifact_path": "wandb-client-artifact://cux1jk64046pchyalxqz5gjzs3btc6qh9qzdctlgmww6jbxvy3ytf73lflw327y2z61h4zf5ordwdwxr29zp2onpigannb9ilxb8089r1s880iistnglf7tylegleqi6:latest/confusion_matrix_table.table.json", "path": "media/table/confusion_matrix_table_49_aa1a8437d16f71a25030.table.json", "ncols": 3, "nrows": 100}, "_wandb": {"runtime": 391}}