{"Epoch ": 24, "Training loss ": 0.14975781074394665, "Training accuracy ": 0.8972222222222223, "Validation loss ": 0.18003290927143348, "Validation accuracy ": 0.8758333333333334, "Testing loss ": 0.19333948788099656, "Testing accuracy ": 0.8646, "_timestamp": 1709145506.1781743, "_runtime": 42.85815715789795, "_step": 49, "confusion_matrix_table": {"_type": "table-file", "sha256": "ed554f23a9c215ab2320ea7bea618df2370dba8b9bf73c3b6561d6169a226266", "size": 3171, "artifact_path": "wandb-client-artifact://7odajxn8a0firuuxyuenzc7qqfujn1ysj4md3r40q619c9kjybxeykrqqhkbaatt7uptert2owhxrp1r5uwjm24002ob2sybiccu1rhp3ynk9vae2gsie6t7tmncq8p6:latest/confusion_matrix_table.table.json", "_latest_artifact_path": "wandb-client-artifact://7odajxn8a0firuuxyuenzc7qqfujn1ysj4md3r40q619c9kjybxeykrqqhkbaatt7uptert2owhxrp1r5uwjm24002ob2sybiccu1rhp3ynk9vae2gsie6t7tmncq8p6:latest/confusion_matrix_table.table.json", "path": "media/table/confusion_matrix_table_49_ed554f23a9c215ab2320.table.json", "ncols": 3, "nrows": 100}, "_wandb": {"runtime": 42}}