{"Epoch ": 9, "Training loss ": 0.17369482411703557, "Training accuracy ": 0.8782962962962962, "Validation loss ": 0.1981914383196616, "Validation accuracy ": 0.8623333333333333, "Testing loss ": 0.2107775127623614, "Testing accuracy ": 0.8554, "_timestamp": 1709142561.5916307, "_runtime": 72.9132068157196, "_step": 19, "confusion_matrix_table": {"_type": "table-file", "sha256": "a7870b1f11111a27e21566cb45dcb7ba3c3162b4e50c0ee52604472b6eb584bf", "size": 3172, "artifact_path": "wandb-client-artifact://rr7qzbvh7mx4c7o2vvjp4le770onhjflumjnqld1uttcv82mpac10tod0gbz23scypui18gcbpdb21bf6ix0dvp6ehjuq7vm09fl7pyjzxvfd195thyq5qane68q5wyj:latest/confusion_matrix_table.table.json", "_latest_artifact_path": "wandb-client-artifact://rr7qzbvh7mx4c7o2vvjp4le770onhjflumjnqld1uttcv82mpac10tod0gbz23scypui18gcbpdb21bf6ix0dvp6ehjuq7vm09fl7pyjzxvfd195thyq5qane68q5wyj:latest/confusion_matrix_table.table.json", "path": "media/table/confusion_matrix_table_19_a7870b1f11111a27e215.table.json", "ncols": 3, "nrows": 100}, "_wandb": {"runtime": 72}}