{"Epoch ": 29, "Training loss ": 0.2104094934363167, "Training accuracy ": 0.8606111111111111, "Validation loss ": 0.2266005629422615, "Validation accuracy ": 0.8453333333333334, "Testing loss ": 0.2386071296283973, "Testing accuracy ": 0.8383, "_timestamp": 1709185697.0946164, "_runtime": 42.034077405929565, "_step": 59, "confusion_matrix_table": {"_type": "table-file", "sha256": "fc684c3e7ee47a03e68c299864e585dd61534c53f5e431ce9115ef6cdb58eb04", "size": 3175, "artifact_path": "wandb-client-artifact://fqnc9hno4sghpp3naddecdw75837hzsjhbcdh5nryk8zltq3riztfgnklms3gyq68rth9er0t5nyamoig871k7d8r0hcy4g2kbceoeyrfmy7494j7egulguijb9mfwwo:latest/confusion_matrix_table.table.json", "_latest_artifact_path": "wandb-client-artifact://fqnc9hno4sghpp3naddecdw75837hzsjhbcdh5nryk8zltq3riztfgnklms3gyq68rth9er0t5nyamoig871k7d8r0hcy4g2kbceoeyrfmy7494j7egulguijb9mfwwo:latest/confusion_matrix_table.table.json", "path": "media/table/confusion_matrix_table_59_fc684c3e7ee47a03e68c.table.json", "ncols": 3, "nrows": 100}, "_wandb": {"runtime": 41}}