{"Epoch ": 14, "Training loss ": 0.2876231674360365, "Training accuracy ": 0.8960925925925926, "Validation loss ": 0.3363911524613229, "Validation accuracy ": 0.8821666666666667, "Testing loss ": 0.35642801752271536, "Testing accuracy ": 0.8716, "_timestamp": 1709446205.9431589, "_runtime": 83.44237780570984, "_step": 29, "confusion_matrix_table": {"_type": "table-file", "sha256": "77c629ea9782ecb022ef29c38f4c7bdae6f5a0df86362a6fe3f1c12e46fb774b", "size": 3170, "artifact_path": "wandb-client-artifact://9ccxqtskgyrw9bfu3atrlb1bdadj1cgk6woy4svphavl1nm0xfd0pmg1lnphgtn76300qqzncrjv0z7xqwutjeau2efa7u9lx0u9ln0vuru10z8ic47ol64a51vm4212:latest/confusion_matrix_table.table.json", "_latest_artifact_path": "wandb-client-artifact://9ccxqtskgyrw9bfu3atrlb1bdadj1cgk6woy4svphavl1nm0xfd0pmg1lnphgtn76300qqzncrjv0z7xqwutjeau2efa7u9lx0u9ln0vuru10z8ic47ol64a51vm4212:latest/confusion_matrix_table.table.json", "path": "media/table/confusion_matrix_table_29_77c629ea9782ecb022ef.table.json", "ncols": 3, "nrows": 100}, "_wandb": {"runtime": 82}}