{"Epoch ": 4, "Training loss ": 0.0840975991966603, "Training accuracy ": 0.9777037037037037, "Validation loss ": 0.12314384502552903, "Validation accuracy ": 0.9638333333333333, "Testing loss ": 0.1093856694223776, "Testing accuracy ": 0.9666, "_timestamp": 1709493772.1294067, "_runtime": 27.968984603881836, "_step": 9, "confusion_matrix_table": {"_type": "table-file", "sha256": "2f0e85f0c6796bdafdcf5330969365f180837ddf037ffff2172e03b917f2cb5d", "size": 3152, "artifact_path": "wandb-client-artifact://zydz7di69wap83bxi5z68bayoj09qvfne3t3d79prg8sgk4grxejkck2omb1wkut925zq1o433iru899ck8y6wrcz25qbaou58ktmiy6bu1l3nynonaj3mka71bkvlsv:latest/confusion_matrix_table.table.json", "_latest_artifact_path": "wandb-client-artifact://zydz7di69wap83bxi5z68bayoj09qvfne3t3d79prg8sgk4grxejkck2omb1wkut925zq1o433iru899ck8y6wrcz25qbaou58ktmiy6bu1l3nynonaj3mka71bkvlsv:latest/confusion_matrix_table.table.json", "path": "media/table/confusion_matrix_table_9_2f0e85f0c6796bdafdcf.table.json", "ncols": 3, "nrows": 100}, "_wandb": {"runtime": 27}}