{"Epoch ": 9, "Training loss ": 0.3319391841147463, "Training accuracy ": 0.8832777777777778, "Validation loss ": 0.3499523608692855, "Validation accuracy ": 0.8741666666666666, "Testing loss ": 0.3820997074401164, "Testing accuracy ": 0.8639, "_timestamp": 1709490066.8243253, "_runtime": 370.2354483604431, "_step": 19, "confusion_matrix_table": {"_type": "table-file", "sha256": "1568a31b5f33378ecf105b8c42470f18ea94c01e9e86d29c1b7730e1faa4bc9a", "size": 3173, "artifact_path": "wandb-client-artifact://tt0vfrn4r4fp4x9br8lmbsmbme7c9dh9tral8cgfexgqlo990rmb2fo1gib8f2y9ia01x7q48thrnlernc8upgewteh0d8hyelly7eqrz7wuyzafkopfoovkxuatcgka:latest/confusion_matrix_table.table.json", "_latest_artifact_path": "wandb-client-artifact://tt0vfrn4r4fp4x9br8lmbsmbme7c9dh9tral8cgfexgqlo990rmb2fo1gib8f2y9ia01x7q48thrnlernc8upgewteh0d8hyelly7eqrz7wuyzafkopfoovkxuatcgka:latest/confusion_matrix_table.table.json", "path": "media/table/confusion_matrix_table_19_1568a31b5f33378ecf10.table.json", "ncols": 3, "nrows": 100}, "_wandb": {"runtime": 369}}