{"Epoch ": 4, "Training loss ": 0.47135211290933565, "Training accuracy ": 0.8395185185185186, "Validation loss ": 0.4772280070888027, "Validation accuracy ": 0.8376666666666667, "Testing loss ": 0.5049279704726328, "Testing accuracy ": 0.825, "_timestamp": 1709403011.5665383, "_runtime": 31.65471124649048, "_step": 9, "confusion_matrix_table": {"_type": "table-file", "sha256": "0898844ef0bf64e0eec64ca2cd4950a697044bb4c7d2d94dad539903a26166b0", "size": 3178, "artifact_path": "wandb-client-artifact://8pvc0jwmohdu7v9day1ze640ne81e66w635q8yw8f4uqagz66zie7oi16tjqtzskd1pkku4fyvf804ifuusvbxr8gly0lw1cbs9liddvznmzfbhgdpcv9gr7015sqa6t:latest/confusion_matrix_table.table.json", "_latest_artifact_path": "wandb-client-artifact://8pvc0jwmohdu7v9day1ze640ne81e66w635q8yw8f4uqagz66zie7oi16tjqtzskd1pkku4fyvf804ifuusvbxr8gly0lw1cbs9liddvznmzfbhgdpcv9gr7015sqa6t:latest/confusion_matrix_table.table.json", "path": "media/table/confusion_matrix_table_9_0898844ef0bf64e0eec6.table.json", "ncols": 3, "nrows": 100}, "_wandb": {"runtime": 30}}