{"Epoch ": 4, "Training loss ": 0.31020416042417215, "Training accuracy ": 0.7897037037037037, "Validation loss ": 0.3101070041989271, "Validation accuracy ": 0.7888333333333334, "Testing loss ": 0.32551863898045763, "Testing accuracy ": 0.7787, "_timestamp": 1709399538.90981, "_runtime": 18.849130153656006, "_step": 9, "confusion_matrix_table": {"_type": "table-file", "sha256": "dece89d0688f263d6d618d15ba7628cbe79ce15fb31d3df1f97d2425c05e0ff6", "size": 3176, "artifact_path": "wandb-client-artifact://u644omaambw7rkkqgr214eo6uc7mh6fay0hzk0klhm38yhtyx8gm6gmkzugsqcoi42wwpv68d1q0vplu4b6m3pl83d4ttlx87wu1tg2j2z4f5nj4ukh2sdxhbbfp9nkx:latest/confusion_matrix_table.table.json", "_latest_artifact_path": "wandb-client-artifact://u644omaambw7rkkqgr214eo6uc7mh6fay0hzk0klhm38yhtyx8gm6gmkzugsqcoi42wwpv68d1q0vplu4b6m3pl83d4ttlx87wu1tg2j2z4f5nj4ukh2sdxhbbfp9nkx:latest/confusion_matrix_table.table.json", "path": "media/table/confusion_matrix_table_9_dece89d0688f263d6d61.table.json", "ncols": 3, "nrows": 100}, "_wandb": {"runtime": 18}}