{"Epoch ": 4, "Training loss ": 0.4690907869705078, "Training accuracy ": 0.6529814814814815, "Validation loss ": 0.4676538319261064, "Validation accuracy ": 0.6526666666666666, "Testing loss ": 0.47703374770605445, "Testing accuracy ": 0.6456, "_timestamp": 1709147963.2446716, "_runtime": 16.201200485229492, "_step": 9, "confusion_matrix_table": {"_type": "table-file", "sha256": "287108c8fe002f0c59f94f87434ec7c4aa609a614be2000df1c203174756d30a", "size": 3186, "artifact_path": "wandb-client-artifact://qsewvj5m3xfxzem6p29wogtmolvqb8d1yz2de71m58yq0mfdmemzv2dwhy8rapx2h97ocjpuxnhlrz33o2lenelqrr54eaokc3o0fgvvog0mbms5latzvvl6losmlnba:latest/confusion_matrix_table.table.json", "_latest_artifact_path": "wandb-client-artifact://qsewvj5m3xfxzem6p29wogtmolvqb8d1yz2de71m58yq0mfdmemzv2dwhy8rapx2h97ocjpuxnhlrz33o2lenelqrr54eaokc3o0fgvvog0mbms5latzvvl6losmlnba:latest/confusion_matrix_table.table.json", "path": "media/table/confusion_matrix_table_9_287108c8fe002f0c59f9.table.json", "ncols": 3, "nrows": 100}, "_wandb": {"runtime": 15}}