{"Epoch ": 19, "Training loss ": 0.8632056648063389, "Training accuracy ": 0.7069074074074074, "Validation loss ": 0.8664928431678774, "Validation accuracy ": 0.6993333333333334, "Testing loss ": 0.9003881471440065, "Testing accuracy ": 0.6952, "_timestamp": 1709135142.3374696, "_runtime": 158.5466766357422, "_step": 39, "confusion_matrix_table": {"_type": "table-file", "sha256": "9e8e1099d3767361b3ee28792bb9c642ddb0b9899511f0317fba2a3fe5b811db", "size": 3165, "artifact_path": "wandb-client-artifact://icu1vp9nxmsnuipezfwiyrqwkpmdbt5u15acepbva3yvecj558g9lx2wgv0lrkkc83y4j95v7p9fdt34qaxgb5e2u4sr7oo0z23oo9zw8ir1p6w59z4j3s7adu2lt7fb:latest/confusion_matrix_table.table.json", "_latest_artifact_path": "wandb-client-artifact://icu1vp9nxmsnuipezfwiyrqwkpmdbt5u15acepbva3yvecj558g9lx2wgv0lrkkc83y4j95v7p9fdt34qaxgb5e2u4sr7oo0z23oo9zw8ir1p6w59z4j3s7adu2lt7fb:latest/confusion_matrix_table.table.json", "path": "media/table/confusion_matrix_table_39_9e8e1099d3767361b3ee.table.json", "ncols": 3, "nrows": 100}, "_wandb": {"runtime": 157}}