{"Epoch ": 9, "Training loss ": 0.22868231409767317, "Training accuracy ": 0.9167777777777778, "Validation loss ": 0.34247376998114465, "Validation accuracy ": 0.8815, "Testing loss ": 0.36449507638520334, "Testing accuracy ": 0.8761, "_timestamp": 1709482166.962548, "_runtime": 258.69415307044983, "_step": 19, "confusion_matrix_table": {"_type": "table-file", "sha256": "49cf2c0b6482f678a0515c8d101f1654b1329e795f107802525546a17e4c4168", "size": 3171, "artifact_path": "wandb-client-artifact://tilhs2gxa7x53wjb1itgzhlfhibx0q4lp3ut9gic7guygbdi2p0w9crx1gbfv3gict0143a775kfehed8t87qq79w3nko1m6n61cyaq2se2if2k8v9yi1yvsdgrudx8r:latest/confusion_matrix_table.table.json", "_latest_artifact_path": "wandb-client-artifact://tilhs2gxa7x53wjb1itgzhlfhibx0q4lp3ut9gic7guygbdi2p0w9crx1gbfv3gict0143a775kfehed8t87qq79w3nko1m6n61cyaq2se2if2k8v9yi1yvsdgrudx8r:latest/confusion_matrix_table.table.json", "path": "media/table/confusion_matrix_table_19_49cf2c0b6482f678a051.table.json", "ncols": 3, "nrows": 100}, "_wandb": {"runtime": 257}}