{"Epoch ": 14, "Training loss ": 0.297828902773303, "Training accuracy ": 0.8920555555555556, "Validation loss ": 0.368103912513638, "Validation accuracy ": 0.8703333333333333, "Testing loss ": 0.39801116302982986, "Testing accuracy ": 0.8607, "_timestamp": 1709129982.0590448, "_runtime": 102.55017185211182, "_step": 29, "confusion_matrix_table": {"_type": "table-file", "sha256": "5937fb49266a209f36f734ae070ecab5a130dff1c7f1a436c563ab74355f6963", "size": 3173, "artifact_path": "wandb-client-artifact://l92w8u45x4yk1mscsk8m418agg2g0tjrr5lv3cyva2cqv4ql2mai6in4nucexhwigp4nolade62xinj1wl66krl04i3hebqbsntu188rj2prtg94b959degtpa9mzfye:latest/confusion_matrix_table.table.json", "_latest_artifact_path": "wandb-client-artifact://l92w8u45x4yk1mscsk8m418agg2g0tjrr5lv3cyva2cqv4ql2mai6in4nucexhwigp4nolade62xinj1wl66krl04i3hebqbsntu188rj2prtg94b959degtpa9mzfye:latest/confusion_matrix_table.table.json", "path": "media/table/confusion_matrix_table_29_5937fb49266a209f36f7.table.json", "ncols": 3, "nrows": 100}, "_wandb": {"runtime": 101}}