{"Epoch ": 24, "Training loss ": 0.054391596334625224, "Training accuracy ": 0.9652592592592593, "Validation loss ": 0.08792504038887979, "Validation accuracy ": 0.9421666666666667, "Testing loss ": 0.08382976774743307, "Testing accuracy ": 0.946, "_timestamp": 1709534345.818705, "_runtime": 56.209223985672, "_step": 49, "confusion_matrix_table": {"_type": "table-file", "sha256": "ee328e0a6515de264efa93669531bfa27fda719446843ee4948053716c79cb2e", "size": 3165, "artifact_path": "wandb-client-artifact://887c17j9im6l79nvli59tcjtgjkzdu0tf40v2zcpn179omwgjq9wtteds3t4riosolzmcspevjq78xf6qouynbgqjib9i8dubzbye1jlfn4h515clbm1t6cwdqbyqbvb:latest/confusion_matrix_table.table.json", "_latest_artifact_path": "wandb-client-artifact://887c17j9im6l79nvli59tcjtgjkzdu0tf40v2zcpn179omwgjq9wtteds3t4riosolzmcspevjq78xf6qouynbgqjib9i8dubzbye1jlfn4h515clbm1t6cwdqbyqbvb:latest/confusion_matrix_table.table.json", "path": "media/table/confusion_matrix_table_49_ee328e0a6515de264efa.table.json", "ncols": 3, "nrows": 100}, "_wandb": {"runtime": 55}}