{"Epoch ": 29, "Training loss ": 0.3235890974729913, "Training accuracy ": 0.797074074074074, "Validation loss ": 0.32484219750653637, "Validation accuracy ": 0.7966666666666666, "Testing loss ": 0.3342378001885913, "Testing accuracy ": 0.7829, "_timestamp": 1709310870.8397226, "_runtime": 90.2516577243805, "_step": 59, "confusion_matrix_table": {"_type": "table-file", "sha256": "ead7e25e21d78835d9be02483d92eb709c323a71c02ba04659852f5773dd6daa", "size": 3182, "artifact_path": "wandb-client-artifact://6pv1uwuulp44l4h3s4d8fpf9ap2ms2bvy9v9p2o2wk7os45iqxzgpnhilqrr1qisixn7xr6350a2roquy7mzeo8fsqarprtsriwxiycfd6o4hvfst8uxbjlbfnopz99a:latest/confusion_matrix_table.table.json", "_latest_artifact_path": "wandb-client-artifact://6pv1uwuulp44l4h3s4d8fpf9ap2ms2bvy9v9p2o2wk7os45iqxzgpnhilqrr1qisixn7xr6350a2roquy7mzeo8fsqarprtsriwxiycfd6o4hvfst8uxbjlbfnopz99a:latest/confusion_matrix_table.table.json", "path": "media/table/confusion_matrix_table_59_ead7e25e21d78835d9be.table.json", "ncols": 3, "nrows": 100}, "_wandb": {"runtime": 89}}