{"Epoch ": 19, "Training loss ": 0.1592834337819937, "Training accuracy ": 0.8870925925925925, "Validation loss ": 0.1894676361129298, "Validation accuracy ": 0.8738333333333334, "Testing loss ": 0.20576715976421536, "Testing accuracy ": 0.8586, "_timestamp": 1709559832.1274898, "_runtime": 121.91377973556519, "_step": 39, "confusion_matrix_table": {"_type": "table-file", "sha256": "d856798a1ca9674bc9c1bf7fb5a42fd629e723c8fed650d310a510983a7d5929", "size": 3175, "artifact_path": "wandb-client-artifact://y11wdd9ro7lt9t5zobjyg6b6xvx1uivedvu26i2uq09alu4qfyxgmdic5l7hz8ad15mkhnr0zbsd6eioh9t3arwtpa6vt1jpvbptmir4smk6d0qcoldwque444qxn9f1:latest/confusion_matrix_table.table.json", "_latest_artifact_path": "wandb-client-artifact://y11wdd9ro7lt9t5zobjyg6b6xvx1uivedvu26i2uq09alu4qfyxgmdic5l7hz8ad15mkhnr0zbsd6eioh9t3arwtpa6vt1jpvbptmir4smk6d0qcoldwque444qxn9f1:latest/confusion_matrix_table.table.json", "path": "media/table/confusion_matrix_table_39_d856798a1ca9674bc9c1.table.json", "ncols": 3, "nrows": 100}, "_wandb": {"runtime": 116}}