{"Epoch ": 19, "Training loss ": 0.18102797656264724, "Training accuracy ": 0.8727962962962963, "Validation loss ": 0.2105082867117621, "Validation accuracy ": 0.8538333333333333, "Testing loss ": 0.2125398529872482, "Testing accuracy ": 0.8505, "_timestamp": 1709567391.8476791, "_runtime": 97.42589402198792, "_step": 39, "confusion_matrix_table": {"_type": "table-file", "sha256": "0585b363ce714dfb3bb35aefad2f96354e8d389a3268791cd3c6789098a38de0", "size": 3176, "artifact_path": "wandb-client-artifact://gevvetcyb0emf8f22wenbvaviq6ktqfl48ekppm921t1cxihonchm5dgerkfw8ia7pv1meya148g48dmowlem4q619j2vu3z0v8qgis2sfysenl289m3xdc53usinxmo:latest/confusion_matrix_table.table.json", "_latest_artifact_path": "wandb-client-artifact://gevvetcyb0emf8f22wenbvaviq6ktqfl48ekppm921t1cxihonchm5dgerkfw8ia7pv1meya148g48dmowlem4q619j2vu3z0v8qgis2sfysenl289m3xdc53usinxmo:latest/confusion_matrix_table.table.json", "path": "media/table/confusion_matrix_table_39_0585b363ce714dfb3bb3.table.json", "ncols": 3, "nrows": 100}, "_wandb": {"runtime": 96}}