{"Epoch ": 14, "Training loss ": 0.44466639712748557, "Training accuracy ": 0.8432222222222222, "Validation loss ": 0.4600485496973335, "Validation accuracy ": 0.8378333333333333, "Testing loss ": 0.47750711101589105, "Testing accuracy ": 0.8294, "_timestamp": 1709626657.0282702, "_runtime": 194.29052114486694, "_step": 29, "confusion_matrix_table": {"_type": "table-file", "sha256": "b4ae57831cd256cbb81434f989f0805255d34760aeca0b962b91f6e8d83f5a3d", "size": 3179, "artifact_path": "wandb-client-artifact://y139aoiw8sjp90syqye15t1bm550u2vm3hcqiqa70rufs7xpuzgl4yeshp9nzop7vc7pr4ubgmfbecwytq3i2j4xaa7izthv5jlogq00ibzv9scpbrxz1uk6y62olbzz:latest/confusion_matrix_table.table.json", "_latest_artifact_path": "wandb-client-artifact://y139aoiw8sjp90syqye15t1bm550u2vm3hcqiqa70rufs7xpuzgl4yeshp9nzop7vc7pr4ubgmfbecwytq3i2j4xaa7izthv5jlogq00ibzv9scpbrxz1uk6y62olbzz:latest/confusion_matrix_table.table.json", "path": "media/table/confusion_matrix_table_29_b4ae57831cd256cbb814.table.json", "ncols": 3, "nrows": 100}, "_wandb": {"runtime": 193}}