{"Epoch ": 14, "Training loss ": 0.6109568978963371, "Training accuracy ": 0.6712407407407407, "Validation loss ": 0.6113172482128577, "Validation accuracy ": 0.675, "Testing loss ": 0.6157534346126391, "Testing accuracy ": 0.6551, "_timestamp": 1709525964.4363732, "_runtime": 62.79919719696045, "_step": 29, "confusion_matrix_table": {"_type": "table-file", "sha256": "4a22dd8710ea779f290e75b91d79d83f050f5ad73b553684b364f845ace6fc22", "size": 3186, "artifact_path": "wandb-client-artifact://hnv1atopo2y49ptogk67upju17pvli2hkz97ku5iin0hdonigs9d6988x1g98mhyvstg2zaeeq7k3gljuk1rwm9ohpw07mgxg6119ngsjlyqt61hn8g640pn1zjc3wy1:latest/confusion_matrix_table.table.json", "_latest_artifact_path": "wandb-client-artifact://hnv1atopo2y49ptogk67upju17pvli2hkz97ku5iin0hdonigs9d6988x1g98mhyvstg2zaeeq7k3gljuk1rwm9ohpw07mgxg6119ngsjlyqt61hn8g640pn1zjc3wy1:latest/confusion_matrix_table.table.json", "path": "media/table/confusion_matrix_table_29_4a22dd8710ea779f290e.table.json", "ncols": 3, "nrows": 100}, "_wandb": {"runtime": 62}}