{"Epoch ": 24, "Training loss ": 0.1355805635246189, "Training accuracy ": 0.9080370370370371, "Validation loss ": 0.1715539385583247, "Validation accuracy ": 0.8825, "Testing loss ": 0.18212812825537988, "Testing accuracy ": 0.8733, "_timestamp": 1709577039.504091, "_runtime": 88.43170595169067, "_step": 49, "confusion_matrix_table": {"_type": "table-file", "sha256": "4a0fb4af6b5a9c2677085d20d340fcfc0df8e398b5fcc9ec84ec007bbeea63a5", "size": 3171, "artifact_path": "wandb-client-artifact://gup2tjs8ufmcidukxmo2xg5kbaeypbu97257n2frs1lzm11be5toeq96m05z2yaiy7fp9kibks0cjj0p6va96n44o54hiegb4omlmgostwahso0ix0mchv6cz6su0mwe:latest/confusion_matrix_table.table.json", "_latest_artifact_path": "wandb-client-artifact://gup2tjs8ufmcidukxmo2xg5kbaeypbu97257n2frs1lzm11be5toeq96m05z2yaiy7fp9kibks0cjj0p6va96n44o54hiegb4omlmgostwahso0ix0mchv6cz6su0mwe:latest/confusion_matrix_table.table.json", "path": "media/table/confusion_matrix_table_49_4a0fb4af6b5a9c267708.table.json", "ncols": 3, "nrows": 100}, "_wandb": {"runtime": 87}}