{"Epoch ": 29, "Training loss ": 0.18248439684686535, "Training accuracy ": 0.8743333333333333, "Validation loss ": 0.1903314393534181, "Validation accuracy ": 0.8693333333333333, "Testing loss ": 0.20640816932015119, "Testing accuracy ": 0.8552, "_timestamp": 1709569713.5192401, "_runtime": 133.2495460510254, "_step": 59, "confusion_matrix_table": {"_type": "table-file", "sha256": "6b08be7b26de5d3cb7303e3db9cf6a5b1fd3836fa99bb47cca60a5637a9244a3", "size": 3173, "artifact_path": "wandb-client-artifact://xbkqtqev34het7rd3371s1qhiu3ctz8156ndbvffu56gi9zhju7wz18ywkofwb0zr6x21n2hbuqjw1n500uovpxyuif8ulpibsg211z608mb7pa4ftg7lagy91dbz9p5:latest/confusion_matrix_table.table.json", "_latest_artifact_path": "wandb-client-artifact://xbkqtqev34het7rd3371s1qhiu3ctz8156ndbvffu56gi9zhju7wz18ywkofwb0zr6x21n2hbuqjw1n500uovpxyuif8ulpibsg211z608mb7pa4ftg7lagy91dbz9p5:latest/confusion_matrix_table.table.json", "path": "media/table/confusion_matrix_table_59_6b08be7b26de5d3cb730.table.json", "ncols": 3, "nrows": 100}, "_wandb": {"runtime": 132}}