{"Epoch ": 24, "Training loss ": 0.3153686614100923, "Training accuracy ": 0.8086666666666666, "Validation loss ": 0.3197472822965716, "Validation accuracy ": 0.8038333333333333, "Testing loss ": 0.3265277613555861, "Testing accuracy ": 0.7968, "_timestamp": 1709149586.8004985, "_runtime": 67.78629636764526, "_step": 49, "confusion_matrix_table": {"_type": "table-file", "sha256": "5342c1ec0393a89c797c9e76d4999ad173e64f5b528037b7f2f1bf7e174c88cd", "size": 3177, "artifact_path": "wandb-client-artifact://yuq1mwkgqnigqbw0sxxua735wmedf9zm9s7aglubq46haraghxq61l1i6axioirv3cg1x4n7hzvftc9j8h0mulal56vflksx8app1evqo862v83eogijur34wws61ccc:latest/confusion_matrix_table.table.json", "_latest_artifact_path": "wandb-client-artifact://yuq1mwkgqnigqbw0sxxua735wmedf9zm9s7aglubq46haraghxq61l1i6axioirv3cg1x4n7hzvftc9j8h0mulal56vflksx8app1evqo862v83eogijur34wws61ccc:latest/confusion_matrix_table.table.json", "path": "media/table/confusion_matrix_table_49_5342c1ec0393a89c797c.table.json", "ncols": 3, "nrows": 100}, "_wandb": {"runtime": 67}}