{"Epoch ": 9, "Training loss ": 0.04631130268890094, "Training accuracy ": 0.9702222222222222, "Validation loss ": 0.057733948457848426, "Validation accuracy ": 0.9621666666666666, "Testing loss ": 0.057438146120425554, "Testing accuracy ": 0.9624, "_timestamp": 1709528027.9913542, "_runtime": 194.9013593196869, "_step": 19, "confusion_matrix_table": {"_type": "table-file", "sha256": "a7e4dfb9363207aa2256e6d9c0df5751121aeb2f462afa257db51afd707a71e0", "size": 3153, "artifact_path": "wandb-client-artifact://rez9lq7enalkl49wt06tnyhe5sq7w25rebzbxp8e477ub18fm3xfvwo3zxue71b8nkxdyahqmnr8i1osndto179la60pxspozkrwawvlthpd6q6to9jfocxjqj3oerpu:latest/confusion_matrix_table.table.json", "_latest_artifact_path": "wandb-client-artifact://rez9lq7enalkl49wt06tnyhe5sq7w25rebzbxp8e477ub18fm3xfvwo3zxue71b8nkxdyahqmnr8i1osndto179la60pxspozkrwawvlthpd6q6to9jfocxjqj3oerpu:latest/confusion_matrix_table.table.json", "path": "media/table/confusion_matrix_table_19_a7e4dfb9363207aa2256.table.json", "ncols": 3, "nrows": 100}, "_wandb": {"runtime": 194}}