{"Epoch ": 9, "Training loss ": 0.3649761891613098, "Training accuracy ": 0.8706111111111111, "Validation loss ": 0.38588654364473285, "Validation accuracy ": 0.8658333333333333, "Testing loss ": 0.4110813757291927, "Testing accuracy ": 0.854, "_timestamp": 1709111711.7011716, "_runtime": 29.321824550628662, "_step": 19, "confusion_matrix_table": {"_type": "table-file", "sha256": "fcd77f4c8453428c1801fc00598f3e1891b00a4bc489dbbfde6db4f5de4538ba", "size": 3173, "artifact_path": "wandb-client-artifact://m0deg3578ik4ja6smubblmrl6nqmulgqioi4ek4biur80l6dcf7e6iflkmxvobvzqf3onl6jcyub3wusbkyazgghdmv6okt0555ouu6dn9z2whitsxve7p5jg7qwbq7o:latest/confusion_matrix_table.table.json", "_latest_artifact_path": "wandb-client-artifact://m0deg3578ik4ja6smubblmrl6nqmulgqioi4ek4biur80l6dcf7e6iflkmxvobvzqf3onl6jcyub3wusbkyazgghdmv6okt0555ouu6dn9z2whitsxve7p5jg7qwbq7o:latest/confusion_matrix_table.table.json", "path": "media/table/confusion_matrix_table_19_fcd77f4c8453428c1801.table.json", "ncols": 3, "nrows": 100}, "_wandb": {"runtime": 28}}