{"Epoch ": 9, "Training loss ": 2.3025750857697913, "Training accuracy ": 0.1, "Validation loss ": 2.3025750856778955, "Validation accuracy ": 0.1, "Testing loss ": 2.30257508581739, "Testing accuracy ": 0.1, "_timestamp": 1709096947.9772553, "_runtime": 15.812321424484253, "_step": 9, "_wandb": {"runtime": 15}}