{"Epoch ": 4, "Training loss ": 0.8743508592870932, "Training accuracy ": 0.7072407407407407, "Validation loss ": 0.9058971364178677, "Validation accuracy ": 0.7038333333333333, "Testing loss ": 0.9608383540621944, "Testing accuracy ": 0.6927, "_timestamp": 1709127605.4224346, "_runtime": 18.4644935131073, "_step": 9, "confusion_matrix_table": {"_type": "table-file", "sha256": "7758470c387e2a03f685786375d0b08286be789c232c5328e51d42914cad2352", "size": 3164, "artifact_path": "wandb-client-artifact://t1hbsu4i3wpapwdrewz8gcxaasj7fmnzoqg48rztro36sgl5xsg9e600tjomjht31ufem0vh6dzx24d5zd5fgalipl9515o11v9osuzmcnnr41fa78nqzmtq6dieegki:latest/confusion_matrix_table.table.json", "_latest_artifact_path": "wandb-client-artifact://t1hbsu4i3wpapwdrewz8gcxaasj7fmnzoqg48rztro36sgl5xsg9e600tjomjht31ufem0vh6dzx24d5zd5fgalipl9515o11v9osuzmcnnr41fa78nqzmtq6dieegki:latest/confusion_matrix_table.table.json", "path": "media/table/confusion_matrix_table_9_7758470c387e2a03f685.table.json", "ncols": 3, "nrows": 100}, "_wandb": {"runtime": 17}}