{"Epoch ": 4, "Training loss ": 0.5122025825006096, "Training accuracy ": 0.8197777777777778, "Validation loss ": 0.5536018216849848, "Validation accuracy ": 0.8073333333333333, "Testing loss ": 0.5631776030198593, "Testing accuracy ": 0.8041, "_timestamp": 1709128325.7738197, "_runtime": 36.31955170631409, "_step": 9, "confusion_matrix_table": {"_type": "table-file", "sha256": "06c8d1ff9f68db3b0042353896155c8bddf7624274e00ef4122303ebf49080ab", "size": 3180, "artifact_path": "wandb-client-artifact://ws1xavbxg2l39c7d05ib0x67ig7saspqx26rb0p4kkgw30ocqpx73273nfid7qspghlplam6ix89b5qupyosit1micfsf99d07nxphspcjwnpv7re8763ls2dw2e199p:latest/confusion_matrix_table.table.json", "_latest_artifact_path": "wandb-client-artifact://ws1xavbxg2l39c7d05ib0x67ig7saspqx26rb0p4kkgw30ocqpx73273nfid7qspghlplam6ix89b5qupyosit1micfsf99d07nxphspcjwnpv7re8763ls2dw2e199p:latest/confusion_matrix_table.table.json", "path": "media/table/confusion_matrix_table_9_06c8d1ff9f68db3b0042.table.json", "ncols": 3, "nrows": 100}, "_wandb": {"runtime": 35}}