{"Epoch ": 24, "Training loss ": 0.24652234510852317, "Training accuracy ": 0.8338518518518518, "Validation loss ": 0.24810728955918987, "Validation accuracy ": 0.8298333333333333, "Testing loss ": 0.25978277360567337, "Testing accuracy ": 0.8231, "_timestamp": 1709629083.6115074, "_runtime": 55.989922523498535, "_step": 49, "confusion_matrix_table": {"_type": "table-file", "sha256": "3362bfd66386534e1623b7e48f00985f8e66585a9ea4f8cf7bca753c69bbd6cf", "size": 3175, "artifact_path": "wandb-client-artifact://fy9sacq82daa6z0h747noi0lfyfkm6y5f926s3uatcok17wb1wspw3cf06mc38dpofkmzggwk4ttiv211tpbwkozskmujfjx5d69vn92rrpc2goixd6maro91d662kat:latest/confusion_matrix_table.table.json", "_latest_artifact_path": "wandb-client-artifact://fy9sacq82daa6z0h747noi0lfyfkm6y5f926s3uatcok17wb1wspw3cf06mc38dpofkmzggwk4ttiv211tpbwkozskmujfjx5d69vn92rrpc2goixd6maro91d662kat:latest/confusion_matrix_table.table.json", "path": "media/table/confusion_matrix_table_49_3362bfd66386534e1623.table.json", "ncols": 3, "nrows": 100}, "_wandb": {"runtime": 55}}