{"Epoch ": 19, "Training loss ": 0.18039575075488062, "Training accuracy ": 0.8757962962962963, "Validation loss ": 0.1821915956695927, "Validation accuracy ": 0.8743333333333333, "Testing loss ": 0.20344109046663822, "Testing accuracy ": 0.8591, "_timestamp": 1709147296.3836765, "_runtime": 47.27673959732056, "_step": 39, "confusion_matrix_table": {"_type": "table-file", "sha256": "354b6b1a033d022825b01d4fc2f760f8d90780b0b8ea3d63e60bbfa337dd54bd", "size": 3174, "artifact_path": "wandb-client-artifact://870xppbedd7rqnpys93gh19mwjcw13vtw0rafl1t2fc14hxxzuir8v32swv10yyfo4npycokpz1gc9fmokvstqezuu916yfzex5whzq8zduw2um7z482iq459aglrjb6:latest/confusion_matrix_table.table.json", "_latest_artifact_path": "wandb-client-artifact://870xppbedd7rqnpys93gh19mwjcw13vtw0rafl1t2fc14hxxzuir8v32swv10yyfo4npycokpz1gc9fmokvstqezuu916yfzex5whzq8zduw2um7z482iq459aglrjb6:latest/confusion_matrix_table.table.json", "path": "media/table/confusion_matrix_table_39_354b6b1a033d022825b0.table.json", "ncols": 3, "nrows": 100}, "_wandb": {"runtime": 46}}