{"Epoch ": 19, "Training loss ": 2.268936345557953, "Training accuracy ": 0.4492962962962963, "Validation loss ": 2.269026175978867, "Validation accuracy ": 0.4498333333333333, "Testing loss ": 2.268916558831455, "Testing accuracy ": 0.4514, "_timestamp": 1709104837.9401598, "_runtime": 26.978638887405396, "_step": 19, "_wandb": {"runtime": 22}}