{"Epoch ": 24, "Training loss ": 0.15445378798587078, "Training accuracy ": 0.893074074074074, "Validation loss ": 0.17499613218488577, "Validation accuracy ": 0.8751666666666666, "Testing loss ": 0.19174688427541045, "Testing accuracy ": 0.8653, "_timestamp": 1709180296.141866, "_runtime": 47.86719107627869, "_step": 49, "confusion_matrix_table": {"_type": "table-file", "sha256": "662fc00393720513e2abd7afb5780e07de669ce7881d24221d3471af7662eab9", "size": 3172, "artifact_path": "wandb-client-artifact://vhc085nh2zbhafit1zddoy1tk9oayet5od9hqdxwm8x505ha0gkdfv26u8zcc7ucsucp5k3fqormeud6o8tefrc1e6i1rtuo06h4anpss3fr5cp0qfbw4olu5b5osras:latest/confusion_matrix_table.table.json", "_latest_artifact_path": "wandb-client-artifact://vhc085nh2zbhafit1zddoy1tk9oayet5od9hqdxwm8x505ha0gkdfv26u8zcc7ucsucp5k3fqormeud6o8tefrc1e6i1rtuo06h4anpss3fr5cp0qfbw4olu5b5osras:latest/confusion_matrix_table.table.json", "path": "media/table/confusion_matrix_table_49_662fc00393720513e2ab.table.json", "ncols": 3, "nrows": 100}, "_wandb": {"runtime": 47}}