{"Epoch ": 4, "Training loss ": 0.18557969855263762, "Training accuracy ": 0.8691666666666666, "Validation loss ": 0.20983888349972707, "Validation accuracy ": 0.851, "Testing loss ": 0.2160867688786503, "Testing accuracy ": 0.8495, "_timestamp": 1709146306.082803, "_runtime": 37.79862999916077, "_step": 9, "confusion_matrix_table": {"_type": "table-file", "sha256": "3247260190d2afa0bcdcd9cac8e9615517c233548a1c16aca1d717fe6532faee", "size": 3170, "artifact_path": "wandb-client-artifact://sipvpue3af240bk7cv1tw5v00cfx0ddr20vk8rbpgew3d73ewsz5y695gspjosw2u3dieb0l8lcnik1xqvwo8nb6hvoukin6mosrhzoohb5wrdpk8ip5w6mpdeq9vpha:latest/confusion_matrix_table.table.json", "_latest_artifact_path": "wandb-client-artifact://sipvpue3af240bk7cv1tw5v00cfx0ddr20vk8rbpgew3d73ewsz5y695gspjosw2u3dieb0l8lcnik1xqvwo8nb6hvoukin6mosrhzoohb5wrdpk8ip5w6mpdeq9vpha:latest/confusion_matrix_table.table.json", "path": "media/table/confusion_matrix_table_9_3247260190d2afa0bcdc.table.json", "ncols": 3, "nrows": 100}, "_wandb": {"runtime": 36}}