{"Epoch ": 19, "Training loss ": 0.16367126449363098, "Training accuracy ": 0.8876666666666667, "Validation loss ": 0.20023780507253755, "Validation accuracy ": 0.8611666666666666, "Testing loss ": 0.20613280895842503, "Testing accuracy ": 0.8575, "_timestamp": 1709580190.768842, "_runtime": 76.06371092796326, "_step": 39, "confusion_matrix_table": {"_type": "table-file", "sha256": "e4c1b4e925a011786c612ed3299d89c0093d39e9dd896f453c0709807ac51c07", "size": 3174, "artifact_path": "wandb-client-artifact://1660xqnqgqwmy6m42zlm4ht960l2ud5h9w7zuc9qyu9jl0mxduec2a6j9rrneb195ac8hnn8l2bl3rmqhttwr8vkyv4o1vekao70k9rxat5btpixuvdpmpplm4b8hzkn:latest/confusion_matrix_table.table.json", "_latest_artifact_path": "wandb-client-artifact://1660xqnqgqwmy6m42zlm4ht960l2ud5h9w7zuc9qyu9jl0mxduec2a6j9rrneb195ac8hnn8l2bl3rmqhttwr8vkyv4o1vekao70k9rxat5btpixuvdpmpplm4b8hzkn:latest/confusion_matrix_table.table.json", "path": "media/table/confusion_matrix_table_39_e4c1b4e925a011786c61.table.json", "ncols": 3, "nrows": 100}, "_wandb": {"runtime": 75}}