{"Epoch ": 29, "Training loss ": 0.5061114594590082, "Training accuracy ": 0.8304259259259259, "Validation loss ": 0.4996052234806933, "Validation accuracy ": 0.8336666666666667, "Testing loss ": 0.5336491400015535, "Testing accuracy ": 0.8196, "_timestamp": 1709139018.669305, "_runtime": 41.53364610671997, "_step": 59, "confusion_matrix_table": {"_type": "table-file", "sha256": "d231181604e5ea9646406160df62af38896cdf5505e419b7afb94aeeafbfcb52", "size": 3177, "artifact_path": "wandb-client-artifact://i6i9s4xj5b2uqn6h0x9aqcif82kmgduebrsyi2aalnf7eqc997gyol81vak0n7k0lpbfs2w3igs764blorl02kk2rtkihsx96rjbfx3ctbl6zy5ftxoddlwa4zv3r9qd:latest/confusion_matrix_table.table.json", "_latest_artifact_path": "wandb-client-artifact://i6i9s4xj5b2uqn6h0x9aqcif82kmgduebrsyi2aalnf7eqc997gyol81vak0n7k0lpbfs2w3igs764blorl02kk2rtkihsx96rjbfx3ctbl6zy5ftxoddlwa4zv3r9qd:latest/confusion_matrix_table.table.json", "path": "media/table/confusion_matrix_table_59_d231181604e5ea964640.table.json", "ncols": 3, "nrows": 100}, "_wandb": {"runtime": 40}}