{"Epoch ": 9, "Training loss ": 0.48280572712348724, "Training accuracy ": 0.8352777777777778, "Validation loss ": 0.49967443328062094, "Validation accuracy ": 0.8326666666666667, "Testing loss ": 0.5135829617801597, "Testing accuracy ": 0.8248, "_timestamp": 1709446630.4874675, "_runtime": 31.298653602600098, "_step": 19, "confusion_matrix_table": {"_type": "table-file", "sha256": "e269472b52a22f971237d6123a4b1e650367560819fdaab7c76bd25316f369b5", "size": 3176, "artifact_path": "wandb-client-artifact://pyi7s3v61a3ya2mbr8ed70mblwjcw972os64pw9133gmo74voz4e6076ya06yobaqy7iy1gwc39xxwlt9em1u145k0m7td0bgc69wdo92rsfbasxixygxpbttgvgppqv:latest/confusion_matrix_table.table.json", "_latest_artifact_path": "wandb-client-artifact://pyi7s3v61a3ya2mbr8ed70mblwjcw972os64pw9133gmo74voz4e6076ya06yobaqy7iy1gwc39xxwlt9em1u145k0m7td0bgc69wdo92rsfbasxixygxpbttgvgppqv:latest/confusion_matrix_table.table.json", "path": "media/table/confusion_matrix_table_19_e269472b52a22f971237.table.json", "ncols": 3, "nrows": 100}, "_wandb": {"runtime": 30}}