{"Epoch ": 29, "Training loss ": 0.262462534318538, "Training accuracy ": 0.9003333333333333, "Validation loss ": 0.390828977387451, "Validation accuracy ": 0.8696666666666667, "Testing loss ": 0.43535001963242587, "Testing accuracy ": 0.8644, "_timestamp": 1709296031.9162457, "_runtime": 419.0090446472168, "_step": 59, "confusion_matrix_table": {"_type": "table-file", "sha256": "878e9c550485ec9ee1d668350c90b95884f4e01dea9ab57323430f7c7ccf165d", "size": 3172, "artifact_path": "wandb-client-artifact://ggwkugfwdvvyvck8381sralzzjm140pn97yyovmkzale3zd0n7sd0crcbi5vddef2johp1m4f26aj1wq6e6pg7uh1xk3ghrzrk2goxm1fwpsf47votzawps2up0q0ux5:latest/confusion_matrix_table.table.json", "_latest_artifact_path": "wandb-client-artifact://ggwkugfwdvvyvck8381sralzzjm140pn97yyovmkzale3zd0n7sd0crcbi5vddef2johp1m4f26aj1wq6e6pg7uh1xk3ghrzrk2goxm1fwpsf47votzawps2up0q0ux5:latest/confusion_matrix_table.table.json", "path": "media/table/confusion_matrix_table_59_878e9c550485ec9ee1d6.table.json", "ncols": 3, "nrows": 100}, "_wandb": {"runtime": 418}}