{"Epoch ": 24, "Training loss ": 0.0008440089824334191, "Training accuracy ": 1.0, "Validation loss ": 0.08143833741001484, "Validation accuracy ": 0.9803333333333333, "Testing loss ": 0.07859232915345778, "Testing accuracy ": 0.9825, "_timestamp": 1709500696.3219995, "_runtime": 79.80560755729675, "_step": 49, "confusion_matrix_table": {"_type": "table-file", "sha256": "efd964148ec13da6a0936dcbf58a8ae92794d24ee82bab7cdb6fc0d025b378fb", "size": 3146, "artifact_path": "wandb-client-artifact://600abw1nj8jpjum23q9n4ksxxommcia3nkj5ec8jin7n80sh26mps20rhze6xrpf4dyz6coi98zrtserrh0rsf1k68d8quip1zvm344mcl4m3ji9dj6btogdd83ibdhu:latest/confusion_matrix_table.table.json", "_latest_artifact_path": "wandb-client-artifact://600abw1nj8jpjum23q9n4ksxxommcia3nkj5ec8jin7n80sh26mps20rhze6xrpf4dyz6coi98zrtserrh0rsf1k68d8quip1zvm344mcl4m3ji9dj6btogdd83ibdhu:latest/confusion_matrix_table.table.json", "path": "media/table/confusion_matrix_table_49_efd964148ec13da6a093.table.json", "ncols": 3, "nrows": 100}, "_wandb": {"runtime": 79}}