{"Epoch ": 29, "Training loss ": 0.19210353388097315, "Training accuracy ": 0.9296111111111112, "Validation loss ": 0.323590344462973, "Validation accuracy ": 0.8866666666666667, "Testing loss ": 0.33784734776730957, "Testing accuracy ": 0.8843, "_timestamp": 1709137823.0982754, "_runtime": 204.1240313053131, "_step": 59, "confusion_matrix_table": {"_type": "table-file", "sha256": "43297c5674e97d94c613cb1d545956097869453dfbd5f385b2e32e1b728b0e0c", "size": 3169, "artifact_path": "wandb-client-artifact://491c2tkc6x0m1nqq03gq6ykrzd33kli70sbi3dav4hrk8ih06m0ynmlq1l3rqulz47bgahnsnkthq4otbtx2ry4dqogogpqq4z2hnaas22ur3zijd5jrbve0zs3u41uw:latest/confusion_matrix_table.table.json", "_latest_artifact_path": "wandb-client-artifact://491c2tkc6x0m1nqq03gq6ykrzd33kli70sbi3dav4hrk8ih06m0ynmlq1l3rqulz47bgahnsnkthq4otbtx2ry4dqogogpqq4z2hnaas22ur3zijd5jrbve0zs3u41uw:latest/confusion_matrix_table.table.json", "path": "media/table/confusion_matrix_table_59_43297c5674e97d94c613.table.json", "ncols": 3, "nrows": 100}, "_wandb": {"runtime": 203}}