{"Epoch ": 4, "Training loss ": 4.265349547356057e-05, "Training accuracy ": 0.1, "Validation loss ": 0.0003838814587309018, "Validation accuracy ": 0.1, "Testing loss ": 0.00023032887576440584, "Testing accuracy ": 0.1, "_timestamp": 1709006450.6236212, "_runtime": 20.132984161376953, "_step": 9, "confusion_matrix_table": {"_type": "table-file", "sha256": "79d37d621cf296d37cde7d0d15286c56cfc42a5c1278ce330c7b2969b1f0e66f", "size": 3152, "artifact_path": "wandb-client-artifact://j8pi7i5fxdyqd95gpddcge0sr09heo50pasnvlovetrdsl1agz5v32e3bm1xhy41vbxrnpia74oed55l4urq6v3dlxog47l2uz7oq3df3uzfq47rfmkh13m8vlu3g774:latest/confusion_matrix_table.table.json", "_latest_artifact_path": "wandb-client-artifact://j8pi7i5fxdyqd95gpddcge0sr09heo50pasnvlovetrdsl1agz5v32e3bm1xhy41vbxrnpia74oed55l4urq6v3dlxog47l2uz7oq3df3uzfq47rfmkh13m8vlu3g774:latest/confusion_matrix_table.table.json", "path": "media/table/confusion_matrix_table_9_79d37d621cf296d37cde.table.json", "ncols": 3, "nrows": 100}, "_wandb": {"runtime": 19}}