{"Epoch ": 9, "Training loss ": 0.6881210129022228, "Training accuracy ": 0.6523888888888889, "Validation loss ": 0.6935003577165356, "Validation accuracy ": 0.6395, "Testing loss ": 0.6901017309299452, "Testing accuracy ": 0.6503, "_timestamp": 1709530123.7761953, "_runtime": 75.92154717445374, "_step": 19, "confusion_matrix_table": {"_type": "table-file", "sha256": "09139e53d7c618dea5af612290c0a426137aab7de4960bdd8042618ae8a3f578", "size": 3194, "artifact_path": "wandb-client-artifact://gae4k8wxvso2hoqciki8t9hmkb4ot8q5plc54olkpgmxo62kc6ru0hldeu7ogyco1r5rht313aeiqz9yw208dx137lyup1144shu6zfuah2kga6vio0l8tg4zulfk7nf:latest/confusion_matrix_table.table.json", "_latest_artifact_path": "wandb-client-artifact://gae4k8wxvso2hoqciki8t9hmkb4ot8q5plc54olkpgmxo62kc6ru0hldeu7ogyco1r5rht313aeiqz9yw208dx137lyup1144shu6zfuah2kga6vio0l8tg4zulfk7nf:latest/confusion_matrix_table.table.json", "path": "media/table/confusion_matrix_table_19_09139e53d7c618dea5af.table.json", "ncols": 3, "nrows": 100}, "_wandb": {"runtime": 75}}