{"Epoch ": 29, "Training loss ": 0.4725098569316588, "Training accuracy ": 0.6202222222222222, "Validation loss ": 0.47426302664601494, "Validation accuracy ": 0.621, "Testing loss ": 0.47890981346671013, "Testing accuracy ": 0.618, "_timestamp": 1709307397.6531706, "_runtime": 69.35592460632324, "_step": 59, "confusion_matrix_table": {"_type": "table-file", "sha256": "caca4d1d6b7dbbe0b4957da1daa3e61bec854c289816a4bd31e427529d3249b5", "size": 3177, "artifact_path": "wandb-client-artifact://7vqdoaf8jkabvdj99qhoz7slzc5mnjl6ivabw6p3b075f7weaattv1hhix10outnk1wsjzddvnmzr3hgg05395hiuxuig9z4k37hlxn1s3wu9ja0zvckn835eksk5jqs:latest/confusion_matrix_table.table.json", "_latest_artifact_path": "wandb-client-artifact://7vqdoaf8jkabvdj99qhoz7slzc5mnjl6ivabw6p3b075f7weaattv1hhix10outnk1wsjzddvnmzr3hgg05395hiuxuig9z4k37hlxn1s3wu9ja0zvckn835eksk5jqs:latest/confusion_matrix_table.table.json", "path": "media/table/confusion_matrix_table_59_caca4d1d6b7dbbe0b495.table.json", "ncols": 3, "nrows": 100}, "_wandb": {"runtime": 68}}