{"Epoch ": 24, "Training loss ": 2.2898528556816187, "Training accuracy ": 0.10374074074074074, "Validation loss ": 2.289860665070641, "Validation accuracy ": 0.10133333333333333, "Testing loss ": 2.2900623124992254, "Testing accuracy ": 0.1036, "_timestamp": 1709487279.5433912, "_runtime": 91.49746918678284, "_step": 49, "confusion_matrix_table": {"_type": "table-file", "sha256": "f333cb6d0178b878fba3487b0ceeba859ec646cecb22fa03e763fdd1897e2c3f", "size": 3174, "artifact_path": "wandb-client-artifact://ol6b8vg4hexfszcqs98q3vg67oq2shup5afo7ytui84qtccug72ajov29n0tw7pvftub6cmew6ihlfktszl6jqiwlk79ttltyiofjazuph5rj6629f88z5juehtm2uve:latest/confusion_matrix_table.table.json", "_latest_artifact_path": "wandb-client-artifact://ol6b8vg4hexfszcqs98q3vg67oq2shup5afo7ytui84qtccug72ajov29n0tw7pvftub6cmew6ihlfktszl6jqiwlk79ttltyiofjazuph5rj6629f88z5juehtm2uve:latest/confusion_matrix_table.table.json", "path": "media/table/confusion_matrix_table_49_f333cb6d0178b878fba3.table.json", "ncols": 3, "nrows": 100}, "_wandb": {"runtime": 90}}