{"Epoch": 29, "Training loss": 0.5934829732578212, "Training accuracy": 0.8105185185185185, "Validation loss": 0.6010389084916872, "Validation accuracy": 0.8068333333333333, "Testing loss": 0.6178967914740954, "Testing accuracy": 0.8028, "_timestamp": 1709116501.9419308, "_runtime": 29.20787477493286, "_step": 59, "confusion_matrix_table": {"_type": "table-file", "sha256": "397ed52b2396d4dd8d47ad5f6b9d27d1b6b66057a6824a44ab1f09361beea9e8", "size": 3180, "artifact_path": "wandb-client-artifact://73pzs5wwdjoc1iu3q1bzwiqb9x3lu3a2omftjcg7r8r1gbfcgiakk2dwh5unynpbvjxr2wiyu3rdaqw66ow6vv5efp7wzkknslreevzc1g9dw4o63lsdaynwzk00of7b:latest/confusion_matrix_table.table.json", "_latest_artifact_path": "wandb-client-artifact://73pzs5wwdjoc1iu3q1bzwiqb9x3lu3a2omftjcg7r8r1gbfcgiakk2dwh5unynpbvjxr2wiyu3rdaqw66ow6vv5efp7wzkknslreevzc1g9dw4o63lsdaynwzk00of7b:latest/confusion_matrix_table.table.json", "path": "media/table/confusion_matrix_table_59_397ed52b2396d4dd8d47.table.json", "ncols": 3, "nrows": 100}, "_wandb": {"runtime": 28}}