{"Epoch ": 29, "Training loss ": 0.175423505223657, "Training accuracy ": 0.9353703703703704, "Validation loss ": 0.34264358963627795, "Validation accuracy ": 0.8888333333333334, "Testing loss ": 0.3766966481207876, "Testing accuracy ": 0.8843, "_timestamp": 1709413097.7505963, "_runtime": 60.1931471824646, "_step": 59, "confusion_matrix_table": {"_type": "table-file", "sha256": "862a97678d0a93d77f15ca5bc2c8b050037c8a61277741633d86bc615fc9b54f", "size": 3169, "artifact_path": "wandb-client-artifact://61xbzelu38fvqq8qr0kmbazdw6ci8y5gllpux0ehbmnkl1u02ybcwwjxgnbnn1ia1i7xrdd5kz9xsdpkfahnfnc1y5eyzj126ee2rp5xsg46hmdxptpd2ig3jfte8t7o:latest/confusion_matrix_table.table.json", "_latest_artifact_path": "wandb-client-artifact://61xbzelu38fvqq8qr0kmbazdw6ci8y5gllpux0ehbmnkl1u02ybcwwjxgnbnn1ia1i7xrdd5kz9xsdpkfahnfnc1y5eyzj126ee2rp5xsg46hmdxptpd2ig3jfte8t7o:latest/confusion_matrix_table.table.json", "path": "media/table/confusion_matrix_table_59_862a97678d0a93d77f15.table.json", "ncols": 3, "nrows": 100}, "_wandb": {"runtime": 59}}