{"Epoch ": 4, "Training loss ": 0.6969010960847508, "Training accuracy ": 0.4351851851851852, "Validation loss ": 0.7041495907269348, "Validation accuracy ": 0.43066666666666664, "Testing loss ": 0.705823748333701, "Testing accuracy ": 0.43, "_timestamp": 1709631825.9813404, "_runtime": 13.894294500350952, "_step": 9, "confusion_matrix_table": {"_type": "table-file", "sha256": "f8488333f41f5c9c9f6ff6125af2a6acccb427fff0363b574db4f6d84e8578f9", "size": 3181, "artifact_path": "wandb-client-artifact://94n7ctmylriq3poqz7cqdgezgn10io6ga44t6xzxc4nouyj729mqn79licgkjlv1bxvhh01f2wqoxaqlvsmzmaijljourqyiulijipznoh1liu3w8ck2u50eflaah2k6:latest/confusion_matrix_table.table.json", "_latest_artifact_path": "wandb-client-artifact://94n7ctmylriq3poqz7cqdgezgn10io6ga44t6xzxc4nouyj729mqn79licgkjlv1bxvhh01f2wqoxaqlvsmzmaijljourqyiulijipznoh1liu3w8ck2u50eflaah2k6:latest/confusion_matrix_table.table.json", "path": "media/table/confusion_matrix_table_9_f8488333f41f5c9c9f6f.table.json", "ncols": 3, "nrows": 100}, "_wandb": {"runtime": 13}}