{"Epoch ": 4, "Training loss ": 1.4808363865321692, "Training accuracy ": 0.5396296296296297, "Validation loss ": 1.471399961342494, "Validation accuracy ": 0.5431666666666667, "Testing loss ": 1.4882503693065643, "Testing accuracy ": 0.5313, "_timestamp": 1709103964.0518198, "_runtime": 12.271202802658081, "_step": 4, "_wandb": {"runtime": 11}}