{"Epoch ": 29, "Training loss ": 0.15467269394913544, "Training accuracy ": 0.8970185185185185, "Validation loss ": 0.18196962070491346, "Validation accuracy ": 0.8741666666666666, "Testing loss ": 0.18883670400073016, "Testing accuracy ": 0.87, "_timestamp": 1709537056.8688858, "_runtime": 30.081344842910767, "_step": 59, "confusion_matrix_table": {"_type": "table-file", "sha256": "b7b3b41a536ee4ab18cd4cdb7639fdf81178b6aa6368d27d472f82af00002a29", "size": 3171, "artifact_path": "wandb-client-artifact://bxq8v0p3i417efq0dikz93d0asvtwvun1ecy5z0xhrwfi0j4pl5dbq1g68ex9vyvlurabnn6x8xesc2fwn27kbbqld19hf28e2bht9cc4bqzgr3or88qm5at2fo0btov:latest/confusion_matrix_table.table.json", "_latest_artifact_path": "wandb-client-artifact://bxq8v0p3i417efq0dikz93d0asvtwvun1ecy5z0xhrwfi0j4pl5dbq1g68ex9vyvlurabnn6x8xesc2fwn27kbbqld19hf28e2bht9cc4bqzgr3or88qm5at2fo0btov:latest/confusion_matrix_table.table.json", "path": "media/table/confusion_matrix_table_59_b7b3b41a536ee4ab18cd.table.json", "ncols": 3, "nrows": 100}, "_wandb": {"runtime": 29}}