{"Epoch ": 24, "Training loss ": 1.0225301405988438, "Training accuracy ": 0.7338148148148148, "Validation loss ": 1.0235995826660207, "Validation accuracy ": 0.7311666666666666, "Testing loss ": 1.1353981873835965, "Testing accuracy ": 0.7177, "_timestamp": 1709306870.5515077, "_runtime": 91.5975136756897, "_step": 49, "confusion_matrix_table": {"_type": "table-file", "sha256": "ddaf84c114daf02c8dffb6bba4369b2a0e9e13a7c52de81aaf0e0aea74f5089f", "size": 3179, "artifact_path": "wandb-client-artifact://nq6fhehr4wt2ndj2g44ts7tmq1wafnuag3wfxzbzp4c0j152liw0lc6eh3ychdjgla5co4t8bn1p1cu1rqbyx8abjny4hhu4xrm1rkd69agyep3rvxflj09pjrpc3ljo:latest/confusion_matrix_table.table.json", "_latest_artifact_path": "wandb-client-artifact://nq6fhehr4wt2ndj2g44ts7tmq1wafnuag3wfxzbzp4c0j152liw0lc6eh3ychdjgla5co4t8bn1p1cu1rqbyx8abjny4hhu4xrm1rkd69agyep3rvxflj09pjrpc3ljo:latest/confusion_matrix_table.table.json", "path": "media/table/confusion_matrix_table_49_ddaf84c114daf02c8dff.table.json", "ncols": 3, "nrows": 100}, "_wandb": {"runtime": 90}}