{"Epoch ": 4, "Training loss ": 2.3027939825429358, "Training accuracy ": 0.1, "Validation loss ": 2.302794416645613, "Validation accuracy ": 0.1, "Testing loss ": 2.30279365263902, "Testing accuracy ": 0.1, "_timestamp": 1709474605.0835433, "_runtime": 23.68521523475647, "_step": 9, "confusion_matrix_table": {"_type": "table-file", "sha256": "14aba07669112483f4c4ff17d067555ba1f0fe451130bd585ffc3d5776033d9c", "size": 3152, "artifact_path": "wandb-client-artifact://myq09hz8lx5c82pkc7hbj0p7dsg5983ulmer0g6zugl6lyp6smuso0rsy39hmdb6mffhnepcx0ofs4o8haostt45ecujc6lcc7k497eu943gk1heu7ep56gu47qj64y1:latest/confusion_matrix_table.table.json", "_latest_artifact_path": "wandb-client-artifact://myq09hz8lx5c82pkc7hbj0p7dsg5983ulmer0g6zugl6lyp6smuso0rsy39hmdb6mffhnepcx0ofs4o8haostt45ecujc6lcc7k497eu943gk1heu7ep56gu47qj64y1:latest/confusion_matrix_table.table.json", "path": "media/table/confusion_matrix_table_9_14aba07669112483f4c4.table.json", "ncols": 3, "nrows": 100}, "_wandb": {"runtime": 22}}