{"Epoch ": 24, "Training loss ": 0.21158429040630447, "Training accuracy ": 0.8553518518518518, "Validation loss ": 0.24265231435855467, "Validation accuracy ": 0.8388333333333333, "Testing loss ": 0.24362003136528157, "Testing accuracy ": 0.8376, "_timestamp": 1709151137.2500975, "_runtime": 98.13321542739868, "_step": 49, "confusion_matrix_table": {"_type": "table-file", "sha256": "0eb112abe5fac65d2866e829b57ead5262835d9fc639c9a5db8b3f7aebb7a15f", "size": 3185, "artifact_path": "wandb-client-artifact://uuvujvdhtnhsw1rxyv1c5ebqg2qbn0smjc9xwixjd8cjd64v52yx4uuqf22bco033r6vy4f5jb3dwkqeh4p1d2kpc3li2pbxufl2m57t01yttva2ee7ml37pfrmj3iwp:latest/confusion_matrix_table.table.json", "_latest_artifact_path": "wandb-client-artifact://uuvujvdhtnhsw1rxyv1c5ebqg2qbn0smjc9xwixjd8cjd64v52yx4uuqf22bco033r6vy4f5jb3dwkqeh4p1d2kpc3li2pbxufl2m57t01yttva2ee7ml37pfrmj3iwp:latest/confusion_matrix_table.table.json", "path": "media/table/confusion_matrix_table_49_0eb112abe5fac65d2866.table.json", "ncols": 3, "nrows": 100}, "_wandb": {"runtime": 97}}