{"Epoch ": 4, "Training loss ": 0.42138013738491614, "Training accuracy ": 0.8513148148148149, "Validation loss ": 0.455802859064151, "Validation accuracy ": 0.8366666666666667, "Testing loss ": 0.4660897247881842, "Testing accuracy ": 0.8358, "_timestamp": 1709401376.5701578, "_runtime": 22.495848655700684, "_step": 9, "confusion_matrix_table": {"_type": "table-file", "sha256": "c3eb9ab0f4b74295b17eaedc89f10d3f9460f3ad03118f7fdf9423158fea28d4", "size": 3176, "artifact_path": "wandb-client-artifact://du1zglndxjltfd3qhq6a1yu331yo8lhvxnmfd9linu6zp0nda5n9dg9t56k6e5dyfasd42cvi3bqi9qm7kr4nfk96oyvicywvjj5x4o48ld5gidq05xflp4sqaq1kvy7:latest/confusion_matrix_table.table.json", "_latest_artifact_path": "wandb-client-artifact://du1zglndxjltfd3qhq6a1yu331yo8lhvxnmfd9linu6zp0nda5n9dg9t56k6e5dyfasd42cvi3bqi9qm7kr4nfk96oyvicywvjj5x4o48ld5gidq05xflp4sqaq1kvy7:latest/confusion_matrix_table.table.json", "path": "media/table/confusion_matrix_table_9_c3eb9ab0f4b74295b17e.table.json", "ncols": 3, "nrows": 100}, "_wandb": {"runtime": 21}}