{"Epoch ": 29, "Training loss ": 0.43888654758612455, "Training accuracy ": 0.8491851851851852, "Validation loss ": 0.4532255295642151, "Validation accuracy ": 0.8451666666666666, "Testing loss ": 0.4785671843681421, "Testing accuracy ": 0.8368, "_timestamp": 1709412968.520721, "_runtime": 26.90397596359253, "_step": 59, "confusion_matrix_table": {"_type": "table-file", "sha256": "49ced7e1efd2f2ff35ca4b5fd03f3949629277e5d54f80bacbe1f7e075462269", "size": 3179, "artifact_path": "wandb-client-artifact://3jhdhpzx1f6mlq6wj254i9814nod7h1zr0snrfseqs60gtrsqrg1stpmhp77ur16nc7agg26yczsmzir8nyfhbkp90hdsnzs7ff7cmn5epzthdyt4yu6aaxtbomkks7a:latest/confusion_matrix_table.table.json", "_latest_artifact_path": "wandb-client-artifact://3jhdhpzx1f6mlq6wj254i9814nod7h1zr0snrfseqs60gtrsqrg1stpmhp77ur16nc7agg26yczsmzir8nyfhbkp90hdsnzs7ff7cmn5epzthdyt4yu6aaxtbomkks7a:latest/confusion_matrix_table.table.json", "path": "media/table/confusion_matrix_table_59_49ced7e1efd2f2ff35ca.table.json", "ncols": 3, "nrows": 100}, "_wandb": {"runtime": 26}}