{"Epoch ": 4, "Training loss ": 0.3798699063113285, "Training accuracy ": 0.8671851851851852, "Validation loss ": 0.3980886546824754, "Validation accuracy ": 0.8588333333333333, "Testing loss ": 0.42763069998357667, "Testing accuracy ": 0.8474, "_timestamp": 1709127178.3051827, "_runtime": 21.767611742019653, "_step": 9, "confusion_matrix_table": {"_type": "table-file", "sha256": "2b0b4ce074bfbb59a379575579e045b16b9b16973631fd6ad650f353eb2b41cf", "size": 3176, "artifact_path": "wandb-client-artifact://z81pop0iui9j68hu1dgyeoytn1hk9gdb477yvmmkaedl0wqne3jfmkmnzn6bcp1otr7dmkimwru9p8txvwausu9ar8jx7r9bgpcjxwd8j1on4odpkfjzysc7j5gsz96n:latest/confusion_matrix_table.table.json", "_latest_artifact_path": "wandb-client-artifact://z81pop0iui9j68hu1dgyeoytn1hk9gdb477yvmmkaedl0wqne3jfmkmnzn6bcp1otr7dmkimwru9p8txvwausu9ar8jx7r9bgpcjxwd8j1on4odpkfjzysc7j5gsz96n:latest/confusion_matrix_table.table.json", "path": "media/table/confusion_matrix_table_9_2b0b4ce074bfbb59a379.table.json", "ncols": 3, "nrows": 100}, "_wandb": {"runtime": 20}}