{"Epoch ": 19, "Training loss ": 0.1504341868801599, "Training accuracy ": 0.8963148148148148, "Validation loss ": 0.16955157332028484, "Validation accuracy ": 0.8781666666666667, "Testing loss ": 0.19040266467165903, "Testing accuracy ": 0.8657, "_timestamp": 1709567708.4019022, "_runtime": 303.37608528137207, "_step": 39, "confusion_matrix_table": {"_type": "table-file", "sha256": "a3278766a3ce63da700fc0acde8520282f6a1294c485446b8d39e9a0941db44d", "size": 3172, "artifact_path": "wandb-client-artifact://oel68yt18mz7da1pa996qg9s24wntb9q5nfwcuj36qp5eo92rbv1pjwm6il6mfdycadpp6nk5ifzc66rhvh8oe6f3dsjma51hp0eithdeccx7wh3tduxbt8agym9i3tn:latest/confusion_matrix_table.table.json", "_latest_artifact_path": "wandb-client-artifact://oel68yt18mz7da1pa996qg9s24wntb9q5nfwcuj36qp5eo92rbv1pjwm6il6mfdycadpp6nk5ifzc66rhvh8oe6f3dsjma51hp0eithdeccx7wh3tduxbt8agym9i3tn:latest/confusion_matrix_table.table.json", "path": "media/table/confusion_matrix_table_39_a3278766a3ce63da700f.table.json", "ncols": 3, "nrows": 100}, "_wandb": {"runtime": 302}}