{"Epoch ": 24, "Training loss ": 0.19232642109417136, "Training accuracy ": 0.8671666666666666, "Validation loss ": 0.1995555895873213, "Validation accuracy ": 0.8588333333333333, "Testing loss ": 0.21298113211279493, "Testing accuracy ": 0.8508, "_timestamp": 1709149179.85532, "_runtime": 63.21269106864929, "_step": 49, "confusion_matrix_table": {"_type": "table-file", "sha256": "1fe5ba02cb25989afbfa687d17799f4146071a6890f65bfa1d00614345756149", "size": 3173, "artifact_path": "wandb-client-artifact://lw9eliuyu3gru6jdtblcz8wyem121t8n2afh7sur9377s03n37dqggv7ldyy6djpmiiejoafwdyjkiaepqr6ik4uvr8jxohrkzv2eadbw9eu27z6sp1vodyx5c4n7pte:latest/confusion_matrix_table.table.json", "_latest_artifact_path": "wandb-client-artifact://lw9eliuyu3gru6jdtblcz8wyem121t8n2afh7sur9377s03n37dqggv7ldyy6djpmiiejoafwdyjkiaepqr6ik4uvr8jxohrkzv2eadbw9eu27z6sp1vodyx5c4n7pte:latest/confusion_matrix_table.table.json", "path": "media/table/confusion_matrix_table_49_1fe5ba02cb25989afbfa.table.json", "ncols": 3, "nrows": 100}, "_wandb": {"runtime": 62}}