{"Epoch ": 14, "Training loss ": 0.8514254526658045, "Training accuracy ": 0.2121851851851852, "Validation loss ": 0.8514980912611527, "Validation accuracy ": 0.2115, "Testing loss ": 0.8515949073878902, "Testing accuracy ": 0.21, "_timestamp": 1709145641.5497012, "_runtime": 50.721896171569824, "_step": 29, "confusion_matrix_table": {"_type": "table-file", "sha256": "1187944029d93e7406739191bb4c8fca4c7e693f8b9982d348980bfef1ae069a", "size": 3164, "artifact_path": "wandb-client-artifact://d3qa4k0sxj1nybcdihz3f6k3ityhcsdw6kvbyw9qbeoddki9l8gamw4iy6182aw5ci6kjh30bbgr9cupo31kprh2q8fcqm43a6t2rbjhimy2qqge3qhzzugw9h0frqg1:latest/confusion_matrix_table.table.json", "_latest_artifact_path": "wandb-client-artifact://d3qa4k0sxj1nybcdihz3f6k3ityhcsdw6kvbyw9qbeoddki9l8gamw4iy6182aw5ci6kjh30bbgr9cupo31kprh2q8fcqm43a6t2rbjhimy2qqge3qhzzugw9h0frqg1:latest/confusion_matrix_table.table.json", "path": "media/table/confusion_matrix_table_29_1187944029d93e740673.table.json", "ncols": 3, "nrows": 100}, "_wandb": {"runtime": 49}}