{"Epoch ": 29, "Training loss ": 0.2110840177773229, "Training accuracy ": 0.854462962962963, "Validation loss ": 0.20661712346904637, "Validation accuracy ": 0.8571666666666666, "Testing loss ": 0.22840672990751873, "Testing accuracy ": 0.8397, "_timestamp": 1709188514.3095675, "_runtime": 104.79974341392517, "_step": 59, "confusion_matrix_table": {"_type": "table-file", "sha256": "a940a9fe15f22876020e38387241c16ab144d4a15eda841d1836d9f1786594ed", "size": 3175, "artifact_path": "wandb-client-artifact://uax99pzb8tfiop301532a4rv82en0sdqhum2eyc34oz1tyo7n8sabinqi5ahvudb26eblqz7tizhgqyl4j9wosvkblo16qs37yhtzfz3ni2l04v2dq4igpfnb571tbar:latest/confusion_matrix_table.table.json", "_latest_artifact_path": "wandb-client-artifact://uax99pzb8tfiop301532a4rv82en0sdqhum2eyc34oz1tyo7n8sabinqi5ahvudb26eblqz7tizhgqyl4j9wosvkblo16qs37yhtzfz3ni2l04v2dq4igpfnb571tbar:latest/confusion_matrix_table.table.json", "path": "media/table/confusion_matrix_table_59_a940a9fe15f22876020e.table.json", "ncols": 3, "nrows": 100}, "_wandb": {"runtime": 104}}