{"Epoch ": 4, "Training loss ": 0.9114502356916836, "Training accuracy ": 0.6807407407407408, "Validation loss ": 0.9491472903690227, "Validation accuracy ": 0.6803333333333333, "Testing loss ": 0.9850639666118599, "Testing accuracy ": 0.6737, "_timestamp": 1709400315.7395163, "_runtime": 22.71738624572754, "_step": 9, "confusion_matrix_table": {"_type": "table-file", "sha256": "a9cade416db3aabcff90e8dda835ef27994fd021a34cb2893244139710efe202", "size": 3174, "artifact_path": "wandb-client-artifact://8wyuqukbc3b1ezsxxwqa9w1eify4cp4flgl0t8isvs4o0wptpmmv2j9h3i9sn6ga2o5y1z0leuny0z0hob9thcpyee35x7favar3wg6hd7zz9bxtg75jmjlhcx6pplut:latest/confusion_matrix_table.table.json", "_latest_artifact_path": "wandb-client-artifact://8wyuqukbc3b1ezsxxwqa9w1eify4cp4flgl0t8isvs4o0wptpmmv2j9h3i9sn6ga2o5y1z0leuny0z0hob9thcpyee35x7favar3wg6hd7zz9bxtg75jmjlhcx6pplut:latest/confusion_matrix_table.table.json", "path": "media/table/confusion_matrix_table_9_a9cade416db3aabcff90.table.json", "ncols": 3, "nrows": 100}, "_wandb": {"runtime": 22}}