{"Epoch ": 4, "Training loss ": 0.3138795552690106, "Training accuracy ": 0.8880925925925925, "Validation loss ": 0.3502130298981488, "Validation accuracy ": 0.8768333333333334, "Testing loss ": 0.38992592492261224, "Testing accuracy ": 0.8608, "_timestamp": 1709135641.0103986, "_runtime": 34.867756605148315, "_step": 9, "confusion_matrix_table": {"_type": "table-file", "sha256": "0516e559a7689deff0598a09f277911445c7eb88faa865871b5d709b582b5420", "size": 3168, "artifact_path": "wandb-client-artifact://5xoby8uhpd1tn7xa0avs3gwa9a0u7ktkgmxc4iwhfd7eppwxr5oz76gi9y5l54ci1s2zu8amfdta94geda66n3b5kb9v7xhrx6onsmt3x18wbo2o0ipep9dgap7v6ywx:latest/confusion_matrix_table.table.json", "_latest_artifact_path": "wandb-client-artifact://5xoby8uhpd1tn7xa0avs3gwa9a0u7ktkgmxc4iwhfd7eppwxr5oz76gi9y5l54ci1s2zu8amfdta94geda66n3b5kb9v7xhrx6onsmt3x18wbo2o0ipep9dgap7v6ywx:latest/confusion_matrix_table.table.json", "path": "media/table/confusion_matrix_table_9_0516e559a7689deff059.table.json", "ncols": 3, "nrows": 100}, "_wandb": {"runtime": 34}}