{"Epoch ": 29, "Training loss ": 0.32131120560904924, "Training accuracy ": 0.8884814814814814, "Validation loss ": 0.354816426969566, "Validation accuracy ": 0.8743333333333333, "Testing loss ": 0.37890318065680356, "Testing accuracy ": 0.866, "_timestamp": 1709132080.3912857, "_runtime": 84.03483772277832, "_step": 59, "confusion_matrix_table": {"_type": "table-file", "sha256": "5d23ee4c2bddff2284336a504dc53feacc4246246ab97d9be6b591c4c2adcd2c", "size": 3170, "artifact_path": "wandb-client-artifact://vbdn1zu49188k3lsywh49cyx05im44njz2uywltc8cjijj5sjjbu8p8s1nsqfhogkg6yh23poqp8jq4shabrdoeqmtgfjao50e4ctzcjk0mb9ubbm8nk01lalgd2j6nr:latest/confusion_matrix_table.table.json", "_latest_artifact_path": "wandb-client-artifact://vbdn1zu49188k3lsywh49cyx05im44njz2uywltc8cjijj5sjjbu8p8s1nsqfhogkg6yh23poqp8jq4shabrdoeqmtgfjao50e4ctzcjk0mb9ubbm8nk01lalgd2j6nr:latest/confusion_matrix_table.table.json", "path": "media/table/confusion_matrix_table_59_5d23ee4c2bddff228433.table.json", "ncols": 3, "nrows": 100}, "_wandb": {"runtime": 83}}