{"Epoch ": 4, "Training loss ": 0.8999780105587498, "Training accuracy ": 0.13316666666666666, "Validation loss ": 0.8999774644880553, "Validation accuracy ": 0.13433333333333333, "Testing loss ": 0.8999816281363912, "Testing accuracy ": 0.1329, "_timestamp": 1709142453.4263117, "_runtime": 55.858126640319824, "_step": 9, "confusion_matrix_table": {"_type": "table-file", "sha256": "922f46246c2b03b11fc0cbf3990e0d68a480d6ccca1d156dcc99933a87ec4722", "size": 3149, "artifact_path": "wandb-client-artifact://j2oukq25qhz1phxw47h7rc7esvjx41rnhefh4n0253qiof3si0dplpf817dmdqiwkhnue9dio5rynyzgzrpm5b3vkcr0yu6shg8hv33t2c3xcynmxopyslxcdlejwxnt:latest/confusion_matrix_table.table.json", "_latest_artifact_path": "wandb-client-artifact://j2oukq25qhz1phxw47h7rc7esvjx41rnhefh4n0253qiof3si0dplpf817dmdqiwkhnue9dio5rynyzgzrpm5b3vkcr0yu6shg8hv33t2c3xcynmxopyslxcdlejwxnt:latest/confusion_matrix_table.table.json", "path": "media/table/confusion_matrix_table_9_922f46246c2b03b11fc0.table.json", "ncols": 3, "nrows": 100}, "_wandb": {"runtime": 55}}