{"Epoch ": 29, "Training loss ": 0.18874988129897666, "Training accuracy ": 0.8650185185185185, "Validation loss ": 0.22598139010052878, "Validation accuracy ": 0.842, "Testing loss ": 0.2376272393186338, "Testing accuracy ": 0.832, "_timestamp": 1709145450.656704, "_runtime": 89.16680383682251, "_step": 59, "confusion_matrix_table": {"_type": "table-file", "sha256": "05976d54b3d3f46ac30c53bf54ae8072b9ed1537207aee3dc0efbb9665b04044", "size": 3172, "artifact_path": "wandb-client-artifact://0b9zsdcqh4t4znp86vfqop0r4es86tx1ef44ddspfjb0mtmpk3pnhyn1lot2dsi0qurcs6c30uqffqlzbgsjswspv02lx612t338m6qzsfl4xmaadpjvpgwmn5jtpexj:latest/confusion_matrix_table.table.json", "_latest_artifact_path": "wandb-client-artifact://0b9zsdcqh4t4znp86vfqop0r4es86tx1ef44ddspfjb0mtmpk3pnhyn1lot2dsi0qurcs6c30uqffqlzbgsjswspv02lx612t338m6qzsfl4xmaadpjvpgwmn5jtpexj:latest/confusion_matrix_table.table.json", "path": "media/table/confusion_matrix_table_59_05976d54b3d3f46ac30c.table.json", "ncols": 3, "nrows": 100}, "_wandb": {"runtime": 88}}