{"Epoch ": 9, "Training loss ": 0.4354009562541255, "Training accuracy ": 0.7508888888888889, "Validation loss ": 0.4332389134462902, "Validation accuracy ": 0.758, "Testing loss ": 0.4417049850644377, "Testing accuracy ": 0.7412, "_timestamp": 1709145340.3306222, "_runtime": 31.22231411933899, "_step": 19, "confusion_matrix_table": {"_type": "table-file", "sha256": "530b7fff0e067c499cfe7198d38de46df4b78ee306267f3d868a582843706131", "size": 3187, "artifact_path": "wandb-client-artifact://po0j5l8e24g99xm6adqfy7g0hr2zhyu496nx0fvlq88loinvkq37xdqnglzpyiy977m0846wnkjbr13t91ub7dqy77qzex73vctjzqd5plwbkbm3pxmtajaj7x41vymt:latest/confusion_matrix_table.table.json", "_latest_artifact_path": "wandb-client-artifact://po0j5l8e24g99xm6adqfy7g0hr2zhyu496nx0fvlq88loinvkq37xdqnglzpyiy977m0846wnkjbr13t91ub7dqy77qzex73vctjzqd5plwbkbm3pxmtajaj7x41vymt:latest/confusion_matrix_table.table.json", "path": "media/table/confusion_matrix_table_19_530b7fff0e067c499cfe.table.json", "ncols": 3, "nrows": 100}, "_wandb": {"runtime": 30}}