{"Epoch ": 0, "Training loss ": 2.6022193845170065, "Training accuracy ": 0.1, "Validation loss ": 2.6022028534473813, "Validation accuracy ": 0.1, "Testing loss ": 2.6022339058238204, "Testing accuracy ": 0.1, "_timestamp": 1709105342.9198914, "_runtime": 9.203836441040039, "_step": 0, "_wandb": {"runtime": 8}}