{"Epoch ": 24, "Training loss ": 0.13486020609781357, "Training accuracy ": 0.9078518518518518, "Validation loss ": 0.15761490218067797, "Validation accuracy ": 0.889, "Testing loss ": 0.17691843992931955, "Testing accuracy ": 0.8767, "_timestamp": 1709150648.903174, "_runtime": 63.996341943740845, "_step": 49, "confusion_matrix_table": {"_type": "table-file", "sha256": "d18df24360ed444755c9b41f92fcb15224062df72958314d03925142a5b46cda", "size": 3170, "artifact_path": "wandb-client-artifact://wpp142wyuw45u89wj9yt167g41mgz8bz3c3hy47f7jpt8aqcxc749xnf9b90bv98rqkss1ykumfceevin4zvm5cem4qz6z8psyns8uwyij7xolfhhh3dm2gt7lkjufxg:latest/confusion_matrix_table.table.json", "_latest_artifact_path": "wandb-client-artifact://wpp142wyuw45u89wj9yt167g41mgz8bz3c3hy47f7jpt8aqcxc749xnf9b90bv98rqkss1ykumfceevin4zvm5cem4qz6z8psyns8uwyij7xolfhhh3dm2gt7lkjufxg:latest/confusion_matrix_table.table.json", "path": "media/table/confusion_matrix_table_49_d18df24360ed444755c9.table.json", "ncols": 3, "nrows": 100}, "_wandb": {"runtime": 63}}