{"Epoch ": 4, "Training loss ": 0.7722457230333328, "Training accuracy ": 0.7343148148148149, "Validation loss ": 0.8100835822698239, "Validation accuracy ": 0.724, "Testing loss ": 0.8227441614992002, "Testing accuracy ": 0.7214, "_timestamp": 1709127780.0544972, "_runtime": 31.9680233001709, "_step": 9, "confusion_matrix_table": {"_type": "table-file", "sha256": "f07ecc305ce584035211c8fb97e6573e8b545a29ea80b2734a072b271c8a3a74", "size": 3183, "artifact_path": "wandb-client-artifact://431pwqfpnxe53bhui6egc1ow1wv57avoncw3qmtbkkb0ex1rpewgfd5m0oysm65pzkcf82li7hazixwi6lifke3yazpvtmr967zo5mvcasq6z0jxnim681603gstagq6:latest/confusion_matrix_table.table.json", "_latest_artifact_path": "wandb-client-artifact://431pwqfpnxe53bhui6egc1ow1wv57avoncw3qmtbkkb0ex1rpewgfd5m0oysm65pzkcf82li7hazixwi6lifke3yazpvtmr967zo5mvcasq6z0jxnim681603gstagq6:latest/confusion_matrix_table.table.json", "path": "media/table/confusion_matrix_table_9_f07ecc305ce584035211.table.json", "ncols": 3, "nrows": 100}, "_wandb": {"runtime": 31}}