{"Epoch ": 4, "Training loss ": 0.35586858057174714, "Training accuracy ": 0.8720185185185185, "Validation loss ": 0.3937251757633149, "Validation accuracy ": 0.8623333333333333, "Testing loss ": 0.4137758856679018, "Testing accuracy ": 0.8538, "_timestamp": 1709453553.8828692, "_runtime": 68.27160620689392, "_step": 9, "confusion_matrix_table": {"_type": "table-file", "sha256": "6759a9c4693b0647ef56d9f06161fbcf03f66e24a756ead594e58a9512ee204d", "size": 3174, "artifact_path": "wandb-client-artifact://4ctlpoacvetl9877gx61dcwaxdkgqo4q17euo72tm2xjlfdouxsxgj6hqsp7nch72z94nc02hgds7mclup9zndsfgyykqidxscl86x71tqczmupx14s8jsqknbdpzsbp:latest/confusion_matrix_table.table.json", "_latest_artifact_path": "wandb-client-artifact://4ctlpoacvetl9877gx61dcwaxdkgqo4q17euo72tm2xjlfdouxsxgj6hqsp7nch72z94nc02hgds7mclup9zndsfgyykqidxscl86x71tqczmupx14s8jsqknbdpzsbp:latest/confusion_matrix_table.table.json", "path": "media/table/confusion_matrix_table_9_6759a9c4693b0647ef56.table.json", "ncols": 3, "nrows": 100}, "_wandb": {"runtime": 67}}