{"Epoch ": 4, "Training loss ": 0.19956470177719968, "Training accuracy ": 0.863037037037037, "Validation loss ": 0.20661164756991157, "Validation accuracy ": 0.8518333333333333, "Testing loss ": 0.22092784963645876, "Testing accuracy ": 0.8435, "_timestamp": 1709183664.1620445, "_runtime": 14.141125440597534, "_step": 9, "confusion_matrix_table": {"_type": "table-file", "sha256": "f5547a06a7d21c8f81c881d767bf4a5d8e2e29853816de8af7c46d0210f7aca4", "size": 3172, "artifact_path": "wandb-client-artifact://37e7v2py1hm6hyhroxsuc4tfxsw3mnimm63drwl8f2o09ldcxyqzdv20z6ykxj4l8c32tp6yd7y5awr8gd66of7iicoypvg54ka04710udootiwrl13yocv7xss9pn2f:latest/confusion_matrix_table.table.json", "_latest_artifact_path": "wandb-client-artifact://37e7v2py1hm6hyhroxsuc4tfxsw3mnimm63drwl8f2o09ldcxyqzdv20z6ykxj4l8c32tp6yd7y5awr8gd66of7iicoypvg54ka04710udootiwrl13yocv7xss9pn2f:latest/confusion_matrix_table.table.json", "path": "media/table/confusion_matrix_table_9_f5547a06a7d21c8f81c8.table.json", "ncols": 3, "nrows": 100}, "_wandb": {"runtime": 13}}