{"Epoch ": 29, "Training loss ": 0.27552958566759567, "Training accuracy ": 0.8976111111111111, "Validation loss ": 0.4350065510258022, "Validation accuracy ": 0.8723333333333333, "Testing loss ": 0.4838553243930975, "Testing accuracy ": 0.8578, "_timestamp": 1709406651.2521951, "_runtime": 410.2853090763092, "_step": 59, "confusion_matrix_table": {"_type": "table-file", "sha256": "67dfae2a005c17d63ebef9aa12ba25801ecd897c13db8ae75ea6675bd9db3180", "size": 3175, "artifact_path": "wandb-client-artifact://dik03c90of6vmry7hduvhh2j55vaiay54fh2ggcys91r6hje65bx73evqsmvqbtz54g31al7y3559tenhly7nmuv7ey4b26g60sqitcq95xlglqxmymtux17fzqeiwli:latest/confusion_matrix_table.table.json", "_latest_artifact_path": "wandb-client-artifact://dik03c90of6vmry7hduvhh2j55vaiay54fh2ggcys91r6hje65bx73evqsmvqbtz54g31al7y3559tenhly7nmuv7ey4b26g60sqitcq95xlglqxmymtux17fzqeiwli:latest/confusion_matrix_table.table.json", "path": "media/table/confusion_matrix_table_59_67dfae2a005c17d63ebe.table.json", "ncols": 3, "nrows": 100}, "_wandb": {"runtime": 409}}