{"Epoch ": 14, "Training loss ": 0.900584738780903, "Training accuracy ": 0.0972962962962963, "Validation loss ": 0.9005610126665885, "Validation accuracy ": 0.09816666666666667, "Testing loss ": 0.9005783545904603, "Testing accuracy ": 0.1007, "_timestamp": 1709143526.0554612, "_runtime": 103.20379710197449, "_step": 29, "confusion_matrix_table": {"_type": "table-file", "sha256": "3674c42b70d6ca9820b6846d89d4e84600fd6eb8e04b97eb33d62488eaca438e", "size": 3169, "artifact_path": "wandb-client-artifact://ovtrg07k2brhndupq6d0a4navsvyj8zxb2pkqzsx12r8nw43w672mpalrs0755d5vwepxbqor147pqguhpzph2xq5iqsgcneua63h4hdu36yp5qjpiw7addlmxdjnsw6:latest/confusion_matrix_table.table.json", "_latest_artifact_path": "wandb-client-artifact://ovtrg07k2brhndupq6d0a4navsvyj8zxb2pkqzsx12r8nw43w672mpalrs0755d5vwepxbqor147pqguhpzph2xq5iqsgcneua63h4hdu36yp5qjpiw7addlmxdjnsw6:latest/confusion_matrix_table.table.json", "path": "media/table/confusion_matrix_table_29_3674c42b70d6ca9820b6.table.json", "ncols": 3, "nrows": 100}, "_wandb": {"runtime": 102}}