{"Epoch ": 24, "Training loss ": 0.3578967108159211, "Training accuracy ": 0.8738148148148148, "Validation loss ": 0.37930435013297475, "Validation accuracy ": 0.8633333333333333, "Testing loss ": 0.4013425958492528, "Testing accuracy ": 0.8573, "_timestamp": 1709446113.0041804, "_runtime": 96.11022138595581, "_step": 49, "confusion_matrix_table": {"_type": "table-file", "sha256": "b7a19c8869deff87c18114690f5bfd1a38264081a7a9d4d251194768bcbe86dd", "size": 3172, "artifact_path": "wandb-client-artifact://4q9etd9o4wbijr7li0fwrm60ufz5sk8b5m0sdrsezt8yc4gh4a14zy41c8eapy6ym04u93l6b6s7ph89pbwk9vv82qserptm64mpwdghttcj31swzmw16hd01t3yuahe:latest/confusion_matrix_table.table.json", "_latest_artifact_path": "wandb-client-artifact://4q9etd9o4wbijr7li0fwrm60ufz5sk8b5m0sdrsezt8yc4gh4a14zy41c8eapy6ym04u93l6b6s7ph89pbwk9vv82qserptm64mpwdghttcj31swzmw16hd01t3yuahe:latest/confusion_matrix_table.table.json", "path": "media/table/confusion_matrix_table_49_b7a19c8869deff87c181.table.json", "ncols": 3, "nrows": 100}, "_wandb": {"runtime": 95}}