{"Epoch ": 29, "Training loss ": 0.1334716112202279, "Training accuracy ": 0.909425925925926, "Validation loss ": 0.1719659974626264, "Validation accuracy ": 0.8818333333333334, "Testing loss ": 0.18620820319760917, "Testing accuracy ": 0.8734, "_timestamp": 1709580893.9314609, "_runtime": 108.7242739200592, "_step": 59, "confusion_matrix_table": {"_type": "table-file", "sha256": "968c8e2f9a26d94fe16be6ba7e53a834e334a3049ac5114175402101c52efe26", "size": 3172, "artifact_path": "wandb-client-artifact://ltpxm02u0s3zi20j06n40pye2ezn9hai4nfsidw478gegynl9mj6tveozix7l639sfmo2axn9rei6su6rljo1cqqrt6aukd239hv0nqkijzcmpz8m8z3ptybq18ajyfc:latest/confusion_matrix_table.table.json", "_latest_artifact_path": "wandb-client-artifact://ltpxm02u0s3zi20j06n40pye2ezn9hai4nfsidw478gegynl9mj6tveozix7l639sfmo2axn9rei6su6rljo1cqqrt6aukd239hv0nqkijzcmpz8m8z3ptybq18ajyfc:latest/confusion_matrix_table.table.json", "path": "media/table/confusion_matrix_table_59_968c8e2f9a26d94fe16b.table.json", "ncols": 3, "nrows": 100}, "_wandb": {"runtime": 107}}