{"Epoch ": 4, "Training loss ": 0.526683991255702, "Training accuracy ": 0.8157037037037037, "Validation loss ": 0.5597735758353125, "Validation accuracy ": 0.8026666666666666, "Testing loss ": 0.5769845015252781, "Testing accuracy ": 0.7971, "_timestamp": 1709400645.0362709, "_runtime": 29.803258895874023, "_step": 9, "confusion_matrix_table": {"_type": "table-file", "sha256": "d12b29ece7a43bd6a41e126a8356278fbf57ae84664ed4796137bc8b2c4ebb70", "size": 3180, "artifact_path": "wandb-client-artifact://ch2uv75926va0fu6b6hzgwgn6mft1tgak8r1zvxyt4mmgf89oot7bkjkppy3kq7o0r0tbibrku68w5p8qzq16nffd0h9l0ntr5vtwcqrj1sslzy22ok63klq1jqrk47j:latest/confusion_matrix_table.table.json", "_latest_artifact_path": "wandb-client-artifact://ch2uv75926va0fu6b6hzgwgn6mft1tgak8r1zvxyt4mmgf89oot7bkjkppy3kq7o0r0tbibrku68w5p8qzq16nffd0h9l0ntr5vtwcqrj1sslzy22ok63klq1jqrk47j:latest/confusion_matrix_table.table.json", "path": "media/table/confusion_matrix_table_9_d12b29ece7a43bd6a41e.table.json", "ncols": 3, "nrows": 100}, "_wandb": {"runtime": 29}}