{"Epoch ": 29, "Training loss ": 0.17312767657105113, "Training accuracy ": 0.9350740740740741, "Validation loss ": 0.37211988832893106, "Validation accuracy ": 0.8906666666666667, "Testing loss ": 0.402975343842542, "Testing accuracy ": 0.8789, "_timestamp": 1709299559.1130328, "_runtime": 179.0994107723236, "_step": 59, "confusion_matrix_table": {"_type": "table-file", "sha256": "1ef14a8fbed95529d90195709f12ebd10329c81bf645007cfd0aea3999e27ef5", "size": 3170, "artifact_path": "wandb-client-artifact://gvcdoeb1i00m2vw8cifb63rvju9kp8cl55dh4dlps240kftw2uo96qfdrchc9hlxufi0iw0m89p3boz6xpje016ci4f9m3arnb5pycplxyzqhjympozp2hpzbglaqdrv:latest/confusion_matrix_table.table.json", "_latest_artifact_path": "wandb-client-artifact://gvcdoeb1i00m2vw8cifb63rvju9kp8cl55dh4dlps240kftw2uo96qfdrchc9hlxufi0iw0m89p3boz6xpje016ci4f9m3arnb5pycplxyzqhjympozp2hpzbglaqdrv:latest/confusion_matrix_table.table.json", "path": "media/table/confusion_matrix_table_59_1ef14a8fbed95529d901.table.json", "ncols": 3, "nrows": 100}, "_wandb": {"runtime": 178}}