{"Epoch ": 4, "Training loss ": 0.3461815207485725, "Training accuracy ": 0.8777777777777778, "Validation loss ": 0.36349793106078715, "Validation accuracy ": 0.8716666666666667, "Testing loss ": 0.3995195671890095, "Testing accuracy ": 0.8579, "_timestamp": 1709295458.9121313, "_runtime": 16.979960203170776, "_step": 9, "confusion_matrix_table": {"_type": "table-file", "sha256": "64fd74bae35cb3420bf2b5b9174e7fe9defa9a071aa9b0fe42107ecbf15bdb32", "size": 3172, "artifact_path": "wandb-client-artifact://hcss6pdyuf010vd7e1qf6dupjjiy75udw2ompr0szh4s9yalz5vzhyey47sescv5latorqwu3pacpp8fmf3kof0nbm0rammko7d3cd3a4mxl0idgpg3l2b8qgq7f8h8k:latest/confusion_matrix_table.table.json", "_latest_artifact_path": "wandb-client-artifact://hcss6pdyuf010vd7e1qf6dupjjiy75udw2ompr0szh4s9yalz5vzhyey47sescv5latorqwu3pacpp8fmf3kof0nbm0rammko7d3cd3a4mxl0idgpg3l2b8qgq7f8h8k:latest/confusion_matrix_table.table.json", "path": "media/table/confusion_matrix_table_9_64fd74bae35cb3420bf2.table.json", "ncols": 3, "nrows": 100}, "_wandb": {"runtime": 16}}