{"Epoch ": 14, "Training loss ": 0.5397589997984616, "Training accuracy ": 0.8063703703703704, "Validation loss ": 0.5547272336227981, "Validation accuracy ": 0.7978333333333333, "Testing loss ": 0.5758015866578708, "Testing accuracy ": 0.7926, "_timestamp": 1709300883.9769258, "_runtime": 223.8651158809662, "_step": 29, "confusion_matrix_table": {"_type": "table-file", "sha256": "335bb47e88e8f07d0a2fa0395f1a2d673226fb37c9c62c0507b4b1d6b3fb1e5d", "size": 3172, "artifact_path": "wandb-client-artifact://i2ejzik8zok7zj4s0fy5smhi19knbfgdta141dm2w4pqw7unlkhex9fnclug3mtos4g1i4dq2f845dmz1pqwyu2qkvf1v5nccgi84vtx0wbk0qsyo3mgqos2unjgre89:latest/confusion_matrix_table.table.json", "_latest_artifact_path": "wandb-client-artifact://i2ejzik8zok7zj4s0fy5smhi19knbfgdta141dm2w4pqw7unlkhex9fnclug3mtos4g1i4dq2f845dmz1pqwyu2qkvf1v5nccgi84vtx0wbk0qsyo3mgqos2unjgre89:latest/confusion_matrix_table.table.json", "path": "media/table/confusion_matrix_table_29_335bb47e88e8f07d0a2f.table.json", "ncols": 3, "nrows": 100}, "_wandb": {"runtime": 222}}