{"Epoch ": 4, "Training loss ": 0.3554696123777567, "Training accuracy ": 0.8697037037037038, "Validation loss ": 0.39494096737696766, "Validation accuracy ": 0.8616666666666667, "Testing loss ": 0.4171383207643092, "Testing accuracy ": 0.8498, "_timestamp": 1709134162.0465431, "_runtime": 26.56934118270874, "_step": 9, "confusion_matrix_table": {"_type": "table-file", "sha256": "94581b5ae48eb84c20feb94806c91e8872d1ae23697836a84cdc03e3ae1bc287", "size": 3172, "artifact_path": "wandb-client-artifact://f2x1t3jqcfenouph59lz6k2g4zy2qxpjjqdibezvcl2jkr65txwuew60to6cn4vd0l76x023y0gqp79892tjjbv5lgifhv8hc8sn52c514wwr1yhxmk6wrysse8xvwzj:latest/confusion_matrix_table.table.json", "_latest_artifact_path": "wandb-client-artifact://f2x1t3jqcfenouph59lz6k2g4zy2qxpjjqdibezvcl2jkr65txwuew60to6cn4vd0l76x023y0gqp79892tjjbv5lgifhv8hc8sn52c514wwr1yhxmk6wrysse8xvwzj:latest/confusion_matrix_table.table.json", "path": "media/table/confusion_matrix_table_9_94581b5ae48eb84c20fe.table.json", "ncols": 3, "nrows": 100}, "_wandb": {"runtime": 25}}