{"Epoch ": 4, "Training loss ": 0.46112633963966276, "Training accuracy ": 0.6537407407407407, "Validation loss ": 0.46047787614351177, "Validation accuracy ": 0.6523333333333333, "Testing loss ": 0.46803743442232837, "Testing accuracy ": 0.6489, "_timestamp": 1709399885.2968209, "_runtime": 19.724873781204224, "_step": 9, "confusion_matrix_table": {"_type": "table-file", "sha256": "11222b9c9bf4331d1606d7fb6dadd293d3b87d4ed367b644f9f803519bf7e53d", "size": 3171, "artifact_path": "wandb-client-artifact://6yxrjqc6wsrt5fxhggg7osmnv1722ytpgo6xgmye11bz2nk0pszvn7qxctq24neu9v19s93ge1sy0c8kfj1uuga1cqcecwyh0thp9bwcjguf6uq83c5ivhsz5eisvju1:latest/confusion_matrix_table.table.json", "_latest_artifact_path": "wandb-client-artifact://6yxrjqc6wsrt5fxhggg7osmnv1722ytpgo6xgmye11bz2nk0pszvn7qxctq24neu9v19s93ge1sy0c8kfj1uuga1cqcecwyh0thp9bwcjguf6uq83c5ivhsz5eisvju1:latest/confusion_matrix_table.table.json", "path": "media/table/confusion_matrix_table_9_11222b9c9bf4331d1606.table.json", "ncols": 3, "nrows": 100}, "_wandb": {"runtime": 18}}