{"Epoch ": 24, "Training loss ": 2.152539971164898, "Training accuracy ": 0.20925925925925926, "Validation loss ": 2.1523849304879676, "Validation accuracy ": 0.20966666666666667, "Testing loss ": 2.153079317943795, "Testing accuracy ": 0.2099, "_timestamp": 1709453241.82814, "_runtime": 62.689574003219604, "_step": 49, "confusion_matrix_table": {"_type": "table-file", "sha256": "aa5c7689d296fbfa800b5a246ff999c5b4fea9830635a816ea66e6e8bc3f5928", "size": 3157, "artifact_path": "wandb-client-artifact://mhswy2tzvdpbi3g0c7ox4bxdf6ky1j9ed3yuo5njnfbie79393gqnf8ms30mkqhpwdoii80q4fm68wmu41nktz6aop31hz1skzvc1iqvfacwil2ouh40cklhrfeztvfp:latest/confusion_matrix_table.table.json", "_latest_artifact_path": "wandb-client-artifact://mhswy2tzvdpbi3g0c7ox4bxdf6ky1j9ed3yuo5njnfbie79393gqnf8ms30mkqhpwdoii80q4fm68wmu41nktz6aop31hz1skzvc1iqvfacwil2ouh40cklhrfeztvfp:latest/confusion_matrix_table.table.json", "path": "media/table/confusion_matrix_table_49_aa5c7689d296fbfa800b.table.json", "ncols": 3, "nrows": 100}, "_wandb": {"runtime": 61}}