{"Epoch ": 19, "Training loss ": 0.21983992149795673, "Training accuracy ": 0.9185555555555556, "Validation loss ": 0.2950837013494678, "Validation accuracy ": 0.8946666666666667, "Testing loss ": 0.34155268621396195, "Testing accuracy ": 0.8815, "_timestamp": 1709447562.4832957, "_runtime": 101.22011160850525, "_step": 39, "confusion_matrix_table": {"_type": "table-file", "sha256": "b7670b55ee550edc8831a0b40220429a275b34daf06b6e15891c930824f58f9b", "size": 3170, "artifact_path": "wandb-client-artifact://l0h1c9z8u0eh7gdcfehx9tovgryvbugfgs13o1c5fwi22esmnshc72agqt33ecdohk3bb32c3z6pzuvlmxlejbwub56qu12a5ej0x5e0yrxzkctsc7j03si0ts2lsst0:latest/confusion_matrix_table.table.json", "_latest_artifact_path": "wandb-client-artifact://l0h1c9z8u0eh7gdcfehx9tovgryvbugfgs13o1c5fwi22esmnshc72agqt33ecdohk3bb32c3z6pzuvlmxlejbwub56qu12a5ej0x5e0yrxzkctsc7j03si0ts2lsst0:latest/confusion_matrix_table.table.json", "path": "media/table/confusion_matrix_table_39_b7670b55ee550edc8831.table.json", "ncols": 3, "nrows": 100}, "_wandb": {"runtime": 100}}