{"Epoch ": 4, "Training loss ": 0.5800556911089187, "Training accuracy ": 0.47444444444444445, "Validation loss ": 0.5749262035401422, "Validation accuracy ": 0.4765, "Testing loss ": 0.5816414490002259, "Testing accuracy ": 0.474, "_timestamp": 1709182441.7894368, "_runtime": 18.428719758987427, "_step": 9, "confusion_matrix_table": {"_type": "table-file", "sha256": "945d57645e173a55b422b785a93ec4115cefcc0998c3065318b5f478bddc5bea", "size": 3185, "artifact_path": "wandb-client-artifact://evagro45ad2fftjb8geg2lotecnur3befhl7dwetns3iwqi4icotvt9dhudphz02q40t9ju9rhhpawho2r6fqse846bone7t1kilz73r4rwrvhywd357mzjs2agv3ijh:latest/confusion_matrix_table.table.json", "_latest_artifact_path": "wandb-client-artifact://evagro45ad2fftjb8geg2lotecnur3befhl7dwetns3iwqi4icotvt9dhudphz02q40t9ju9rhhpawho2r6fqse846bone7t1kilz73r4rwrvhywd357mzjs2agv3ijh:latest/confusion_matrix_table.table.json", "path": "media/table/confusion_matrix_table_9_945d57645e173a55b422.table.json", "ncols": 3, "nrows": 100}, "_wandb": {"runtime": 11}}