{"Epoch ": 14, "Training loss ": 0.21566991829459095, "Training accuracy ": 0.9183888888888889, "Validation loss ": 0.34245060495191176, "Validation accuracy ": 0.8888333333333334, "Testing loss ": 0.3679747878252827, "Testing accuracy ": 0.8803, "_timestamp": 1709451190.6316864, "_runtime": 96.73254537582397, "_step": 29, "confusion_matrix_table": {"_type": "table-file", "sha256": "bf6c357a5099432080a5d4aa402ee242728cd94dbe01523e25fda272be6f9f7e", "size": 3166, "artifact_path": "wandb-client-artifact://ewcrmykgt0gv7zthd627p4cuxxfq9oktfo3i53tuet1jdu0xstqc12dsv2jve75nzvfgdvpif8wfjyi149p33sirso33n44d4zu9wpymwd90nqndcc636avru9nd2c3u:latest/confusion_matrix_table.table.json", "_latest_artifact_path": "wandb-client-artifact://ewcrmykgt0gv7zthd627p4cuxxfq9oktfo3i53tuet1jdu0xstqc12dsv2jve75nzvfgdvpif8wfjyi149p33sirso33n44d4zu9wpymwd90nqndcc636avru9nd2c3u:latest/confusion_matrix_table.table.json", "path": "media/table/confusion_matrix_table_29_bf6c357a5099432080a5.table.json", "ncols": 3, "nrows": 100}, "_wandb": {"runtime": 95}}