{"Epoch ": 9, "Training loss ": 0.39472433101957183, "Training accuracy ": 0.8668518518518519, "Validation loss ": 0.40997282269095126, "Validation accuracy ": 0.8623333333333333, "Testing loss ": 0.46154050580817013, "Testing accuracy ": 0.8427, "_timestamp": 1709453159.5970042, "_runtime": 28.110594272613525, "_step": 19, "confusion_matrix_table": {"_type": "table-file", "sha256": "33bd75cc684682a24ab679bb4d4a2254a7ef874a4b06c51d70f165b306547f53", "size": 3173, "artifact_path": "wandb-client-artifact://0wst2pwx89z85zpajua7r9e80m00lpp6hitmjy583x96pp0c0mpij6d5pq6b24uu2bbo32eblutqybvg7ul0espglu5f0vrqtv7oxj0mhz4xmd3mn99jc32ayl8cnx9r:latest/confusion_matrix_table.table.json", "_latest_artifact_path": "wandb-client-artifact://0wst2pwx89z85zpajua7r9e80m00lpp6hitmjy583x96pp0c0mpij6d5pq6b24uu2bbo32eblutqybvg7ul0espglu5f0vrqtv7oxj0mhz4xmd3mn99jc32ayl8cnx9r:latest/confusion_matrix_table.table.json", "path": "media/table/confusion_matrix_table_19_33bd75cc684682a24ab6.table.json", "ncols": 3, "nrows": 100}, "_wandb": {"runtime": 27}}