{"Epoch ": 9, "Training loss ": 0.8462651165107961, "Training accuracy ": 0.6915, "Validation loss ": 0.8837050538668427, "Validation accuracy ": 0.6756666666666666, "Testing loss ": 0.8771959511983604, "Testing accuracy ": 0.6865, "_timestamp": 1709306260.8243158, "_runtime": 56.04547476768494, "_step": 19, "confusion_matrix_table": {"_type": "table-file", "sha256": "c26dc47eae026b0f5172bee0d799b65a5eef3fb5cfdf8d9c1272e80cfd52d66e", "size": 3183, "artifact_path": "wandb-client-artifact://9d49e5o6hk7n786jgm154swpef23i6ynugyj9ilgp568nfv7sg7jh1qi8xoy3klejcc839sel8xml3ux0sipw9vqsdn0icm1m25s5yb4jhbyztqj5ykpnqh0a7xz7f5b:latest/confusion_matrix_table.table.json", "_latest_artifact_path": "wandb-client-artifact://9d49e5o6hk7n786jgm154swpef23i6ynugyj9ilgp568nfv7sg7jh1qi8xoy3klejcc839sel8xml3ux0sipw9vqsdn0icm1m25s5yb4jhbyztqj5ykpnqh0a7xz7f5b:latest/confusion_matrix_table.table.json", "path": "media/table/confusion_matrix_table_19_c26dc47eae026b0f5172.table.json", "ncols": 3, "nrows": 100}, "_wandb": {"runtime": 55}}