{"Epoch ": 24, "Training loss ": 0.10536242023188465, "Training accuracy ": 0.9697592592592592, "Validation loss ": 0.1104513368519293, "Validation accuracy ": 0.9656666666666667, "Testing loss ": 0.12377918784048707, "Testing accuracy ": 0.9628, "_timestamp": 1709498773.0975864, "_runtime": 163.70638132095337, "_step": 49, "confusion_matrix_table": {"_type": "table-file", "sha256": "4cccefd238d214c0a97173ffc592d3d8821f5525eb4768a3f4b4efd290f7b7d9", "size": 3152, "artifact_path": "wandb-client-artifact://zc3ewid7qtdzzegcp4l6eias5bg7f4yx27goaydwb8u45bhzax65k8de1pn8x6qug6hlvr99ilew2owo7oklbf00cv731cfeslbiqh2swv57svznkd877rt51fvobnrh:latest/confusion_matrix_table.table.json", "_latest_artifact_path": "wandb-client-artifact://zc3ewid7qtdzzegcp4l6eias5bg7f4yx27goaydwb8u45bhzax65k8de1pn8x6qug6hlvr99ilew2owo7oklbf00cv731cfeslbiqh2swv57svznkd877rt51fvobnrh:latest/confusion_matrix_table.table.json", "path": "media/table/confusion_matrix_table_49_4cccefd238d214c0a971.table.json", "ncols": 3, "nrows": 100}, "_wandb": {"runtime": 162}}