{"Epoch ": 19, "Training loss ": 0.40514859046234913, "Training accuracy ": 0.7287037037037037, "Validation loss ": 0.4066501881427466, "Validation accuracy ": 0.727, "Testing loss ": 0.4098355198166828, "Testing accuracy ": 0.7226, "_timestamp": 1709306450.5073798, "_runtime": 139.77840876579285, "_step": 39, "confusion_matrix_table": {"_type": "table-file", "sha256": "73bf088a47458bb89f23cf1799408fcaf34561dd0af4cc4d5d9446ecf195bdb7", "size": 3182, "artifact_path": "wandb-client-artifact://ketkfpfkpcva8wyou4s7z8qe268mp05h5ded5jm8m18ec0127k72zc29wypd3nkpzsbzrmfecpyeamv5keqgpqjzconopmtop2advjoudm49l9m9pjr9px3fj8w958r3:latest/confusion_matrix_table.table.json", "_latest_artifact_path": "wandb-client-artifact://ketkfpfkpcva8wyou4s7z8qe268mp05h5ded5jm8m18ec0127k72zc29wypd3nkpzsbzrmfecpyeamv5keqgpqjzconopmtop2advjoudm49l9m9pjr9px3fj8w958r3:latest/confusion_matrix_table.table.json", "path": "media/table/confusion_matrix_table_39_73bf088a47458bb89f23.table.json", "ncols": 3, "nrows": 100}, "_wandb": {"runtime": 139}}