{"Epoch ": 19, "Training loss ": 0.20876138874720615, "Training accuracy ": 0.9246851851851852, "Validation loss ": 0.29623520514696416, "Validation accuracy ": 0.8913333333333333, "Testing loss ": 0.33739904731908243, "Testing accuracy ": 0.8814, "_timestamp": 1709292009.605502, "_runtime": 69.7481107711792, "_step": 39, "confusion_matrix_table": {"_type": "table-file", "sha256": "06e31050a65a7527c08500a95b753f215d7ecf40406d78a359de59e913ea2368", "size": 3172, "artifact_path": "wandb-client-artifact://zvfj6579flqp47qzrtmhh1ukekxz5k1qwt6xk4muk8df0nzum63pb2fyj2etgtcbtmjwoom5aufi0kqis0mknjfwb7sj3ry6ypvlc5wgo6zygattmpof901s6sjw812o:latest/confusion_matrix_table.table.json", "_latest_artifact_path": "wandb-client-artifact://zvfj6579flqp47qzrtmhh1ukekxz5k1qwt6xk4muk8df0nzum63pb2fyj2etgtcbtmjwoom5aufi0kqis0mknjfwb7sj3ry6ypvlc5wgo6zygattmpof901s6sjw812o:latest/confusion_matrix_table.table.json", "path": "media/table/confusion_matrix_table_39_06e31050a65a7527c085.table.json", "ncols": 3, "nrows": 100}, "_wandb": {"runtime": 68}}