{"Epoch ": 29, "Training loss ": 0.16901272724400565, "Training accuracy ": 0.8840925925925925, "Validation loss ": 0.19318353349444373, "Validation accuracy ": 0.8648333333333333, "Testing loss ": 0.19694861154921073, "Testing accuracy ": 0.8633, "_timestamp": 1709531223.5152743, "_runtime": 52.750022172927856, "_step": 59, "confusion_matrix_table": {"_type": "table-file", "sha256": "43cfd9b8e95e96f151a7c89bbfbb48a30acb54aa3a46173a37a839257df0f972", "size": 3175, "artifact_path": "wandb-client-artifact://goiq77rmr47ermt0sa4e2o1vvpgg2yefhqdclwiystws7xzbnsnsdsj89oreflcqtw41c7k8c7x5pdqsxcqrjmpehmejyy8avzt9o3yo10i945fnwuh5qrsjoa4yzzxl:latest/confusion_matrix_table.table.json", "_latest_artifact_path": "wandb-client-artifact://goiq77rmr47ermt0sa4e2o1vvpgg2yefhqdclwiystws7xzbnsnsdsj89oreflcqtw41c7k8c7x5pdqsxcqrjmpehmejyy8avzt9o3yo10i945fnwuh5qrsjoa4yzzxl:latest/confusion_matrix_table.table.json", "path": "media/table/confusion_matrix_table_59_43cfd9b8e95e96f151a7.table.json", "ncols": 3, "nrows": 100}, "_wandb": {"runtime": 52}}