{"Epoch ": 2, "Training loss ": 0.3190882660397085, "Training accuracy ": 0.8822407407407408, "Validation loss ": 0.33003693600346345, "Validation accuracy ": 0.8803333333333333, "Testing loss ": 0.37360757174068804, "Testing accuracy ": 0.8632, "_timestamp": 1709705836.1348937, "_runtime": 17.795271635055542, "_step": 5, "confusion_matrix_table": {"_type": "table-file", "sha256": "617920d3a846cd05f4e262a387ca0b8e39f1e941bbcad82c29272966cba2d563", "size": 3173, "artifact_path": "wandb-client-artifact://ocz7w37cn43t4wn5rzfl6xyb14e4c6jbgtz30o1gi0s61jjno55tof38k4t6kbs9zcw1ik3m74d7ukn9zj2dul7fedmre7jv9bcrt2pi00g80bt7qmp8htwwnd7nt6gk:latest/confusion_matrix_table.table.json", "_latest_artifact_path": "wandb-client-artifact://ocz7w37cn43t4wn5rzfl6xyb14e4c6jbgtz30o1gi0s61jjno55tof38k4t6kbs9zcw1ik3m74d7ukn9zj2dul7fedmre7jv9bcrt2pi00g80bt7qmp8htwwnd7nt6gk:latest/confusion_matrix_table.table.json", "path": "media/table/confusion_matrix_table_5_617920d3a846cd05f4e2.table.json", "ncols": 3, "nrows": 100}, "_wandb": {"runtime": 17}}