{"Epoch ": 9, "Training loss ": 0.6101552309034429, "Training accuracy ": 0.8375555555555556, "Validation loss ": 0.6229326503928111, "Validation accuracy ": 0.8376666666666667, "Testing loss ": 0.5855599861936788, "Testing accuracy ": 0.8461, "_timestamp": 1709489120.2986774, "_runtime": 76.783926486969, "_step": 19, "confusion_matrix_table": {"_type": "table-file", "sha256": "49f210fcd7bd0fc7bcad596d833bd06187319918611ef6a642ae4a40b20ef337", "size": 3190, "artifact_path": "wandb-client-artifact://v4bzwxrvrmmhawkozy8r8w5ci00pj0weowrajkxextl2u7szs5gazc1qsgvuwndtn9q5m8vny5pfy6ks8ra0uj07lihkabt8xstylpki4mb123xz6e2zxyaez1namj9s:latest/confusion_matrix_table.table.json", "_latest_artifact_path": "wandb-client-artifact://v4bzwxrvrmmhawkozy8r8w5ci00pj0weowrajkxextl2u7szs5gazc1qsgvuwndtn9q5m8vny5pfy6ks8ra0uj07lihkabt8xstylpki4mb123xz6e2zxyaez1namj9s:latest/confusion_matrix_table.table.json", "path": "media/table/confusion_matrix_table_19_49f210fcd7bd0fc7bcad.table.json", "ncols": 3, "nrows": 100}, "_wandb": {"runtime": 75}}