{"Epoch ": 29, "Training loss ": 0.19908828905182385, "Training accuracy ": 0.8615925925925926, "Validation loss ": 0.21458120018128973, "Validation accuracy ": 0.8505, "Testing loss ": 0.23340790336883951, "Testing accuracy ": 0.8366, "_timestamp": 1709563569.6872602, "_runtime": 594.253561258316, "_step": 59, "confusion_matrix_table": {"_type": "table-file", "sha256": "bac6d56229e9e353b8c41b97fbb1f3ab4fe4615a74896f226e496f35b3e6f0d4", "size": 3175, "artifact_path": "wandb-client-artifact://imq00c6qy6t2uf1ra8xg1m2evlwoxdz1tj01g2fbfvf0kn3hiwa0vdw5i055l28qy1rb5v7aiy040veweus2voveu7r9jfnib91ts61x418w9ktny7jrhlj1fwxshxow:latest/confusion_matrix_table.table.json", "_latest_artifact_path": "wandb-client-artifact://imq00c6qy6t2uf1ra8xg1m2evlwoxdz1tj01g2fbfvf0kn3hiwa0vdw5i055l28qy1rb5v7aiy040veweus2voveu7r9jfnib91ts61x418w9ktny7jrhlj1fwxshxow:latest/confusion_matrix_table.table.json", "path": "media/table/confusion_matrix_table_59_bac6d56229e9e353b8c4.table.json", "ncols": 3, "nrows": 100}, "_wandb": {"runtime": 593}}