{"Epoch ": 29, "Training loss ": 1.0534194476413408, "Training accuracy ": 0.6744814814814815, "Validation loss ": 1.0690619052413883, "Validation accuracy ": 0.6686666666666666, "Testing loss ": 1.1183397327462294, "Testing accuracy ": 0.6576, "_timestamp": 1709489113.3145304, "_runtime": 237.3760073184967, "_step": 59, "confusion_matrix_table": {"_type": "table-file", "sha256": "a3f5648f4d5fec293de3a44c3f1faaabc27b0497b017af46b19439e08418b8f3", "size": 3173, "artifact_path": "wandb-client-artifact://gk99ok8d6l7m5y758usolx2x9p57dej7khg72h64tvi4qgu4tq8kdwxdkco43dn4iqljnr6i7dhbqx6fk3v745fj993agvgl098n4d843pmyyj1sd1kxk841sy149evq:latest/confusion_matrix_table.table.json", "_latest_artifact_path": "wandb-client-artifact://gk99ok8d6l7m5y758usolx2x9p57dej7khg72h64tvi4qgu4tq8kdwxdkco43dn4iqljnr6i7dhbqx6fk3v745fj993agvgl098n4d843pmyyj1sd1kxk841sy149evq:latest/confusion_matrix_table.table.json", "path": "media/table/confusion_matrix_table_59_a3f5648f4d5fec293de3.table.json", "ncols": 3, "nrows": 100}, "_wandb": {"runtime": 236}}