{"Epoch ": 29, "Training loss ": 0.0027400537931977233, "Training accuracy ": 0.9991296296296296, "Validation loss ": 0.11990488783056882, "Validation accuracy ": 0.9758333333333333, "Testing loss ": 0.13098180446114682, "Testing accuracy ": 0.9771, "_timestamp": 1709494408.8163857, "_runtime": 568.1680226325989, "_step": 59, "confusion_matrix_table": {"_type": "table-file", "sha256": "383dc1786209c8c4d85ee202d698c2e4218f3a114a58b932e581bb77d21d5572", "size": 3146, "artifact_path": "wandb-client-artifact://t0mmzfwxufs42fs46yprzu2zkqvdwt1cazmqqeggne9tm7xko4x5kqb8gis8hv7searclrrjtsqvbhq7w91773i37sufbcvc9hfozbwcmwh2h8fm60bderiohei7gj8o:latest/confusion_matrix_table.table.json", "_latest_artifact_path": "wandb-client-artifact://t0mmzfwxufs42fs46yprzu2zkqvdwt1cazmqqeggne9tm7xko4x5kqb8gis8hv7searclrrjtsqvbhq7w91773i37sufbcvc9hfozbwcmwh2h8fm60bderiohei7gj8o:latest/confusion_matrix_table.table.json", "path": "media/table/confusion_matrix_table_59_383dc1786209c8c4d85e.table.json", "ncols": 3, "nrows": 100}, "_wandb": {"runtime": 567}}