{"Epoch ": 4, "Training loss ": 0.40632772274939405, "Training accuracy ": 0.8525185185185186, "Validation loss ": 0.43718495910737254, "Validation accuracy ": 0.84, "Testing loss ": 0.45550811771561356, "Testing accuracy ": 0.8361, "_timestamp": 1709306306.9285364, "_runtime": 28.45312738418579, "_step": 9, "confusion_matrix_table": {"_type": "table-file", "sha256": "ac8fe47f65474f1502e281e6219d607d3fea439dfe68c5f588aee7a4a5e403ae", "size": 3174, "artifact_path": "wandb-client-artifact://argc8a42yupnbd16mxconetis5tdm1ppul7n218zhwejhci6b2wy9n7j9n3pdu25o48n6i2t22f2extkfa1kxact5rbyij89l0fnd8bqr0i9wrjw7fmll38h1dtj9i3i:latest/confusion_matrix_table.table.json", "_latest_artifact_path": "wandb-client-artifact://argc8a42yupnbd16mxconetis5tdm1ppul7n218zhwejhci6b2wy9n7j9n3pdu25o48n6i2t22f2extkfa1kxact5rbyij89l0fnd8bqr0i9wrjw7fmll38h1dtj9i3i:latest/confusion_matrix_table.table.json", "path": "media/table/confusion_matrix_table_9_ac8fe47f65474f1502e2.table.json", "ncols": 3, "nrows": 100}, "_wandb": {"runtime": 27}}