{"Epoch ": 4, "Training loss ": 0.49302206077476596, "Training accuracy ": 0.8301666666666667, "Validation loss ": 0.5232473747303462, "Validation accuracy ": 0.8243333333333334, "Testing loss ": 0.543077179561609, "Testing accuracy ": 0.8135, "_timestamp": 1709400603.0014305, "_runtime": 28.794479608535767, "_step": 9, "confusion_matrix_table": {"_type": "table-file", "sha256": "09732f88af684d52d5c58b1c3af1bad31f4375f3b2fbeac99cff60712ffe6f7b", "size": 3180, "artifact_path": "wandb-client-artifact://usd188anr1a8mpju3xnonru1hwxkaj96wratihrttofg8vma8qxy0wpyg0wdl2kdzv7t0amemzhrmzrti0u0v1buu42wsxy966ls32b36t7vptysjef733lt2eeviq2f:latest/confusion_matrix_table.table.json", "_latest_artifact_path": "wandb-client-artifact://usd188anr1a8mpju3xnonru1hwxkaj96wratihrttofg8vma8qxy0wpyg0wdl2kdzv7t0amemzhrmzrti0u0v1buu42wsxy966ls32b36t7vptysjef733lt2eeviq2f:latest/confusion_matrix_table.table.json", "path": "media/table/confusion_matrix_table_9_09732f88af684d52d5c5.table.json", "ncols": 3, "nrows": 100}, "_wandb": {"runtime": 27}}