{"Epoch ": 19, "Training loss ": 0.7403989679082723, "Training accuracy ": 0.7935555555555556, "Validation loss ": 0.7396655034782713, "Validation accuracy ": 0.7926666666666666, "Testing loss ": 0.7609199422158696, "Testing accuracy ": 0.783, "_timestamp": 1709451411.3722613, "_runtime": 25.49154233932495, "_step": 39, "confusion_matrix_table": {"_type": "table-file", "sha256": "a810e795eed0caa1c0afe0f6e278a1d7d8e26c7e75688a77cebba85b0a0d2c1c", "size": 3178, "artifact_path": "wandb-client-artifact://2pgfudypzewfrvrnas6nmmhmx41bau2q0ueal1p4qkgq63q0gl6hpr4wujsxp031fh3wtgl5uur7nzstj0cdrnm9tj8f9ahut1ru94k188rmasaxc68x4p4rgc5n9p04:latest/confusion_matrix_table.table.json", "_latest_artifact_path": "wandb-client-artifact://2pgfudypzewfrvrnas6nmmhmx41bau2q0ueal1p4qkgq63q0gl6hpr4wujsxp031fh3wtgl5uur7nzstj0cdrnm9tj8f9ahut1ru94k188rmasaxc68x4p4rgc5n9p04:latest/confusion_matrix_table.table.json", "path": "media/table/confusion_matrix_table_39_a810e795eed0caa1c0af.table.json", "ncols": 3, "nrows": 100}, "_wandb": {"runtime": 24}}