{"Epoch ": 9, "Training loss ": 0.18881207174814868, "Training accuracy ": 0.8666666666666667, "Validation loss ": 0.1946935636857806, "Validation accuracy ": 0.8641666666666666, "Testing loss ": 0.2100336394592377, "Testing accuracy ": 0.8539, "_timestamp": 1709630020.453058, "_runtime": 41.87104105949402, "_step": 19, "confusion_matrix_table": {"_type": "table-file", "sha256": "65d9f1fad9341435d2c50713e5df42c3bff5d5fff82c77303ac0d6cd4582b574", "size": 3172, "artifact_path": "wandb-client-artifact://qwprt5ptw9srqh4lynvjtgjskkdf3b9x3lzgrfgshj7upuwsvq7rl7dwpjl9oo8pq02pvrdj75o3lwfff6vrzi75bhoyk99awdywd6mt1s8gwp8xj0oo8gp82six7w7e:latest/confusion_matrix_table.table.json", "_latest_artifact_path": "wandb-client-artifact://qwprt5ptw9srqh4lynvjtgjskkdf3b9x3lzgrfgshj7upuwsvq7rl7dwpjl9oo8pq02pvrdj75o3lwfff6vrzi75bhoyk99awdywd6mt1s8gwp8xj0oo8gp82six7w7e:latest/confusion_matrix_table.table.json", "path": "media/table/confusion_matrix_table_19_65d9f1fad9341435d2c5.table.json", "ncols": 3, "nrows": 100}, "_wandb": {"runtime": 40}}