{"Epoch ": 4, "Training loss ": 0.8677366465740824, "Training accuracy ": 0.3300925925925926, "Validation loss ": 0.8667439529270039, "Validation accuracy ": 0.33466666666666667, "Testing loss ": 0.8732365212789984, "Testing accuracy ": 0.3262, "_timestamp": 1709402529.19598, "_runtime": 19.219287157058716, "_step": 9, "confusion_matrix_table": {"_type": "table-file", "sha256": "667c7944fac78bd4cc5ac5a0fe4f0cc4da2255a211e7c86e63490246fda1b8c4", "size": 3159, "artifact_path": "wandb-client-artifact://9oo6blufb836qrb99xdyawipnc07olapwpe2rnd5pu3krmygo52s587nlo3pn2tpnkt6vck7iv06pvu39j87t910r0xqi4ko5l1k1ayegsvavfangg4v50fbc3lksgim:latest/confusion_matrix_table.table.json", "_latest_artifact_path": "wandb-client-artifact://9oo6blufb836qrb99xdyawipnc07olapwpe2rnd5pu3krmygo52s587nlo3pn2tpnkt6vck7iv06pvu39j87t910r0xqi4ko5l1k1ayegsvavfangg4v50fbc3lksgim:latest/confusion_matrix_table.table.json", "path": "media/table/confusion_matrix_table_9_667c7944fac78bd4cc5a.table.json", "ncols": 3, "nrows": 100}, "_wandb": {"runtime": 18}}