{"Epoch ": 29, "Training loss ": 0.1290953957927502, "Training accuracy ": 0.9190925925925926, "Validation loss ": 0.13211007966810637, "Validation accuracy ": 0.9148333333333334, "Testing loss ": 0.12940606878225847, "Testing accuracy ": 0.9187, "_timestamp": 1709534598.289439, "_runtime": 58.02537202835083, "_step": 59, "confusion_matrix_table": {"_type": "table-file", "sha256": "1eb1503e06befd4a8703cb182f3bfd3d4344188fc9ab23aef0c5749083c38307", "size": 3172, "artifact_path": "wandb-client-artifact://3vzq705fc0sklfxnkoswjqtjg5wwj6vd7m2helb1w9b59saewo4jogqswrwhyrs8qiuy39e0i12euk1fn51c6swd6vrm7a3xie4igxd0kkjmzeff7odyiguazrf1p1nl:latest/confusion_matrix_table.table.json", "_latest_artifact_path": "wandb-client-artifact://3vzq705fc0sklfxnkoswjqtjg5wwj6vd7m2helb1w9b59saewo4jogqswrwhyrs8qiuy39e0i12euk1fn51c6swd6vrm7a3xie4igxd0kkjmzeff7odyiguazrf1p1nl:latest/confusion_matrix_table.table.json", "path": "media/table/confusion_matrix_table_59_1eb1503e06befd4a8703.table.json", "ncols": 3, "nrows": 100}, "_wandb": {"runtime": 57}}