{"Epoch ": 4, "Training loss ": 0.4734891166554952, "Training accuracy ": 0.6280370370370371, "Validation loss ": 0.4832010963156719, "Validation accuracy ": 0.621, "Testing loss ": 0.489808327244286, "Testing accuracy ": 0.6154, "_timestamp": 1709399770.1266887, "_runtime": 22.915541648864746, "_step": 9, "confusion_matrix_table": {"_type": "table-file", "sha256": "50511d87860d878d1b55daa3444bee91d5ed2bc3a16edd4324a497aa99791f14", "size": 3191, "artifact_path": "wandb-client-artifact://q79oy7i2e20br122jqtntdhppu5n78r5y557lt3soxulezwmev3zam70miqmwuz7lab0tyhv70jphl8ez29vo85j17aouj0zwumnh4rvfocgu9kd3vgodts99jflfgq7:latest/confusion_matrix_table.table.json", "_latest_artifact_path": "wandb-client-artifact://q79oy7i2e20br122jqtntdhppu5n78r5y557lt3soxulezwmev3zam70miqmwuz7lab0tyhv70jphl8ez29vo85j17aouj0zwumnh4rvfocgu9kd3vgodts99jflfgq7:latest/confusion_matrix_table.table.json", "path": "media/table/confusion_matrix_table_9_50511d87860d878d1b55.table.json", "ncols": 3, "nrows": 100}, "_wandb": {"runtime": 22}}