{"Epoch ": 4, "Training loss ": 2.296219779989146, "Training accuracy ": 0.1, "Validation loss ": 2.296223164033722, "Validation accuracy ": 0.1, "Testing loss ": 2.296268626878551, "Testing accuracy ": 0.1, "_timestamp": 1709449799.3787956, "_runtime": 22.74718952178955, "_step": 9, "confusion_matrix_table": {"_type": "table-file", "sha256": "afaa426aaabf1d52e732d58b3084bdaeac2c3443a494ca7b0a763424c418faba", "size": 3152, "artifact_path": "wandb-client-artifact://iq7ow4uwic077ffsw73l9gwcbem9wb10c06f9kwk8kz2ubz7cfwfl5mw0bwhgcvk49oq0ag9n4urle8j32bsh0yd60xr9f2tfpyjsjr37zz3nu787fq1j4dw8458r0et:latest/confusion_matrix_table.table.json", "_latest_artifact_path": "wandb-client-artifact://iq7ow4uwic077ffsw73l9gwcbem9wb10c06f9kwk8kz2ubz7cfwfl5mw0bwhgcvk49oq0ag9n4urle8j32bsh0yd60xr9f2tfpyjsjr37zz3nu787fq1j4dw8458r0et:latest/confusion_matrix_table.table.json", "path": "media/table/confusion_matrix_table_9_afaa426aaabf1d52e732.table.json", "ncols": 3, "nrows": 100}, "_wandb": {"runtime": 22}}