{"Epoch ": 4, "Training loss ": 0.8912625091232113, "Training accuracy ": 0.20283333333333334, "Validation loss ": 0.8910782773629239, "Validation accuracy ": 0.20266666666666666, "Testing loss ": 0.8913877145126902, "Testing accuracy ": 0.2005, "_timestamp": 1709527458.8978198, "_runtime": 15.521348714828491, "_step": 9, "confusion_matrix_table": {"_type": "table-file", "sha256": "53ce71d3dd0e2e1d19c389065995a53d1e21e95dec9ee7e5bb088f9f6bbaa9f6", "size": 3186, "artifact_path": "wandb-client-artifact://wlazgnhm2liynq6maz8wsnmrzp9q3enm4y0zj616lefvpaxa1btiqxo51hzurmuo2vl1iz73gcdaax29tfx81mj9lrk62jzrc7abczj4yjpusvbgqgl6ymef8o57sfj4:latest/confusion_matrix_table.table.json", "_latest_artifact_path": "wandb-client-artifact://wlazgnhm2liynq6maz8wsnmrzp9q3enm4y0zj616lefvpaxa1btiqxo51hzurmuo2vl1iz73gcdaax29tfx81mj9lrk62jzrc7abczj4yjpusvbgqgl6ymef8o57sfj4:latest/confusion_matrix_table.table.json", "path": "media/table/confusion_matrix_table_9_53ce71d3dd0e2e1d19c3.table.json", "ncols": 3, "nrows": 100}, "_wandb": {"runtime": 14}}