{"Epoch ": 19, "Training loss ": 0.4846589684781857, "Training accuracy ": 0.8346111111111111, "Validation loss ": 0.4942719190970735, "Validation accuracy ": 0.8271666666666667, "Testing loss ": 0.511603520348793, "Testing accuracy ": 0.8241, "_timestamp": 1709486644.0051904, "_runtime": 74.3686854839325, "_step": 39, "confusion_matrix_table": {"_type": "table-file", "sha256": "cb519beb71c7377b1b5add059c5259e8275fe13fa3a85ac7e297f37baae449fe", "size": 3176, "artifact_path": "wandb-client-artifact://6fmx41yo38vs032cf1wz4i7wq142gtkilmxfs7drbdtvntzu5bjec1amxd8p2tw0hunqih6a4042yr2w8kn1wu4k4rp2qjirw57sv6ff6d24v2fkx0y932druyjlc16e:latest/confusion_matrix_table.table.json", "_latest_artifact_path": "wandb-client-artifact://6fmx41yo38vs032cf1wz4i7wq142gtkilmxfs7drbdtvntzu5bjec1amxd8p2tw0hunqih6a4042yr2w8kn1wu4k4rp2qjirw57sv6ff6d24v2fkx0y932druyjlc16e:latest/confusion_matrix_table.table.json", "path": "media/table/confusion_matrix_table_39_cb519beb71c7377b1b5a.table.json", "ncols": 3, "nrows": 100}, "_wandb": {"runtime": 73}}