{"Epoch ": 14, "Training loss ": 0.5619280828559591, "Training accuracy ": 0.8342962962962963, "Validation loss ": 0.6120079386172631, "Validation accuracy ": 0.8305, "Testing loss ": 0.6975438715911394, "Testing accuracy ": 0.8146, "_timestamp": 1709448658.63755, "_runtime": 27.07172703742981, "_step": 29, "confusion_matrix_table": {"_type": "table-file", "sha256": "c4bdaced597f8c774d5dd5cec5913d68c940407bc34166860e55498ab832a072", "size": 3173, "artifact_path": "wandb-client-artifact://y0peha0iqy75a1pequ672m8prjq0wovui9xbf60tdgjfqdrkqdli74hv44qtg51oluwzsr6b67ma3uqj7bqs2jylxxfcbwe9kc5rk4c39c1r464e673qybbo3gfhk2xd:latest/confusion_matrix_table.table.json", "_latest_artifact_path": "wandb-client-artifact://y0peha0iqy75a1pequ672m8prjq0wovui9xbf60tdgjfqdrkqdli74hv44qtg51oluwzsr6b67ma3uqj7bqs2jylxxfcbwe9kc5rk4c39c1r464e673qybbo3gfhk2xd:latest/confusion_matrix_table.table.json", "path": "media/table/confusion_matrix_table_29_c4bdaced597f8c774d5d.table.json", "ncols": 3, "nrows": 100}, "_wandb": {"runtime": 26}}