{"Epoch ": 9, "Training loss ": 0.4864936600733059, "Training accuracy ": 0.7875555555555556, "Validation loss ": 0.4892211828758693, "Validation accuracy ": 0.7848333333333334, "Testing loss ": 0.4928525987375474, "Testing accuracy ": 0.7762, "_timestamp": 1709628301.7320592, "_runtime": 19.715169191360474, "_step": 19, "confusion_matrix_table": {"_type": "table-file", "sha256": "ab8125367e79cb60e02120ad2662431f27f73179df0e859c07c604e10e9b3169", "size": 3186, "artifact_path": "wandb-client-artifact://eqq2e7xkwaa8undgfu4l2e6cf00wyin6xjyk6wsmeg2tbldvt45b5bbfg38oqrzm81ba43tc5gjy0nr2lxp88ar990h7d60i6b6m2awat743iqfe67ua5kn4cnnnh2cd:latest/confusion_matrix_table.table.json", "_latest_artifact_path": "wandb-client-artifact://eqq2e7xkwaa8undgfu4l2e6cf00wyin6xjyk6wsmeg2tbldvt45b5bbfg38oqrzm81ba43tc5gjy0nr2lxp88ar990h7d60i6b6m2awat743iqfe67ua5kn4cnnnh2cd:latest/confusion_matrix_table.table.json", "path": "media/table/confusion_matrix_table_19_ab8125367e79cb60e021.table.json", "ncols": 3, "nrows": 100}, "_wandb": {"runtime": 18}}