{"Epoch ": 24, "Training loss ": 0.24250594463831437, "Training accuracy ": 0.9106851851851852, "Validation loss ": 0.3478932323464956, "Validation accuracy ": 0.8838333333333334, "Testing loss ": 0.37761778107438887, "Testing accuracy ": 0.8706, "_timestamp": 1709288799.5003655, "_runtime": 82.24749445915222, "_step": 49, "confusion_matrix_table": {"_type": "table-file", "sha256": "2e8d27942de8673bd89beb8335abe98bf5db1d53ffb9fdcc7c5b9e76565d94fa", "size": 3172, "artifact_path": "wandb-client-artifact://yuuwszx8wzb28l91kohsfd9egez62z0d49b8mu82j3hjfhcwbn6op35ffpdt7mmwwtpz1bn1av2wn8isa74zrzkkcaq5pvos6qwffy1df3hcg8u1icktiyzw5rezmjl1:latest/confusion_matrix_table.table.json", "_latest_artifact_path": "wandb-client-artifact://yuuwszx8wzb28l91kohsfd9egez62z0d49b8mu82j3hjfhcwbn6op35ffpdt7mmwwtpz1bn1av2wn8isa74zrzkkcaq5pvos6qwffy1df3hcg8u1icktiyzw5rezmjl1:latest/confusion_matrix_table.table.json", "path": "media/table/confusion_matrix_table_49_2e8d27942de8673bd89b.table.json", "ncols": 3, "nrows": 100}, "_wandb": {"runtime": 81}}