{"Epoch ": 24, "Training loss ": 0.22416124750933872, "Training accuracy ": 0.9251666666666667, "Validation loss ": 0.46655131734538297, "Validation accuracy ": 0.879, "Testing loss ": 0.49069251765509, "Testing accuracy ": 0.8721, "_timestamp": 1709487860.8975637, "_runtime": 477.36078572273254, "_step": 49, "confusion_matrix_table": {"_type": "table-file", "sha256": "876672e2b853e29d7f50e82a82183bbd1ea69108daefe5fb2112d34144f20bd8", "size": 3170, "artifact_path": "wandb-client-artifact://3aql71izvukxaqmdltjp8zft4c57a33jzjmypg62i4ek1d5ptzvou6oypxfuf8oj7yquxospjda4193twciwz0u1z3iykyy7xr54q6xoyz627mk9ugzdntr8o0wr8cux:latest/confusion_matrix_table.table.json", "_latest_artifact_path": "wandb-client-artifact://3aql71izvukxaqmdltjp8zft4c57a33jzjmypg62i4ek1d5ptzvou6oypxfuf8oj7yquxospjda4193twciwz0u1z3iykyy7xr54q6xoyz627mk9ugzdntr8o0wr8cux:latest/confusion_matrix_table.table.json", "path": "media/table/confusion_matrix_table_49_876672e2b853e29d7f50.table.json", "ncols": 3, "nrows": 100}, "_wandb": {"runtime": 476}}