{"Epoch ": 2, "Training loss ": 0.31990070759296874, "Training accuracy ": 0.8856666666666667, "Validation loss ": 0.3520970415860579, "Validation accuracy ": 0.8735, "Testing loss ": 0.3759312020544113, "Testing accuracy ": 0.869, "_timestamp": 1709732956.851456, "_runtime": 15.231395959854126, "_step": 5, "confusion_matrix_table": {"_type": "table-file", "sha256": "1cb577a1d664da0b49b728da03deecb52d0c06eed9eb6d137874412ca95125fd", "size": 3174, "artifact_path": "wandb-client-artifact://0zqtrfkndnla9g09ekxu4191ve28tr7jvnpyhm4fm40dyau1l4o9jiwcoiw2dc6i7bjx1xcjwc2ah2o0g6k91wkhgll0au0zhp1egqa52v7x2mr62dwhqp3ptvst0mgb:latest/confusion_matrix_table.table.json", "_latest_artifact_path": "wandb-client-artifact://0zqtrfkndnla9g09ekxu4191ve28tr7jvnpyhm4fm40dyau1l4o9jiwcoiw2dc6i7bjx1xcjwc2ah2o0g6k91wkhgll0au0zhp1egqa52v7x2mr62dwhqp3ptvst0mgb:latest/confusion_matrix_table.table.json", "path": "media/table/confusion_matrix_table_5_1cb577a1d664da0b49b7.table.json", "ncols": 3, "nrows": 100}, "_wandb": {"runtime": 14}}