{"Epoch ": 29, "Training loss ": 0.018934164622388006, "Training accuracy ": 0.9940925925925926, "Validation loss ": 0.21383347473221578, "Validation accuracy ": 0.9666666666666667, "Testing loss ": 0.2000378859874347, "Testing accuracy ": 0.9692, "_timestamp": 1709497712.3299417, "_runtime": 74.5227358341217, "_step": 59, "confusion_matrix_table": {"_type": "table-file", "sha256": "1d05909e833a0a53bfa79017e1ad3069dbe8e93a32c0342f4533bb50025875a0", "size": 3150, "artifact_path": "wandb-client-artifact://ix70usjpcskupn56j55xpczd6sz1sfzmoi2og4tnx71i36wzfmyhkv9fnshoalwn3ikr5ow16gepa8fa9prh8rb1euwp3b49tuc4ytd3oqavwmjxpceceh2j4jvojdww:latest/confusion_matrix_table.table.json", "_latest_artifact_path": "wandb-client-artifact://ix70usjpcskupn56j55xpczd6sz1sfzmoi2og4tnx71i36wzfmyhkv9fnshoalwn3ikr5ow16gepa8fa9prh8rb1euwp3b49tuc4ytd3oqavwmjxpceceh2j4jvojdww:latest/confusion_matrix_table.table.json", "path": "media/table/confusion_matrix_table_59_1d05909e833a0a53bfa7.table.json", "ncols": 3, "nrows": 100}, "_wandb": {"runtime": 73}}