{"Epoch ": 29, "Training loss ": 0.18176516998552852, "Training accuracy ": 0.9332222222222222, "Validation loss ": 0.3125089507151568, "Validation accuracy ": 0.8943333333333333, "Testing loss ": 0.35211455786973467, "Testing accuracy ": 0.8804, "_timestamp": 1709411745.4083266, "_runtime": 80.25479674339294, "_step": 59, "confusion_matrix_table": {"_type": "table-file", "sha256": "562b5294603146406f8a9bf5a26d14b0f8202cd60d11083a396c9d5ace02fae9", "size": 3173, "artifact_path": "wandb-client-artifact://wkm726e4tyvol77mvthdp7bkw4a90tqncri07ybh3o5s0nrk58znzswres6dschxp9csnu6bi9dride77td68k5gcc48df8tmv85qvyhrhrevsnos6iwtk060zwzb3fv:latest/confusion_matrix_table.table.json", "_latest_artifact_path": "wandb-client-artifact://wkm726e4tyvol77mvthdp7bkw4a90tqncri07ybh3o5s0nrk58znzswres6dschxp9csnu6bi9dride77td68k5gcc48df8tmv85qvyhrhrevsnos6iwtk060zwzb3fv:latest/confusion_matrix_table.table.json", "path": "media/table/confusion_matrix_table_59_562b5294603146406f8a.table.json", "ncols": 3, "nrows": 100}, "_wandb": {"runtime": 79}}