{"Epoch ": 24, "Training loss ": 0.19333967483022926, "Training accuracy ": 0.8663888888888889, "Validation loss ": 0.20940962292619208, "Validation accuracy ": 0.8556666666666667, "Testing loss ": 0.22173373057953577, "Testing accuracy ": 0.847, "_timestamp": 1709313962.124401, "_runtime": 44.6777081489563, "_step": 49, "confusion_matrix_table": {"_type": "table-file", "sha256": "478f604ebc5c58fe3e4c5b2e6a4313fa74def2a332a29c0a5e08c3b31e1f29d0", "size": 3174, "artifact_path": "wandb-client-artifact://3ll8sy7b155r63des24czq0xmr1outtl7x3g28bskw6pzp7na77m5lts9nmtz5e8zjatv9t0z6bunm8rshvcc4l6pevx965r1p597xwcd0br9f0g75d5em9k0v1hxq8t:latest/confusion_matrix_table.table.json", "_latest_artifact_path": "wandb-client-artifact://3ll8sy7b155r63des24czq0xmr1outtl7x3g28bskw6pzp7na77m5lts9nmtz5e8zjatv9t0z6bunm8rshvcc4l6pevx965r1p597xwcd0br9f0g75d5em9k0v1hxq8t:latest/confusion_matrix_table.table.json", "path": "media/table/confusion_matrix_table_49_478f604ebc5c58fe3e4c.table.json", "ncols": 3, "nrows": 100}, "_wandb": {"runtime": 43}}