{"Epoch ": 29, "Training loss ": 0.1996249526056924, "Training accuracy ": 0.9274814814814815, "Validation loss ": 0.3589991452584288, "Validation accuracy ": 0.8848333333333334, "Testing loss ": 0.3616395070436716, "Testing accuracy ": 0.8777, "_timestamp": 1709289963.4311402, "_runtime": 69.87849521636963, "_step": 59, "confusion_matrix_table": {"_type": "table-file", "sha256": "6c3dbcd9798564c7941578d8dab6381254103f2b299e8cd901e8bbfa46d6d237", "size": 3169, "artifact_path": "wandb-client-artifact://10qiej6my342yiycajupycchuxmvcf5n8jy3lrql640n47dydwn5yte7jgahcd4fccfun0zwebbb2oxnl7pkbhqc0ds7nuo031a8hxoe4e5lrcqeeq83wdbsfgpovmrl:latest/confusion_matrix_table.table.json", "_latest_artifact_path": "wandb-client-artifact://10qiej6my342yiycajupycchuxmvcf5n8jy3lrql640n47dydwn5yte7jgahcd4fccfun0zwebbb2oxnl7pkbhqc0ds7nuo031a8hxoe4e5lrcqeeq83wdbsfgpovmrl:latest/confusion_matrix_table.table.json", "path": "media/table/confusion_matrix_table_59_6c3dbcd9798564c79415.table.json", "ncols": 3, "nrows": 100}, "_wandb": {"runtime": 69}}