{"Epoch ": 14, "Training loss ": 0.33796764122474826, "Training accuracy ": 0.877, "Validation loss ": 0.39816350572878484, "Validation accuracy ": 0.8548333333333333, "Testing loss ": 0.4096759102384308, "Testing accuracy ": 0.8544, "_timestamp": 1709286915.0903556, "_runtime": 23.93369460105896, "_step": 29, "confusion_matrix_table": {"_type": "table-file", "sha256": "3c25d4046fb9fecea904dec8e027785b3dad4e3a7caddb39027611818ffc809e", "size": 3174, "artifact_path": "wandb-client-artifact://kse4qmtyjdt8oh31esfybctf8bxx565eymbf96z400iaolont95ofo2taglv5d2848c7mmuc5axyckzex5ztkunqb6h1whag3dz18uojal0lz9kogfdynxtlvcaun42k:latest/confusion_matrix_table.table.json", "_latest_artifact_path": "wandb-client-artifact://kse4qmtyjdt8oh31esfybctf8bxx565eymbf96z400iaolont95ofo2taglv5d2848c7mmuc5axyckzex5ztkunqb6h1whag3dz18uojal0lz9kogfdynxtlvcaun42k:latest/confusion_matrix_table.table.json", "path": "media/table/confusion_matrix_table_29_3c25d4046fb9fecea904.table.json", "ncols": 3, "nrows": 100}, "_wandb": {"runtime": 23}}