{"Epoch ": 14, "Training loss ": 0.12740914077492368, "Training accuracy ": 0.9124074074074074, "Validation loss ": 0.17276541456791214, "Validation accuracy ": 0.8818333333333334, "Testing loss ": 0.18323011301757283, "Testing accuracy ": 0.876, "_timestamp": 1709533588.1328516, "_runtime": 279.36248254776, "_step": 29, "confusion_matrix_table": {"_type": "table-file", "sha256": "832ba2ff295b147e988ce1b3cf55c45a3e38fec85e752ac9d1cf5ef5c9422e65", "size": 3170, "artifact_path": "wandb-client-artifact://1x3saeg1s72onx11cubvdqmxp5zajmqidopm8xkbokd4o4klc4cj12c45z1xclfhqmltw47udc923zd7p9cmsooeo7v14glpcm1isl4cpj7l43nxe3gq7qm1e1ge8xt5:latest/confusion_matrix_table.table.json", "_latest_artifact_path": "wandb-client-artifact://1x3saeg1s72onx11cubvdqmxp5zajmqidopm8xkbokd4o4klc4cj12c45z1xclfhqmltw47udc923zd7p9cmsooeo7v14glpcm1isl4cpj7l43nxe3gq7qm1e1ge8xt5:latest/confusion_matrix_table.table.json", "path": "media/table/confusion_matrix_table_29_832ba2ff295b147e988c.table.json", "ncols": 3, "nrows": 100}, "_wandb": {"runtime": 278}}