{"Epoch ": 29, "Training loss ": 0.2452509497444312, "Training accuracy ": 0.9129814814814815, "Validation loss ": 0.30761384239362466, "Validation accuracy ": 0.8871666666666667, "Testing loss ": 0.3312254997875654, "Testing accuracy ": 0.8826, "_timestamp": 1709407474.4276373, "_runtime": 96.72660827636719, "_step": 59, "confusion_matrix_table": {"_type": "table-file", "sha256": "b2fd3deffa51c511ae84a011350b403d2524f344d3ddbc7a7496c4ba19dbf0cb", "size": 3171, "artifact_path": "wandb-client-artifact://t59ujjdno4v9plk13uniry9tbgj35wqg6hpwbkm5xyud3hfpq5du2jn3x8vrp0ya6iiroe1njqdoyqbtj2onuvl4njce9aq43p352ofx2jxcrd0owkjyl4sgw1zsmvem:latest/confusion_matrix_table.table.json", "_latest_artifact_path": "wandb-client-artifact://t59ujjdno4v9plk13uniry9tbgj35wqg6hpwbkm5xyud3hfpq5du2jn3x8vrp0ya6iiroe1njqdoyqbtj2onuvl4njce9aq43p352ofx2jxcrd0owkjyl4sgw1zsmvem:latest/confusion_matrix_table.table.json", "path": "media/table/confusion_matrix_table_59_b2fd3deffa51c511ae84.table.json", "ncols": 3, "nrows": 100}, "_wandb": {"runtime": 95}}