{"Epoch ": 19, "Training loss ": 0.06215488926663325, "Training accuracy ": 0.9843703703703703, "Validation loss ": 0.19398063266386464, "Validation accuracy ": 0.9531666666666667, "Testing loss ": 0.17902351823153534, "Testing accuracy ": 0.9582, "_timestamp": 1709497112.2020752, "_runtime": 245.6764771938324, "_step": 39, "confusion_matrix_table": {"_type": "table-file", "sha256": "e213c15a47315835bef278abe66ce3cc981ae650839a74edc66ea86db8045cbe", "size": 3159, "artifact_path": "wandb-client-artifact://5rwbpb99916eq7w5cyowb1n0d5nqmiwvaoei0t7lmpjmg1t3od6zlafiegx58pz8ohfk8zbsr4mphjg89ifsxaxy1gwi33y2pqia6g6gde4gcnel45mddcxb4hinyjk3:latest/confusion_matrix_table.table.json", "_latest_artifact_path": "wandb-client-artifact://5rwbpb99916eq7w5cyowb1n0d5nqmiwvaoei0t7lmpjmg1t3od6zlafiegx58pz8ohfk8zbsr4mphjg89ifsxaxy1gwi33y2pqia6g6gde4gcnel45mddcxb4hinyjk3:latest/confusion_matrix_table.table.json", "path": "media/table/confusion_matrix_table_39_e213c15a47315835bef2.table.json", "ncols": 3, "nrows": 100}, "_wandb": {"runtime": 244}}