{"Epoch ": 19, "Training loss ": 0.1330672510010435, "Training accuracy ": 0.907537037037037, "Validation loss ": 0.16777491584872686, "Validation accuracy ": 0.883, "Testing loss ": 0.18106865132188732, "Testing accuracy ": 0.8724, "_timestamp": 1709145143.1209168, "_runtime": 114.32499194145203, "_step": 39, "confusion_matrix_table": {"_type": "table-file", "sha256": "dd4f5262273168c4913a298336900f75eb11eec7a49cd683f4a009a09ce3bb9b", "size": 3172, "artifact_path": "wandb-client-artifact://oqsbhvzfak250iubs72sy9hqqcshi20edi977eaktlq3pykwwdc3qgix01f6uk2japl8z7hphyvfy1ry7xdlfa3kglafnpwenum0mljox3cn7m0iqhd55e50ls6sq3k8:latest/confusion_matrix_table.table.json", "_latest_artifact_path": "wandb-client-artifact://oqsbhvzfak250iubs72sy9hqqcshi20edi977eaktlq3pykwwdc3qgix01f6uk2japl8z7hphyvfy1ry7xdlfa3kglafnpwenum0mljox3cn7m0iqhd55e50ls6sq3k8:latest/confusion_matrix_table.table.json", "path": "media/table/confusion_matrix_table_39_dd4f5262273168c4913a.table.json", "ncols": 3, "nrows": 100}, "_wandb": {"runtime": 113}}