{"Epoch ": 29, "Training loss ": 0.1711017926747714, "Training accuracy ": 0.8836481481481482, "Validation loss ": 0.20268412711226869, "Validation accuracy ": 0.8618333333333333, "Testing loss ": 0.21082859010398292, "Testing accuracy ": 0.8565, "_timestamp": 1709573535.4754832, "_runtime": 813.5614302158356, "_step": 59, "confusion_matrix_table": {"_type": "table-file", "sha256": "57517cf24f099867cf6cbdcbc60ec5c50fd4635c7cb19c4d09934efd95cb3443", "size": 3173, "artifact_path": "wandb-client-artifact://dzgwzfa7igmpvptb1ailhyu0kglfba598re74qts838od08dmtkm4a1zy3m3mngv9c5mcivu9wpm6zoa22d8a9ojub6s8tnkz9fw86f8o8uneci2mk23hpu6dahv58ly:latest/confusion_matrix_table.table.json", "_latest_artifact_path": "wandb-client-artifact://dzgwzfa7igmpvptb1ailhyu0kglfba598re74qts838od08dmtkm4a1zy3m3mngv9c5mcivu9wpm6zoa22d8a9ojub6s8tnkz9fw86f8o8uneci2mk23hpu6dahv58ly:latest/confusion_matrix_table.table.json", "path": "media/table/confusion_matrix_table_59_57517cf24f099867cf6c.table.json", "ncols": 3, "nrows": 100}, "_wandb": {"runtime": 812}}