{"Epoch ": 19, "Training loss ": 0.3426032269828685, "Training accuracy ": 0.9141111111111111, "Validation loss ": 0.36782375356308444, "Validation accuracy ": 0.9055, "Testing loss ": 0.3359042908716887, "Testing accuracy ": 0.9151, "_timestamp": 1709490620.5207536, "_runtime": 517.9775505065918, "_step": 39, "confusion_matrix_table": {"_type": "table-file", "sha256": "c9ad621271f9f5377baac1f8c387bcc87a331101e63d6811fc42ae145a4d4348", "size": 3178, "artifact_path": "wandb-client-artifact://i720ypjwcwtei27j1jkkhqferz6zpc4m9fxi5696gjd79r4vdtajao73e1qi7n6yngh1o8kh2xd4mm1oyvzc4qzfq3hhxx0cqcr14kbpfehe7pj5pr0ajans261rb99i:latest/confusion_matrix_table.table.json", "_latest_artifact_path": "wandb-client-artifact://i720ypjwcwtei27j1jkkhqferz6zpc4m9fxi5696gjd79r4vdtajao73e1qi7n6yngh1o8kh2xd4mm1oyvzc4qzfq3hhxx0cqcr14kbpfehe7pj5pr0ajans261rb99i:latest/confusion_matrix_table.table.json", "path": "media/table/confusion_matrix_table_39_c9ad621271f9f5377baa.table.json", "ncols": 3, "nrows": 100}, "_wandb": {"runtime": 517}}