{"Epoch ": 14, "Training loss ": 1.2155944725683105, "Training accuracy ": 0.517537037037037, "Validation loss ": 1.2150549493414935, "Validation accuracy ": 0.5181666666666667, "Testing loss ": 1.2265910377997642, "Testing accuracy ": 0.5099, "_timestamp": 1709445786.7530456, "_runtime": 103.99360156059265, "_step": 29, "confusion_matrix_table": {"_type": "table-file", "sha256": "cb40e1289d9d772eb70b4aba9f3ea0d445743b6c187ed4e18c4ee1a7a60ca88b", "size": 3177, "artifact_path": "wandb-client-artifact://7d5fb2wloviaxhaw6imkb5bm0pnltkhzj589aav3k2q7tg47sebr1u9o3ccpjmnd7m0d0m0tu46dqdsiatt6ujzqwm30msuqefymwwwnqts35mz6aoewl3t1kx7z4eg1:latest/confusion_matrix_table.table.json", "_latest_artifact_path": "wandb-client-artifact://7d5fb2wloviaxhaw6imkb5bm0pnltkhzj589aav3k2q7tg47sebr1u9o3ccpjmnd7m0d0m0tu46dqdsiatt6ujzqwm30msuqefymwwwnqts35mz6aoewl3t1kx7z4eg1:latest/confusion_matrix_table.table.json", "path": "media/table/confusion_matrix_table_29_cb40e1289d9d772eb70b.table.json", "ncols": 3, "nrows": 100}, "_wandb": {"runtime": 103}}