{"Epoch ": 4, "Training loss ": 1.5297560711385296, "Training accuracy ": 0.4714074074074074, "Validation loss ": 1.528040176219845, "Validation accuracy ": 0.475, "Testing loss ": 1.5369860730544223, "Testing accuracy ": 0.466, "_timestamp": 1709103818.5918746, "_runtime": 10.46235966682434, "_step": 4, "_wandb": {"runtime": 9}}