{"Epoch ": 9, "Training loss ": 2.300276742744637, "Training accuracy ": 0.20677777777777778, "Validation loss ": 2.300271202329082, "Validation accuracy ": 0.20633333333333334, "Testing loss ": 2.3002934429943314, "Testing accuracy ": 0.2056, "_timestamp": 1709480309.0338087, "_runtime": 39.42285776138306, "_step": 19, "confusion_matrix_table": {"_type": "table-file", "sha256": "dc507ca4f8f3e976808fec469637b4635dc3cd1618bfa08f64cb5a5f5ac1ee50", "size": 3190, "artifact_path": "wandb-client-artifact://fsep0ecwu3gamsunx9w1sy74t0wywo97a7vqiep3juoquin7qk2kfp0iifhyfksch8s8ojxqeo3nhe5ndsh4p2aldkkhgt9ry5jtabiu2msyu3vcejjo7pv1w8slgiz1:latest/confusion_matrix_table.table.json", "_latest_artifact_path": "wandb-client-artifact://fsep0ecwu3gamsunx9w1sy74t0wywo97a7vqiep3juoquin7qk2kfp0iifhyfksch8s8ojxqeo3nhe5ndsh4p2aldkkhgt9ry5jtabiu2msyu3vcejjo7pv1w8slgiz1:latest/confusion_matrix_table.table.json", "path": "media/table/confusion_matrix_table_19_dc507ca4f8f3e976808f.table.json", "ncols": 3, "nrows": 100}, "_wandb": {"runtime": 38}}