{"Epoch ": 24, "Training loss ": 0.286229448910761, "Training accuracy ": 0.8973703703703704, "Validation loss ": 0.3332571912172865, "Validation accuracy ": 0.8815, "Testing loss ": 0.3550887139960841, "Testing accuracy ": 0.8741, "_timestamp": 1709480367.982721, "_runtime": 776.3106770515442, "_step": 49, "confusion_matrix_table": {"_type": "table-file", "sha256": "e6d20c08a6216384d31d95c2f12d8c78b6c328b8a5d2a5afdd8a363c392e0b90", "size": 3172, "artifact_path": "wandb-client-artifact://2wwpwiaepp7vk3phqxjddcriwy46p91di8smr5gf4yav2qrrv593kcr387kalqmlbvwybp64qeagxg5nkok6d8scdaz6q1tcetg86k92kxueexyftgt1i2ast2dazjj1:latest/confusion_matrix_table.table.json", "_latest_artifact_path": "wandb-client-artifact://2wwpwiaepp7vk3phqxjddcriwy46p91di8smr5gf4yav2qrrv593kcr387kalqmlbvwybp64qeagxg5nkok6d8scdaz6q1tcetg86k92kxueexyftgt1i2ast2dazjj1:latest/confusion_matrix_table.table.json", "path": "media/table/confusion_matrix_table_49_e6d20c08a6216384d31d.table.json", "ncols": 3, "nrows": 100}, "_wandb": {"runtime": 775}}