{"Epoch ": 24, "Training loss ": 0.19526085598140455, "Training accuracy ": 0.9299074074074074, "Validation loss ": 0.29290034839833734, "Validation accuracy ": 0.8968333333333334, "Testing loss ": 0.32309130658951474, "Testing accuracy ": 0.886, "_timestamp": 1709133603.730822, "_runtime": 260.5841610431671, "_step": 49, "confusion_matrix_table": {"_type": "table-file", "sha256": "76e9b0c7e89d96dbe65b2d7bbefe389d781e71df6a37e0b4490378afa7ef7564", "size": 3171, "artifact_path": "wandb-client-artifact://zfz77r9kezz6xv44f74khnvgmbdjsw63u24r44qyiv92l8maci1fjbeo6zsh6lq94io40u539o6fxzh295o8jiqzf3ey1l9q8z5gssgf11xoq2bawml5vhml23x9xr6e:latest/confusion_matrix_table.table.json", "_latest_artifact_path": "wandb-client-artifact://zfz77r9kezz6xv44f74khnvgmbdjsw63u24r44qyiv92l8maci1fjbeo6zsh6lq94io40u539o6fxzh295o8jiqzf3ey1l9q8z5gssgf11xoq2bawml5vhml23x9xr6e:latest/confusion_matrix_table.table.json", "path": "media/table/confusion_matrix_table_49_76e9b0c7e89d96dbe65b.table.json", "ncols": 3, "nrows": 100}, "_wandb": {"runtime": 259}}