{"Epoch ": 19, "Training loss ": 0.45307142167079467, "Training accuracy ": 0.8466851851851852, "Validation loss ": 0.4395300853238281, "Validation accuracy ": 0.85, "Testing loss ": 0.4809370241438376, "Testing accuracy ": 0.8346, "_timestamp": 1709140473.7050984, "_runtime": 35.35639429092407, "_step": 39, "confusion_matrix_table": {"_type": "table-file", "sha256": "5cd23e2df11c9580da463bd3823011168bce39e6550728ef2084f9ca39804b9b", "size": 3175, "artifact_path": "wandb-client-artifact://t32wqz20m5a4a516s8e02kzkwgwipttlqxg5c578pjqkj4dsx8ay7p5it0tlz5b4pr9yjb7q8dzx0m3sds3nosroovb0qsn6kqdtwls545i98322q2d8c32yyrlkfol2:latest/confusion_matrix_table.table.json", "_latest_artifact_path": "wandb-client-artifact://t32wqz20m5a4a516s8e02kzkwgwipttlqxg5c578pjqkj4dsx8ay7p5it0tlz5b4pr9yjb7q8dzx0m3sds3nosroovb0qsn6kqdtwls545i98322q2d8c32yyrlkfol2:latest/confusion_matrix_table.table.json", "path": "media/table/confusion_matrix_table_39_5cd23e2df11c9580da46.table.json", "ncols": 3, "nrows": 100}, "_wandb": {"runtime": 34}}