{"Epoch ": 4, "Training loss ": 0.44047987747083917, "Training accuracy ": 0.6231481481481481, "Validation loss ": 0.44246603689903624, "Validation accuracy ": 0.6231666666666666, "Testing loss ": 0.4451277617110348, "Testing accuracy ": 0.6143, "_timestamp": 1709399634.7811136, "_runtime": 19.00835156440735, "_step": 9, "confusion_matrix_table": {"_type": "table-file", "sha256": "4f6e578cf48821474bf404287e35c99c1d5a5e9ec3aa5c3fe58526f37112af54", "size": 3187, "artifact_path": "wandb-client-artifact://ds4aqk42g7dxc5sgbgk8qvjf8otrjgqu8110gqt30ypm6r784z53l08n64ooa0h693q0rwhmlr70cf60d34kv3emkb5qsd0ng8jbe4v726fcr8crilippq3nfsrlrlcd:latest/confusion_matrix_table.table.json", "_latest_artifact_path": "wandb-client-artifact://ds4aqk42g7dxc5sgbgk8qvjf8otrjgqu8110gqt30ypm6r784z53l08n64ooa0h693q0rwhmlr70cf60d34kv3emkb5qsd0ng8jbe4v726fcr8crilippq3nfsrlrlcd:latest/confusion_matrix_table.table.json", "path": "media/table/confusion_matrix_table_9_4f6e578cf48821474bf4.table.json", "ncols": 3, "nrows": 100}, "_wandb": {"runtime": 18}}