{"Epoch ": 14, "Training loss ": 0.21076163882932508, "Training accuracy ": 0.94, "Validation loss ": 0.23008046137117724, "Validation accuracy ": 0.934, "Testing loss ": 0.21044982445804575, "Testing accuracy ": 0.9385, "_timestamp": 1709493828.6153722, "_runtime": 62.39865016937256, "_step": 29, "confusion_matrix_table": {"_type": "table-file", "sha256": "eb93077030913956111b85110d6675a189fb927a5cea0eeb1a22464c1ba33c4a", "size": 3165, "artifact_path": "wandb-client-artifact://6oaidtsmagajc5lgdwqhx8eaggueyh180gm1pw7ica5zo09d8qmudpeibnu432coeu7gf0dgwt14vf9o649dtkgghjttht6zteifqmgue3voq23sv4z57kzvmj0dyuyp:latest/confusion_matrix_table.table.json", "_latest_artifact_path": "wandb-client-artifact://6oaidtsmagajc5lgdwqhx8eaggueyh180gm1pw7ica5zo09d8qmudpeibnu432coeu7gf0dgwt14vf9o649dtkgghjttht6zteifqmgue3voq23sv4z57kzvmj0dyuyp:latest/confusion_matrix_table.table.json", "path": "media/table/confusion_matrix_table_29_eb93077030913956111b.table.json", "ncols": 3, "nrows": 100}, "_wandb": {"runtime": 61}}