{"Epoch ": 24, "Training loss ": 0.25379289936937843, "Training accuracy ": 0.9054814814814814, "Validation loss ": 0.4096289859664349, "Validation accuracy ": 0.8675, "Testing loss ": 0.4389960104840184, "Testing accuracy ": 0.8646, "_timestamp": 1709455799.115228, "_runtime": 92.60512399673462, "_step": 49, "confusion_matrix_table": {"_type": "table-file", "sha256": "6343d8939f93e11745d29cbadc1d615f2df7684f36ec382234af3dcd3e042c7f", "size": 3171, "artifact_path": "wandb-client-artifact://o7yej3xh0thhtx24hk7wz081l4nr9vyuy3twv28cg29j9ydm9d6uzd0c5rrv4ildp7n8oi20dt9qelbp5hj8ugebof4wgcbpag4zzq2d7sbkkri5n5pf5a8h0e3jj5hr:latest/confusion_matrix_table.table.json", "_latest_artifact_path": "wandb-client-artifact://o7yej3xh0thhtx24hk7wz081l4nr9vyuy3twv28cg29j9ydm9d6uzd0c5rrv4ildp7n8oi20dt9qelbp5hj8ugebof4wgcbpag4zzq2d7sbkkri5n5pf5a8h0e3jj5hr:latest/confusion_matrix_table.table.json", "path": "media/table/confusion_matrix_table_49_6343d8939f93e11745d2.table.json", "ncols": 3, "nrows": 100}, "_wandb": {"runtime": 91}}