{"Epoch ": 4, "Training loss ": 0.18204384646197191, "Training accuracy ": 0.8705185185185185, "Validation loss ": 0.19213948116163687, "Validation accuracy ": 0.866, "Testing loss ": 0.21039659520076326, "Testing accuracy ": 0.8527, "_timestamp": 1709145271.6953995, "_runtime": 26.419500589370728, "_step": 9, "confusion_matrix_table": {"_type": "table-file", "sha256": "146afc833ee18c80943f071e44df0ddb8b92636907057d8e36ed6c3946354095", "size": 3172, "artifact_path": "wandb-client-artifact://6xwab4cspmzshn48iuzm6yc8ug6e4gltwlz6ch3j3ka6nluo2hugw207xlahc4rb0bc4wvgdbvtu9xwjmu8nzo5oaqbqppp3urjld436wfjf03g8wsjr87x9pu4z8qm7:latest/confusion_matrix_table.table.json", "_latest_artifact_path": "wandb-client-artifact://6xwab4cspmzshn48iuzm6yc8ug6e4gltwlz6ch3j3ka6nluo2hugw207xlahc4rb0bc4wvgdbvtu9xwjmu8nzo5oaqbqppp3urjld436wfjf03g8wsjr87x9pu4z8qm7:latest/confusion_matrix_table.table.json", "path": "media/table/confusion_matrix_table_9_146afc833ee18c80943f.table.json", "ncols": 3, "nrows": 100}, "_wandb": {"runtime": 25}}