{"Epoch ": 9, "Training loss ": 2.2459508884331254, "Training accuracy ": 0.26201851851851854, "Validation loss ": 2.245190304808714, "Validation accuracy ": 0.259, "Testing loss ": 2.2464662134402036, "Testing accuracy ": 0.2594, "_timestamp": 1709128955.979901, "_runtime": 38.06255316734314, "_step": 19, "confusion_matrix_table": {"_type": "table-file", "sha256": "e29f5ea9bbec3f8d3b4fdd614dc521355cc8c290bd7c3666f60f67b0bb83ebc4", "size": 3202, "artifact_path": "wandb-client-artifact://u9f5yuqcrx9nscsd2oyktg8pzr9i2u8htoga2jjqdzjwyn127pc808u439jz3p70uboinhs64725h4qzu7sffwsbqp37e73n5nisejddeb5fea17wm3n5uo0imxrxcby:latest/confusion_matrix_table.table.json", "_latest_artifact_path": "wandb-client-artifact://u9f5yuqcrx9nscsd2oyktg8pzr9i2u8htoga2jjqdzjwyn127pc808u439jz3p70uboinhs64725h4qzu7sffwsbqp37e73n5nisejddeb5fea17wm3n5uo0imxrxcby:latest/confusion_matrix_table.table.json", "path": "media/table/confusion_matrix_table_19_e29f5ea9bbec3f8d3b4f.table.json", "ncols": 3, "nrows": 100}, "_wandb": {"runtime": 37}}