{"Epoch ": 19, "Training loss ": 0.33058367397618654, "Training accuracy ": 0.8833518518518518, "Validation loss ": 0.3552184866061001, "Validation accuracy ": 0.8725, "Testing loss ": 0.40495296168857636, "Testing accuracy ": 0.8589, "_timestamp": 1709286721.3859932, "_runtime": 24.681363344192505, "_step": 39, "confusion_matrix_table": {"_type": "table-file", "sha256": "d01880ff1c502b0033421a32d64d5b260e4547b74ae106c72f597afa7aa499a0", "size": 3176, "artifact_path": "wandb-client-artifact://l1eidj2d0yav0rkjbrt311hzvd4zxhqx9h7yeszinjypwchzly6ju64o3wtmj1r6m9dj7fwpmwm6ekx5oodb5gtk1kfsji1k44nb72auazz6bxwr6rpw37mzsvs04wjs:latest/confusion_matrix_table.table.json", "_latest_artifact_path": "wandb-client-artifact://l1eidj2d0yav0rkjbrt311hzvd4zxhqx9h7yeszinjypwchzly6ju64o3wtmj1r6m9dj7fwpmwm6ekx5oodb5gtk1kfsji1k44nb72auazz6bxwr6rpw37mzsvs04wjs:latest/confusion_matrix_table.table.json", "path": "media/table/confusion_matrix_table_39_d01880ff1c502b003342.table.json", "ncols": 3, "nrows": 100}, "_wandb": {"runtime": 23}}