{"Epoch ": 14, "Training loss ": 0.6890975611166814, "Training accuracy ": 0.7758333333333334, "Validation loss ": 0.7020911851438053, "Validation accuracy ": 0.7741666666666667, "Testing loss ": 0.7200436890617913, "Testing accuracy ": 0.7673, "_timestamp": 1709445576.1865983, "_runtime": 36.84402632713318, "_step": 29, "confusion_matrix_table": {"_type": "table-file", "sha256": "58ab01c8120acba17027ccd8e19fdef9e874bdcf79aa7e9a24011aa94ea3a63f", "size": 3178, "artifact_path": "wandb-client-artifact://rb7qz6kxn3rk3mui8q78b7gluhbdd1ufbvelp8c7j4ucopazf2j00fg68qf94csqwxju2qwujpi3imhb5t3mvougq9zmedo5lkuamgxi95gpe61abtqm8s85ip8k9efm:latest/confusion_matrix_table.table.json", "_latest_artifact_path": "wandb-client-artifact://rb7qz6kxn3rk3mui8q78b7gluhbdd1ufbvelp8c7j4ucopazf2j00fg68qf94csqwxju2qwujpi3imhb5t3mvougq9zmedo5lkuamgxi95gpe61abtqm8s85ip8k9efm:latest/confusion_matrix_table.table.json", "path": "media/table/confusion_matrix_table_29_58ab01c8120acba17027.table.json", "ncols": 3, "nrows": 100}, "_wandb": {"runtime": 36}}