{"Epoch ": 4, "Training loss ": 2.3025667302269928, "Training accuracy ": 0.10951851851851852, "Validation loss ": 2.3025666406082674, "Validation accuracy ": 0.10716666666666666, "Testing loss ": 2.302566461134695, "Testing accuracy ": 0.1087, "_timestamp": 1709096743.8597538, "_runtime": 16.319963932037354, "_step": 4, "_wandb": {"runtime": 15}}