{"Epoch ": 29, "Training loss ": 0.532181311167829, "Training accuracy ": 0.8381296296296297, "Validation loss ": 0.693563209122153, "Validation accuracy ": 0.8188333333333333, "Testing loss ": 0.7129303483611834, "Testing accuracy ": 0.8167, "_timestamp": 1709127130.740559, "_runtime": 105.51857304573059, "_step": 59, "confusion_matrix_table": {"_type": "table-file", "sha256": "f786d83d425f00c2366c0ca7b47cf6a69071bcd13070405c88a14094bea84b35", "size": 3173, "artifact_path": "wandb-client-artifact://cxe87lmdl6pdkjxov828nnq0z1o1wvay02x6pd5kjek9728jwqfbu0r6phh1m0tgtor37gxq82ock75hpzmadfdvf67onz227pglhqqfnxynhvg9bnacqmnhrknr8a1m:latest/confusion_matrix_table.table.json", "_latest_artifact_path": "wandb-client-artifact://cxe87lmdl6pdkjxov828nnq0z1o1wvay02x6pd5kjek9728jwqfbu0r6phh1m0tgtor37gxq82ock75hpzmadfdvf67onz227pglhqqfnxynhvg9bnacqmnhrknr8a1m:latest/confusion_matrix_table.table.json", "path": "media/table/confusion_matrix_table_59_f786d83d425f00c2366c.table.json", "ncols": 3, "nrows": 100}, "_wandb": {"runtime": 104}}