{"Epoch ": 9, "Training loss ": 0.15995837180769637, "Training accuracy ": 0.8943703703703704, "Validation loss ": 0.16396892574600763, "Validation accuracy ": 0.8921666666666667, "Testing loss ": 0.16520521148145648, "Testing accuracy ": 0.8888, "_timestamp": 1709528995.2985694, "_runtime": 73.6151773929596, "_step": 19, "confusion_matrix_table": {"_type": "table-file", "sha256": "afd98d029e6ae4e46dc89c59c482974aa2026707350871a827b041c35dfb1045", "size": 3182, "artifact_path": "wandb-client-artifact://uutzqav51aushw474l7gi8449p628lqc9sxt9w4sgqk7vfeqqlhhkjagfu5zjs1md6qu1icbap08867hkgide0zpkhv2qesjo3t52cy8y3ao7lvce1aab009ywdb8czl:latest/confusion_matrix_table.table.json", "_latest_artifact_path": "wandb-client-artifact://uutzqav51aushw474l7gi8449p628lqc9sxt9w4sgqk7vfeqqlhhkjagfu5zjs1md6qu1icbap08867hkgide0zpkhv2qesjo3t52cy8y3ao7lvce1aab009ywdb8czl:latest/confusion_matrix_table.table.json", "path": "media/table/confusion_matrix_table_19_afd98d029e6ae4e46dc8.table.json", "ncols": 3, "nrows": 100}, "_wandb": {"runtime": 72}}