{"Epoch ": 4, "Training loss ": 2.302558746417821, "Training accuracy ": 0.1, "Validation loss ": 2.302559030008177, "Validation accuracy ": 0.1, "Testing loss ": 2.302558812141566, "Testing accuracy ": 0.1, "_timestamp": 1709096785.076787, "_runtime": 19.905386924743652, "_step": 4, "_wandb": {"runtime": 18}}