{"Epoch ": 14, "Training loss ": 0.47700157640855106, "Training accuracy ": 0.8347037037037037, "Validation loss ": 0.47383261684247663, "Validation accuracy ": 0.8363333333333334, "Testing loss ": 0.503145298560397, "Testing accuracy ": 0.8229, "_timestamp": 1709483537.4837089, "_runtime": 249.50239777565002, "_step": 29, "confusion_matrix_table": {"_type": "table-file", "sha256": "ff424de575dbd4d620cf2805e4f1bfee674f99cac1b72805100311d7223013cc", "size": 3175, "artifact_path": "wandb-client-artifact://62oauaxssxo6bqdmyxx64itw4ahkh6chf3tjq75t9qvacgo2f7gzknqkg6zq011mketgv2mx65q9ydoerg8iih0rly6cgs6vpcl0q4ki18z04bqs6h8wbhzgserjk2lh:latest/confusion_matrix_table.table.json", "_latest_artifact_path": "wandb-client-artifact://62oauaxssxo6bqdmyxx64itw4ahkh6chf3tjq75t9qvacgo2f7gzknqkg6zq011mketgv2mx65q9ydoerg8iih0rly6cgs6vpcl0q4ki18z04bqs6h8wbhzgserjk2lh:latest/confusion_matrix_table.table.json", "path": "media/table/confusion_matrix_table_29_ff424de575dbd4d620cf.table.json", "ncols": 3, "nrows": 100}, "_wandb": {"runtime": 248}}