{"Epoch ": 19, "Training loss ": 0.14917877050297632, "Training accuracy ": 0.8950925925925926, "Validation loss ": 0.18031440425456458, "Validation accuracy ": 0.873, "Testing loss ": 0.19344159787890292, "Testing accuracy ": 0.8666, "_timestamp": 1709145636.8040915, "_runtime": 94.88388252258301, "_step": 39, "confusion_matrix_table": {"_type": "table-file", "sha256": "e61a4e303b41e7a748a3baa5bba1f045248129d2bedb23878a2cc5983701dc76", "size": 3170, "artifact_path": "wandb-client-artifact://ms5ar10xut9f91jlpqq6kvzvfqtrqyzlwy0kmsoeebqm037qh1l9tzfaw9sq5ejpio2155xhso4mxmfoy5bwqw9egwzp7uaduqqzbrc2vc20fly5gyjdn2osg3q8nkj6:latest/confusion_matrix_table.table.json", "_latest_artifact_path": "wandb-client-artifact://ms5ar10xut9f91jlpqq6kvzvfqtrqyzlwy0kmsoeebqm037qh1l9tzfaw9sq5ejpio2155xhso4mxmfoy5bwqw9egwzp7uaduqqzbrc2vc20fly5gyjdn2osg3q8nkj6:latest/confusion_matrix_table.table.json", "path": "media/table/confusion_matrix_table_39_e61a4e303b41e7a748a3.table.json", "ncols": 3, "nrows": 100}, "_wandb": {"runtime": 94}}