{"Epoch ": 4, "Training loss ": 0.4760610356143679, "Training accuracy ": 0.8383333333333334, "Validation loss ": 0.4768214354576518, "Validation accuracy ": 0.8361666666666666, "Testing loss ": 0.5056141993915574, "Testing accuracy ": 0.8283, "_timestamp": 1709304870.4294472, "_runtime": 24.56257915496826, "_step": 9, "confusion_matrix_table": {"_type": "table-file", "sha256": "112a4c2b28004807f7a4aafa1df83a1820dbea2152198b1eea754c40f8d96041", "size": 3179, "artifact_path": "wandb-client-artifact://3epy3z8hjqw3inflxjodo9w5u28e1xb7wua5oyqknxna8ve8oiiljcger9g3ppjxyydf1lng5av4anxpgl3oo9eg2sq2d0q2sox30t35fq2ujrtn8l3r8y0wk5qnvpem:latest/confusion_matrix_table.table.json", "_latest_artifact_path": "wandb-client-artifact://3epy3z8hjqw3inflxjodo9w5u28e1xb7wua5oyqknxna8ve8oiiljcger9g3ppjxyydf1lng5av4anxpgl3oo9eg2sq2d0q2sox30t35fq2ujrtn8l3r8y0wk5qnvpem:latest/confusion_matrix_table.table.json", "path": "media/table/confusion_matrix_table_9_112a4c2b28004807f7a4.table.json", "ncols": 3, "nrows": 100}, "_wandb": {"runtime": 23}}