{"Epoch ": 4, "Training loss ": 2.157641925502765, "Training accuracy ": 0.37277777777777776, "Validation loss ": 2.163194647461242, "Validation accuracy ": 0.3575, "Testing loss ": 2.1548874270625498, "Testing accuracy ": 0.3796, "_timestamp": 1709488713.5090132, "_runtime": 45.32731628417969, "_step": 9, "confusion_matrix_table": {"_type": "table-file", "sha256": "1060aea9fc4ab3fd9e2606b55d6c371bf8d7ff5730af23e50c633f1a195b426a", "size": 3175, "artifact_path": "wandb-client-artifact://xvasw52biamb88n67zi6xrix4c6gysdyg92kk8pr2jsr7th9a9kbtohwmqd1oho1ymghwp5jb3n5lvrepvqdhh40zrz1k7ov111z80teokkbvsf4x0ndeybg5xfj5tdr:latest/confusion_matrix_table.table.json", "_latest_artifact_path": "wandb-client-artifact://xvasw52biamb88n67zi6xrix4c6gysdyg92kk8pr2jsr7th9a9kbtohwmqd1oho1ymghwp5jb3n5lvrepvqdhh40zrz1k7ov111z80teokkbvsf4x0ndeybg5xfj5tdr:latest/confusion_matrix_table.table.json", "path": "media/table/confusion_matrix_table_9_1060aea9fc4ab3fd9e26.table.json", "ncols": 3, "nrows": 100}, "_wandb": {"runtime": 44}}