{"Epoch ": 14, "Training loss ": 0.37239713857776985, "Training accuracy ": 0.7653703703703704, "Validation loss ": 0.3675262789166489, "Validation accuracy ": 0.7711666666666667, "Testing loss ": 0.37898545910524634, "Testing accuracy ": 0.7575, "_timestamp": 1709629395.354686, "_runtime": 46.31234097480774, "_step": 29, "confusion_matrix_table": {"_type": "table-file", "sha256": "732fc78aba17b214e6fb3438f2db18c37fcb527c4d1a47401bcc97845cc717d2", "size": 3181, "artifact_path": "wandb-client-artifact://h19oxqoe2jp0fdixxbhzufs2x0k1pbrp1n08yniyiqwyukcrfaxtljrfc7d8qkmfikx15e97qqp01kkou0zl49sqpf7czmwmnlvy72wqs1ot6a2vnlf90cua2z9n5sdo:latest/confusion_matrix_table.table.json", "_latest_artifact_path": "wandb-client-artifact://h19oxqoe2jp0fdixxbhzufs2x0k1pbrp1n08yniyiqwyukcrfaxtljrfc7d8qkmfikx15e97qqp01kkou0zl49sqpf7czmwmnlvy72wqs1ot6a2vnlf90cua2z9n5sdo:latest/confusion_matrix_table.table.json", "path": "media/table/confusion_matrix_table_29_732fc78aba17b214e6fb.table.json", "ncols": 3, "nrows": 100}, "_wandb": {"runtime": 45}}