{"Epoch ": 29, "Training loss ": 0.4492219715378594, "Training accuracy ": 0.7499074074074074, "Validation loss ": 0.4593474469762538, "Validation accuracy ": 0.7343333333333333, "Testing loss ": 0.45079395781194553, "Testing accuracy ": 0.7535, "_timestamp": 1709530917.639932, "_runtime": 71.79359698295593, "_step": 59, "confusion_matrix_table": {"_type": "table-file", "sha256": "fad7c7e0eef95be59d2ef3c1e34f64677e7426b3c1b8ff7657938ee0b6836710", "size": 3187, "artifact_path": "wandb-client-artifact://dv2zewjv7ad55rbd7do70rxkt49hz33kykqwbfzysa0xvjcvcj919r3imyrbbzgkpc5cdxedv80eoas7qypxo9be2px1ghcbwcxenyngr6v4zgqzcou3t4ges5ad4bzv:latest/confusion_matrix_table.table.json", "_latest_artifact_path": "wandb-client-artifact://dv2zewjv7ad55rbd7do70rxkt49hz33kykqwbfzysa0xvjcvcj919r3imyrbbzgkpc5cdxedv80eoas7qypxo9be2px1ghcbwcxenyngr6v4zgqzcou3t4ges5ad4bzv:latest/confusion_matrix_table.table.json", "path": "media/table/confusion_matrix_table_59_fad7c7e0eef95be59d2e.table.json", "ncols": 3, "nrows": 100}, "_wandb": {"runtime": 71}}