{"Epoch ": 24, "Training loss ": 2.312886091428719, "Training accuracy ": 0.1, "Validation loss ": 2.3128794567112863, "Validation accuracy ": 0.1, "Testing loss ": 2.3128759180741203, "Testing accuracy ": 0.1, "_timestamp": 1709452604.969507, "_runtime": 53.78189492225647, "_step": 49, "confusion_matrix_table": {"_type": "table-file", "sha256": "55eee3b7305609123e924c23d30348cad7f8b514d55bab85b59e8986656f1b6b", "size": 3152, "artifact_path": "wandb-client-artifact://u2h8l48egsutwjdl6pzq20jkj8orozewc5uj363x7utuwro5tj8x2ju6od2zz0mt5gg17am36otmkamp439d2mqon1wbzhseeffndxvf7gmsm1zdtni4195hdcpjx6aq:latest/confusion_matrix_table.table.json", "_latest_artifact_path": "wandb-client-artifact://u2h8l48egsutwjdl6pzq20jkj8orozewc5uj363x7utuwro5tj8x2ju6od2zz0mt5gg17am36otmkamp439d2mqon1wbzhseeffndxvf7gmsm1zdtni4195hdcpjx6aq:latest/confusion_matrix_table.table.json", "path": "media/table/confusion_matrix_table_49_55eee3b7305609123e92.table.json", "ncols": 3, "nrows": 100}, "_wandb": {"runtime": 53}}