{"Epoch ": 29, "Training loss ": 0.2052864682529813, "Training accuracy ": 0.8587777777777778, "Validation loss ": 0.22704474139839004, "Validation accuracy ": 0.8471666666666666, "Testing loss ": 0.2424549293144354, "Testing accuracy ": 0.8385, "_timestamp": 1709627741.8780668, "_runtime": 118.29518389701843, "_step": 59, "confusion_matrix_table": {"_type": "table-file", "sha256": "a4b1ec2465a098ddc12bd5c6016d29944f2fab939c433cca12cd039db20b3000", "size": 3169, "artifact_path": "wandb-client-artifact://vvozrviao35mncng36elag4xm5mlg6mqsfxsqom1q9tfb1j768a05nppbk03jcst4ksww62r42uczhp69c2qfirv870a960nn4wmn5gsoc99co16bcm0hekenndtgi1m:latest/confusion_matrix_table.table.json", "_latest_artifact_path": "wandb-client-artifact://vvozrviao35mncng36elag4xm5mlg6mqsfxsqom1q9tfb1j768a05nppbk03jcst4ksww62r42uczhp69c2qfirv870a960nn4wmn5gsoc99co16bcm0hekenndtgi1m:latest/confusion_matrix_table.table.json", "path": "media/table/confusion_matrix_table_59_a4b1ec2465a098ddc12b.table.json", "ncols": 3, "nrows": 100}, "_wandb": {"runtime": 117}}