{"Epoch ": 29, "Training loss ": 0.2777541086364217, "Training accuracy ": 0.9002777777777777, "Validation loss ": 0.32147879836723003, "Validation accuracy ": 0.8833333333333333, "Testing loss ": 0.34893987305224483, "Testing accuracy ": 0.8742, "_timestamp": 1709147944.1056364, "_runtime": 204.89250230789185, "_step": 59, "confusion_matrix_table": {"_type": "table-file", "sha256": "21f77a5e2197b55145415e1d10db29d76afa94700461daf121d32f8ae1f4ef4c", "size": 3170, "artifact_path": "wandb-client-artifact://b79ydvikcw7uo4qg21zjie625d3joh3wo9bgw4svm75nc1gsffsqrbcdy09a04pfozsucvhwxcot83zxzg17ugpmdze9ocmsc93i6l4qcduvs5zijxwgsm619bi3hgp7:latest/confusion_matrix_table.table.json", "_latest_artifact_path": "wandb-client-artifact://b79ydvikcw7uo4qg21zjie625d3joh3wo9bgw4svm75nc1gsffsqrbcdy09a04pfozsucvhwxcot83zxzg17ugpmdze9ocmsc93i6l4qcduvs5zijxwgsm619bi3hgp7:latest/confusion_matrix_table.table.json", "path": "media/table/confusion_matrix_table_59_21f77a5e2197b5514541.table.json", "ncols": 3, "nrows": 100}, "_wandb": {"runtime": 204}}