{"Epoch ": 4, "Training loss ": 0.5758433969533753, "Training accuracy ": 0.4839259259259259, "Validation loss ": 0.5775633424418349, "Validation accuracy ": 0.48633333333333334, "Testing loss ": 0.5865801154570083, "Testing accuracy ": 0.4792, "_timestamp": 1709400193.2955742, "_runtime": 19.54808211326599, "_step": 9, "confusion_matrix_table": {"_type": "table-file", "sha256": "246b6d2382628fb111c238bee2e68734a2f0ce588369d0246a4b5a2c9bf4bb22", "size": 3199, "artifact_path": "wandb-client-artifact://rktns5h9c89x1n57wn9680fd9bvuxc8dgqhhq9w34blehdza65511ra7zdvyupu6kl6jzr51371txfeb0serpoavkmjapzx9i1kdz6nhvc6ttc02rhk5yju3f1gkvzax:latest/confusion_matrix_table.table.json", "_latest_artifact_path": "wandb-client-artifact://rktns5h9c89x1n57wn9680fd9bvuxc8dgqhhq9w34blehdza65511ra7zdvyupu6kl6jzr51371txfeb0serpoavkmjapzx9i1kdz6nhvc6ttc02rhk5yju3f1gkvzax:latest/confusion_matrix_table.table.json", "path": "media/table/confusion_matrix_table_9_246b6d2382628fb111c2.table.json", "ncols": 3, "nrows": 100}, "_wandb": {"runtime": 18}}