{"Epoch ": 4, "Training loss ": 0.3660495208311719, "Training accuracy ": 0.8666481481481482, "Validation loss ": 0.3946295006922885, "Validation accuracy ": 0.8515, "Testing loss ": 0.4147019997916047, "Testing accuracy ": 0.8456, "_timestamp": 1709129450.1023986, "_runtime": 24.51896858215332, "_step": 9, "confusion_matrix_table": {"_type": "table-file", "sha256": "d5e1430d18b0be5efe00a6c6e32dbdd38f3c9501d7356d63be3d83e322f9911c", "size": 3175, "artifact_path": "wandb-client-artifact://el9w8n98yxafe2xjxmg0e6uve6r5iilr3am9g7iscwomotiy0j2n0ehi069r8i96bmf749qen2gzqahajoo9nlbmhxmstnwoekod283xare34zr31unsqznq7lhv547w:latest/confusion_matrix_table.table.json", "_latest_artifact_path": "wandb-client-artifact://el9w8n98yxafe2xjxmg0e6uve6r5iilr3am9g7iscwomotiy0j2n0ehi069r8i96bmf749qen2gzqahajoo9nlbmhxmstnwoekod283xare34zr31unsqznq7lhv547w:latest/confusion_matrix_table.table.json", "path": "media/table/confusion_matrix_table_9_d5e1430d18b0be5efe00.table.json", "ncols": 3, "nrows": 100}, "_wandb": {"runtime": 23}}