{"Epoch": 9, "Training loss": 0.33641095636236795, "Training accuracy": 0.8819259259259259, "Validation loss": 0.35919387233043926, "Validation accuracy": 0.8721666666666666, "Testing loss": 0.39221381426396923, "Testing accuracy": 0.8623, "_timestamp": 1709116344.169901, "_runtime": 25.106009006500244, "_step": 19, "confusion_matrix_table": {"_type": "table-file", "sha256": "4926348fe59b067c3b2621036f5596849f40c378f41f3a44b9a826f9d731362a", "size": 3172, "artifact_path": "wandb-client-artifact://93qz1c40l3fybka46y0keiuyfj57xk9z2x3ba27q61r5bsx7uftg4ds99qb2paoruxw4p26tn5hlar1v1i4uf9rgxt68atfauwarrw1pvgddsov8eka012974a7wp2i5:latest/confusion_matrix_table.table.json", "_latest_artifact_path": "wandb-client-artifact://93qz1c40l3fybka46y0keiuyfj57xk9z2x3ba27q61r5bsx7uftg4ds99qb2paoruxw4p26tn5hlar1v1i4uf9rgxt68atfauwarrw1pvgddsov8eka012974a7wp2i5:latest/confusion_matrix_table.table.json", "path": "media/table/confusion_matrix_table_19_4926348fe59b067c3b26.table.json", "ncols": 3, "nrows": 100}, "_wandb": {"runtime": 24}}