{"Epoch ": 4, "Training loss ": 0.55494501234021, "Training accuracy ": 0.7989814814814815, "Validation loss ": 0.5956150739013364, "Validation accuracy ": 0.7945, "Testing loss ": 0.6012667354855368, "Testing accuracy ": 0.7839, "_timestamp": 1709401116.1568465, "_runtime": 36.9910774230957, "_step": 9, "confusion_matrix_table": {"_type": "table-file", "sha256": "b88ea155e2416a4dcc584d8640a88b66f8867b397f20d3787ed0808c318edc69", "size": 3176, "artifact_path": "wandb-client-artifact://u1rnjkv6mvfzl11narqw8j6ux0u0dzz8mwepc4eil5ojvejiy3s8hocngp2l2hmyarmkkf9q6x4qevc6txgv08retpv81y5hmt5mmxf093aodlx06uei27xctj6cq2ny:latest/confusion_matrix_table.table.json", "_latest_artifact_path": "wandb-client-artifact://u1rnjkv6mvfzl11narqw8j6ux0u0dzz8mwepc4eil5ojvejiy3s8hocngp2l2hmyarmkkf9q6x4qevc6txgv08retpv81y5hmt5mmxf093aodlx06uei27xctj6cq2ny:latest/confusion_matrix_table.table.json", "path": "media/table/confusion_matrix_table_9_b88ea155e2416a4dcc58.table.json", "ncols": 3, "nrows": 100}, "_wandb": {"runtime": 36}}