{"Epoch ": 14, "Training loss ": 0.23960341122390028, "Training accuracy ": 0.9109444444444444, "Validation loss ": 0.3259339553302262, "Validation accuracy ": 0.8825, "Testing loss ": 0.33892505982026316, "Testing accuracy ": 0.8769, "_timestamp": 1709628202.3464468, "_runtime": 32.51197671890259, "_step": 29, "confusion_matrix_table": {"_type": "table-file", "sha256": "83c04dfe22f7a85fe8012d266f261384c9e493657dc2c8ea30aca8fee13dd6e5", "size": 3172, "artifact_path": "wandb-client-artifact://60o58ufne016bgvi6qbvgddekfvujzu7ct635rk7gac3i03x2dwmkb1r68mkbmvx7s216urqqcm4ce2nz2wyoe4ixxbft6i68mjon7ngb354miba1z6js4whsph9nvyn:latest/confusion_matrix_table.table.json", "_latest_artifact_path": "wandb-client-artifact://60o58ufne016bgvi6qbvgddekfvujzu7ct635rk7gac3i03x2dwmkb1r68mkbmvx7s216urqqcm4ce2nz2wyoe4ixxbft6i68mjon7ngb354miba1z6js4whsph9nvyn:latest/confusion_matrix_table.table.json", "path": "media/table/confusion_matrix_table_29_83c04dfe22f7a85fe801.table.json", "ncols": 3, "nrows": 100}, "_wandb": {"runtime": 31}}