{"Epoch ": 4, "Training loss ": 0.2807399208516003, "Training accuracy ": 0.9298703703703703, "Validation loss ": 0.30748479659864697, "Validation accuracy ": 0.921, "Testing loss ": 0.27923370988414786, "Testing accuracy ": 0.929, "_timestamp": 1709487473.065296, "_runtime": 34.13398194313049, "_step": 9, "confusion_matrix_table": {"_type": "table-file", "sha256": "37fea1685dbd6058283edd5a0bd9f3bc65aa4d1055fa03a0884e44b722e864ee", "size": 3169, "artifact_path": "wandb-client-artifact://voydqd9pxd5aap6gpj1oy25kpb7w0zq6dothurv9miaepgxmwiwym3axbfl1a44j13kt954uy4yzhlpo7usefq4y44kzpf2x5uanf6zj6ulqygjeu5dzcpc3d487voos:latest/confusion_matrix_table.table.json", "_latest_artifact_path": "wandb-client-artifact://voydqd9pxd5aap6gpj1oy25kpb7w0zq6dothurv9miaepgxmwiwym3axbfl1a44j13kt954uy4yzhlpo7usefq4y44kzpf2x5uanf6zj6ulqygjeu5dzcpc3d487voos:latest/confusion_matrix_table.table.json", "path": "media/table/confusion_matrix_table_9_37fea1685dbd6058283e.table.json", "ncols": 3, "nrows": 100}, "_wandb": {"runtime": 33}}