{"Epoch ": 29, "Training loss ": 0.00847003151169584, "Training accuracy ": 0.9971481481481481, "Validation loss ": 0.169363851230842, "Validation accuracy ": 0.9706666666666667, "Testing loss ": 0.16449825454182426, "Testing accuracy ": 0.9723, "_timestamp": 1709500365.3796902, "_runtime": 216.01660013198853, "_step": 59, "confusion_matrix_table": {"_type": "table-file", "sha256": "2b237eea31efb177d4e0e162c4bd91c1e32cd50951bdcd5c304700b9f0c7d77c", "size": 3150, "artifact_path": "wandb-client-artifact://lytdt92x1qjt18pnpwunw24hzjo4nzslsyb6bc2t2nk1pog9zqv4deyujjd8c7ej48kvdhov8onegwk3pf1ffw7nc3tuewypolfo48nnzfaord9yjlcp330dpc4tfvyn:latest/confusion_matrix_table.table.json", "_latest_artifact_path": "wandb-client-artifact://lytdt92x1qjt18pnpwunw24hzjo4nzslsyb6bc2t2nk1pog9zqv4deyujjd8c7ej48kvdhov8onegwk3pf1ffw7nc3tuewypolfo48nnzfaord9yjlcp330dpc4tfvyn:latest/confusion_matrix_table.table.json", "path": "media/table/confusion_matrix_table_59_2b237eea31efb177d4e0.table.json", "ncols": 3, "nrows": 100}, "_wandb": {"runtime": 215}}