{"Epoch ": 29, "Training loss ": 0.13951841272136925, "Training accuracy ": 0.9058888888888889, "Validation loss ": 0.16555075802098226, "Validation accuracy ": 0.8841666666666667, "Testing loss ": 0.17766205564355853, "Testing accuracy ": 0.8774, "_timestamp": 1709581992.3370242, "_runtime": 55.939799308776855, "_step": 59, "confusion_matrix_table": {"_type": "table-file", "sha256": "2984fe79002816e99490acbb23ed92a63b9924e5070668bf22b35a118687f700", "size": 3170, "artifact_path": "wandb-client-artifact://1xwk9n1aedpdhohjxkgubfhus3cklstplj6rphy9mrs70an2r4x46asxyvkea93eorl21j8awiywzar0vf9n9nyhq1kbuvvuj5u3i0chq2jwjqw4vbl9tcmay4ox94y6:latest/confusion_matrix_table.table.json", "_latest_artifact_path": "wandb-client-artifact://1xwk9n1aedpdhohjxkgubfhus3cklstplj6rphy9mrs70an2r4x46asxyvkea93eorl21j8awiywzar0vf9n9nyhq1kbuvvuj5u3i0chq2jwjqw4vbl9tcmay4ox94y6:latest/confusion_matrix_table.table.json", "path": "media/table/confusion_matrix_table_59_2984fe79002816e99490.table.json", "ncols": 3, "nrows": 100}, "_wandb": {"runtime": 55}}