{"Epoch ": 4, "Training loss ": 0.6172435942439042, "Training accuracy ": 0.793, "Validation loss ": 0.6192652459971124, "Validation accuracy ": 0.7971666666666667, "Testing loss ": 0.6377135150676839, "Testing accuracy ": 0.7799, "_timestamp": 1709106951.8743596, "_runtime": 23.67577052116394, "_step": 9, "confusion_matrix_table": {"_type": "table-file", "sha256": "8955d7cd46fe00633402dba33ac2c0f1eb0a107418abd9ed4f892f3475952b8f", "size": 3182, "artifact_path": "wandb-client-artifact://8m8hulk24xyhqssk7hzepg1240n24oqiwbw7v2al3bqhtztsbjfpc6h8fv05x7hme9wwm10riup4ymj64lc9ypo29joqdxt3ko7kwajpc8ihzjenr383w8g5iyhrn3j0:latest/confusion_matrix_table.table.json", "_latest_artifact_path": "wandb-client-artifact://8m8hulk24xyhqssk7hzepg1240n24oqiwbw7v2al3bqhtztsbjfpc6h8fv05x7hme9wwm10riup4ymj64lc9ypo29joqdxt3ko7kwajpc8ihzjenr383w8g5iyhrn3j0:latest/confusion_matrix_table.table.json", "path": "media/table/confusion_matrix_table_9_8955d7cd46fe00633402.table.json", "ncols": 3, "nrows": 100}, "_wandb": {"runtime": 22}}