{"Epoch ": 19, "Training loss ": 0.276812044677606, "Training accuracy ": 0.8963703703703704, "Validation loss ": 0.37200857062656806, "Validation accuracy ": 0.869, "Testing loss ": 0.3963155535511103, "Testing accuracy ": 0.8616, "_timestamp": 1709474563.0194395, "_runtime": 109.68053340911865, "_step": 39, "confusion_matrix_table": {"_type": "table-file", "sha256": "e33f1f12c098c777642936f1d7a54974a25387aa6c886bd71a99556a6a6b02e9", "size": 3171, "artifact_path": "wandb-client-artifact://dw1mw5e62lr2rbor0o8062ut8uyeowqx4q8k2kurtruiygoo8jo8du3h8eh0bv5no9jh0i1zcn3v9rn3bgaoimwrfty2cq20mypw0fcb4ixj1ptys96syno6zj930w8p:latest/confusion_matrix_table.table.json", "_latest_artifact_path": "wandb-client-artifact://dw1mw5e62lr2rbor0o8062ut8uyeowqx4q8k2kurtruiygoo8jo8du3h8eh0bv5no9jh0i1zcn3v9rn3bgaoimwrfty2cq20mypw0fcb4ixj1ptys96syno6zj930w8p:latest/confusion_matrix_table.table.json", "path": "media/table/confusion_matrix_table_39_e33f1f12c098c7776429.table.json", "ncols": 3, "nrows": 100}, "_wandb": {"runtime": 108}}