{"Epoch ": 24, "Training loss ": 0.39716132094474427, "Training accuracy ": 0.7815925925925926, "Validation loss ": 0.3929584724358098, "Validation accuracy ": 0.79, "Testing loss ": 0.40383598390523934, "Testing accuracy ": 0.7697, "_timestamp": 1709536754.4925385, "_runtime": 37.219566345214844, "_step": 49, "confusion_matrix_table": {"_type": "table-file", "sha256": "331440bfe6e6bbbea2645e5bc5c18381425399c493f46e664187919c31d18bfb", "size": 3174, "artifact_path": "wandb-client-artifact://ipzrqo1v08xmu66zgtsweoztnpyqf9hsklz21v3i6bor6b9e1twsng2i4q4petfb4ag2xwcohjdds5lunlrablpm83w1wb0l5tnyku4flvaz4c97hauta9l0ncclrp3m:latest/confusion_matrix_table.table.json", "_latest_artifact_path": "wandb-client-artifact://ipzrqo1v08xmu66zgtsweoztnpyqf9hsklz21v3i6bor6b9e1twsng2i4q4petfb4ag2xwcohjdds5lunlrablpm83w1wb0l5tnyku4flvaz4c97hauta9l0ncclrp3m:latest/confusion_matrix_table.table.json", "path": "media/table/confusion_matrix_table_49_331440bfe6e6bbbea264.table.json", "ncols": 3, "nrows": 100}, "_wandb": {"runtime": 36}}