{"Epoch ": 24, "Training loss ": 0.2123766836377624, "Training accuracy ": 0.8581111111111112, "Validation loss ": 0.21959442208289762, "Validation accuracy ": 0.854, "Testing loss ": 0.22005691868682847, "Testing accuracy ": 0.8531, "_timestamp": 1709535381.341478, "_runtime": 36.77274203300476, "_step": 49, "confusion_matrix_table": {"_type": "table-file", "sha256": "3ed9475154f023686085bf884eb7decdcf2b28782b2f7808504a0eb5044f210f", "size": 3168, "artifact_path": "wandb-client-artifact://4mlu5ilzmux4atz8fuignxvzrb4oc6bhzscmb224z5zut8jqyr6rd70jnnih1b452cdrtpbwm6igtiudeksz1xfjkwyk3f1fnlgi1amhx4o9m2gmh5hgxlqeuf7wt6dy:latest/confusion_matrix_table.table.json", "_latest_artifact_path": "wandb-client-artifact://4mlu5ilzmux4atz8fuignxvzrb4oc6bhzscmb224z5zut8jqyr6rd70jnnih1b452cdrtpbwm6igtiudeksz1xfjkwyk3f1fnlgi1amhx4o9m2gmh5hgxlqeuf7wt6dy:latest/confusion_matrix_table.table.json", "path": "media/table/confusion_matrix_table_49_3ed9475154f023686085.table.json", "ncols": 3, "nrows": 100}, "_wandb": {"runtime": 36}}