{"Epoch ": 19, "Training loss ": 0.20153543361107987, "Training accuracy ": 0.8600925925925926, "Validation loss ": 0.20724347446553698, "Validation accuracy ": 0.8556666666666667, "Testing loss ": 0.2214609274445681, "Testing accuracy ": 0.8422, "_timestamp": 1709630364.781592, "_runtime": 154.1824188232422, "_step": 39, "confusion_matrix_table": {"_type": "table-file", "sha256": "6a522e95b5cff19ba538bf83715a99ef5331577eda9446df89409c45191b3852", "size": 3174, "artifact_path": "wandb-client-artifact://gpem0tx1v3aw8e4wv4jgboeu9l2tsm1dmgl8p36c0k0erp3ctcut4qyfk1onei4agp3ozmyvbv2yrjg10m59ksqyoqhsp8tllvzpc20r5eulucu24hb00936frc8zh1l:latest/confusion_matrix_table.table.json", "_latest_artifact_path": "wandb-client-artifact://gpem0tx1v3aw8e4wv4jgboeu9l2tsm1dmgl8p36c0k0erp3ctcut4qyfk1onei4agp3ozmyvbv2yrjg10m59ksqyoqhsp8tllvzpc20r5eulucu24hb00936frc8zh1l:latest/confusion_matrix_table.table.json", "path": "media/table/confusion_matrix_table_39_6a522e95b5cff19ba538.table.json", "ncols": 3, "nrows": 100}, "_wandb": {"runtime": 153}}