{"Epoch ": 29, "Training loss ": 0.2340584254872642, "Training accuracy ": 0.9161481481481482, "Validation loss ": 0.30422875109585373, "Validation accuracy ": 0.886, "Testing loss ": 0.3313241131159528, "Testing accuracy ": 0.8825, "_timestamp": 1709408614.3389075, "_runtime": 91.18227744102478, "_step": 59, "confusion_matrix_table": {"_type": "table-file", "sha256": "230cf944c07fdaaa566659b1fbe78a117b56bd2f36ad15298da3f5a136de2f6b", "size": 3171, "artifact_path": "wandb-client-artifact://m61d7qzkxgjl2xjy6ybpsw0qv5mq10wpk2ja53zxflm319em02fiua6k76vcjsn5jensybzxusbiz0gogapitelngkvf7ddm9p5wd20g150njvxqdu810hlnrymjzo5h:latest/confusion_matrix_table.table.json", "_latest_artifact_path": "wandb-client-artifact://m61d7qzkxgjl2xjy6ybpsw0qv5mq10wpk2ja53zxflm319em02fiua6k76vcjsn5jensybzxusbiz0gogapitelngkvf7ddm9p5wd20g150njvxqdu810hlnrymjzo5h:latest/confusion_matrix_table.table.json", "path": "media/table/confusion_matrix_table_59_230cf944c07fdaaa5666.table.json", "ncols": 3, "nrows": 100}, "_wandb": {"runtime": 90}}