{"Epoch ": 14, "Training loss ": 0.07256699035966863, "Training accuracy ": 0.9523888888888888, "Validation loss ": 0.09205117277807613, "Validation accuracy ": 0.9393333333333334, "Testing loss ": 0.08262383161155129, "Testing accuracy ": 0.9464, "_timestamp": 1709527386.077367, "_runtime": 110.60861301422119, "_step": 29, "confusion_matrix_table": {"_type": "table-file", "sha256": "2957431b34309138aaa451a943d34c903d9de3df0b5e250cb555790fb448b745", "size": 3168, "artifact_path": "wandb-client-artifact://nevlvfib9a6gfnixu22wp1oejndap1ov2oxudf8bgsvh41athz1us1tlokb1yixpmu3u8krdjzbvus2whae8w8stbpr4vlklogbwhap4eyd1f50mrt0befmk41ypchhm:latest/confusion_matrix_table.table.json", "_latest_artifact_path": "wandb-client-artifact://nevlvfib9a6gfnixu22wp1oejndap1ov2oxudf8bgsvh41athz1us1tlokb1yixpmu3u8krdjzbvus2whae8w8stbpr4vlklogbwhap4eyd1f50mrt0befmk41ypchhm:latest/confusion_matrix_table.table.json", "path": "media/table/confusion_matrix_table_29_2957431b34309138aaa4.table.json", "ncols": 3, "nrows": 100}, "_wandb": {"runtime": 109}}