{"Epoch ": 4, "Training loss ": 0.6160228942545293, "Training accuracy ": 0.8006296296296296, "Validation loss ": 0.6139157295226968, "Validation accuracy ": 0.8111666666666667, "Testing loss ": 0.6335828147783636, "Testing accuracy ": 0.7919, "_timestamp": 1709401646.8581376, "_runtime": 21.069565534591675, "_step": 9, "confusion_matrix_table": {"_type": "table-file", "sha256": "ab44a099c0e0bde93319529f642dd3ee02066bfc40ce5850c8113f66bc83ed57", "size": 3179, "artifact_path": "wandb-client-artifact://iqum1mxgtv352u1w0tkg2mlw6klw55d066wnpb18dj552p6zo6wezs4ze7czi19mgq9xyxy0qnsrjrsrdkqn2op5lnn1sacjnqx4afrtgolqdpyyvn8na8u8pk7xfcgg:latest/confusion_matrix_table.table.json", "_latest_artifact_path": "wandb-client-artifact://iqum1mxgtv352u1w0tkg2mlw6klw55d066wnpb18dj552p6zo6wezs4ze7czi19mgq9xyxy0qnsrjrsrdkqn2op5lnn1sacjnqx4afrtgolqdpyyvn8na8u8pk7xfcgg:latest/confusion_matrix_table.table.json", "path": "media/table/confusion_matrix_table_9_ab44a099c0e0bde93319.table.json", "ncols": 3, "nrows": 100}, "_wandb": {"runtime": 20}}