{"Epoch ": 4, "Training loss ": 0.8200890180263107, "Training accuracy ": 0.661537037037037, "Validation loss ": 0.8297815745801538, "Validation accuracy ": 0.6603333333333333, "Testing loss ": 0.8435950134198789, "Testing accuracy ": 0.6628, "_timestamp": 1709400725.704278, "_runtime": 25.519646883010864, "_step": 9, "confusion_matrix_table": {"_type": "table-file", "sha256": "091d7e2fce3cacfca320b239536b179f280b1d522cde2a885758a5178947f42f", "size": 3182, "artifact_path": "wandb-client-artifact://atgsmc94jzr2zgs6fgbvowtxeh6fp6p0g41lswmvpsuceukkqjah8ir3v41frxq2jtxn09fmn33z13k05g1jx5azfo559a76rx2t2ykyqmzh8is962m6stok0dex6wub:latest/confusion_matrix_table.table.json", "_latest_artifact_path": "wandb-client-artifact://atgsmc94jzr2zgs6fgbvowtxeh6fp6p0g41lswmvpsuceukkqjah8ir3v41frxq2jtxn09fmn33z13k05g1jx5azfo559a76rx2t2ykyqmzh8is962m6stok0dex6wub:latest/confusion_matrix_table.table.json", "path": "media/table/confusion_matrix_table_9_091d7e2fce3cacfca320.table.json", "ncols": 3, "nrows": 100}, "_wandb": {"runtime": 24}}