{"Epoch ": 24, "Training loss ": 2.2927910120670814, "Training accuracy ": 0.2455, "Validation loss ": 2.2922875391544384, "Validation accuracy ": 0.25383333333333336, "Testing loss ": 2.2926280007842106, "Testing accuracy ": 0.2458, "_timestamp": 1709302492.7190673, "_runtime": 126.7000732421875, "_step": 49, "confusion_matrix_table": {"_type": "table-file", "sha256": "e7d424f53115e156f96f1cff82e64d7d5c6f702fc6c988a9af09f1077f8921e9", "size": 3216, "artifact_path": "wandb-client-artifact://krah9ejafsxmsli0efr81djncsckf6nlv8shv4c6zui2xoir02u0obh8lu42a0bj8pr1l0j7echdb1906gabgcfyepilpkdzjckzcho32ii88o5hsol13vgqwps9xteg:latest/confusion_matrix_table.table.json", "_latest_artifact_path": "wandb-client-artifact://krah9ejafsxmsli0efr81djncsckf6nlv8shv4c6zui2xoir02u0obh8lu42a0bj8pr1l0j7echdb1906gabgcfyepilpkdzjckzcho32ii88o5hsol13vgqwps9xteg:latest/confusion_matrix_table.table.json", "path": "media/table/confusion_matrix_table_49_e7d424f53115e156f96f.table.json", "ncols": 3, "nrows": 100}, "_wandb": {"runtime": 125}}