{"Epoch ": 14, "Training loss ": 0.1194007146187124, "Training accuracy ": 0.9213148148148148, "Validation loss ": 0.14192770918121386, "Validation accuracy ": 0.9091666666666667, "Testing loss ": 0.13985034869089377, "Testing accuracy ": 0.9119, "_timestamp": 1709531133.382658, "_runtime": 105.7515480518341, "_step": 29, "confusion_matrix_table": {"_type": "table-file", "sha256": "d9f19b4aec783078195e5955f92d7b3a8ef5248a1ab6b10e9da240eb42aaa154", "size": 3172, "artifact_path": "wandb-client-artifact://3hsvg4wgh7wt9lsbcy7gxsofcsgzvgk774w18vs3gsxaswk0tmhxd6xsyi0nldldm0jg07aj561gnda20h2cgvjp4hzr9qr9zm1zauedublejgm9238y04blfn7mrpj3:latest/confusion_matrix_table.table.json", "_latest_artifact_path": "wandb-client-artifact://3hsvg4wgh7wt9lsbcy7gxsofcsgzvgk774w18vs3gsxaswk0tmhxd6xsyi0nldldm0jg07aj561gnda20h2cgvjp4hzr9qr9zm1zauedublejgm9238y04blfn7mrpj3:latest/confusion_matrix_table.table.json", "path": "media/table/confusion_matrix_table_29_d9f19b4aec783078195e.table.json", "ncols": 3, "nrows": 100}, "_wandb": {"runtime": 104}}