{"Epoch ": 29, "Training loss ": 0.004827530682948669, "Training accuracy ": 0.9988148148148148, "Validation loss ": 0.13377600394266423, "Validation accuracy ": 0.9735, "Testing loss ": 0.14021155134078336, "Testing accuracy ": 0.9727, "_timestamp": 1709493005.5042105, "_runtime": 117.67021346092224, "_step": 59, "confusion_matrix_table": {"_type": "table-file", "sha256": "e027ee0999aa5e167dd54b8017cb7161edd1b102c17b4e01ec47a3581daa5402", "size": 3147, "artifact_path": "wandb-client-artifact://f3yivlvd2x8p9p46pglcses0igrcxnkhprh0hv2d5k7lkldw1iu21hgh0t4li6qbesv9czpld3nguvdo5trs30gbych3w94zmuntvnidle8p8z4hbty1wgcwwmq7cwl2:latest/confusion_matrix_table.table.json", "_latest_artifact_path": "wandb-client-artifact://f3yivlvd2x8p9p46pglcses0igrcxnkhprh0hv2d5k7lkldw1iu21hgh0t4li6qbesv9czpld3nguvdo5trs30gbych3w94zmuntvnidle8p8z4hbty1wgcwwmq7cwl2:latest/confusion_matrix_table.table.json", "path": "media/table/confusion_matrix_table_59_e027ee0999aa5e167dd5.table.json", "ncols": 3, "nrows": 100}, "_wandb": {"runtime": 116}}