{"Epoch ": 4, "Training loss ": 0.4521231565091468, "Training accuracy ": 0.8379074074074074, "Validation loss ": 0.4659348052175856, "Validation accuracy ": 0.8371666666666666, "Testing loss ": 0.4866758515651618, "Testing accuracy ": 0.8242, "_timestamp": 1709102593.65163, "_runtime": 39.72783803939819, "_step": 4, "_wandb": {"runtime": 38}}