{"Epoch ": 24, "Training loss ": 0.16541927002167192, "Training accuracy ": 0.8834814814814815, "Validation loss ": 0.19276112481266952, "Validation accuracy ": 0.8648333333333333, "Testing loss ": 0.2092377678350766, "Testing accuracy ": 0.857, "_timestamp": 1709183528.0756316, "_runtime": 37.421796560287476, "_step": 49, "confusion_matrix_table": {"_type": "table-file", "sha256": "f5375165a3431ab699f1cd4a15e34dd44f065002e47157309a2e7815adb1cf6a", "size": 3172, "artifact_path": "wandb-client-artifact://d534dclt32umsteqg5eot84efn5vtp5sjazzyih0inynutk0livv51psvkxbe5m281b0f5avvxvvkplmp12t4f21pohrhuhnpj52rkdstgdijeavxi04ql7urfgyz3fu:latest/confusion_matrix_table.table.json", "_latest_artifact_path": "wandb-client-artifact://d534dclt32umsteqg5eot84efn5vtp5sjazzyih0inynutk0livv51psvkxbe5m281b0f5avvxvvkplmp12t4f21pohrhuhnpj52rkdstgdijeavxi04ql7urfgyz3fu:latest/confusion_matrix_table.table.json", "path": "media/table/confusion_matrix_table_49_f5375165a3431ab699f1.table.json", "ncols": 3, "nrows": 100}, "_wandb": {"runtime": 36}}