{"Epoch ": 29, "Training loss ": 0.15929366590471744, "Training accuracy ": 0.8907037037037037, "Validation loss ": 0.17620257109488427, "Validation accuracy ": 0.8743333333333333, "Testing loss ": 0.19755829819121465, "Testing accuracy ": 0.8594, "_timestamp": 1709146084.153362, "_runtime": 116.35018396377563, "_step": 59, "confusion_matrix_table": {"_type": "table-file", "sha256": "2f9d837e8f03d8d753d0a30bd950000590169755c3b416014e0e090eb3c903ee", "size": 3174, "artifact_path": "wandb-client-artifact://ayn6wb8u8w82yqz59zz1cu232b136g9f5qqcysz3fgqyumtnfs6e6eda5nvndhadraeazo2vd8xbao3ta64wk4zq4okzz8vk86zhd9m3q9g1phdpdz5v9zit5ft2hqg2:latest/confusion_matrix_table.table.json", "_latest_artifact_path": "wandb-client-artifact://ayn6wb8u8w82yqz59zz1cu232b136g9f5qqcysz3fgqyumtnfs6e6eda5nvndhadraeazo2vd8xbao3ta64wk4zq4okzz8vk86zhd9m3q9g1phdpdz5v9zit5ft2hqg2:latest/confusion_matrix_table.table.json", "path": "media/table/confusion_matrix_table_59_2f9d837e8f03d8d753d0.table.json", "ncols": 3, "nrows": 100}, "_wandb": {"runtime": 115}}