{"Epoch ": 9, "Training loss ": 1.4058309962644289, "Training accuracy ": 0.6186481481481482, "Validation loss ": 1.3999911433861316, "Validation accuracy ": 0.6206666666666667, "Testing loss ": 1.4130718804810636, "Testing accuracy ": 0.6128, "_timestamp": 1709097059.2616434, "_runtime": 29.46043634414673, "_step": 9, "_wandb": {"runtime": 28}}