{"Epoch ": 9, "Training loss ": 1.4221883910417588, "Training accuracy ": 0.5941296296296297, "Validation loss ": 1.4108560487187916, "Validation accuracy ": 0.5966666666666667, "Testing loss ": 1.4343261091704789, "Testing accuracy ": 0.5845, "_timestamp": 1709449455.4694834, "_runtime": 18.755402326583862, "_step": 19, "confusion_matrix_table": {"_type": "table-file", "sha256": "d119b4593b292b25712f738d065f181794e0dcfe98f604e1f582d0512111d314", "size": 3197, "artifact_path": "wandb-client-artifact://o4tglmwj0wmyhiju75mp80n6ogaopig6u2tep13xc4qyx26b7cjrfnw55c3lwro9diki4gixajtjswqfrtirc7qsg2vzlv2d3hiksc9wz9pnr23p61viv9un3ldwq7bb:latest/confusion_matrix_table.table.json", "_latest_artifact_path": "wandb-client-artifact://o4tglmwj0wmyhiju75mp80n6ogaopig6u2tep13xc4qyx26b7cjrfnw55c3lwro9diki4gixajtjswqfrtirc7qsg2vzlv2d3hiksc9wz9pnr23p61viv9un3ldwq7bb:latest/confusion_matrix_table.table.json", "path": "media/table/confusion_matrix_table_19_d119b4593b292b25712f.table.json", "ncols": 3, "nrows": 100}, "_wandb": {"runtime": 17}}