{"Epoch ": 19, "Training loss ": 0.3725052994328298, "Training accuracy ": 0.8670925925925926, "Validation loss ": 0.3748738307233317, "Validation accuracy ": 0.8701666666666666, "Testing loss ": 0.4189944556020565, "Testing accuracy ": 0.8482, "_timestamp": 1709111160.0277915, "_runtime": 34.10082459449768, "_step": 39, "confusion_matrix_table": {"_type": "table-file", "sha256": "147e0c84ede825d4c70a4be52f5e8bd818a8c8f803d132e9fd6df3b9cca3ad14", "size": 3172, "artifact_path": "wandb-client-artifact://d8l4j6lbgs21gn6wgzvmhz73okruanypb3a8osvccahkqpdku4achptrltdqonyky4np4ovqoyye89ge42u6prly1yon2auatgtz32l2n4lg0xun2y3c0oaan23ru8un:latest/confusion_matrix_table.table.json", "_latest_artifact_path": "wandb-client-artifact://d8l4j6lbgs21gn6wgzvmhz73okruanypb3a8osvccahkqpdku4achptrltdqonyky4np4ovqoyye89ge42u6prly1yon2auatgtz32l2n4lg0xun2y3c0oaan23ru8un:latest/confusion_matrix_table.table.json", "path": "media/table/confusion_matrix_table_39_147e0c84ede825d4c70a.table.json", "ncols": 3, "nrows": 100}, "_wandb": {"runtime": 33}}