{"Epoch ": 29, "Training loss ": 2.308503822730427, "Training accuracy ": 0.09922222222222223, "Validation loss ": 2.310542409933195, "Validation accuracy ": 0.1, "Testing loss ": 2.308250635475495, "Testing accuracy ": 0.1032, "_timestamp": 1709491779.5592773, "_runtime": 1118.4385373592377, "_step": 59, "confusion_matrix_table": {"_type": "table-file", "sha256": "ac780ebe05279641efbb0052fb3a705b6a96413da7314f574eb3f0dd963c7649", "size": 3147, "artifact_path": "wandb-client-artifact://nj3bhjpywa74tk0brvmtmmw832ztspp2xdzuao7033j828dbld05kgd13i64dom9o9bg06pino6bxkd1xkjtgq3m2ndyvturrocv8mvny9al1rwapvjho747hhs5lgey:latest/confusion_matrix_table.table.json", "_latest_artifact_path": "wandb-client-artifact://nj3bhjpywa74tk0brvmtmmw832ztspp2xdzuao7033j828dbld05kgd13i64dom9o9bg06pino6bxkd1xkjtgq3m2ndyvturrocv8mvny9al1rwapvjho747hhs5lgey:latest/confusion_matrix_table.table.json", "path": "media/table/confusion_matrix_table_59_ac780ebe05279641efbb.table.json", "ncols": 3, "nrows": 100}, "_wandb": {"runtime": 1117}}