{"Epoch ": 19, "Training loss ": 0.1312940175835282, "Training accuracy ": 0.9105740740740741, "Validation loss ": 0.1607778734300251, "Validation accuracy ": 0.8843333333333333, "Testing loss ": 0.1730052316094408, "Testing accuracy ": 0.8803, "_timestamp": 1709531753.9771786, "_runtime": 125.6233434677124, "_step": 39, "confusion_matrix_table": {"_type": "table-file", "sha256": "8d62abc180cc495de3f6a3b9b12d4d2e81783523d9642e17c1760bd73f935cf0", "size": 3167, "artifact_path": "wandb-client-artifact://xs1q2k24rixtcx6j1c1axs1ybaoq1e32vd1hgwkrds6mawyzwqs326hi7ayp8rtst0w7hh2sqxhztmube9jh7coabubz4xkeukkvy1ar2dnwqjwo465wxyxyprh4ryg5:latest/confusion_matrix_table.table.json", "_latest_artifact_path": "wandb-client-artifact://xs1q2k24rixtcx6j1c1axs1ybaoq1e32vd1hgwkrds6mawyzwqs326hi7ayp8rtst0w7hh2sqxhztmube9jh7coabubz4xkeukkvy1ar2dnwqjwo465wxyxyprh4ryg5:latest/confusion_matrix_table.table.json", "path": "media/table/confusion_matrix_table_39_8d62abc180cc495de3f6.table.json", "ncols": 3, "nrows": 100}, "_wandb": {"runtime": 124}}