{"Epoch ": 29, "Training loss ": 0.732640701403499, "Training accuracy ": 0.2898148148148148, "Validation loss ": 0.7350121714770812, "Validation accuracy ": 0.2871666666666667, "Testing loss ": 0.7380030886415972, "Testing accuracy ": 0.2856, "_timestamp": 1709560989.4850018, "_runtime": 123.21098470687866, "_step": 59, "confusion_matrix_table": {"_type": "table-file", "sha256": "fed0d6ac9af91b7bcdec9e22d391134fc599bfe284d0a2ab0153d547a6da31c0", "size": 3158, "artifact_path": "wandb-client-artifact://p4n9in0uinqsrfun42zqh1kjgim7bg9gz7hh6inrxud0viv2xbixdmcr8619m8hug7zuzz3sz3k629up1r9bl3sf5xhf6cotnjd30yiv4rrye88vwj3d75pi1z07e28l:latest/confusion_matrix_table.table.json", "_latest_artifact_path": "wandb-client-artifact://p4n9in0uinqsrfun42zqh1kjgim7bg9gz7hh6inrxud0viv2xbixdmcr8619m8hug7zuzz3sz3k629up1r9bl3sf5xhf6cotnjd30yiv4rrye88vwj3d75pi1z07e28l:latest/confusion_matrix_table.table.json", "path": "media/table/confusion_matrix_table_59_fed0d6ac9af91b7bcdec.table.json", "ncols": 3, "nrows": 100}, "_wandb": {"runtime": 122}}