{"Epoch ": 29, "Training loss ": 0.5582837120878951, "Training accuracy ": 0.703462962962963, "Validation loss ": 0.5663270670129434, "Validation accuracy ": 0.6905, "Testing loss ": 0.5569890762747688, "Testing accuracy ": 0.7021, "_timestamp": 1709533337.6369793, "_runtime": 197.2364113330841, "_step": 59, "confusion_matrix_table": {"_type": "table-file", "sha256": "af32ba2f1569936c3966ece1d17b389318c30a6d78b42cb0412977a03afcb8d2", "size": 3194, "artifact_path": "wandb-client-artifact://hg0vbjv90nw2wz4s15rh9agyoamu2bj4ro1dwb5fg118ccf9j0qzryd8y35kdbgjwi1uusgvm6nlga5j3ladvgebz1qrgv2yq1le0nlo7ukc619l3db8cdc8aqzvoid3:latest/confusion_matrix_table.table.json", "_latest_artifact_path": "wandb-client-artifact://hg0vbjv90nw2wz4s15rh9agyoamu2bj4ro1dwb5fg118ccf9j0qzryd8y35kdbgjwi1uusgvm6nlga5j3ladvgebz1qrgv2yq1le0nlo7ukc619l3db8cdc8aqzvoid3:latest/confusion_matrix_table.table.json", "path": "media/table/confusion_matrix_table_59_af32ba2f1569936c3966.table.json", "ncols": 3, "nrows": 100}, "_wandb": {"runtime": 196}}