{"Epoch ": 4, "Training loss ": 1.2441079794460335, "Training accuracy ": 0.599, "Validation loss ": 1.239503458207298, "Validation accuracy ": 0.6, "Testing loss ": 1.2597777495524496, "Testing accuracy ": 0.5908, "_timestamp": 1709103914.9173517, "_runtime": 11.803817749023438, "_step": 4, "_wandb": {"runtime": 11}}