{"Epoch ": 14, "Training loss ": 0.13776924808116353, "Training accuracy ": 0.9046666666666666, "Validation loss ": 0.16867291425355785, "Validation accuracy ": 0.8808333333333334, "Testing loss ": 0.18548155608366246, "Testing accuracy ": 0.8716, "_timestamp": 1709152040.7120192, "_runtime": 51.45632314682007, "_step": 29, "confusion_matrix_table": {"_type": "table-file", "sha256": "7ed42787be63d5ba47737d5ef749724a8c2726e8d2d4cd4c2401d7780a665014", "size": 3173, "artifact_path": "wandb-client-artifact://gav9dyous262k4qtgj32bgfe3bbn8pejkdvk1cw1wv58jhfhk5t0jsx85sdbx48kb9t0x9m37ske4zdtvw67gdweor9q0ivnwapfkgqsogff8uai3qml9m5p4dnissn5:latest/confusion_matrix_table.table.json", "_latest_artifact_path": "wandb-client-artifact://gav9dyous262k4qtgj32bgfe3bbn8pejkdvk1cw1wv58jhfhk5t0jsx85sdbx48kb9t0x9m37ske4zdtvw67gdweor9q0ivnwapfkgqsogff8uai3qml9m5p4dnissn5:latest/confusion_matrix_table.table.json", "path": "media/table/confusion_matrix_table_29_7ed42787be63d5ba4773.table.json", "ncols": 3, "nrows": 100}, "_wandb": {"runtime": 50}}