{"Epoch ": 14, "Training loss ": 0.20193036854563326, "Training accuracy ": 0.8631296296296296, "Validation loss ": 0.2127820735947264, "Validation accuracy ": 0.851, "Testing loss ": 0.22159987553503757, "Testing accuracy ": 0.8472, "_timestamp": 1709152319.2541597, "_runtime": 31.002336740493774, "_step": 29, "confusion_matrix_table": {"_type": "table-file", "sha256": "146315167e21790a44195daba8cc0b74924b5ba33e09bcdf709718d5eef41346", "size": 3176, "artifact_path": "wandb-client-artifact://yr7mp6j5mc52g4hnvxbvh7h32af45w4nm2zq800s1bd53bru9rxfq94h0ohc7jrul8w1wf924ziofgfynma4qakeqh5rc03wq0899eh79e49ng461rjorxmp9eow2zkh:latest/confusion_matrix_table.table.json", "_latest_artifact_path": "wandb-client-artifact://yr7mp6j5mc52g4hnvxbvh7h32af45w4nm2zq800s1bd53bru9rxfq94h0ohc7jrul8w1wf924ziofgfynma4qakeqh5rc03wq0899eh79e49ng461rjorxmp9eow2zkh:latest/confusion_matrix_table.table.json", "path": "media/table/confusion_matrix_table_29_146315167e21790a4419.table.json", "ncols": 3, "nrows": 100}, "_wandb": {"runtime": 30}}