{"Epoch ": 24, "Training loss ": 0.18723823184735197, "Training accuracy ": 0.9299444444444445, "Validation loss ": 0.37281623834088246, "Validation accuracy ": 0.8868333333333334, "Testing loss ": 0.3954717506807092, "Testing accuracy ": 0.8811, "_timestamp": 1709414447.7895057, "_runtime": 67.10131978988647, "_step": 49, "confusion_matrix_table": {"_type": "table-file", "sha256": "f7b4fa93acd985d4c9b31c0c63a3caae6db9a43129f63ee3671808dbdf4c3991", "size": 3169, "artifact_path": "wandb-client-artifact://j39pbp2l0r4sm93f0oxjvepwzv3z848swv0iwvuz8oxzordize93ex5s1s3fmrzr1uq1e829uvptrq82z5ym2ru9fisqrdzm9ruoijpst7py1gehcqayhlgnp3512gz3:latest/confusion_matrix_table.table.json", "_latest_artifact_path": "wandb-client-artifact://j39pbp2l0r4sm93f0oxjvepwzv3z848swv0iwvuz8oxzordize93ex5s1s3fmrzr1uq1e829uvptrq82z5ym2ru9fisqrdzm9ruoijpst7py1gehcqayhlgnp3512gz3:latest/confusion_matrix_table.table.json", "path": "media/table/confusion_matrix_table_49_f7b4fa93acd985d4c9b3.table.json", "ncols": 3, "nrows": 100}, "_wandb": {"runtime": 66}}