{"Epoch ": 14, "Training loss ": 0.019280764851813435, "Training accuracy ": 0.993462962962963, "Validation loss ": 0.1405738805825647, "Validation accuracy ": 0.9721666666666666, "Testing loss ": 0.14303072824838373, "Testing accuracy ": 0.9696, "_timestamp": 1709489497.5075786, "_runtime": 285.39137053489685, "_step": 29, "confusion_matrix_table": {"_type": "table-file", "sha256": "cce18e367bf942b4d62a1d639612283f83fc35a5522e7b081f4134a0ba25bad3", "size": 3150, "artifact_path": "wandb-client-artifact://njhs6mipi5xfohdzxq8q1s1r9caaf5lv3w3kwqxsicvdhpd76g9iu0p67psy82u02uj2z9spocj6sbe3p8a7yylb5c1m8mpjxjpyqgfnyib45iy7xaclqw0ohzgj3857:latest/confusion_matrix_table.table.json", "_latest_artifact_path": "wandb-client-artifact://njhs6mipi5xfohdzxq8q1s1r9caaf5lv3w3kwqxsicvdhpd76g9iu0p67psy82u02uj2z9spocj6sbe3p8a7yylb5c1m8mpjxjpyqgfnyib45iy7xaclqw0ohzgj3857:latest/confusion_matrix_table.table.json", "path": "media/table/confusion_matrix_table_29_cce18e367bf942b4d62a.table.json", "ncols": 3, "nrows": 100}, "_wandb": {"runtime": 283}}