{"Epoch ": 19, "Training loss ": 0.222424804695725, "Training accuracy ": 0.8607407407407407, "Validation loss ": 0.22357776851192204, "Validation accuracy ": 0.8591666666666666, "Testing loss ": 0.2391500397126948, "Testing accuracy ": 0.8464, "_timestamp": 1709307060.721081, "_runtime": 126.90672707557678, "_step": 39, "confusion_matrix_table": {"_type": "table-file", "sha256": "5571db10a9cb5f023c331f8548ffe41e28fa4d71e10a237e0baf41b4c0c782a8", "size": 3177, "artifact_path": "wandb-client-artifact://4fpe251dvm8gg8bahx6yp6h01wt7gkdvm0fkwt8q1688gw3sw9r0os8cjm5f8mc7bz3dnaal5ljuwfw58tv406wyoe9knevxkri3avv1mma8idr97td4o2kz27tp69de:latest/confusion_matrix_table.table.json", "_latest_artifact_path": "wandb-client-artifact://4fpe251dvm8gg8bahx6yp6h01wt7gkdvm0fkwt8q1688gw3sw9r0os8cjm5f8mc7bz3dnaal5ljuwfw58tv406wyoe9knevxkri3avv1mma8idr97td4o2kz27tp69de:latest/confusion_matrix_table.table.json", "path": "media/table/confusion_matrix_table_39_5571db10a9cb5f023c33.table.json", "ncols": 3, "nrows": 100}, "_wandb": {"runtime": 126}}