{"Epoch ": 24, "Training loss ": 0.2658541828935256, "Training accuracy ": 0.9028518518518519, "Validation loss ": 0.3452975927908681, "Validation accuracy ": 0.8796666666666667, "Testing loss ": 0.36862102415031367, "Testing accuracy ": 0.871, "_timestamp": 1709293665.0591874, "_runtime": 31.81206440925598, "_step": 49, "confusion_matrix_table": {"_type": "table-file", "sha256": "fa9d9eef1413952dac21a313c7deb8d83643a49869ccaaca6bf68658a9229769", "size": 3174, "artifact_path": "wandb-client-artifact://tmasrjklx8de0aof2tojozg1577vtstiwvunihury4xiq9gqjk2ukk07jp0gx1x1orvj9make6jpbpaasvp3gf5qy2191vy8cn28buz39fkld1qbj66p2fi74g8hfzml:latest/confusion_matrix_table.table.json", "_latest_artifact_path": "wandb-client-artifact://tmasrjklx8de0aof2tojozg1577vtstiwvunihury4xiq9gqjk2ukk07jp0gx1x1orvj9make6jpbpaasvp3gf5qy2191vy8cn28buz39fkld1qbj66p2fi74g8hfzml:latest/confusion_matrix_table.table.json", "path": "media/table/confusion_matrix_table_49_fa9d9eef1413952dac21.table.json", "ncols": 3, "nrows": 100}, "_wandb": {"runtime": 31}}