{"Epoch ": 4, "Training loss ": 1.5359121156514386, "Training accuracy ": 0.10266666666666667, "Validation loss ": 1.5351157414415975, "Validation accuracy ": 0.102, "Testing loss ": 1.536480193721004, "Testing accuracy ": 0.1025, "_timestamp": 1709403128.5807965, "_runtime": 47.15154242515564, "_step": 9, "confusion_matrix_table": {"_type": "table-file", "sha256": "e0c0644937ac312e411f1d8e0c5b3a1b3c862be2a090f3d2610ae554d9114e8a", "size": 3156, "artifact_path": "wandb-client-artifact://eqs4lzmzr2wc57eq2hql1nl6bby289tsk8xst4cvyrmi6jufksjh6a4guzj0hhgdwcz7439n8mh9xzcm147hkhqcik2sg9czrrx1nfcpy97x2hegvbny8i9ozqj7zl3w:latest/confusion_matrix_table.table.json", "_latest_artifact_path": "wandb-client-artifact://eqs4lzmzr2wc57eq2hql1nl6bby289tsk8xst4cvyrmi6jufksjh6a4guzj0hhgdwcz7439n8mh9xzcm147hkhqcik2sg9czrrx1nfcpy97x2hegvbny8i9ozqj7zl3w:latest/confusion_matrix_table.table.json", "path": "media/table/confusion_matrix_table_9_e0c0644937ac312e411f.table.json", "ncols": 3, "nrows": 100}, "_wandb": {"runtime": 46}}