{"Epoch ": 19, "Training loss ": 0.7099793914060041, "Training accuracy ": 0.8077592592592593, "Validation loss ": 0.7302670838245484, "Validation accuracy ": 0.8096666666666666, "Testing loss ": 0.8451127454178895, "Testing accuracy ": 0.79, "_timestamp": 1709309196.670806, "_runtime": 201.35626697540283, "_step": 39, "confusion_matrix_table": {"_type": "table-file", "sha256": "b24504c9a0cb84d91686ca57e293a958ca3fcd0877a050e80c9f14a18d9f73ce", "size": 3171, "artifact_path": "wandb-client-artifact://8jbduv4iw2ts3hdjimaec7879pxqj4rzm2aqskk3lk9ra2fcbgw8nd3wyb6rnaqr5yw8v0nxouhbb278chu371f4slr2cms1ej7u9tiqbzuti48gxlwpd26cmazeucqd:latest/confusion_matrix_table.table.json", "_latest_artifact_path": "wandb-client-artifact://8jbduv4iw2ts3hdjimaec7879pxqj4rzm2aqskk3lk9ra2fcbgw8nd3wyb6rnaqr5yw8v0nxouhbb278chu371f4slr2cms1ej7u9tiqbzuti48gxlwpd26cmazeucqd:latest/confusion_matrix_table.table.json", "path": "media/table/confusion_matrix_table_39_b24504c9a0cb84d91686.table.json", "ncols": 3, "nrows": 100}, "_wandb": {"runtime": 200}}