{"Epoch ": 4, "Training loss ": 0.3795068925475882, "Training accuracy ": 0.8648333333333333, "Validation loss ": 0.3850957663493642, "Validation accuracy ": 0.8625, "Testing loss ": 0.42151913575425887, "Testing accuracy ": 0.8527, "_timestamp": 1709007005.3614137, "_runtime": 86.00463080406189, "_step": 9, "confusion_matrix_table": {"_type": "table-file", "sha256": "fb7e1cd7c15ecf55720a2caa1aa404e006399961934d16840b6822c22f76f720", "size": 3168, "artifact_path": "wandb-client-artifact://p179vmnnzls33exwxwk7ij3qycm3e4stitr9vbw6kgfb115bujzpd26geoxp2j42n78lk8ij4nzth05498xed0ks9vbts1ts4lqzp8sifrdy6yp7zm04mnnws5lzlq0l:latest/confusion_matrix_table.table.json", "_latest_artifact_path": "wandb-client-artifact://p179vmnnzls33exwxwk7ij3qycm3e4stitr9vbw6kgfb115bujzpd26geoxp2j42n78lk8ij4nzth05498xed0ks9vbts1ts4lqzp8sifrdy6yp7zm04mnnws5lzlq0l:latest/confusion_matrix_table.table.json", "path": "media/table/confusion_matrix_table_9_fb7e1cd7c15ecf55720a.table.json", "ncols": 3, "nrows": 100}, "_wandb": {"runtime": 11}}