{"Epoch ": 9, "Training loss ": 0.17304388813054625, "Training accuracy ": 0.881537037037037, "Validation loss ": 0.18562146550839764, "Validation accuracy ": 0.8743333333333333, "Testing loss ": 0.19849104481876503, "Testing accuracy ": 0.864, "_timestamp": 1709629259.5036929, "_runtime": 28.409889936447144, "_step": 19, "confusion_matrix_table": {"_type": "table-file", "sha256": "cd0a5b86f60f9f8d676596296373677539bb2febcb4d3dd4c51b7b2db221fb20", "size": 3174, "artifact_path": "wandb-client-artifact://eu6cprcbfr6m9zlmvbc8ktxh2dydrofb88mrai1x3xh8mmca0dktgv223ev0x20n8ml3rmz79i9872r0hak6pehfrfy3gagm2xs2qevmrhxik8bpp2myxv9migdhq9h5:latest/confusion_matrix_table.table.json", "_latest_artifact_path": "wandb-client-artifact://eu6cprcbfr6m9zlmvbc8ktxh2dydrofb88mrai1x3xh8mmca0dktgv223ev0x20n8ml3rmz79i9872r0hak6pehfrfy3gagm2xs2qevmrhxik8bpp2myxv9migdhq9h5:latest/confusion_matrix_table.table.json", "path": "media/table/confusion_matrix_table_19_cd0a5b86f60f9f8d6765.table.json", "ncols": 3, "nrows": 100}, "_wandb": {"runtime": 27}}