{"Epoch ": 19, "Training loss ": 0.6303257791722144, "Training accuracy ": 0.8034814814814815, "Validation loss ": 0.6200809258128307, "Validation accuracy ": 0.8053333333333333, "Testing loss ": 0.6510894851780594, "Testing accuracy ": 0.7929, "_timestamp": 1709454390.0488958, "_runtime": 34.5749077796936, "_step": 39, "confusion_matrix_table": {"_type": "table-file", "sha256": "9358bc9959c1425aa1ab3e123c3edb1a433789589926135d8c87cacfd64ba5cc", "size": 3178, "artifact_path": "wandb-client-artifact://omafsmx3epia7aks3mn6tohos9a0vmlj85gxfellmcbciucrwb0n8vtc8364g7q1r2mau5aokwkfvzxqkq2r9fkxz7ho7w1obi8cv8c13whq99ktsh5ndjh2gy305hdw:latest/confusion_matrix_table.table.json", "_latest_artifact_path": "wandb-client-artifact://omafsmx3epia7aks3mn6tohos9a0vmlj85gxfellmcbciucrwb0n8vtc8364g7q1r2mau5aokwkfvzxqkq2r9fkxz7ho7w1obi8cv8c13whq99ktsh5ndjh2gy305hdw:latest/confusion_matrix_table.table.json", "path": "media/table/confusion_matrix_table_39_9358bc9959c1425aa1ab.table.json", "ncols": 3, "nrows": 100}, "_wandb": {"runtime": 33}}