{"Epoch ": 24, "Training loss ": 0.20473039634646395, "Training accuracy ": 0.8631851851851852, "Validation loss ": 0.21421892379092924, "Validation accuracy ": 0.8561666666666666, "Testing loss ": 0.22534623172972143, "Testing accuracy ": 0.847, "_timestamp": 1709143452.2643595, "_runtime": 145.21103644371033, "_step": 49, "confusion_matrix_table": {"_type": "table-file", "sha256": "e752910a4caaf41ab930c7123c11eb7e0f7662f770047114b12f71972bdaa2a7", "size": 3174, "artifact_path": "wandb-client-artifact://5kjc2dzphwkwpxbvqijn954nfbgh3vfiy9cfr4bx7hiyi8wln8tcy08gpde1pbpffd4imi506dkr1cm9ijipg1gqcmqc4jm844yhlb4g8i2erms1yhkjmji6g0kfcyxf:latest/confusion_matrix_table.table.json", "_latest_artifact_path": "wandb-client-artifact://5kjc2dzphwkwpxbvqijn954nfbgh3vfiy9cfr4bx7hiyi8wln8tcy08gpde1pbpffd4imi506dkr1cm9ijipg1gqcmqc4jm844yhlb4g8i2erms1yhkjmji6g0kfcyxf:latest/confusion_matrix_table.table.json", "path": "media/table/confusion_matrix_table_49_e752910a4caaf41ab930.table.json", "ncols": 3, "nrows": 100}, "_wandb": {"runtime": 144}}