{"Epoch ": 4, "Training loss ": 2.3027535528457674, "Training accuracy ": 0.1, "Validation loss ": 2.302753552845767, "Validation accuracy ": 0.1, "Testing loss ": 2.3027535528457665, "Testing accuracy ": 0.1, "_timestamp": 1709129638.4086108, "_runtime": 33.927151918411255, "_step": 9, "confusion_matrix_table": {"_type": "table-file", "sha256": "55eee3b7305609123e924c23d30348cad7f8b514d55bab85b59e8986656f1b6b", "size": 3152, "artifact_path": "wandb-client-artifact://2k958co7cbz8yqg2kgbbsu2qadcghwlwbox1b7so48ju66hdv1md61sm66fo659dbuxb95a910x93b5h9rcwnya4rgf6uvyrhvswmsgskog6sxonjoqxzcm8s93cm5a3:latest/confusion_matrix_table.table.json", "_latest_artifact_path": "wandb-client-artifact://2k958co7cbz8yqg2kgbbsu2qadcghwlwbox1b7so48ju66hdv1md61sm66fo659dbuxb95a910x93b5h9rcwnya4rgf6uvyrhvswmsgskog6sxonjoqxzcm8s93cm5a3:latest/confusion_matrix_table.table.json", "path": "media/table/confusion_matrix_table_9_55eee3b7305609123e92.table.json", "ncols": 3, "nrows": 100}, "_wandb": {"runtime": 33}}