{"Epoch ": 29, "Training loss ": 0.014238822422183715, "Training accuracy ": 0.9955185185185185, "Validation loss ": 0.21208960277328046, "Validation accuracy ": 0.9641666666666666, "Testing loss ": 0.1772316357426732, "Testing accuracy ": 0.9682, "_timestamp": 1709500011.1944008, "_runtime": 56.78062677383423, "_step": 59, "confusion_matrix_table": {"_type": "table-file", "sha256": "b36c73f7753c558056628c6ee73206ae3aaaa2fab541ac0de7ad8cb8bba84933", "size": 3151, "artifact_path": "wandb-client-artifact://jfbg4lu3c12tartsj15wsljlfbjln17k03x17jhdblw960zvf7qggv9m0cuze92re1p0g3805brld2l6ccg67zp41qet0bj25bwrtb835locr2go7xq29tn2lnsfah6w:latest/confusion_matrix_table.table.json", "_latest_artifact_path": "wandb-client-artifact://jfbg4lu3c12tartsj15wsljlfbjln17k03x17jhdblw960zvf7qggv9m0cuze92re1p0g3805brld2l6ccg67zp41qet0bj25bwrtb835locr2go7xq29tn2lnsfah6w:latest/confusion_matrix_table.table.json", "path": "media/table/confusion_matrix_table_59_b36c73f7753c55805662.table.json", "ncols": 3, "nrows": 100}, "_wandb": {"runtime": 56}}