{"Epoch ": 4, "Training loss ": 0.20178038366979886, "Training accuracy ": 0.8582592592592593, "Validation loss ": 0.2140674451725857, "Validation accuracy ": 0.8521666666666666, "Testing loss ": 0.2256710686166057, "Testing accuracy ": 0.8411, "_timestamp": 1709401510.07565, "_runtime": 21.970412969589233, "_step": 9, "confusion_matrix_table": {"_type": "table-file", "sha256": "70adc4e79ac521f17f92712987acf128cb79ffc0847239fdca82b9a8d4422c14", "size": 3173, "artifact_path": "wandb-client-artifact://vwk5i351yqltvi7y85ctcy1tqzn8o9hpsjf1h2ig9sbgst644ectdbd97xqlg8nutw99wrkub9remowqajvdjgf34eleu40cfzllfwfcfxltm465uft5q0quovdswrrs:latest/confusion_matrix_table.table.json", "_latest_artifact_path": "wandb-client-artifact://vwk5i351yqltvi7y85ctcy1tqzn8o9hpsjf1h2ig9sbgst644ectdbd97xqlg8nutw99wrkub9remowqajvdjgf34eleu40cfzllfwfcfxltm465uft5q0quovdswrrs:latest/confusion_matrix_table.table.json", "path": "media/table/confusion_matrix_table_9_70adc4e79ac521f17f92.table.json", "ncols": 3, "nrows": 100}, "_wandb": {"runtime": 21}}