{"Epoch ": 4, "Training loss ": 0.6836478075189127, "Training accuracy ": 0.7996481481481481, "Validation loss ": 0.6883804744336061, "Validation accuracy ": 0.8023333333333333, "Testing loss ": 0.7780508248320324, "Testing accuracy ": 0.7847, "_timestamp": 1709400561.5425422, "_runtime": 24.48463726043701, "_step": 9, "confusion_matrix_table": {"_type": "table-file", "sha256": "5ae6d04931103baf9c65443d309531fd87177387bd5a200cb14afdf74766f610", "size": 3179, "artifact_path": "wandb-client-artifact://4s57crpf3cmupsmksk80uuua9hc24oy8be64rl1998nqdxmlc85whpp5pz22li0xkd0n0g876r8vwdc3f8aoq5k6cjuncswfkqs36l9akq83zmygnp4zn7zyx8n8hdig:latest/confusion_matrix_table.table.json", "_latest_artifact_path": "wandb-client-artifact://4s57crpf3cmupsmksk80uuua9hc24oy8be64rl1998nqdxmlc85whpp5pz22li0xkd0n0g876r8vwdc3f8aoq5k6cjuncswfkqs36l9akq83zmygnp4zn7zyx8n8hdig:latest/confusion_matrix_table.table.json", "path": "media/table/confusion_matrix_table_9_5ae6d04931103baf9c65.table.json", "ncols": 3, "nrows": 100}, "_wandb": {"runtime": 23}}