{"Epoch ": 29, "Training loss ": 0.2630823024294838, "Training accuracy ": 0.906074074074074, "Validation loss ": 0.3153665685978073, "Validation accuracy ": 0.8808333333333334, "Testing loss ": 0.34652797234417476, "Testing accuracy ": 0.8773, "_timestamp": 1709447076.65358, "_runtime": 151.73242783546448, "_step": 59, "confusion_matrix_table": {"_type": "table-file", "sha256": "9873c2939e64fcbfedb59ead2ee26aed57558aa51cca8f0060824f6a57eee23d", "size": 3171, "artifact_path": "wandb-client-artifact://puz1z98he1lu9bgi4w0t18thpypf0yaeaopnvkidwngezgn83dwr6pdpr02to3udnzef77b09xu0baal5r9tclus19kp6zkvnlmy7hcnrw0gnfqasbf5g7fnu7fw4dqd:latest/confusion_matrix_table.table.json", "_latest_artifact_path": "wandb-client-artifact://puz1z98he1lu9bgi4w0t18thpypf0yaeaopnvkidwngezgn83dwr6pdpr02to3udnzef77b09xu0baal5r9tclus19kp6zkvnlmy7hcnrw0gnfqasbf5g7fnu7fw4dqd:latest/confusion_matrix_table.table.json", "path": "media/table/confusion_matrix_table_59_9873c2939e64fcbfedb5.table.json", "ncols": 3, "nrows": 100}, "_wandb": {"runtime": 151}}