{"Epoch ": 4, "Training loss ": 0.6332299013158638, "Training accuracy ": 0.7862777777777777, "Validation loss ": 0.6313699400764246, "Validation accuracy ": 0.7911666666666667, "Testing loss ": 0.6535346581289729, "Testing accuracy ": 0.7771, "_timestamp": 1709401614.9720404, "_runtime": 21.20940351486206, "_step": 9, "confusion_matrix_table": {"_type": "table-file", "sha256": "47565787baad960feefd85df9c56fc44eb2ffcad2f236d89d2cffa5e2bf99983", "size": 3182, "artifact_path": "wandb-client-artifact://xppuloedx7n5tt59t22sms07rnuj831owmvhcnc67c2q8irufo0fyiewvnzjtj7sva0ocj67j50oo3kby8pp0x6mp0n401sklzurds2o5w97xziyihe6lc1nb7c24g3j:latest/confusion_matrix_table.table.json", "_latest_artifact_path": "wandb-client-artifact://xppuloedx7n5tt59t22sms07rnuj831owmvhcnc67c2q8irufo0fyiewvnzjtj7sva0ocj67j50oo3kby8pp0x6mp0n401sklzurds2o5w97xziyihe6lc1nb7c24g3j:latest/confusion_matrix_table.table.json", "path": "media/table/confusion_matrix_table_9_47565787baad960feefd.table.json", "ncols": 3, "nrows": 100}, "_wandb": {"runtime": 20}}