{"Epoch ": 9, "Training loss ": 1.0695369659403378, "Training accuracy ": 0.6953703703703704, "Validation loss ": 1.0728093790143263, "Validation accuracy ": 0.6883333333333334, "Testing loss ": 1.081861032680239, "Testing accuracy ": 0.6858, "_timestamp": 1709096505.625043, "_runtime": 48.69139790534973, "_step": 9, "_wandb": {"runtime": 47}}