{"Epoch ": 24, "Training loss ": 0.12672438857281437, "Training accuracy ": 0.9133333333333333, "Validation loss ": 0.16440727807744904, "Validation accuracy ": 0.8845, "Testing loss ": 0.17545263529834962, "Testing accuracy ": 0.8797, "_timestamp": 1709187327.9307816, "_runtime": 82.311678647995, "_step": 49, "confusion_matrix_table": {"_type": "table-file", "sha256": "06345f86cd31e33d4cb4e40a02d536ee4bb29db5c5a1e51869ced5c60b0d9edc", "size": 3171, "artifact_path": "wandb-client-artifact://di8ax56519ck1zmd5tdt40phhd2bquh8kw4wti0oxjq9u4ezusg8crd55auov2e2j7u4iejpwdxt157xdedmb9zyongc2zt7x3jmg671xvpbkxqrbysfmb1yh54od8ql:latest/confusion_matrix_table.table.json", "_latest_artifact_path": "wandb-client-artifact://di8ax56519ck1zmd5tdt40phhd2bquh8kw4wti0oxjq9u4ezusg8crd55auov2e2j7u4iejpwdxt157xdedmb9zyongc2zt7x3jmg671xvpbkxqrbysfmb1yh54od8ql:latest/confusion_matrix_table.table.json", "path": "media/table/confusion_matrix_table_49_06345f86cd31e33d4cb4.table.json", "ncols": 3, "nrows": 100}, "_wandb": {"runtime": 81}}