{"Epoch ": 4, "Training loss ": 0.41825547905409055, "Training accuracy ": 0.8602222222222222, "Validation loss ": 0.4238633652092279, "Validation accuracy ": 0.8591666666666666, "Testing loss ": 0.4613130958615632, "Testing accuracy ": 0.8444, "_timestamp": 1709306463.7672367, "_runtime": 15.15536880493164, "_step": 9, "confusion_matrix_table": {"_type": "table-file", "sha256": "9a6bd77903aa1f49111b4c8efe90ef52edc13eb4076bb9a573a0aff7dfab9a1e", "size": 3174, "artifact_path": "wandb-client-artifact://oz337915vibln5cwgffebnm82zwjfex6vih4u3zcrodtxyt9tmo3fpekg98zd3s0m7wgnhhkg7zdji699x3qnweec9sd1x5f35pknah8nsscijtax6821ly9vx8ipc86:latest/confusion_matrix_table.table.json", "_latest_artifact_path": "wandb-client-artifact://oz337915vibln5cwgffebnm82zwjfex6vih4u3zcrodtxyt9tmo3fpekg98zd3s0m7wgnhhkg7zdji699x3qnweec9sd1x5f35pknah8nsscijtax6821ly9vx8ipc86:latest/confusion_matrix_table.table.json", "path": "media/table/confusion_matrix_table_9_9a6bd77903aa1f49111b.table.json", "ncols": 3, "nrows": 100}, "_wandb": {"runtime": 14}}