{"Epoch ": 29, "Training loss ": 0.03410016409961139, "Training accuracy ": 0.9892592592592593, "Validation loss ": 0.22808826003601476, "Validation accuracy ": 0.9501666666666667, "Testing loss ": 0.20020887757296635, "Testing accuracy ": 0.9572, "_timestamp": 1709498490.3484912, "_runtime": 84.86464428901672, "_step": 59, "confusion_matrix_table": {"_type": "table-file", "sha256": "047ceb68655df1041453953b7baa110758e65201b690fa8d744fa12eef3cfc5a", "size": 3155, "artifact_path": "wandb-client-artifact://lbu45arnabjovar5gyifm5g9j32rurdayiu8e1ehd78mxgkd0g5ohgb11telubkbltqm7fym9js1lllxrmr6at5pdxo857cvy1tn1wlknmvrh3roz046pezb9dgxkx3s:latest/confusion_matrix_table.table.json", "_latest_artifact_path": "wandb-client-artifact://lbu45arnabjovar5gyifm5g9j32rurdayiu8e1ehd78mxgkd0g5ohgb11telubkbltqm7fym9js1lllxrmr6at5pdxo857cvy1tn1wlknmvrh3roz046pezb9dgxkx3s:latest/confusion_matrix_table.table.json", "path": "media/table/confusion_matrix_table_59_047ceb68655df1041453.table.json", "ncols": 3, "nrows": 100}, "_wandb": {"runtime": 84}}