{"Epoch ": 4, "Training loss ": 0.8455735418600083, "Training accuracy ": 0.7349814814814815, "Validation loss ": 0.8631487890774918, "Validation accuracy ": 0.7321666666666666, "Testing loss ": 0.9745595927364203, "Testing accuracy ": 0.7163, "_timestamp": 1709402445.710878, "_runtime": 24.142249822616577, "_step": 9, "confusion_matrix_table": {"_type": "table-file", "sha256": "c26adc3784235dee5839e8b55af495258d7ba184c9ad3756bd062811e77e2ede", "size": 3171, "artifact_path": "wandb-client-artifact://4co43btz9tupmjk741jb1owjwii4exfny8xm2byt3a9udpgjzpjkl6fb1tk12re3rtgy3o2zxo0p9q9qt55hvk91kcpk7bbbsxx4j6w2gnbrcp0mhkpgdzz1e90ujsow:latest/confusion_matrix_table.table.json", "_latest_artifact_path": "wandb-client-artifact://4co43btz9tupmjk741jb1owjwii4exfny8xm2byt3a9udpgjzpjkl6fb1tk12re3rtgy3o2zxo0p9q9qt55hvk91kcpk7bbbsxx4j6w2gnbrcp0mhkpgdzz1e90ujsow:latest/confusion_matrix_table.table.json", "path": "media/table/confusion_matrix_table_9_c26adc3784235dee5839.table.json", "ncols": 3, "nrows": 100}, "_wandb": {"runtime": 23}}