{"Epoch ": 14, "Training loss ": 0.39493396516143375, "Training accuracy ": 0.8607037037037037, "Validation loss ": 0.41289918850181234, "Validation accuracy ": 0.8541666666666666, "Testing loss ": 0.43542580200780023, "Testing accuracy ": 0.8431, "_timestamp": 1709456796.8336952, "_runtime": 31.17276120185852, "_step": 29, "confusion_matrix_table": {"_type": "table-file", "sha256": "d5837b52f5ca92e5ca654d1ef62ce939f786d47621e18e480cd3d8028d5d54b3", "size": 3177, "artifact_path": "wandb-client-artifact://7cfov119xntctzi53pp4m4n7bkxj4wq0blaofcmkfoa2ymbog472gcomijsag5t00vcyk1kaoim8taro226n2j8yo2p8qdtqor053noli7tc6f5i5ie8bqb9hgg837iq:latest/confusion_matrix_table.table.json", "_latest_artifact_path": "wandb-client-artifact://7cfov119xntctzi53pp4m4n7bkxj4wq0blaofcmkfoa2ymbog472gcomijsag5t00vcyk1kaoim8taro226n2j8yo2p8qdtqor053noli7tc6f5i5ie8bqb9hgg837iq:latest/confusion_matrix_table.table.json", "path": "media/table/confusion_matrix_table_29_d5837b52f5ca92e5ca65.table.json", "ncols": 3, "nrows": 100}, "_wandb": {"runtime": 30}}