{"Epoch ": 4, "Training loss ": 0.4471151543898987, "Training accuracy ": 0.8445185185185186, "Validation loss ": 0.47776738475001407, "Validation accuracy ": 0.8358333333333333, "Testing loss ": 0.5044580097209019, "Testing accuracy ": 0.826, "_timestamp": 1709127858.7867208, "_runtime": 37.181580781936646, "_step": 9, "confusion_matrix_table": {"_type": "table-file", "sha256": "69862a22516e1546fafe24d533239904782661defd1ad2d653d36ff027e29005", "size": 3176, "artifact_path": "wandb-client-artifact://ijj25e4ogkzaist8fu5ewh3ynz7vm9lyy8h8nde4w6bu1xf07vvbxy5nihveggcm7drgseypzfvo9u1nqsien5clwd9tm7eudqe1y1fttz7inn4bx5etl28jvbt3k9s0:latest/confusion_matrix_table.table.json", "_latest_artifact_path": "wandb-client-artifact://ijj25e4ogkzaist8fu5ewh3ynz7vm9lyy8h8nde4w6bu1xf07vvbxy5nihveggcm7drgseypzfvo9u1nqsien5clwd9tm7eudqe1y1fttz7inn4bx5etl28jvbt3k9s0:latest/confusion_matrix_table.table.json", "path": "media/table/confusion_matrix_table_9_69862a22516e1546fafe.table.json", "ncols": 3, "nrows": 100}, "_wandb": {"runtime": 36}}