{"Epoch ": 14, "Training loss ": 0.12836238100690683, "Training accuracy ": 0.9122037037037037, "Validation loss ": 0.1612168083861403, "Validation accuracy ": 0.8876666666666667, "Testing loss ": 0.17406127144149433, "Testing accuracy ": 0.8811, "_timestamp": 1709571793.410805, "_runtime": 84.09507203102112, "_step": 29, "confusion_matrix_table": {"_type": "table-file", "sha256": "c02a6bdf8430f3d9c07b6d22ce618107486e02f7227d21493c2f3ba6f8558a0e", "size": 3171, "artifact_path": "wandb-client-artifact://fqbpn0p740atxmff9hegh12t73bk60kns2wz68mjk5swa22a82hjku354aho9zkk1ywn6g1uu7unq2l1hvpjsy54396g1al7ifzg7cye4q4ko9i1twqeb69my4h0dwml:latest/confusion_matrix_table.table.json", "_latest_artifact_path": "wandb-client-artifact://fqbpn0p740atxmff9hegh12t73bk60kns2wz68mjk5swa22a82hjku354aho9zkk1ywn6g1uu7unq2l1hvpjsy54396g1al7ifzg7cye4q4ko9i1twqeb69my4h0dwml:latest/confusion_matrix_table.table.json", "path": "media/table/confusion_matrix_table_29_c02a6bdf8430f3d9c07b.table.json", "ncols": 3, "nrows": 100}, "_wandb": {"runtime": 83}}