{"Epoch ": 24, "Training loss ": 0.27233534335085746, "Training accuracy ": 0.8974074074074074, "Validation loss ": 0.34781796599228065, "Validation accuracy ": 0.8736666666666667, "Testing loss ": 0.38043841393201216, "Testing accuracy ": 0.8645, "_timestamp": 1709293223.9736106, "_runtime": 43.12747263908386, "_step": 49, "confusion_matrix_table": {"_type": "table-file", "sha256": "48bf67f0700589b04d2f8f3773ec09572651acf004e63a39044f1cf5ad6c78a1", "size": 3173, "artifact_path": "wandb-client-artifact://6ku86d8g9pccexuda7rtv57pgxd3mohnpfs9b6e2u39n83r2zn85cenajurszh7ywr9xanasmwgki8m4mhkjtwnc4sm9kk77x6fyoyv2slso5psqwpqabf1no4jgcrqp:latest/confusion_matrix_table.table.json", "_latest_artifact_path": "wandb-client-artifact://6ku86d8g9pccexuda7rtv57pgxd3mohnpfs9b6e2u39n83r2zn85cenajurszh7ywr9xanasmwgki8m4mhkjtwnc4sm9kk77x6fyoyv2slso5psqwpqabf1no4jgcrqp:latest/confusion_matrix_table.table.json", "path": "media/table/confusion_matrix_table_49_48bf67f0700589b04d2f.table.json", "ncols": 3, "nrows": 100}, "_wandb": {"runtime": 42}}