{"Epoch ": 0, "Training loss ": 2.5313909541449675, "Training accuracy ": 0.1, "Validation loss ": 2.5313836521336337, "Validation accuracy ": 0.1, "Testing loss ": 2.5313911647098357, "Testing accuracy ": 0.1, "_timestamp": 1709105388.9248152, "_runtime": 9.348380088806152, "_step": 0, "_wandb": {"runtime": 8}}