{"Epoch ": 19, "Training loss ": 0.297286388986917, "Training accuracy ": 0.8926851851851851, "Validation loss ": 0.337003307730091, "Validation accuracy ": 0.8788333333333334, "Testing loss ": 0.37645077210343514, "Testing accuracy ": 0.8635, "_timestamp": 1709477222.6472452, "_runtime": 277.4014811515808, "_step": 39, "confusion_matrix_table": {"_type": "table-file", "sha256": "47006d39daddc7b90cbbe01df99f15db208fc6b46579f66a8cccb068f245e0f4", "size": 3175, "artifact_path": "wandb-client-artifact://ya9gfhyr1jqau4wmvkkinr5490d6b299rtl5iyd91y9vbr4wjrnvjpb3xeb0ervk1uqny3s7a4nw60yjovn5dsx3soxeeq7xvldv1aqgm9qmwg2hnab7mple3va2rsx2:latest/confusion_matrix_table.table.json", "_latest_artifact_path": "wandb-client-artifact://ya9gfhyr1jqau4wmvkkinr5490d6b299rtl5iyd91y9vbr4wjrnvjpb3xeb0ervk1uqny3s7a4nw60yjovn5dsx3soxeeq7xvldv1aqgm9qmwg2hnab7mple3va2rsx2:latest/confusion_matrix_table.table.json", "path": "media/table/confusion_matrix_table_39_47006d39daddc7b90cbb.table.json", "ncols": 3, "nrows": 100}, "_wandb": {"runtime": 276}}