{"Epoch ": 19, "Training loss ": 0.19156427073641324, "Training accuracy ": 0.8731851851851852, "Validation loss ": 0.20048891522556375, "Validation accuracy ": 0.8655, "Testing loss ": 0.21234489998150138, "Testing accuracy ": 0.859, "_timestamp": 1709525876.8042395, "_runtime": 43.89989256858826, "_step": 39, "confusion_matrix_table": {"_type": "table-file", "sha256": "1bc02e28394f407c667d71511b488ca51bb1f06367df222f77e09d3903605adc", "size": 3173, "artifact_path": "wandb-client-artifact://qz8zdt2dxojj4a60cv9d46hzfnqb18dp44xu4am92ax4a3b1byek8fa0or83yntlvuzxn1dmya8b6jviaen4c4pwvedha5ncpx28jjbaiku8cnbwdh1d0glnxqvk7sbm:latest/confusion_matrix_table.table.json", "_latest_artifact_path": "wandb-client-artifact://qz8zdt2dxojj4a60cv9d46hzfnqb18dp44xu4am92ax4a3b1byek8fa0or83yntlvuzxn1dmya8b6jviaen4c4pwvedha5ncpx28jjbaiku8cnbwdh1d0glnxqvk7sbm:latest/confusion_matrix_table.table.json", "path": "media/table/confusion_matrix_table_39_1bc02e28394f407c667d.table.json", "ncols": 3, "nrows": 100}, "_wandb": {"runtime": 43}}