{"Epoch ": 24, "Training loss ": 0.13768760885723358, "Training accuracy ": 0.9062407407407408, "Validation loss ": 0.18140840433359978, "Validation accuracy ": 0.877, "Testing loss ": 0.18654343818196448, "Testing accuracy ": 0.8739, "_timestamp": 1709571579.141559, "_runtime": 71.66028380393982, "_step": 49, "confusion_matrix_table": {"_type": "table-file", "sha256": "eeb7e9d68abd2cb3785fd48e23ed2f0568aa3b075c9d02e5cabf944f66ffcc70", "size": 3172, "artifact_path": "wandb-client-artifact://9v81nmkxwjx0zo44j7162b8ffeeshbanxp76jmrkkvgqwo0cews5zmxfd7we1ufea179vs9lbrchi7hhvqzmmuuaw6d62d3q7xxtjupl8868zz0wkcoc7idymx7gjy0c:latest/confusion_matrix_table.table.json", "_latest_artifact_path": "wandb-client-artifact://9v81nmkxwjx0zo44j7162b8ffeeshbanxp76jmrkkvgqwo0cews5zmxfd7we1ufea179vs9lbrchi7hhvqzmmuuaw6d62d3q7xxtjupl8868zz0wkcoc7idymx7gjy0c:latest/confusion_matrix_table.table.json", "path": "media/table/confusion_matrix_table_49_eeb7e9d68abd2cb3785f.table.json", "ncols": 3, "nrows": 100}, "_wandb": {"runtime": 70}}