{"Epoch ": 29, "Training loss ": 0.23719104900550117, "Training accuracy ": 0.914, "Validation loss ": 0.3842299161855298, "Validation accuracy ": 0.8751666666666666, "Testing loss ": 0.41354658319080034, "Testing accuracy ": 0.8687, "_timestamp": 1709409212.3351092, "_runtime": 49.12177920341492, "_step": 59, "confusion_matrix_table": {"_type": "table-file", "sha256": "5508845a9c8f3bc45012e82611b61c0fe9dde875a18bbbc58ecbdf12447fdfca", "size": 3174, "artifact_path": "wandb-client-artifact://ryaueqwnk4zgwsnat7wm6rvmugwcl5hnphegxpjwrkrs41765bjm9dyz6wehy8wkx0i9f4gj8sncdx9zu2zaovo2u08sv47444uzc7ixts6s21oecx2q0ponxmq6dmj0:latest/confusion_matrix_table.table.json", "_latest_artifact_path": "wandb-client-artifact://ryaueqwnk4zgwsnat7wm6rvmugwcl5hnphegxpjwrkrs41765bjm9dyz6wehy8wkx0i9f4gj8sncdx9zu2zaovo2u08sv47444uzc7ixts6s21oecx2q0ponxmq6dmj0:latest/confusion_matrix_table.table.json", "path": "media/table/confusion_matrix_table_59_5508845a9c8f3bc45012.table.json", "ncols": 3, "nrows": 100}, "_wandb": {"runtime": 48}}