{"Epoch ": 19, "Training loss ": 0.07510379265461493, "Training accuracy ": 0.9526296296296296, "Validation loss ": 0.09509633443760983, "Validation accuracy ": 0.938, "Testing loss ": 0.0899284917202582, "Testing accuracy ": 0.9415, "_timestamp": 1709533740.3937082, "_runtime": 53.1551411151886, "_step": 39, "confusion_matrix_table": {"_type": "table-file", "sha256": "6e186bfa33c0183c32dd16298f5d49f0df688b6a8e34b6dffabfbd4207446027", "size": 3164, "artifact_path": "wandb-client-artifact://a71np5sxwo0w1adagh46tb5dmlbean76yhjku8clwd99hbz8b1hxbxu4l2zn6a2g83fa7hfvw0eif6nth9sk1nj7t6wb5y5ayocw1njlan1ra3gbg9sydexhz0m5kxe7:latest/confusion_matrix_table.table.json", "_latest_artifact_path": "wandb-client-artifact://a71np5sxwo0w1adagh46tb5dmlbean76yhjku8clwd99hbz8b1hxbxu4l2zn6a2g83fa7hfvw0eif6nth9sk1nj7t6wb5y5ayocw1njlan1ra3gbg9sydexhz0m5kxe7:latest/confusion_matrix_table.table.json", "path": "media/table/confusion_matrix_table_39_6e186bfa33c0183c32dd.table.json", "ncols": 3, "nrows": 100}, "_wandb": {"runtime": 52}}