{"Epoch ": 14, "Training loss ": 0.2215573067593248, "Training accuracy ": 0.9181851851851852, "Validation loss ": 0.3200899091500896, "Validation accuracy ": 0.887, "Testing loss ": 0.36273111332600283, "Testing accuracy ": 0.8774, "_timestamp": 1709146319.9559426, "_runtime": 130.58568572998047, "_step": 29, "confusion_matrix_table": {"_type": "table-file", "sha256": "7978a593c750316f3dbac42f3ae5e0b0c8c5f9c59118213f674099f90732e838", "size": 3169, "artifact_path": "wandb-client-artifact://3g443vyf1l0kfu4cp957o9y74hbjxdwlwpv688ecx81glw6zmytlw0zthltis88jh916n6g7ielzxugew2talaes8c4axebvmrsla0lb0zv4bqub13gofv21sqowc9pp:latest/confusion_matrix_table.table.json", "_latest_artifact_path": "wandb-client-artifact://3g443vyf1l0kfu4cp957o9y74hbjxdwlwpv688ecx81glw6zmytlw0zthltis88jh916n6g7ielzxugew2talaes8c4axebvmrsla0lb0zv4bqub13gofv21sqowc9pp:latest/confusion_matrix_table.table.json", "path": "media/table/confusion_matrix_table_29_7978a593c750316f3dba.table.json", "ncols": 3, "nrows": 100}, "_wandb": {"runtime": 129}}