{"Epoch ": 14, "Training loss ": 0.9000002856897077, "Training accuracy ": 0.1, "Validation loss ": 0.9000002856897078, "Validation accuracy ": 0.1, "Testing loss ": 0.9000002856897077, "Testing accuracy ": 0.1, "_timestamp": 1709300170.6174114, "_runtime": 94.79424047470093, "_step": 29, "confusion_matrix_table": {"_type": "table-file", "sha256": "08fe1c64df5b76934b26d06da88d1c97433567816ee39fc4f4fba51d2696f962", "size": 3152, "artifact_path": "wandb-client-artifact://53rqthhw7e9timf610fpykttfiig359mn3zkmbid897jbusj9pvqggyy3f9p6gye0xwwpy1ec8z1xh5h8qyt9slb5in9lmfefwp33tr7dqbhq7i5ydb5o60ga4qdf4wd:latest/confusion_matrix_table.table.json", "_latest_artifact_path": "wandb-client-artifact://53rqthhw7e9timf610fpykttfiig359mn3zkmbid897jbusj9pvqggyy3f9p6gye0xwwpy1ec8z1xh5h8qyt9slb5in9lmfefwp33tr7dqbhq7i5ydb5o60ga4qdf4wd:latest/confusion_matrix_table.table.json", "path": "media/table/confusion_matrix_table_29_08fe1c64df5b76934b26.table.json", "ncols": 3, "nrows": 100}, "_wandb": {"runtime": 93}}