{"Epoch ": 19, "Training loss ": 0.14320030247048318, "Training accuracy ": 0.9013333333333333, "Validation loss ": 0.17173434156368725, "Validation accuracy ": 0.8815, "Testing loss ": 0.17997243457736553, "Testing accuracy ": 0.8734, "_timestamp": 1709529544.1257727, "_runtime": 345.46098375320435, "_step": 39, "confusion_matrix_table": {"_type": "table-file", "sha256": "1380f6f442bf3481c2d3997ef04e465f9f89184641f83e3ef857786b7d3c49cf", "size": 3170, "artifact_path": "wandb-client-artifact://tzpoouq64z1g84vqqydj1ikeyjlk2ibfimiqv5kz0vbv7gqks1zo287bxusxbha1hmh9f1waz7r3a7o9q51mbm6csjy7b7t21p27ar4t4zrm2xvla7ts77wd7vw8tlho:latest/confusion_matrix_table.table.json", "_latest_artifact_path": "wandb-client-artifact://tzpoouq64z1g84vqqydj1ikeyjlk2ibfimiqv5kz0vbv7gqks1zo287bxusxbha1hmh9f1waz7r3a7o9q51mbm6csjy7b7t21p27ar4t4zrm2xvla7ts77wd7vw8tlho:latest/confusion_matrix_table.table.json", "path": "media/table/confusion_matrix_table_39_1380f6f442bf3481c2d3.table.json", "ncols": 3, "nrows": 100}, "_wandb": {"runtime": 339}}