{"Epoch ": 4, "Training loss ": 0.5938408860574305, "Training accuracy ": 0.7987777777777778, "Validation loss ": 0.6104323852923973, "Validation accuracy ": 0.7925, "Testing loss ": 0.6374730885015176, "Testing accuracy ": 0.7891, "_timestamp": 1709401202.68121, "_runtime": 39.30413198471069, "_step": 9, "confusion_matrix_table": {"_type": "table-file", "sha256": "59f77d869c86550764353e367835ebbe60dacfeb10ab5bd4fdfb81d06da3486c", "size": 3183, "artifact_path": "wandb-client-artifact://3wgj5jbseeq8ims8l1zkauue9f2bc7cefw0y534czzg3mu4o0cwqvpa7ztppy6or9v5v9nbhi2q38wf1aeagjnltp5ldwenr7z7mrpi41kt39vxfj1uj9018z63epqsf:latest/confusion_matrix_table.table.json", "_latest_artifact_path": "wandb-client-artifact://3wgj5jbseeq8ims8l1zkauue9f2bc7cefw0y534czzg3mu4o0cwqvpa7ztppy6or9v5v9nbhi2q38wf1aeagjnltp5ldwenr7z7mrpi41kt39vxfj1uj9018z63epqsf:latest/confusion_matrix_table.table.json", "path": "media/table/confusion_matrix_table_9_59f77d869c8655076435.table.json", "ncols": 3, "nrows": 100}, "_wandb": {"runtime": 38}}