{"Epoch ": 29, "Training loss ": 0.2129795154158542, "Training accuracy ": 0.9238888888888889, "Validation loss ": 0.3103707251295608, "Validation accuracy ": 0.8918333333333334, "Testing loss ": 0.34272833031225775, "Testing accuracy ": 0.8798, "_timestamp": 1709291318.0695903, "_runtime": 78.91091823577881, "_step": 59, "confusion_matrix_table": {"_type": "table-file", "sha256": "8abc55808de5390aa1750810f4913c5ac1d62f019958db4ab89fc0dc55ecc9b6", "size": 3168, "artifact_path": "wandb-client-artifact://z29xoeuoy1dx7ra9eynfs7iyp05u7e1e13rm6i2s8ye8pt0bswu6a2qogvean1440sclc8hp8u9s0bkrx0cz6zbd87cbn8fycntmmynpskgh98ik1fws84brmkfw9sb6:latest/confusion_matrix_table.table.json", "_latest_artifact_path": "wandb-client-artifact://z29xoeuoy1dx7ra9eynfs7iyp05u7e1e13rm6i2s8ye8pt0bswu6a2qogvean1440sclc8hp8u9s0bkrx0cz6zbd87cbn8fycntmmynpskgh98ik1fws84brmkfw9sb6:latest/confusion_matrix_table.table.json", "path": "media/table/confusion_matrix_table_59_8abc55808de5390aa175.table.json", "ncols": 3, "nrows": 100}, "_wandb": {"runtime": 78}}