{"Epoch ": 29, "Training loss ": 0.2929989685145834, "Training accuracy ": 0.8915740740740741, "Validation loss ": 0.3730325581087274, "Validation accuracy ": 0.872, "Testing loss ": 0.41464750272229994, "Testing accuracy ": 0.8535, "_timestamp": 1709453631.8941495, "_runtime": 45.14558553695679, "_step": 59, "confusion_matrix_table": {"_type": "table-file", "sha256": "fa307586d39b54d47294daf988a1ca54515016685cb041f194c12ceaeba3a39a", "size": 3174, "artifact_path": "wandb-client-artifact://l5tpweowj0hjpz77i9p5tt8mj8lkf0hgvdjdqk1e5g4qjr7pdrcenwprmtls4jep3lwkfkwh3scz6348ld58ognix2oimlg5ezijdg7ox7xczj0pvf90ztbngpmmtnig:latest/confusion_matrix_table.table.json", "_latest_artifact_path": "wandb-client-artifact://l5tpweowj0hjpz77i9p5tt8mj8lkf0hgvdjdqk1e5g4qjr7pdrcenwprmtls4jep3lwkfkwh3scz6348ld58ognix2oimlg5ezijdg7ox7xczj0pvf90ztbngpmmtnig:latest/confusion_matrix_table.table.json", "path": "media/table/confusion_matrix_table_59_fa307586d39b54d47294.table.json", "ncols": 3, "nrows": 100}, "_wandb": {"runtime": 44}}