{"Epoch ": 4, "Training loss ": 0.8332687050172827, "Training accuracy ": 0.09705555555555556, "Validation loss ": 0.8342204863181676, "Validation accuracy ": 0.0975, "Testing loss ": 0.8354179903593986, "Testing accuracy ": 0.0956, "_timestamp": 1709400710.30379, "_runtime": 31.31685519218445, "_step": 9, "confusion_matrix_table": {"_type": "table-file", "sha256": "ceb42f90407e4a184fb634e639c3e08e0db889c74d2fe0f4b7a344188e6b4986", "size": 3155, "artifact_path": "wandb-client-artifact://xnr76338bj5z406bvkdd2ribtbv82uy8856pcw6lyztjppsw11t6t18527vngtpydi0ufdy7pj8czzjl26g4n33qkg99z818nl74ysaotx70rhd3n6qjoylzclevh67j:latest/confusion_matrix_table.table.json", "_latest_artifact_path": "wandb-client-artifact://xnr76338bj5z406bvkdd2ribtbv82uy8856pcw6lyztjppsw11t6t18527vngtpydi0ufdy7pj8czzjl26g4n33qkg99z818nl74ysaotx70rhd3n6qjoylzclevh67j:latest/confusion_matrix_table.table.json", "path": "media/table/confusion_matrix_table_9_ceb42f90407e4a184fb6.table.json", "ncols": 3, "nrows": 100}, "_wandb": {"runtime": 30}}