{"Epoch ": 14, "Training loss ": 0.34096974907507477, "Training accuracy ": 0.8772777777777778, "Validation loss ": 0.3783169460467219, "Validation accuracy ": 0.8633333333333333, "Testing loss ": 0.389725483824743, "Testing accuracy ": 0.8593, "_timestamp": 1709483875.096291, "_runtime": 114.78055095672607, "_step": 29, "confusion_matrix_table": {"_type": "table-file", "sha256": "941853623131b985bff79c883f8bdda330db97d2cdd144e1fe47bf023b6c5cab", "size": 3172, "artifact_path": "wandb-client-artifact://honfk961bcmyabp6cdpsdqk2lznua7ro87aufusc3oswl83v1qesj7n5h2rlhdkc3h2vwokjoewjwc3u0znf95ks79leup55c2buvknjeqjumjb0o49otzo2etwa9jcj:latest/confusion_matrix_table.table.json", "_latest_artifact_path": "wandb-client-artifact://honfk961bcmyabp6cdpsdqk2lznua7ro87aufusc3oswl83v1qesj7n5h2rlhdkc3h2vwokjoewjwc3u0znf95ks79leup55c2buvknjeqjumjb0o49otzo2etwa9jcj:latest/confusion_matrix_table.table.json", "path": "media/table/confusion_matrix_table_29_941853623131b985bff7.table.json", "ncols": 3, "nrows": 100}, "_wandb": {"runtime": 114}}