{"Epoch ": 9, "Training loss ": 0.27782838552995026, "Training accuracy ": 0.8958518518518519, "Validation loss ": 0.3402926185532703, "Validation accuracy ": 0.8755, "Testing loss ": 0.3696907503623365, "Testing accuracy ": 0.8705, "_timestamp": 1709132381.6475275, "_runtime": 30.118990421295166, "_step": 19, "confusion_matrix_table": {"_type": "table-file", "sha256": "b629314d5ecf0b79ce1edae72266e8d397eafbc27b45bf883829552d48a04d3e", "size": 3168, "artifact_path": "wandb-client-artifact://8cit9tlz3tzcvf669wzy32vjheawhm2ksg9w4vgljg8i8ktnk5t508nmg5o9m7xacno5sqg4p8y5msvsvvp1ah6i5uj1ywztbb4vg5j1cjm7y0cm7hiybcz370cl0lx6:latest/confusion_matrix_table.table.json", "_latest_artifact_path": "wandb-client-artifact://8cit9tlz3tzcvf669wzy32vjheawhm2ksg9w4vgljg8i8ktnk5t508nmg5o9m7xacno5sqg4p8y5msvsvvp1ah6i5uj1ywztbb4vg5j1cjm7y0cm7hiybcz370cl0lx6:latest/confusion_matrix_table.table.json", "path": "media/table/confusion_matrix_table_19_b629314d5ecf0b79ce1e.table.json", "ncols": 3, "nrows": 100}, "_wandb": {"runtime": 29}}