{"Epoch ": 29, "Training loss ": 0.15704584176295688, "Training accuracy ": 0.8937777777777778, "Validation loss ": 0.1988612665886933, "Validation accuracy ": 0.8688333333333333, "Testing loss ": 0.20176076131564072, "Testing accuracy ": 0.8646, "_timestamp": 1709151865.4875774, "_runtime": 255.77919745445251, "_step": 59, "confusion_matrix_table": {"_type": "table-file", "sha256": "330d5bd2af40fcb2ff85672d6fdd64d5beedd0045173f9dfdd05debe4cd6f796", "size": 3174, "artifact_path": "wandb-client-artifact://psv2ii7r17fdjmaeflewb58mi9vsinqhia6k4g80glmrkxzikr2c2q0xnh5wjkc7x9sia2nm3ohezzpxhhcdhp197no6zq59eswdeylz0cve6s46ekulg9ychf8qp8nz:latest/confusion_matrix_table.table.json", "_latest_artifact_path": "wandb-client-artifact://psv2ii7r17fdjmaeflewb58mi9vsinqhia6k4g80glmrkxzikr2c2q0xnh5wjkc7x9sia2nm3ohezzpxhhcdhp197no6zq59eswdeylz0cve6s46ekulg9ychf8qp8nz:latest/confusion_matrix_table.table.json", "path": "media/table/confusion_matrix_table_59_330d5bd2af40fcb2ff85.table.json", "ncols": 3, "nrows": 100}, "_wandb": {"runtime": 255}}