{"Epoch ": 9, "Training loss ": 0.29477295716118285, "Training accuracy ": 0.8938888888888888, "Validation loss ": 0.3394362024223811, "Validation accuracy ": 0.8778333333333334, "Testing loss ": 0.3702189163827661, "Testing accuracy ": 0.8701, "_timestamp": 1709292918.505537, "_runtime": 26.91428303718567, "_step": 19, "confusion_matrix_table": {"_type": "table-file", "sha256": "804775352e441751d3f5ec466a47a79b93b7a3cf365b9760c3357c72e6b2e5fb", "size": 3175, "artifact_path": "wandb-client-artifact://zzyry90p909s27krfj42hshwhjill6jzokeunbn7gyq7c8epg7q1q8gyk86zhd26eyyzqci8lnx6h4plswqui6i2klmejd6wdtufatgw5oywolrr3z5g8g7u3cp8s0er:latest/confusion_matrix_table.table.json", "_latest_artifact_path": "wandb-client-artifact://zzyry90p909s27krfj42hshwhjill6jzokeunbn7gyq7c8epg7q1q8gyk86zhd26eyyzqci8lnx6h4plswqui6i2klmejd6wdtufatgw5oywolrr3z5g8g7u3cp8s0er:latest/confusion_matrix_table.table.json", "path": "media/table/confusion_matrix_table_19_804775352e441751d3f5.table.json", "ncols": 3, "nrows": 100}, "_wandb": {"runtime": 26}}