{"Epoch ": 14, "Training loss ": 0.1456047693831906, "Training accuracy ": 0.9662037037037037, "Validation loss ": 0.21803292010634542, "Validation accuracy ": 0.9501666666666667, "Testing loss ": 0.22045428463713337, "Testing accuracy ": 0.9519, "_timestamp": 1709491532.4732468, "_runtime": 283.192421913147, "_step": 29, "confusion_matrix_table": {"_type": "table-file", "sha256": "a1ddfd5ee5f271a3677b77c085ce16cfac6bfae81715a5d787c7dba3ea9d204f", "size": 3161, "artifact_path": "wandb-client-artifact://rdbzriy85lmf6zf74tkgzsndnxj4y9alggih7kos1pc44b8lf0wiam7lxtaf56a0qz26k734ng7dc9v98hvcr5i39mmp0s54k7p4z0xprlo3cic1mvlwm2d0q10fxt6e:latest/confusion_matrix_table.table.json", "_latest_artifact_path": "wandb-client-artifact://rdbzriy85lmf6zf74tkgzsndnxj4y9alggih7kos1pc44b8lf0wiam7lxtaf56a0qz26k734ng7dc9v98hvcr5i39mmp0s54k7p4z0xprlo3cic1mvlwm2d0q10fxt6e:latest/confusion_matrix_table.table.json", "path": "media/table/confusion_matrix_table_29_a1ddfd5ee5f271a3677b.table.json", "ncols": 3, "nrows": 100}, "_wandb": {"runtime": 282}}