{"Epoch ": 24, "Training loss ": 0.11592564090150746, "Training accuracy ": 0.9197592592592593, "Validation loss ": 0.15882716405753658, "Validation accuracy ": 0.8946666666666667, "Testing loss ": 0.17950610947607057, "Testing accuracy ": 0.8782, "_timestamp": 1709180651.2975128, "_runtime": 168.06106066703796, "_step": 49, "confusion_matrix_table": {"_type": "table-file", "sha256": "db33068a15bcfcad5e4b7ab568cbaeedc468c6375e3d893d75735f0ea5d1c605", "size": 3170, "artifact_path": "wandb-client-artifact://su8zltge00w2tbprvawnhvgfhj0pia5hey3u1q0k09qlog1fsi33wi0q5kpofmt39nohmw3jeha2lh7jcnkivia3m4kitv93ngcu5as2bmiplzfdkmek6bugz6xv7b12:latest/confusion_matrix_table.table.json", "_latest_artifact_path": "wandb-client-artifact://su8zltge00w2tbprvawnhvgfhj0pia5hey3u1q0k09qlog1fsi33wi0q5kpofmt39nohmw3jeha2lh7jcnkivia3m4kitv93ngcu5as2bmiplzfdkmek6bugz6xv7b12:latest/confusion_matrix_table.table.json", "path": "media/table/confusion_matrix_table_49_db33068a15bcfcad5e4b.table.json", "ncols": 3, "nrows": 100}, "_wandb": {"runtime": 167}}