{"Epoch ": 29, "Training loss ": 0.567115441070414, "Training accuracy ": 0.800537037037037, "Validation loss ": 0.5902800549082098, "Validation accuracy ": 0.7913333333333333, "Testing loss ": 0.590776042594738, "Testing accuracy ": 0.7929, "_timestamp": 1709486485.5760036, "_runtime": 58.71328854560852, "_step": 59, "confusion_matrix_table": {"_type": "table-file", "sha256": "f1207372f2125f6e1c1a5b7d71ba0cf3dbb2337f3bd295e48255ee111c2be55f", "size": 3182, "artifact_path": "wandb-client-artifact://gxeode22i7sjb79rthlrs8zuc9bcmsz8mv20vqr0z60llq45907rrsopi45uqvkbsa8437zajma1s7w7xpadwrdq3gpjht0rieeahzc85k9oen7rsvfthkfowy8otcqn:latest/confusion_matrix_table.table.json", "_latest_artifact_path": "wandb-client-artifact://gxeode22i7sjb79rthlrs8zuc9bcmsz8mv20vqr0z60llq45907rrsopi45uqvkbsa8437zajma1s7w7xpadwrdq3gpjht0rieeahzc85k9oen7rsvfthkfowy8otcqn:latest/confusion_matrix_table.table.json", "path": "media/table/confusion_matrix_table_59_f1207372f2125f6e1c1a.table.json", "ncols": 3, "nrows": 100}, "_wandb": {"runtime": 57}}