{"Epoch ": 29, "Training loss ": 0.006706092322484619, "Training accuracy ": 0.9977777777777778, "Validation loss ": 0.11434903485948884, "Validation accuracy ": 0.9775, "Testing loss ": 0.12367373137328015, "Testing accuracy ": 0.9763, "_timestamp": 1709488953.4996738, "_runtime": 520.6102268695831, "_step": 59, "confusion_matrix_table": {"_type": "table-file", "sha256": "3fbbe749849d6c9248c4204355df60c5cc6d8d8515271751912fc0a14d222134", "size": 3148, "artifact_path": "wandb-client-artifact://fqydky3rxmqpo0h20j8kmsji40o54wtjrm5xoxmseri9ymqxn7i9yvnlr2m53des4xgrm3ahkxdz0ycfrhhqghnxbecar5lwqrbvmaywdmb26rcrvweysv50bh0jfpc3:latest/confusion_matrix_table.table.json", "_latest_artifact_path": "wandb-client-artifact://fqydky3rxmqpo0h20j8kmsji40o54wtjrm5xoxmseri9ymqxn7i9yvnlr2m53des4xgrm3ahkxdz0ycfrhhqghnxbecar5lwqrbvmaywdmb26rcrvweysv50bh0jfpc3:latest/confusion_matrix_table.table.json", "path": "media/table/confusion_matrix_table_59_3fbbe749849d6c9248c4.table.json", "ncols": 3, "nrows": 100}, "_wandb": {"runtime": 519}}