{"Epoch ": 9, "Training loss ": 0.31243011015831, "Training accuracy ": 0.8007222222222222, "Validation loss ": 0.3144086306037356, "Validation accuracy ": 0.7956666666666666, "Testing loss ": 0.32253345633227787, "Testing accuracy ": 0.789, "_timestamp": 1709629603.3839695, "_runtime": 25.848591566085815, "_step": 19, "confusion_matrix_table": {"_type": "table-file", "sha256": "8aa1c5e3960339e52e87d672d416af49da707d7265798b8038b273b664e76673", "size": 3176, "artifact_path": "wandb-client-artifact://goj0ls8b6c2inpubn90m6aoqang3oxnk4j6wcumi1czzhti065e1ska6kixagdeydbw5k3ivqtnwb70x1hxcq9tmzg92zamhicuthdu55uju0zu6x2u2bzq8dsqwiufe:latest/confusion_matrix_table.table.json", "_latest_artifact_path": "wandb-client-artifact://goj0ls8b6c2inpubn90m6aoqang3oxnk4j6wcumi1czzhti065e1ska6kixagdeydbw5k3ivqtnwb70x1hxcq9tmzg92zamhicuthdu55uju0zu6x2u2bzq8dsqwiufe:latest/confusion_matrix_table.table.json", "path": "media/table/confusion_matrix_table_19_8aa1c5e3960339e52e87.table.json", "ncols": 3, "nrows": 100}, "_wandb": {"runtime": 25}}