{"Epoch ": 9, "Training loss ": 2.3025751085002004, "Training accuracy ": 0.10001851851851852, "Validation loss ": 2.30257510741312, "Validation accuracy ": 0.1, "Testing loss ": 2.302575109509573, "Testing accuracy ": 0.0999, "_timestamp": 1709097016.7285993, "_runtime": 30.812052249908447, "_step": 9, "_wandb": {"runtime": 29}}