{"Epoch ": 29, "Training loss ": 0.5780510183613596, "Training accuracy ": 0.8153148148148148, "Validation loss ": 0.5853862674079394, "Validation accuracy ": 0.8153333333333334, "Testing loss ": 0.6012865654415525, "Testing accuracy ": 0.8043, "_timestamp": 1709308787.6521585, "_runtime": 79.05424761772156, "_step": 59, "confusion_matrix_table": {"_type": "table-file", "sha256": "e4df2fb58ba84a5935d334f1f9ea8c4d81ca40fc6dc7fa600df92523e9fe8947", "size": 3177, "artifact_path": "wandb-client-artifact://rpuhl7j7zfbhms2b9z9dz3oouy3ouitg0mqigcw2hzcqi4wt7oun1cjimao73rtdid7np828uv82ilg69ge9hgyy5vtqeiz4w44ps3lfkted3qacbtywc3mxa14ytoho:latest/confusion_matrix_table.table.json", "_latest_artifact_path": "wandb-client-artifact://rpuhl7j7zfbhms2b9z9dz3oouy3ouitg0mqigcw2hzcqi4wt7oun1cjimao73rtdid7np828uv82ilg69ge9hgyy5vtqeiz4w44ps3lfkted3qacbtywc3mxa14ytoho:latest/confusion_matrix_table.table.json", "path": "media/table/confusion_matrix_table_59_e4df2fb58ba84a5935d3.table.json", "ncols": 3, "nrows": 100}, "_wandb": {"runtime": 78}}