{"Epoch ": 29, "Training loss ": 0.29014186141204695, "Training accuracy ": 0.8904444444444445, "Validation loss ": 0.42271796036881265, "Validation accuracy ": 0.8591666666666666, "Testing loss ": 0.46185419419593066, "Testing accuracy ": 0.8554, "_timestamp": 1709296683.9292662, "_runtime": 346.4697062969208, "_step": 59, "confusion_matrix_table": {"_type": "table-file", "sha256": "7af36b31d2e3903d3fb0a5b9d1014df7092130101012fcbea9131e26d154e513", "size": 3172, "artifact_path": "wandb-client-artifact://lkx4uo1bbld09r9qpz5hhwew7zzaytkp4lotqh7a50bbymm02lvjk4l7nf3798wmq2hi7lep405xd8tza6j35ia95vv6yhbwj1sinj9jrm1rorhozs637vlurk74kioj:latest/confusion_matrix_table.table.json", "_latest_artifact_path": "wandb-client-artifact://lkx4uo1bbld09r9qpz5hhwew7zzaytkp4lotqh7a50bbymm02lvjk4l7nf3798wmq2hi7lep405xd8tza6j35ia95vv6yhbwj1sinj9jrm1rorhozs637vlurk74kioj:latest/confusion_matrix_table.table.json", "path": "media/table/confusion_matrix_table_59_7af36b31d2e3903d3fb0.table.json", "ncols": 3, "nrows": 100}, "_wandb": {"runtime": 345}}