{"Epoch ": 29, "Training loss ": 0.2753841092460667, "Training accuracy ": 0.8996111111111111, "Validation loss ": 0.37791151606501927, "Validation accuracy ": 0.8693333333333333, "Testing loss ": 0.40839682743163847, "Testing accuracy ": 0.8591, "_timestamp": 1709412171.9795322, "_runtime": 37.28997731208801, "_step": 59, "confusion_matrix_table": {"_type": "table-file", "sha256": "2a6e170467cdaa17698bea6116d20db83d0e12aed2c3145310b228b2681d7226", "size": 3174, "artifact_path": "wandb-client-artifact://re4o3sqkt9p8efy9879331t6cvz18vdn12c37v5rfz3q68qa9e7f4saumkzvzzna6wg1giu8jqesnb3uw6sizlhrh8kq0i0k3kqxub6ecoeejme3zhvznhd4pl5j6vx4:latest/confusion_matrix_table.table.json", "_latest_artifact_path": "wandb-client-artifact://re4o3sqkt9p8efy9879331t6cvz18vdn12c37v5rfz3q68qa9e7f4saumkzvzzna6wg1giu8jqesnb3uw6sizlhrh8kq0i0k3kqxub6ecoeejme3zhvznhd4pl5j6vx4:latest/confusion_matrix_table.table.json", "path": "media/table/confusion_matrix_table_59_2a6e170467cdaa17698b.table.json", "ncols": 3, "nrows": 100}, "_wandb": {"runtime": 36}}