{"Epoch ": 19, "Training loss ": 0.05073750866167994, "Training accuracy ": 0.9856296296296296, "Validation loss ": 0.12309800491601534, "Validation accuracy ": 0.9725, "Testing loss ": 0.11648264267920223, "Testing accuracy ": 0.9712, "_timestamp": 1709487384.8127818, "_runtime": 268.0344078540802, "_step": 39, "confusion_matrix_table": {"_type": "table-file", "sha256": "5a5700524717ff6d046fb5817f5f351ddf4bd7281952251bc211afce5ebfabc3", "size": 3151, "artifact_path": "wandb-client-artifact://ieojtwjbgsy1cf5bsnml91q39wo1tgefixe4a0uem95ldi2v2y73hmddp5xbk5mlwb6ye8fnds83vau7qjf12eyhs902ofab9t5f6j2r9h4wmp831co58k761xqwgbic:latest/confusion_matrix_table.table.json", "_latest_artifact_path": "wandb-client-artifact://ieojtwjbgsy1cf5bsnml91q39wo1tgefixe4a0uem95ldi2v2y73hmddp5xbk5mlwb6ye8fnds83vau7qjf12eyhs902ofab9t5f6j2r9h4wmp831co58k761xqwgbic:latest/confusion_matrix_table.table.json", "path": "media/table/confusion_matrix_table_39_5a5700524717ff6d046f.table.json", "ncols": 3, "nrows": 100}, "_wandb": {"runtime": 267}}