{"Epoch ": 14, "Training loss ": 0.545900302044102, "Training accuracy ": 0.5735185185185185, "Validation loss ": 0.5478914338151337, "Validation accuracy ": 0.5736666666666667, "Testing loss ": 0.5644814292778888, "Testing accuracy ": 0.5608, "_timestamp": 1709150812.7819061, "_runtime": 30.259263038635254, "_step": 29, "confusion_matrix_table": {"_type": "table-file", "sha256": "9411d5839c54020d126eeb73d3d8028e168c21d859ef9f5b82f216790c150c56", "size": 3186, "artifact_path": "wandb-client-artifact://gjdoa7ln2qrcxujzgrzb63e7qadd9myfr2rmjy0b4z32ph7p4x06p6xry3z5m0epwwcrmjziie2j0sug85vt7we79o93bprhzc310chbc47r728di0uajnois5liihzr:latest/confusion_matrix_table.table.json", "_latest_artifact_path": "wandb-client-artifact://gjdoa7ln2qrcxujzgrzb63e7qadd9myfr2rmjy0b4z32ph7p4x06p6xry3z5m0epwwcrmjziie2j0sug85vt7we79o93bprhzc310chbc47r728di0uajnois5liihzr:latest/confusion_matrix_table.table.json", "path": "media/table/confusion_matrix_table_29_9411d5839c54020d126e.table.json", "ncols": 3, "nrows": 100}, "_wandb": {"runtime": 29}}