{"Epoch ": 24, "Training loss ": 0.14597087951046506, "Training accuracy ": 0.9007407407407407, "Validation loss ": 0.16364980398985102, "Validation accuracy ": 0.8898333333333334, "Testing loss ": 0.18192008095781947, "Testing accuracy ": 0.8741, "_timestamp": 1709575819.9903572, "_runtime": 45.46820306777954, "_step": 49, "confusion_matrix_table": {"_type": "table-file", "sha256": "0bc4c2ec4b5bf4bee8fe61281e61fcf677282e9f7a501eefed3fc5c1456ac6c0", "size": 3171, "artifact_path": "wandb-client-artifact://6py6su1r7u8ewv9flafdoey6h6gyflsmzeebh322yfpuoo7cm5lty3o8875np64lzns2sulehupyri2na18ia5bf5xhp48z4papdjlgnxf4yqr1csrih9tcasqs7f9a1:latest/confusion_matrix_table.table.json", "_latest_artifact_path": "wandb-client-artifact://6py6su1r7u8ewv9flafdoey6h6gyflsmzeebh322yfpuoo7cm5lty3o8875np64lzns2sulehupyri2na18ia5bf5xhp48z4papdjlgnxf4yqr1csrih9tcasqs7f9a1:latest/confusion_matrix_table.table.json", "path": "media/table/confusion_matrix_table_49_0bc4c2ec4b5bf4bee8fe.table.json", "ncols": 3, "nrows": 100}, "_wandb": {"runtime": 44}}