{"Epoch ": 4, "Training loss ": 0.7689064966280638, "Training accuracy ": 0.4008333333333333, "Validation loss ": 0.7694149727729279, "Validation accuracy ": 0.4023333333333333, "Testing loss ": 0.7700999904615673, "Testing accuracy ": 0.3928, "_timestamp": 1709628151.4227602, "_runtime": 19.036843299865723, "_step": 9, "confusion_matrix_table": {"_type": "table-file", "sha256": "5f227101e4dc62e7ca6955d8c24863e7e660aa06b1af297c37f748bed673c38c", "size": 3174, "artifact_path": "wandb-client-artifact://n4se2yz7ilz8bbtms2nqfclceotybenctl0vi1kqake9g2pi71bni0zg4ad1juxyrdfr30k8j53brqp9chnkks8oqk1b5e46a4nmcs5u3s5uqnk58r5ubniswxe8b1mc:latest/confusion_matrix_table.table.json", "_latest_artifact_path": "wandb-client-artifact://n4se2yz7ilz8bbtms2nqfclceotybenctl0vi1kqake9g2pi71bni0zg4ad1juxyrdfr30k8j53brqp9chnkks8oqk1b5e46a4nmcs5u3s5uqnk58r5ubniswxe8b1mc:latest/confusion_matrix_table.table.json", "path": "media/table/confusion_matrix_table_9_5f227101e4dc62e7ca69.table.json", "ncols": 3, "nrows": 100}, "_wandb": {"runtime": 18}}