{"Epoch ": 4, "Training loss ": 0.8306151326025857, "Training accuracy ": 0.2495740740740741, "Validation loss ": 0.8308930845110679, "Validation accuracy ": 0.24866666666666667, "Testing loss ": 0.8308137624040213, "Testing accuracy ": 0.2538, "_timestamp": 1709305364.5998776, "_runtime": 72.99928164482117, "_step": 9, "confusion_matrix_table": {"_type": "table-file", "sha256": "733a23096d34af2410797538a9a5d264eccd029e9a0014645d677af02ec4536c", "size": 3181, "artifact_path": "wandb-client-artifact://6n0yyo9on2xdoh5hrhg07dzzq31sslzuiuvxrajzhz7su0ujea88r4x6jhpqtan8n5yeb1z9eqkmimwvafrfkoxcpqy4w431fa1o7kb6yunn893l3mwfa7y3yca0j091:latest/confusion_matrix_table.table.json", "_latest_artifact_path": "wandb-client-artifact://6n0yyo9on2xdoh5hrhg07dzzq31sslzuiuvxrajzhz7su0ujea88r4x6jhpqtan8n5yeb1z9eqkmimwvafrfkoxcpqy4w431fa1o7kb6yunn893l3mwfa7y3yca0j091:latest/confusion_matrix_table.table.json", "path": "media/table/confusion_matrix_table_9_733a23096d34af241079.table.json", "ncols": 3, "nrows": 100}, "_wandb": {"runtime": 72}}