{"Epoch ": 24, "Training loss ": 0.23409193904786196, "Training accuracy ": 0.838462962962963, "Validation loss ": 0.23223162633312627, "Validation accuracy ": 0.8406666666666667, "Testing loss ": 0.2495220391804467, "Testing accuracy ": 0.8244, "_timestamp": 1709571291.4913926, "_runtime": 357.6457505226135, "_step": 49, "confusion_matrix_table": {"_type": "table-file", "sha256": "ced45869371898696d423dcc1f5747d52eb27d4afa275894e0ab6b3dfafdefef", "size": 3177, "artifact_path": "wandb-client-artifact://meyvko2alzizynasx26om4pkk1b0vr6qz74d1efbzrs6rewj183xf7dsmhv5li4pxooufgebuj7m3n4ii7qgeejdfs1065x9yglsbd7k48ezkhrfqgf250xs9b25u3nd:latest/confusion_matrix_table.table.json", "_latest_artifact_path": "wandb-client-artifact://meyvko2alzizynasx26om4pkk1b0vr6qz74d1efbzrs6rewj183xf7dsmhv5li4pxooufgebuj7m3n4ii7qgeejdfs1065x9yglsbd7k48ezkhrfqgf250xs9b25u3nd:latest/confusion_matrix_table.table.json", "path": "media/table/confusion_matrix_table_49_ced45869371898696d42.table.json", "ncols": 3, "nrows": 100}, "_wandb": {"runtime": 356}}