{"Epoch ": 9, "Training loss ": 0.2568420632478823, "Training accuracy ": 0.9044814814814814, "Validation loss ": 0.3454801552034741, "Validation accuracy ": 0.8841666666666667, "Testing loss ": 0.3728560010663489, "Testing accuracy ": 0.8759, "_timestamp": 1709134287.1224205, "_runtime": 179.20204663276672, "_step": 19, "confusion_matrix_table": {"_type": "table-file", "sha256": "423f059dc109cd7491ef1a648d64a8da00a6bae81863c65e71343410a8fb838e", "size": 3172, "artifact_path": "wandb-client-artifact://7jcrfi5noj0b3ooisnwdkapnj5lzqdroq03mbk8jz97sihmozl0hi9n7sy4acid8375yi1rmylrlfhbzoidq7qlusle8fv6jjcl3mtgbxcklepzkqlgsmkm5jlbtqjys:latest/confusion_matrix_table.table.json", "_latest_artifact_path": "wandb-client-artifact://7jcrfi5noj0b3ooisnwdkapnj5lzqdroq03mbk8jz97sihmozl0hi9n7sy4acid8375yi1rmylrlfhbzoidq7qlusle8fv6jjcl3mtgbxcklepzkqlgsmkm5jlbtqjys:latest/confusion_matrix_table.table.json", "path": "media/table/confusion_matrix_table_19_423f059dc109cd7491ef.table.json", "ncols": 3, "nrows": 100}, "_wandb": {"runtime": 178}}