{"Epoch ": 24, "Training loss ": 0.07589018846853195, "Training accuracy ": 0.9563703703703703, "Validation loss ": 0.09593237852779012, "Validation accuracy ": 0.9408333333333333, "Testing loss ": 0.08983950714149636, "Testing accuracy ": 0.9444, "_timestamp": 1709531015.658497, "_runtime": 72.58431720733643, "_step": 49, "confusion_matrix_table": {"_type": "table-file", "sha256": "c4118703a8d1509c3809151ef83bef1310ebe3be21c038a4373cb749991b2292", "size": 3166, "artifact_path": "wandb-client-artifact://ws14xcjeuby9wb84d4fduypef4clt99qai8htq3h1rtogf2781rwr7t77z7hdksn2no9oforjdm8naivobmoclxa5wz1joap14ppzeqr94y6f68agigg5k9h1i6fu6gb:latest/confusion_matrix_table.table.json", "_latest_artifact_path": "wandb-client-artifact://ws14xcjeuby9wb84d4fduypef4clt99qai8htq3h1rtogf2781rwr7t77z7hdksn2no9oforjdm8naivobmoclxa5wz1joap14ppzeqr94y6f68agigg5k9h1i6fu6gb:latest/confusion_matrix_table.table.json", "path": "media/table/confusion_matrix_table_49_c4118703a8d1509c3809.table.json", "ncols": 3, "nrows": 100}, "_wandb": {"runtime": 71}}