{"Epoch ": 19, "Training loss ": 0.3569907706820929, "Training accuracy ": 0.8742222222222222, "Validation loss ": 0.3593331360701316, "Validation accuracy ": 0.8695, "Testing loss ": 0.40121955618605953, "Testing accuracy ": 0.8606, "_timestamp": 1709453090.439284, "_runtime": 140.97645115852356, "_step": 39, "confusion_matrix_table": {"_type": "table-file", "sha256": "cd288a3737ae3c2ce2b0b3d63f43592d9ea37b772258c709904476099ee6557f", "size": 3173, "artifact_path": "wandb-client-artifact://o24tc7l3ssqv15qxefgaxtvij2kaeb0md4di8mmsiu9rdawbyzveihxv5a1oob5j5gcokakyn1tk6gxw2iwa6kdund2p9zme8i7clf23gvt7nqkhhar81uny0080zw0v:latest/confusion_matrix_table.table.json", "_latest_artifact_path": "wandb-client-artifact://o24tc7l3ssqv15qxefgaxtvij2kaeb0md4di8mmsiu9rdawbyzveihxv5a1oob5j5gcokakyn1tk6gxw2iwa6kdund2p9zme8i7clf23gvt7nqkhhar81uny0080zw0v:latest/confusion_matrix_table.table.json", "path": "media/table/confusion_matrix_table_39_cd288a3737ae3c2ce2b0.table.json", "ncols": 3, "nrows": 100}, "_wandb": {"runtime": 140}}