{"Epoch ": 4, "Training loss ": 1.8686967678289848, "Training accuracy ": 0.5353888888888889, "Validation loss ": 1.8706634259094235, "Validation accuracy ": 0.5396666666666666, "Testing loss ": 1.8707053823483086, "Testing accuracy ": 0.5329, "_timestamp": 1709098057.1930354, "_runtime": 13.02452826499939, "_step": 4, "_wandb": {"runtime": 12}}