{"Epoch ": 24, "Training loss ": 0.9000419646549183, "Training accuracy ": 0.1, "Validation loss ": 0.9000419647231995, "Validation accuracy ": 0.1, "Testing loss ": 0.9000419646962807, "Testing accuracy ": 0.1, "_timestamp": 1709308431.7888212, "_runtime": 137.76505422592163, "_step": 49, "confusion_matrix_table": {"_type": "table-file", "sha256": "79d37d621cf296d37cde7d0d15286c56cfc42a5c1278ce330c7b2969b1f0e66f", "size": 3152, "artifact_path": "wandb-client-artifact://9xu7jhfeqd4mpdf557mf7pwwbqgx16s53fgv5pqke879vhh0x36d6y4fid97a0urhaegjqijd9bhpl90ojso0ad5codrer9jvrbokkl8xw492txuphmy1w96uioo17a0:latest/confusion_matrix_table.table.json", "_latest_artifact_path": "wandb-client-artifact://9xu7jhfeqd4mpdf557mf7pwwbqgx16s53fgv5pqke879vhh0x36d6y4fid97a0urhaegjqijd9bhpl90ojso0ad5codrer9jvrbokkl8xw492txuphmy1w96uioo17a0:latest/confusion_matrix_table.table.json", "path": "media/table/confusion_matrix_table_49_79d37d621cf296d37cde.table.json", "ncols": 3, "nrows": 100}, "_wandb": {"runtime": 137}}