{"Epoch ": 9, "Training loss ": 0.22620100568924714, "Training accuracy ": 0.8532777777777778, "Validation loss ": 0.23375051008910097, "Validation accuracy ": 0.8455, "Testing loss ": 0.2436349004724952, "Testing accuracy ": 0.838, "_timestamp": 1709145230.3788545, "_runtime": 27.301997423171997, "_step": 19, "confusion_matrix_table": {"_type": "table-file", "sha256": "c3eb69a317498598594066f7674b644dfec09e7f4daee5910d915897aa9514f1", "size": 3176, "artifact_path": "wandb-client-artifact://cpz123uuwaxzosxesvld0vut59lavjmsb4eqamd9npf7o8xcn55jgcr8ydyskypp484dyk0ohhieewe3qitfvglfvyawj2e2tcn04nonz7rxy76ota1t8vwolbvmy551:latest/confusion_matrix_table.table.json", "_latest_artifact_path": "wandb-client-artifact://cpz123uuwaxzosxesvld0vut59lavjmsb4eqamd9npf7o8xcn55jgcr8ydyskypp484dyk0ohhieewe3qitfvglfvyawj2e2tcn04nonz7rxy76ota1t8vwolbvmy551:latest/confusion_matrix_table.table.json", "path": "media/table/confusion_matrix_table_19_c3eb69a3174985985940.table.json", "ncols": 3, "nrows": 100}, "_wandb": {"runtime": 26}}