{"Epoch ": 4, "Training loss ": 2.3025752596858067, "Training accuracy ": 0.1, "Validation loss ": 2.3025752580715673, "Validation accuracy ": 0.1, "Testing loss ": 2.3025752633706746, "Testing accuracy ": 0.1, "_timestamp": 1709100111.421612, "_runtime": 51.07220792770386, "_step": 4, "_wandb": {"runtime": 50}}