{"Epoch ": 24, "Training loss ": 0.2958905949900422, "Training accuracy ": 0.8922222222222222, "Validation loss ": 0.3853821317672796, "Validation accuracy ": 0.874, "Testing loss ": 0.41426296315104016, "Testing accuracy ": 0.8592, "_timestamp": 1709453426.9821897, "_runtime": 84.40665173530579, "_step": 49, "confusion_matrix_table": {"_type": "table-file", "sha256": "eb7da80c38e0e62f6b250e0ffae52eccc0d0c28fec3c90dabe7661bb9594ed85", "size": 3176, "artifact_path": "wandb-client-artifact://gvtbn1d0o66mcsxd00t5c60ff45kr59rbkm2mb1pl0x61y8w4e9l32a1h6aiy8vcj9adqtge5057ty0zkh5rru8bhbymms7cggl548kz2eepiadqoy5356in0ha8s5kp:latest/confusion_matrix_table.table.json", "_latest_artifact_path": "wandb-client-artifact://gvtbn1d0o66mcsxd00t5c60ff45kr59rbkm2mb1pl0x61y8w4e9l32a1h6aiy8vcj9adqtge5057ty0zkh5rru8bhbymms7cggl548kz2eepiadqoy5356in0ha8s5kp:latest/confusion_matrix_table.table.json", "path": "media/table/confusion_matrix_table_49_eb7da80c38e0e62f6b25.table.json", "ncols": 3, "nrows": 100}, "_wandb": {"runtime": 83}}