{"Epoch ": 19, "Training loss ": 0.2604512777332544, "Training accuracy ": 0.9057222222222222, "Validation loss ": 0.3186504145306864, "Validation accuracy ": 0.8825, "Testing loss ": 0.3367963969733159, "Testing accuracy ": 0.8776, "_timestamp": 1709289874.2130842, "_runtime": 74.71221113204956, "_step": 39, "confusion_matrix_table": {"_type": "table-file", "sha256": "7c85192cef1dd8e00c50c1932e7c992415ca1dc1e5330cb489dd44bdc99c2e67", "size": 3170, "artifact_path": "wandb-client-artifact://g55mamthsfx7fkbgck85xhd1x2vpolekvgo2npeokce52kfpm5gsyj7kft75wosgvgq6em12pi9qn46jbm02e4ic2fkqd4id7r1zcx3gonskcbxbk776xz0pbs05sva4:latest/confusion_matrix_table.table.json", "_latest_artifact_path": "wandb-client-artifact://g55mamthsfx7fkbgck85xhd1x2vpolekvgo2npeokce52kfpm5gsyj7kft75wosgvgq6em12pi9qn46jbm02e4ic2fkqd4id7r1zcx3gonskcbxbk776xz0pbs05sva4:latest/confusion_matrix_table.table.json", "path": "media/table/confusion_matrix_table_39_7c85192cef1dd8e00c50.table.json", "ncols": 3, "nrows": 100}, "_wandb": {"runtime": 74}}