{"Epoch ": 14, "Training loss ": 0.639111800449054, "Training accuracy ": 0.796, "Validation loss ": 0.6221754296091329, "Validation accuracy ": 0.8065, "Testing loss ": 0.6563363119696932, "Testing accuracy ": 0.7852, "_timestamp": 1709480551.3838105, "_runtime": 62.22538661956787, "_step": 29, "confusion_matrix_table": {"_type": "table-file", "sha256": "a8d37463f6eb47a79ba5a28842ebd1f864f39a7f57840a7464e7b774561edbc6", "size": 3179, "artifact_path": "wandb-client-artifact://xummwj0g7nfbvl2il8hjbz1l0gfa4jpo43igoqkldpvjlkakkrx8myu1gbdmorw13vrziyc2ow5irrmsi9469eev9diuqb3e87pb91v10h7vk29532in2ejm45s57m7f:latest/confusion_matrix_table.table.json", "_latest_artifact_path": "wandb-client-artifact://xummwj0g7nfbvl2il8hjbz1l0gfa4jpo43igoqkldpvjlkakkrx8myu1gbdmorw13vrziyc2ow5irrmsi9469eev9diuqb3e87pb91v10h7vk29532in2ejm45s57m7f:latest/confusion_matrix_table.table.json", "path": "media/table/confusion_matrix_table_29_a8d37463f6eb47a79ba5.table.json", "ncols": 3, "nrows": 100}, "_wandb": {"runtime": 61}}