{"Epoch ": 9, "Training loss ": 0.14974370745952675, "Training accuracy ": 0.8976111111111111, "Validation loss ": 0.16968873389533795, "Validation accuracy ": 0.8798333333333334, "Testing loss ": 0.18109608617515555, "Testing accuracy ": 0.8739, "_timestamp": 1709538250.2829885, "_runtime": 53.33083963394165, "_step": 19, "confusion_matrix_table": {"_type": "table-file", "sha256": "413b7c8db8290351ec635e52d56a39fb1036868a547f79d1cf9ce9fdfaa6de14", "size": 3168, "artifact_path": "wandb-client-artifact://ymtwcqmdckf1j3oovxv2snfdb0qv4a9jpg0l02gdb4f4c9sexsicobg2w2tferskt2ca3ip2ttjkjp5pslubs2k51uagb7w3uc24essjtvzly1m2sqn3k2xad6t7prya:latest/confusion_matrix_table.table.json", "_latest_artifact_path": "wandb-client-artifact://ymtwcqmdckf1j3oovxv2snfdb0qv4a9jpg0l02gdb4f4c9sexsicobg2w2tferskt2ca3ip2ttjkjp5pslubs2k51uagb7w3uc24essjtvzly1m2sqn3k2xad6t7prya:latest/confusion_matrix_table.table.json", "path": "media/table/confusion_matrix_table_19_413b7c8db8290351ec63.table.json", "ncols": 3, "nrows": 100}, "_wandb": {"runtime": 52}}