{"Epoch ": 4, "Training loss ": 0.28816781438597505, "Training accuracy ": 0.8167777777777778, "Validation loss ": 0.28870424392786687, "Validation accuracy ": 0.816, "Testing loss ": 0.29923791669334476, "Testing accuracy ": 0.8058, "_timestamp": 1709189453.6436756, "_runtime": 15.536858558654785, "_step": 9, "confusion_matrix_table": {"_type": "table-file", "sha256": "53fde5ed8b7dff6418c19b15014add6f08cb4665e857abba66c541417d7e04af", "size": 3178, "artifact_path": "wandb-client-artifact://sf65scihu7hpzdfnwmba1hno79zhc8gkncv99olk0do4946rupgnczk1g9f0du7hwoojhk3w0ljkub7tni6bgxp4fkuqbeqk50dy7uo73yok0qgzitf5q359n50rz0fn:latest/confusion_matrix_table.table.json", "_latest_artifact_path": "wandb-client-artifact://sf65scihu7hpzdfnwmba1hno79zhc8gkncv99olk0do4946rupgnczk1g9f0du7hwoojhk3w0ljkub7tni6bgxp4fkuqbeqk50dy7uo73yok0qgzitf5q359n50rz0fn:latest/confusion_matrix_table.table.json", "path": "media/table/confusion_matrix_table_9_53fde5ed8b7dff6418c1.table.json", "ncols": 3, "nrows": 100}, "_wandb": {"runtime": 14}}