{"Epoch ": 4, "Training loss ": 1.8605670928605607, "Training accuracy ": 0.37755555555555553, "Validation loss ": 1.8644810570368489, "Validation accuracy ": 0.37583333333333335, "Testing loss ": 1.8645354196913873, "Testing accuracy ": 0.3789, "_timestamp": 1709445865.1603165, "_runtime": 17.610089540481567, "_step": 9, "confusion_matrix_table": {"_type": "table-file", "sha256": "686fb7b5703017316749db8a354414753729a82d9465ebd01bda502feaf24332", "size": 3176, "artifact_path": "wandb-client-artifact://z86hjeac4lzjiv092fxxgra6yro2elnvlqofcfpt7oe0n8u8tcdh0o5p2a0eqcmm6fsw3m6gr4ajaw94iqfx7vf4q6mcerwses0fc22774n1lwjpud8jjsqqoukd0db0:latest/confusion_matrix_table.table.json", "_latest_artifact_path": "wandb-client-artifact://z86hjeac4lzjiv092fxxgra6yro2elnvlqofcfpt7oe0n8u8tcdh0o5p2a0eqcmm6fsw3m6gr4ajaw94iqfx7vf4q6mcerwses0fc22774n1lwjpud8jjsqqoukd0db0:latest/confusion_matrix_table.table.json", "path": "media/table/confusion_matrix_table_9_686fb7b5703017316749.table.json", "ncols": 3, "nrows": 100}, "_wandb": {"runtime": 16}}