{"Epoch ": 19, "Training loss ": 1.9395110610552804, "Training accuracy ": 0.4918888888888889, "Validation loss ": 1.9419236318277147, "Validation accuracy ": 0.4775, "Testing loss ": 1.9303072589977583, "Testing accuracy ": 0.4902, "_timestamp": 1709495823.1880941, "_runtime": 71.84254622459412, "_step": 39, "confusion_matrix_table": {"_type": "table-file", "sha256": "01f62f1733cd291a85df5f67d44131833ed7cc4058aea3634bbea06fad31f903", "size": 3189, "artifact_path": "wandb-client-artifact://3qfiq57laoyqad38yx282ce8rv5ligqmv3460nwhn70p41lj8e0ludwkbujg91gaw3gmmih30uztvfozvtdgh2nxe1krt8tg3v2rh5pkzrdbc903y6t69wpdf2auwl5w:latest/confusion_matrix_table.table.json", "_latest_artifact_path": "wandb-client-artifact://3qfiq57laoyqad38yx282ce8rv5ligqmv3460nwhn70p41lj8e0ludwkbujg91gaw3gmmih30uztvfozvtdgh2nxe1krt8tg3v2rh5pkzrdbc903y6t69wpdf2auwl5w:latest/confusion_matrix_table.table.json", "path": "media/table/confusion_matrix_table_39_01f62f1733cd291a85df.table.json", "ncols": 3, "nrows": 100}, "_wandb": {"runtime": 71}}