{"Epoch ": 9, "Training loss ": 0.3708711051755236, "Training accuracy ": 0.8673888888888889, "Validation loss ": 0.39546834876703224, "Validation accuracy ": 0.854, "Testing loss ": 0.4199386531995727, "Testing accuracy ": 0.8508, "_timestamp": 1709478260.491223, "_runtime": 55.307193994522095, "_step": 19, "confusion_matrix_table": {"_type": "table-file", "sha256": "3620bb55af2b500bb69cb986b956de64dfc88a35e2f70ef7ead432112678a6f9", "size": 3171, "artifact_path": "wandb-client-artifact://2nvqmdakw543j4z48oa1td42s84le97ocy9t8efl4iptdt6zx1hqy64lpdg17w6dh1v5wpgov1g7cvemcbg8qzt7jwqgq3x9yddiix04f54zfat4x5se1sxne0c0kzgt:latest/confusion_matrix_table.table.json", "_latest_artifact_path": "wandb-client-artifact://2nvqmdakw543j4z48oa1td42s84le97ocy9t8efl4iptdt6zx1hqy64lpdg17w6dh1v5wpgov1g7cvemcbg8qzt7jwqgq3x9yddiix04f54zfat4x5se1sxne0c0kzgt:latest/confusion_matrix_table.table.json", "path": "media/table/confusion_matrix_table_19_3620bb55af2b500bb69c.table.json", "ncols": 3, "nrows": 100}, "_wandb": {"runtime": 54}}