{"Epoch ": 19, "Training loss ": 0.8684623757812626, "Training accuracy ": 0.7582777777777778, "Validation loss ": 0.9362040314648497, "Validation accuracy ": 0.7525, "Testing loss ": 0.9376968567648776, "Testing accuracy ": 0.7474, "_timestamp": 1709479543.8625317, "_runtime": 253.5450975894928, "_step": 39, "confusion_matrix_table": {"_type": "table-file", "sha256": "0cf0817571b50794cd148770192b364175a58edae8c906a0cdb0a22a2a2c5b39", "size": 3172, "artifact_path": "wandb-client-artifact://36v1qxokldu49vlztdeqw742e1s324edwhmebxwc5ymjgmn31gsqtykcba4281m2par0u9il4jo4wqbz60043znaplq3yowba8pqy0foa3wl6rpcol9691vvn6hfpy8j:latest/confusion_matrix_table.table.json", "_latest_artifact_path": "wandb-client-artifact://36v1qxokldu49vlztdeqw742e1s324edwhmebxwc5ymjgmn31gsqtykcba4281m2par0u9il4jo4wqbz60043znaplq3yowba8pqy0foa3wl6rpcol9691vvn6hfpy8j:latest/confusion_matrix_table.table.json", "path": "media/table/confusion_matrix_table_39_0cf0817571b50794cd14.table.json", "ncols": 3, "nrows": 100}, "_wandb": {"runtime": 252}}