{"Epoch ": 4, "Training loss ": 0.4296636547991086, "Training accuracy ": 0.8446851851851852, "Validation loss ": 0.4638552744835672, "Validation accuracy ": 0.8308333333333333, "Testing loss ": 0.47482337607162944, "Testing accuracy ": 0.8286, "_timestamp": 1709399826.8351088, "_runtime": 16.695035696029663, "_step": 9, "confusion_matrix_table": {"_type": "table-file", "sha256": "139231dafb15c2cb3c894927061c9a7bd86dbada691c92be39ee0ec3612e5b7a", "size": 3174, "artifact_path": "wandb-client-artifact://v8g646cp6384x6pf0zopmmsh231ukxibd8ayj6d9bx5b4wuuwruewxu2kspnenva8c9p1plv2qfws7a95biv94ou1v65jprhjt44wa0yq7cfpod46wzoqtvqukwxn0gn:latest/confusion_matrix_table.table.json", "_latest_artifact_path": "wandb-client-artifact://v8g646cp6384x6pf0zopmmsh231ukxibd8ayj6d9bx5b4wuuwruewxu2kspnenva8c9p1plv2qfws7a95biv94ou1v65jprhjt44wa0yq7cfpod46wzoqtvqukwxn0gn:latest/confusion_matrix_table.table.json", "path": "media/table/confusion_matrix_table_9_139231dafb15c2cb3c89.table.json", "ncols": 3, "nrows": 100}, "_wandb": {"runtime": 15}}