{"Epoch ": 4, "Training loss ": 0.30061322435460974, "Training accuracy ": 0.8906111111111111, "Validation loss ": 0.34448022269155204, "Validation accuracy ": 0.8763333333333333, "Testing loss ": 0.36537277239371335, "Testing accuracy ": 0.8693, "_timestamp": 1709494145.632329, "_runtime": 89.41544103622437, "_step": 9, "confusion_matrix_table": {"_type": "table-file", "sha256": "647ee390aa847417dee952c3c046d2e83aae2ce612caa34bb6b151468c3ac1f9", "size": 3173, "artifact_path": "wandb-client-artifact://2toqwrxiqea7qgv6g23urs5c2n64f9pl26qnrmaoncgaevk4m8xpfioek3xwqukenodgks0fmt6s795n9oq83u2ut7urj6f0soscpp8x3liexfs5rm9psy2w05bnk8y9:latest/confusion_matrix_table.table.json", "_latest_artifact_path": "wandb-client-artifact://2toqwrxiqea7qgv6g23urs5c2n64f9pl26qnrmaoncgaevk4m8xpfioek3xwqukenodgks0fmt6s795n9oq83u2ut7urj6f0soscpp8x3liexfs5rm9psy2w05bnk8y9:latest/confusion_matrix_table.table.json", "path": "media/table/confusion_matrix_table_9_647ee390aa847417dee9.table.json", "ncols": 3, "nrows": 100}, "_wandb": {"runtime": 88}}