{"Epoch ": 24, "Training loss ": 0.35822545539938944, "Training accuracy ": 0.8686666666666667, "Validation loss ": 0.4123054826863887, "Validation accuracy ": 0.853, "Testing loss ": 0.43569792668712964, "Testing accuracy ": 0.8424, "_timestamp": 1709287249.0478315, "_runtime": 47.091063499450684, "_step": 49, "confusion_matrix_table": {"_type": "table-file", "sha256": "d85821662810b134fd4cfccbf398a5e5672cb9ba5f322805464c26940d588d84", "size": 3175, "artifact_path": "wandb-client-artifact://1akfeynolhcpmpprxyn5qlzcosd8re6pe5b1ys7m0whyssqhvagu49vshl7zgsb8lwa26h6tgeaoxxncy6vulsat910i6jr27n2wr2c7fynlxas56n1d0ogrlhqgx9ol:latest/confusion_matrix_table.table.json", "_latest_artifact_path": "wandb-client-artifact://1akfeynolhcpmpprxyn5qlzcosd8re6pe5b1ys7m0whyssqhvagu49vshl7zgsb8lwa26h6tgeaoxxncy6vulsat910i6jr27n2wr2c7fynlxas56n1d0ogrlhqgx9ol:latest/confusion_matrix_table.table.json", "path": "media/table/confusion_matrix_table_49_d85821662810b134fd4c.table.json", "ncols": 3, "nrows": 100}, "_wandb": {"runtime": 46}}