{"Epoch ": 29, "Training loss ": 0.3420058782280912, "Training accuracy ": 0.8797962962962963, "Validation loss ": 0.3594761206607134, "Validation accuracy ": 0.8701666666666666, "Testing loss ": 0.394056033262195, "Testing accuracy ": 0.8607, "_timestamp": 1709411015.1838315, "_runtime": 83.26990246772766, "_step": 59, "confusion_matrix_table": {"_type": "table-file", "sha256": "f7e5eddb8e22ac5c1b784c3ccb46c0c77f2fb3c1ace2fd173b4aa308ea908124", "size": 3172, "artifact_path": "wandb-client-artifact://abspqsvfodjk6m19uy85922y6wdbz4aieyx1e48a00uf2m0qrd5yomfi85vtifnc1vtgd1m0eogm0mcxxjdl1li68doaaftn90z7zdv3xwqauvm64im43i6y1932gnem:latest/confusion_matrix_table.table.json", "_latest_artifact_path": "wandb-client-artifact://abspqsvfodjk6m19uy85922y6wdbz4aieyx1e48a00uf2m0qrd5yomfi85vtifnc1vtgd1m0eogm0mcxxjdl1li68doaaftn90z7zdv3xwqauvm64im43i6y1932gnem:latest/confusion_matrix_table.table.json", "path": "media/table/confusion_matrix_table_59_f7e5eddb8e22ac5c1b78.table.json", "ncols": 3, "nrows": 100}, "_wandb": {"runtime": 82}}