{"Epoch ": 9, "Training loss ": 0.16773564103502642, "Training accuracy ": 0.8822962962962962, "Validation loss ": 0.182925501808897, "Validation accuracy ": 0.8725, "Testing loss ": 0.2016894461352087, "Testing accuracy ": 0.8596, "_timestamp": 1709305271.10424, "_runtime": 48.47537398338318, "_step": 19, "confusion_matrix_table": {"_type": "table-file", "sha256": "16a3ebfd9054f1d838095b24b7b7cbf362ac20f867c9390963e689722d2d1c69", "size": 3169, "artifact_path": "wandb-client-artifact://7o6qb3cueqq4xmtdavusrrs3ouv9l0vejob4w4ovvv98qz1ocrnl9nf66qtn4z3tke15tqxv8j4cmoe0ugezmfpab031yo6d3tgglsex3fyrw1gq3g4d47gemo2jdany:latest/confusion_matrix_table.table.json", "_latest_artifact_path": "wandb-client-artifact://7o6qb3cueqq4xmtdavusrrs3ouv9l0vejob4w4ovvv98qz1ocrnl9nf66qtn4z3tke15tqxv8j4cmoe0ugezmfpab031yo6d3tgglsex3fyrw1gq3g4d47gemo2jdany:latest/confusion_matrix_table.table.json", "path": "media/table/confusion_matrix_table_19_16a3ebfd9054f1d83809.table.json", "ncols": 3, "nrows": 100}, "_wandb": {"runtime": 47}}