{"Epoch ": 29, "Training loss ": 0.16056028107130826, "Training accuracy ": 0.8894814814814814, "Validation loss ": 0.17657102233125727, "Validation accuracy ": 0.8753333333333333, "Testing loss ": 0.19060786264677265, "Testing accuracy ": 0.8664, "_timestamp": 1709560081.9204378, "_runtime": 239.3942368030548, "_step": 59, "confusion_matrix_table": {"_type": "table-file", "sha256": "551c036a84f3485ffc5ada1980dfaeef6701f0c60d700fc1b1bf0fcb91068048", "size": 3172, "artifact_path": "wandb-client-artifact://gt69dbbx45m59ja0ikkjv1z3i6lsd6yiksx1d81quapugrfh9prsd9mvarmm9m1kkl12tvynuljfb14ibvg8eixb3do5cfgzfb03o7n3o0ws2p5ek77cp59fvx0bqwbe:latest/confusion_matrix_table.table.json", "_latest_artifact_path": "wandb-client-artifact://gt69dbbx45m59ja0ikkjv1z3i6lsd6yiksx1d81quapugrfh9prsd9mvarmm9m1kkl12tvynuljfb14ibvg8eixb3do5cfgzfb03o7n3o0ws2p5ek77cp59fvx0bqwbe:latest/confusion_matrix_table.table.json", "path": "media/table/confusion_matrix_table_59_551c036a84f3485ffc5a.table.json", "ncols": 3, "nrows": 100}, "_wandb": {"runtime": 238}}