{"Epoch ": 29, "Training loss ": 0.055350474031765996, "Training accuracy ": 0.9832592592592593, "Validation loss ": 0.14889063281049195, "Validation accuracy ": 0.9611666666666666, "Testing loss ": 0.1337466657758741, "Testing accuracy ": 0.9623, "_timestamp": 1709498580.7798753, "_runtime": 71.83974838256836, "_step": 59, "confusion_matrix_table": {"_type": "table-file", "sha256": "1c094ddf952a4674258ebd4a801da3b0b78230d34f466c0dca9cdcc848372f88", "size": 3156, "artifact_path": "wandb-client-artifact://86kjq34n4mob1l85lwjzlyr9xjk2pr3nktk4emxraho6qgs1ky6g4ub03syhcfsm963s0dnjs85siyrxa1gfk9hf3b2colb7xsmwdv15jvjbff4rs6wcjl69hyjo5yhz:latest/confusion_matrix_table.table.json", "_latest_artifact_path": "wandb-client-artifact://86kjq34n4mob1l85lwjzlyr9xjk2pr3nktk4emxraho6qgs1ky6g4ub03syhcfsm963s0dnjs85siyrxa1gfk9hf3b2colb7xsmwdv15jvjbff4rs6wcjl69hyjo5yhz:latest/confusion_matrix_table.table.json", "path": "media/table/confusion_matrix_table_59_1c094ddf952a4674258e.table.json", "ncols": 3, "nrows": 100}, "_wandb": {"runtime": 70}}