{"Epoch ": 14, "Training loss ": 0.16236831114268035, "Training accuracy ": 0.8875, "Validation loss ": 0.1751224667587826, "Validation accuracy ": 0.8766666666666667, "Testing loss ": 0.19351337852986372, "Testing accuracy ": 0.8656, "_timestamp": 1709526186.3288002, "_runtime": 61.827558279037476, "_step": 29, "confusion_matrix_table": {"_type": "table-file", "sha256": "53e5a8219cb1cfe31000973bbb6794bc95a8ab023c7db6a325634015eba45f5f", "size": 3169, "artifact_path": "wandb-client-artifact://32fiy60fogh97jqa4x373ovoq194r5jjwn11x63p8jz5udvw1t1t5x80pmwqra4sqm2nnjzk7fa4gxslfmezz1l278909kdipk5pka260ydvythpdtdwhpq38lh1uxcj:latest/confusion_matrix_table.table.json", "_latest_artifact_path": "wandb-client-artifact://32fiy60fogh97jqa4x373ovoq194r5jjwn11x63p8jz5udvw1t1t5x80pmwqra4sqm2nnjzk7fa4gxslfmezz1l278909kdipk5pka260ydvythpdtdwhpq38lh1uxcj:latest/confusion_matrix_table.table.json", "path": "media/table/confusion_matrix_table_29_53e5a8219cb1cfe31000.table.json", "ncols": 3, "nrows": 100}, "_wandb": {"runtime": 61}}