{"Epoch ": 4, "Training loss ": 0.691081659911824, "Training accuracy ": 0.7609259259259259, "Validation loss ": 0.6885836940027916, "Validation accuracy ": 0.761, "Testing loss ": 0.7032099590386479, "Testing accuracy ": 0.7533, "_timestamp": 1709400895.803178, "_runtime": 29.468062162399292, "_step": 9, "confusion_matrix_table": {"_type": "table-file", "sha256": "761465cf08883de64b60a36b885ce7d3bd513db5ef0351b1ae27da57ec5934ff", "size": 3186, "artifact_path": "wandb-client-artifact://v6aot4l1vw1pbncj93jcgx3e82piytpapufaywes30chx4vskzof7ku5p4bwuexdxrux6l55hzie578vytgtbg3wfcsqy5gn7y5xc63yh2rj82w8koi9o7lbu9pomgwh:latest/confusion_matrix_table.table.json", "_latest_artifact_path": "wandb-client-artifact://v6aot4l1vw1pbncj93jcgx3e82piytpapufaywes30chx4vskzof7ku5p4bwuexdxrux6l55hzie578vytgtbg3wfcsqy5gn7y5xc63yh2rj82w8koi9o7lbu9pomgwh:latest/confusion_matrix_table.table.json", "path": "media/table/confusion_matrix_table_9_761465cf08883de64b60.table.json", "ncols": 3, "nrows": 100}, "_wandb": {"runtime": 28}}