{"Epoch ": 24, "Training loss ": 2.3233642245497155, "Training accuracy ": 0.09898148148148148, "Validation loss ": 2.3230647099471025, "Validation accuracy ": 0.099, "Testing loss ": 2.3233488132180677, "Testing accuracy ": 0.099, "_timestamp": 1709309921.7946947, "_runtime": 51.625513553619385, "_step": 49, "confusion_matrix_table": {"_type": "table-file", "sha256": "f073dfc75b1c0c4faae4c39adb5b13f7c1498118d2249478c58333d142eb79a8", "size": 3148, "artifact_path": "wandb-client-artifact://d6g4sej9nkofp5otf9nxrvbvvninwrp6q7ibgooxk1hw182fm5ednz3hxpm4mktyxg4lpk4w4bc345qyjyxq8zw23h5qvjd44e4yebhlb1pdxu742s26asuu3fkpsymb:latest/confusion_matrix_table.table.json", "_latest_artifact_path": "wandb-client-artifact://d6g4sej9nkofp5otf9nxrvbvvninwrp6q7ibgooxk1hw182fm5ednz3hxpm4mktyxg4lpk4w4bc345qyjyxq8zw23h5qvjd44e4yebhlb1pdxu742s26asuu3fkpsymb:latest/confusion_matrix_table.table.json", "path": "media/table/confusion_matrix_table_49_f073dfc75b1c0c4faae4.table.json", "ncols": 3, "nrows": 100}, "_wandb": {"runtime": 50}}