{"Epoch ": 4, "Training loss ": 1.6461532849321212, "Training accuracy ": 0.6278333333333334, "Validation loss ": 1.6433585431109095, "Validation accuracy ": 0.6311666666666667, "Testing loss ": 1.6499192987830087, "Testing accuracy ": 0.625, "_timestamp": 1709309971.4162762, "_runtime": 22.07770824432373, "_step": 9, "confusion_matrix_table": {"_type": "table-file", "sha256": "ab46b141a9895fff8f21ab971495dc59d3cb415323737fffc7c17532b88f1403", "size": 3190, "artifact_path": "wandb-client-artifact://7k27qe1aei8gsh8op0ulv2qk5ntmrwxajrxssoah58akmi96g4kdjkfidspef6v5mvbaokkmp0ej2woxs76zd9ancz5698sgc4wvyrxc63lpqgdsn3n64lzvpdp4wgff:latest/confusion_matrix_table.table.json", "_latest_artifact_path": "wandb-client-artifact://7k27qe1aei8gsh8op0ulv2qk5ntmrwxajrxssoah58akmi96g4kdjkfidspef6v5mvbaokkmp0ej2woxs76zd9ancz5698sgc4wvyrxc63lpqgdsn3n64lzvpdp4wgff:latest/confusion_matrix_table.table.json", "path": "media/table/confusion_matrix_table_9_ab46b141a9895fff8f21.table.json", "ncols": 3, "nrows": 100}, "_wandb": {"runtime": 21}}