{"Epoch ": 29, "Training loss ": 0.22579161624325916, "Training accuracy ": 0.913962962962963, "Validation loss ": 0.4025815053314495, "Validation accuracy ": 0.8775, "Testing loss ": 0.43387721783151945, "Testing accuracy ": 0.8677, "_timestamp": 1709136307.822576, "_runtime": 193.68952798843384, "_step": 59, "confusion_matrix_table": {"_type": "table-file", "sha256": "54293584cfa05716c73b0e491bc11e7b183852e57aa4f3ce2b47308b88665d01", "size": 3171, "artifact_path": "wandb-client-artifact://8o6sm871ipqveyv9wqfqlr27ti0wb7pe1ot47ny1vpwtmzqyrojxy1pndu3uy3zc6ziho1tw2gx3jhhl7qaalfq061arx430qojf0iqqz3c49mx6tk7i4dqrbvn5holl:latest/confusion_matrix_table.table.json", "_latest_artifact_path": "wandb-client-artifact://8o6sm871ipqveyv9wqfqlr27ti0wb7pe1ot47ny1vpwtmzqyrojxy1pndu3uy3zc6ziho1tw2gx3jhhl7qaalfq061arx430qojf0iqqz3c49mx6tk7i4dqrbvn5holl:latest/confusion_matrix_table.table.json", "path": "media/table/confusion_matrix_table_59_54293584cfa05716c73b.table.json", "ncols": 3, "nrows": 100}, "_wandb": {"runtime": 192}}