{"Epoch ": 24, "Training loss ": 0.3768050181043236, "Training accuracy ": 0.743462962962963, "Validation loss ": 0.38141781354206333, "Validation accuracy ": 0.7431666666666666, "Testing loss ": 0.3920765776571207, "Testing accuracy ": 0.7314, "_timestamp": 1709149138.5660439, "_runtime": 59.25766587257385, "_step": 49, "confusion_matrix_table": {"_type": "table-file", "sha256": "b793afb8086e02a07bbf15e749479676b9a8b533e831395bfd35321bd97ce4bc", "size": 3184, "artifact_path": "wandb-client-artifact://z19w108l5yt2afdbvgtvj6td669e3vc8o0romefadkeh0p58zt7f0rwwyqpbd07rfgmnql44706p9r9zpo4k9t34ol5ehn3xm24vj6asau55wu0d3pvf6mfvir1y36ee:latest/confusion_matrix_table.table.json", "_latest_artifact_path": "wandb-client-artifact://z19w108l5yt2afdbvgtvj6td669e3vc8o0romefadkeh0p58zt7f0rwwyqpbd07rfgmnql44706p9r9zpo4k9t34ol5ehn3xm24vj6asau55wu0d3pvf6mfvir1y36ee:latest/confusion_matrix_table.table.json", "path": "media/table/confusion_matrix_table_49_b793afb8086e02a07bbf.table.json", "ncols": 3, "nrows": 100}, "_wandb": {"runtime": 58}}