{"Epoch ": 24, "Training loss ": 0.04999805379755333, "Training accuracy ": 0.9703518518518518, "Validation loss ": 0.08536022165957367, "Validation accuracy ": 0.945, "Testing loss ": 0.07657070887360659, "Testing accuracy ": 0.9528, "_timestamp": 1709533449.6274884, "_runtime": 50.549105405807495, "_step": 49, "confusion_matrix_table": {"_type": "table-file", "sha256": "7925efd686ad2165c4951bc7b3f3ee0914ce07a0bdc8ce1b11557b772b61ebc0", "size": 3156, "artifact_path": "wandb-client-artifact://0n9pry5utxxeh99tmdpar5elje5lzj6p5m2cdyt7i99psp7xiopqmirkkhloeqq6w5xg5atkhtpt8oic0bvzrubmzw308x9f245y9pwwhcgz1afjwkovvge6bmn2vs98:latest/confusion_matrix_table.table.json", "_latest_artifact_path": "wandb-client-artifact://0n9pry5utxxeh99tmdpar5elje5lzj6p5m2cdyt7i99psp7xiopqmirkkhloeqq6w5xg5atkhtpt8oic0bvzrubmzw308x9f245y9pwwhcgz1afjwkovvge6bmn2vs98:latest/confusion_matrix_table.table.json", "path": "media/table/confusion_matrix_table_49_7925efd686ad2165c495.table.json", "ncols": 3, "nrows": 100}, "_wandb": {"runtime": 49}}