{"Epoch ": 24, "Training loss ": 0.1934538095963656, "Training accuracy ": 0.9264444444444444, "Validation loss ": 0.34172453890829624, "Validation accuracy ": 0.8866666666666667, "Testing loss ": 0.3693673292757853, "Testing accuracy ": 0.8799, "_timestamp": 1709138158.4179475, "_runtime": 138.2876136302948, "_step": 49, "confusion_matrix_table": {"_type": "table-file", "sha256": "95c7adb993f5ad9d71bd788d836d4568d33d30ab65b467591ecd82ecf49e3cd4", "size": 3169, "artifact_path": "wandb-client-artifact://czgbp2w3hm19v4m9x59u3x1o7aordaa5jxpx3n51mwn7abok0hkypmf1kybgphemogmbazq35qu0ayv7i5jk9tzmuwgjmtw9b7uonfl12sbvefv9d6vfya2732l6s5u0:latest/confusion_matrix_table.table.json", "_latest_artifact_path": "wandb-client-artifact://czgbp2w3hm19v4m9x59u3x1o7aordaa5jxpx3n51mwn7abok0hkypmf1kybgphemogmbazq35qu0ayv7i5jk9tzmuwgjmtw9b7uonfl12sbvefv9d6vfya2732l6s5u0:latest/confusion_matrix_table.table.json", "path": "media/table/confusion_matrix_table_49_95c7adb993f5ad9d71bd.table.json", "ncols": 3, "nrows": 100}, "_wandb": {"runtime": 137}}