{"Epoch ": 4, "Training loss ": 0.7171448988743128, "Training accuracy ": 0.3485185185185185, "Validation loss ": 0.7185884870411079, "Validation accuracy ": 0.3478333333333333, "Testing loss ": 0.7225371588813333, "Testing accuracy ": 0.3432, "_timestamp": 1709401000.3482075, "_runtime": 32.65535855293274, "_step": 9, "confusion_matrix_table": {"_type": "table-file", "sha256": "ae9008587ac71f24b3c7bb14540785dce7988469881929702fe42bd705d774ae", "size": 3170, "artifact_path": "wandb-client-artifact://5kalpdngw5b1dw9xhlssqjphzz12l2vc7fiweoe4bsnnhdj262f9rew95s900hqp38ssdallonr48dyin2dw3be2t0gpi6p7pndv2kgnvzm7oywxnta70ntag4luh65b:latest/confusion_matrix_table.table.json", "_latest_artifact_path": "wandb-client-artifact://5kalpdngw5b1dw9xhlssqjphzz12l2vc7fiweoe4bsnnhdj262f9rew95s900hqp38ssdallonr48dyin2dw3be2t0gpi6p7pndv2kgnvzm7oywxnta70ntag4luh65b:latest/confusion_matrix_table.table.json", "path": "media/table/confusion_matrix_table_9_ae9008587ac71f24b3c7.table.json", "ncols": 3, "nrows": 100}, "_wandb": {"runtime": 31}}