{"Epoch ": 4, "Training loss ": 0.6189308551437549, "Training accuracy ": 0.6429074074074074, "Validation loss ": 0.6181108506011715, "Validation accuracy ": 0.6423333333333333, "Testing loss ": 0.6229405759687566, "Testing accuracy ": 0.6333, "_timestamp": 1709146728.2249656, "_runtime": 24.436808586120605, "_step": 9, "confusion_matrix_table": {"_type": "table-file", "sha256": "bafa32fcde45daa2703ab6d35eeb55299866ea68e3ef057f3cc62962ca283353", "size": 3193, "artifact_path": "wandb-client-artifact://swywxyyefoze7bnlep7xrzsg9wv89igu9v35n9zj2upu73soo4bjqnr1yh23dqoo20oifkz7kpvmik8rux8tqiox2j8ni183zruc8wa8jwyv2uuiluxxf6rluj285syk:latest/confusion_matrix_table.table.json", "_latest_artifact_path": "wandb-client-artifact://swywxyyefoze7bnlep7xrzsg9wv89igu9v35n9zj2upu73soo4bjqnr1yh23dqoo20oifkz7kpvmik8rux8tqiox2j8ni183zruc8wa8jwyv2uuiluxxf6rluj285syk:latest/confusion_matrix_table.table.json", "path": "media/table/confusion_matrix_table_9_bafa32fcde45daa2703a.table.json", "ncols": 3, "nrows": 100}, "_wandb": {"runtime": 23}}