{"Epoch ": 4, "Training loss ": 1.138010762210211, "Training accuracy ": 0.5899444444444445, "Validation loss ": 1.1411174583908306, "Validation accuracy ": 0.5923333333333334, "Testing loss ": 1.1423985342428553, "Testing accuracy ": 0.5863, "_timestamp": 1709103488.396235, "_runtime": 10.557646036148071, "_step": 4, "_wandb": {"runtime": 9}}