{"Epoch ": 4, "Training loss ": 0.42732745734665883, "Training accuracy ": 0.8492777777777778, "Validation loss ": 0.42528278432524486, "Validation accuracy ": 0.8445, "Testing loss ": 0.46448905080231473, "Testing accuracy ": 0.8318, "_timestamp": 1709099819.188216, "_runtime": 71.31387305259705, "_step": 4, "_wandb": {"runtime": 70}}