{"Epoch ": 9, "Training loss ": 0.3061125478797037, "Training accuracy ": 0.8894444444444445, "Validation loss ": 0.35177688267571267, "Validation accuracy ": 0.879, "Testing loss ": 0.37349870967126, "Testing accuracy ": 0.8693, "_timestamp": 1709451534.8095658, "_runtime": 24.306976795196533, "_step": 19, "confusion_matrix_table": {"_type": "table-file", "sha256": "24e10e9d39f6e7239b70a3de01688429c4463a3855fd9fc8b1362df82d7628c5", "size": 3170, "artifact_path": "wandb-client-artifact://mkxte9i5f3gw482fkwqyefg72bt4gycq86bgwakzlgpd0yaakjq4md44mu64ydkuczgukdxgmeljos4qkv850kdg9u4ka4ymqb3126kgdt2bzx64w4v40qhjt1gs22oh:latest/confusion_matrix_table.table.json", "_latest_artifact_path": "wandb-client-artifact://mkxte9i5f3gw482fkwqyefg72bt4gycq86bgwakzlgpd0yaakjq4md44mu64ydkuczgukdxgmeljos4qkv850kdg9u4ka4ymqb3126kgdt2bzx64w4v40qhjt1gs22oh:latest/confusion_matrix_table.table.json", "path": "media/table/confusion_matrix_table_19_24e10e9d39f6e7239b70.table.json", "ncols": 3, "nrows": 100}, "_wandb": {"runtime": 23}}