{"Epoch ": 19, "Training loss ": 0.14025739963817146, "Training accuracy ": 0.9053148148148148, "Validation loss ": 0.1676560137533845, "Validation accuracy ": 0.8863333333333333, "Testing loss ": 0.1780222490910474, "Testing accuracy ": 0.8759, "_timestamp": 1709570205.3290427, "_runtime": 56.07339262962341, "_step": 39, "confusion_matrix_table": {"_type": "table-file", "sha256": "22264996a11047ca08a1e76a66c38b35756f52e09e49888da2266c547e3e4b3d", "size": 3170, "artifact_path": "wandb-client-artifact://kgs3mnxlwb2nps7qpbayvoig2mu8gb2bb0ohu406ofs41z989w0wyaxj2maa98nxvdotfaq0f3hrggt41f5bhrdijhv4aqdxpg8py2d4wsafdx4vwbjytty3n9to57r3:latest/confusion_matrix_table.table.json", "_latest_artifact_path": "wandb-client-artifact://kgs3mnxlwb2nps7qpbayvoig2mu8gb2bb0ohu406ofs41z989w0wyaxj2maa98nxvdotfaq0f3hrggt41f5bhrdijhv4aqdxpg8py2d4wsafdx4vwbjytty3n9to57r3:latest/confusion_matrix_table.table.json", "path": "media/table/confusion_matrix_table_39_22264996a11047ca08a1.table.json", "ncols": 3, "nrows": 100}, "_wandb": {"runtime": 55}}