{"Epoch ": 29, "Training loss ": 0.16276988945876428, "Training accuracy ": 0.8833518518518518, "Validation loss ": 0.205898919719849, "Validation accuracy ": 0.8548333333333333, "Testing loss ": 0.21555524802605877, "Testing accuracy ": 0.849, "_timestamp": 1709539669.4601872, "_runtime": 170.14213228225708, "_step": 59, "confusion_matrix_table": {"_type": "table-file", "sha256": "e0f789e7bfc441959dee4b5bf7ea2b98758b4bb70fecf4aa4565dc33cb502367", "size": 3173, "artifact_path": "wandb-client-artifact://x9eeisk0q2f593m7x6ky9cc1ha9w5y1o1gaps54g737hokwpeotbk3b74ma5nedmapszmnim5tz1iaweagntizb277ht0p2f1ms9tui6zlxmrc63vz2r69j3aqqahwhx:latest/confusion_matrix_table.table.json", "_latest_artifact_path": "wandb-client-artifact://x9eeisk0q2f593m7x6ky9cc1ha9w5y1o1gaps54g737hokwpeotbk3b74ma5nedmapszmnim5tz1iaweagntizb277ht0p2f1ms9tui6zlxmrc63vz2r69j3aqqahwhx:latest/confusion_matrix_table.table.json", "path": "media/table/confusion_matrix_table_59_e0f789e7bfc441959dee.table.json", "ncols": 3, "nrows": 100}, "_wandb": {"runtime": 169}}