{"Epoch ": 9, "Training loss ": 2.270785877848445, "Training accuracy ": 0.30633333333333335, "Validation loss ": 2.2708369581807935, "Validation accuracy ": 0.29983333333333334, "Testing loss ": 2.2708757981820336, "Testing accuracy ": 0.3015, "_timestamp": 1709488860.6828966, "_runtime": 34.08640265464783, "_step": 19, "confusion_matrix_table": {"_type": "table-file", "sha256": "6f656f001b3e89785341ffc7590ccbd036c3546929e04e1f9b307b79d4c299d6", "size": 3170, "artifact_path": "wandb-client-artifact://x2lrkxv80n2xcg9nlx34qq5ifso8ad1bvx1npxhngw0a162qy5c7xoyvf7ue7g22z742e790oqlbpabi2jr41ntsk1koscde47ejzwfvszevm72hwu6tfk7eieu7uyd3:latest/confusion_matrix_table.table.json", "_latest_artifact_path": "wandb-client-artifact://x2lrkxv80n2xcg9nlx34qq5ifso8ad1bvx1npxhngw0a162qy5c7xoyvf7ue7g22z742e790oqlbpabi2jr41ntsk1koscde47ejzwfvszevm72hwu6tfk7eieu7uyd3:latest/confusion_matrix_table.table.json", "path": "media/table/confusion_matrix_table_19_6f656f001b3e89785341.table.json", "ncols": 3, "nrows": 100}, "_wandb": {"runtime": 33}}