{"Epoch ": 9, "Training loss ": 1.427433548786864, "Training accuracy ": 0.6732777777777778, "Validation loss ": 1.4259748492056439, "Validation accuracy ": 0.6771666666666667, "Testing loss ": 1.431903213975882, "Testing accuracy ": 0.6668, "_timestamp": 1709106764.7462196, "_runtime": 36.92012858390808, "_step": 19, "confusion_matrix_table": {"_type": "table-file", "sha256": "2c12c5ce63af94412a92c14b90c42582b8756c90e78ae06eabf63b0873c9000b", "size": 3194, "artifact_path": "wandb-client-artifact://68l64k5zaki8loj4i4h513vb9o2vkovp4edyrqxe76xlg9suwowlw66vzjf52887kdmlfqh3ujgackwxvawc6cyj87xfoieg673h90zpsamh0yza7ffrfsyeataf3qgt:latest/confusion_matrix_table.table.json", "_latest_artifact_path": "wandb-client-artifact://68l64k5zaki8loj4i4h513vb9o2vkovp4edyrqxe76xlg9suwowlw66vzjf52887kdmlfqh3ujgackwxvawc6cyj87xfoieg673h90zpsamh0yza7ffrfsyeataf3qgt:latest/confusion_matrix_table.table.json", "path": "media/table/confusion_matrix_table_19_2c12c5ce63af94412a92.table.json", "ncols": 3, "nrows": 100}, "_wandb": {"runtime": 36}}