{"Epoch ": 4, "Training loss ": 1.6277218014505364, "Training accuracy ": 0.5234074074074074, "Validation loss ": 1.6198342491423412, "Validation accuracy ": 0.526, "Testing loss ": 1.6343019932721732, "Testing accuracy ": 0.5223, "_timestamp": 1709103891.0820856, "_runtime": 11.097071647644043, "_step": 4, "_wandb": {"runtime": 10}}