{"Epoch ": 4, "Training loss ": 0.20239082851608792, "Training accuracy ": 0.8630925925925926, "Validation loss ": 0.2115720587326177, "Validation accuracy ": 0.8553333333333333, "Testing loss ": 0.22278957296420557, "Testing accuracy ": 0.8481, "_timestamp": 1709571316.238505, "_runtime": 11.86506199836731, "_step": 9, "confusion_matrix_table": {"_type": "table-file", "sha256": "d5c4db159f019cff75b1320569f2882456549a3d57f34f6ce30c2badffcdffcd", "size": 3174, "artifact_path": "wandb-client-artifact://ph7cbvsw72vsfi6hhlkhysftpmztz09akx1j615iox9bdlyu4munjlog6ur7j4vbhn1qzxvi413n3d3wew4rjssof1o2ir9emd57hvf3rvdewhgysujlth2loj2xzr29:latest/confusion_matrix_table.table.json", "_latest_artifact_path": "wandb-client-artifact://ph7cbvsw72vsfi6hhlkhysftpmztz09akx1j615iox9bdlyu4munjlog6ur7j4vbhn1qzxvi413n3d3wew4rjssof1o2ir9emd57hvf3rvdewhgysujlth2loj2xzr29:latest/confusion_matrix_table.table.json", "path": "media/table/confusion_matrix_table_9_d5c4db159f019cff75b1.table.json", "ncols": 3, "nrows": 100}, "_wandb": {"runtime": 11}}