{"Epoch ": 19, "Training loss ": 0.17593221988519997, "Training accuracy ": 0.8810925925925925, "Validation loss ": 0.19923199474191677, "Validation accuracy ": 0.865, "Testing loss ": 0.2104179673782975, "Testing accuracy ": 0.8579, "_timestamp": 1709312297.7476208, "_runtime": 65.83882880210876, "_step": 39, "confusion_matrix_table": {"_type": "table-file", "sha256": "69a9c8fb33df6ad37ae07ade36969210f040dcf3738b988539367303fa3e8154", "size": 3174, "artifact_path": "wandb-client-artifact://v73yd32ncbxlfuvs45k493zk9v7clai8fsaca8rhq5zcuilw8hdzfpg8crsoj42hrskd72h5gswyp32y9tbkskn0fuoylbss7tcmkmocj3na3frnnozat135yyowaeb9:latest/confusion_matrix_table.table.json", "_latest_artifact_path": "wandb-client-artifact://v73yd32ncbxlfuvs45k493zk9v7clai8fsaca8rhq5zcuilw8hdzfpg8crsoj42hrskd72h5gswyp32y9tbkskn0fuoylbss7tcmkmocj3na3frnnozat135yyowaeb9:latest/confusion_matrix_table.table.json", "path": "media/table/confusion_matrix_table_39_69a9c8fb33df6ad37ae0.table.json", "ncols": 3, "nrows": 100}, "_wandb": {"runtime": 65}}