{"Epoch ": 4, "Training loss ": 0.5778317777175519, "Training accuracy ": 0.8018148148148149, "Validation loss ": 0.5869536398451309, "Validation accuracy ": 0.7981666666666667, "Testing loss ": 0.6110219694960481, "Testing accuracy ": 0.7887, "_timestamp": 1709400855.3367822, "_runtime": 30.97765827178955, "_step": 9, "confusion_matrix_table": {"_type": "table-file", "sha256": "33baa212fe84d652a0832a1c4f85a25dbf311a73c1db2785bc61880eab60be8e", "size": 3176, "artifact_path": "wandb-client-artifact://gziq4o2q1teibnkki3yv3kmd649tpeqd91o7evhsyo3jyvgzto6xk305ns4t8h1zxdd6jw2jjnf51xxtwbdj29hg7v0yms5qz39fgv0q0lgnl4ti2ibjmff44lvmhgxy:latest/confusion_matrix_table.table.json", "_latest_artifact_path": "wandb-client-artifact://gziq4o2q1teibnkki3yv3kmd649tpeqd91o7evhsyo3jyvgzto6xk305ns4t8h1zxdd6jw2jjnf51xxtwbdj29hg7v0yms5qz39fgv0q0lgnl4ti2ibjmff44lvmhgxy:latest/confusion_matrix_table.table.json", "path": "media/table/confusion_matrix_table_9_33baa212fe84d652a083.table.json", "ncols": 3, "nrows": 100}, "_wandb": {"runtime": 29}}