{"Epoch ": 14, "Training loss ": 0.0037536460557951517, "Training accuracy ": 0.9977222222222222, "Validation loss ": 0.03462247024477869, "Validation accuracy ": 0.9793333333333333, "Testing loss ": 0.03547158533806413, "Testing accuracy ": 0.9768, "_timestamp": 1709526680.1945674, "_runtime": 462.9410903453827, "_step": 29, "confusion_matrix_table": {"_type": "table-file", "sha256": "7ba8e034bb0ceee58da3171d970f1e26304bbe594e4125e190365633c7619ed2", "size": 3148, "artifact_path": "wandb-client-artifact://eewd4jwv7bz5cbfc4m1mzgzcsrsnrq0ncksrwl59jkd037n5p1zcs8896tx7u0z1ksyk83nq086oj2p8o0d46voc56yz42insiq47swovy5cv4oslvncd12t3dtb0f97:latest/confusion_matrix_table.table.json", "_latest_artifact_path": "wandb-client-artifact://eewd4jwv7bz5cbfc4m1mzgzcsrsnrq0ncksrwl59jkd037n5p1zcs8896tx7u0z1ksyk83nq086oj2p8o0d46voc56yz42insiq47swovy5cv4oslvncd12t3dtb0f97:latest/confusion_matrix_table.table.json", "path": "media/table/confusion_matrix_table_29_7ba8e034bb0ceee58da3.table.json", "ncols": 3, "nrows": 100}, "_wandb": {"runtime": 462}}