{"Epoch ": 4, "Training loss ": 0.6950328393665376, "Training accuracy ": 0.42916666666666664, "Validation loss ": 0.6963694206877464, "Validation accuracy ": 0.42683333333333334, "Testing loss ": 0.7085940951385236, "Testing accuracy ": 0.4231, "_timestamp": 1709400059.0691974, "_runtime": 18.051780462265015, "_step": 9, "confusion_matrix_table": {"_type": "table-file", "sha256": "0f38d7bf51c643d9059d0b6823c387c9554acc00ef11665fcd77aa4256d9b9a8", "size": 3181, "artifact_path": "wandb-client-artifact://bkt4cxjyi7kkwfca6gcak0xhh0g7kz192tuqds1sq6hen4jesjau4cv9sqdq29ken0xwyw3mhl5mtvgyl4lvkfgmcd7s7he99loj1022p6e1n2fb79as2j1xmfcj9vte:latest/confusion_matrix_table.table.json", "_latest_artifact_path": "wandb-client-artifact://bkt4cxjyi7kkwfca6gcak0xhh0g7kz192tuqds1sq6hen4jesjau4cv9sqdq29ken0xwyw3mhl5mtvgyl4lvkfgmcd7s7he99loj1022p6e1n2fb79as2j1xmfcj9vte:latest/confusion_matrix_table.table.json", "path": "media/table/confusion_matrix_table_9_0f38d7bf51c643d9059d.table.json", "ncols": 3, "nrows": 100}, "_wandb": {"runtime": 17}}