{"Epoch ": 9, "Training loss ": 0.9600549040157261, "Training accuracy ": 0.0971111111111111, "Validation loss ": 0.9599373404586471, "Validation accuracy ": 0.09933333333333333, "Testing loss ": 0.9600312372829226, "Testing accuracy ": 0.1015, "_timestamp": 1709526236.8028085, "_runtime": 38.97665357589722, "_step": 19, "confusion_matrix_table": {"_type": "table-file", "sha256": "abf400eb81a810f87a40e3a93863501138c0847795d3f441c6a47a449805e3b2", "size": 3161, "artifact_path": "wandb-client-artifact://a1dn3qgyfb2mlub0dr4j8b7hej6e0ettkj0gvx2e30a9rrztrlrwft443hfz4kiysc3zcfqzabapg3g1j997y08ojb7vcsioboilmwajvnmm18ic26ir0lmca9nlp6r7:latest/confusion_matrix_table.table.json", "_latest_artifact_path": "wandb-client-artifact://a1dn3qgyfb2mlub0dr4j8b7hej6e0ettkj0gvx2e30a9rrztrlrwft443hfz4kiysc3zcfqzabapg3g1j997y08ojb7vcsioboilmwajvnmm18ic26ir0lmca9nlp6r7:latest/confusion_matrix_table.table.json", "path": "media/table/confusion_matrix_table_19_abf400eb81a810f87a40.table.json", "ncols": 3, "nrows": 100}, "_wandb": {"runtime": 38}}