{"Epoch ": 24, "Training loss ": 0.3110153473048791, "Training accuracy ": 0.8095, "Validation loss ": 0.31014563257828015, "Validation accuracy ": 0.8071666666666667, "Testing loss ": 0.32098575284272296, "Testing accuracy ": 0.7988, "_timestamp": 1709146444.3995423, "_runtime": 74.39348340034485, "_step": 49, "confusion_matrix_table": {"_type": "table-file", "sha256": "da50d689be8c0d70eb0657abd73bcdb2ae3f44a35df13d324e46c50f7186d5f2", "size": 3179, "artifact_path": "wandb-client-artifact://ee0y4846rhdzz3uj4ugo3k0jzo1jkj6ec1gb9sowmbf4dtj46j3veik56ivobe5jgzr4plpc7vwy4kj0j0q6i1t1demlpbgqyv5bt2mnn8iwhi7xwgr1vmqp70joeygz:latest/confusion_matrix_table.table.json", "_latest_artifact_path": "wandb-client-artifact://ee0y4846rhdzz3uj4ugo3k0jzo1jkj6ec1gb9sowmbf4dtj46j3veik56ivobe5jgzr4plpc7vwy4kj0j0q6i1t1demlpbgqyv5bt2mnn8iwhi7xwgr1vmqp70joeygz:latest/confusion_matrix_table.table.json", "path": "media/table/confusion_matrix_table_49_da50d689be8c0d70eb06.table.json", "ncols": 3, "nrows": 100}, "_wandb": {"runtime": 73}}