{"Epoch ": 19, "Training loss ": 0.12715832406315528, "Training accuracy ": 0.9128148148148149, "Validation loss ": 0.16206947926448675, "Validation accuracy ": 0.8866666666666667, "Testing loss ": 0.17721230217496828, "Testing accuracy ": 0.8758, "_timestamp": 1709143136.2185907, "_runtime": 121.08773684501648, "_step": 39, "confusion_matrix_table": {"_type": "table-file", "sha256": "a5b29128f1d79be945b1f59ccd1fa05eb576b7b20504340f374d697e0a078085", "size": 3169, "artifact_path": "wandb-client-artifact://awznfzzc0kt3bzi07ry5n61nahuzxuepw5oc1rvtutyj2zrtdwl0qt7pbeu3n2e8bs88d9u9hebnlnxdmsd5pg8vq1kotpxbepz73ak6trbmp1hbpak95qbogkm1txfx:latest/confusion_matrix_table.table.json", "_latest_artifact_path": "wandb-client-artifact://awznfzzc0kt3bzi07ry5n61nahuzxuepw5oc1rvtutyj2zrtdwl0qt7pbeu3n2e8bs88d9u9hebnlnxdmsd5pg8vq1kotpxbepz73ak6trbmp1hbpak95qbogkm1txfx:latest/confusion_matrix_table.table.json", "path": "media/table/confusion_matrix_table_39_a5b29128f1d79be945b1.table.json", "ncols": 3, "nrows": 100}, "_wandb": {"runtime": 120}}