{"Epoch ": 29, "Training loss ": 0.39494423838841186, "Training accuracy ": 0.7527962962962963, "Validation loss ": 0.3928409508082292, "Validation accuracy ": 0.7506666666666667, "Testing loss ": 0.4019289841506118, "Testing accuracy ": 0.7407, "_timestamp": 1709581075.9236255, "_runtime": 56.129284381866455, "_step": 59, "confusion_matrix_table": {"_type": "table-file", "sha256": "f884da4513b74225dcf34547b7d81503dc670bd23e71bd0af3f604688763225b", "size": 3188, "artifact_path": "wandb-client-artifact://6hia8ipj4vzgs561osu4815jfhmja4ocmn3zr5vz5z9go53xemmcnd7o728zv6aziena2ac91ydi63wyrj601scinidd7kckzr4zy55dwg7pjqe3wesonsxc71ocniv8:latest/confusion_matrix_table.table.json", "_latest_artifact_path": "wandb-client-artifact://6hia8ipj4vzgs561osu4815jfhmja4ocmn3zr5vz5z9go53xemmcnd7o728zv6aziena2ac91ydi63wyrj601scinidd7kckzr4zy55dwg7pjqe3wesonsxc71ocniv8:latest/confusion_matrix_table.table.json", "path": "media/table/confusion_matrix_table_59_f884da4513b74225dcf3.table.json", "ncols": 3, "nrows": 100}, "_wandb": {"runtime": 55}}