{"Epoch ": 99, "Training loss ": 3.6388177471064893e-06, "Training accuracy ": 0.9272962962962963, "Validation loss ": 7.900854975908393e-05, "Validation accuracy ": 0.8763333333333333, "Testing loss ": 5.118375497573239e-05, "Testing accuracy ": 0.8648, "_timestamp": 1708928945.7439585, "_runtime": 115.48872637748718, "_step": 199, "confusion_matrix_table": {"_type": "table-file", "sha256": "c7b3a4da6649f7c48218707fde51c87061adafcfc9ae3db0fa9fb51f00c5f544", "size": 3172, "artifact_path": "wandb-client-artifact://v68x8intsb32cmbvocywt89574234ln68oh0tqd4x0gkianwsertu6b5h5y9he9a04ynzgwyy65ebowwz8yp48ipscp1kw24q105nexf49cqqzx5d37horu374tuqnwd:latest/confusion_matrix_table.table.json", "_latest_artifact_path": "wandb-client-artifact://v68x8intsb32cmbvocywt89574234ln68oh0tqd4x0gkianwsertu6b5h5y9he9a04ynzgwyy65ebowwz8yp48ipscp1kw24q105nexf49cqqzx5d37horu374tuqnwd:latest/confusion_matrix_table.table.json", "path": "media/table/confusion_matrix_table_199_c7b3a4da6649f7c48218.table.json", "ncols": 3, "nrows": 100}, "_wandb": {"runtime": 114}}