{"Epoch ": 14, "Training loss ": 2.300819360531162, "Training accuracy ": 0.11374074074074074, "Validation loss ": 2.304231715596204, "Validation accuracy ": 0.1, "Testing loss ": 2.301004929018711, "Testing accuracy ": 0.1135, "_timestamp": 1709489606.125303, "_runtime": 57.58859395980835, "_step": 29, "confusion_matrix_table": {"_type": "table-file", "sha256": "d1569761db429b76055faeaf2e107bee2147105aec334a738d9337d7991aa86c", "size": 3147, "artifact_path": "wandb-client-artifact://8e2mvitu05l2c0rjfpqeu19ypzqvbyucp0mu94tpmlbcgkl2m7wlwfxo6oqa22hn2qc1901yl89w9n7ior4ahhrcxwv5bruezhl7nge45aw8uhy6caezvx3vfi4fi7q7:latest/confusion_matrix_table.table.json", "_latest_artifact_path": "wandb-client-artifact://8e2mvitu05l2c0rjfpqeu19ypzqvbyucp0mu94tpmlbcgkl2m7wlwfxo6oqa22hn2qc1901yl89w9n7ior4ahhrcxwv5bruezhl7nge45aw8uhy6caezvx3vfi4fi7q7:latest/confusion_matrix_table.table.json", "path": "media/table/confusion_matrix_table_29_d1569761db429b76055f.table.json", "ncols": 3, "nrows": 100}, "_wandb": {"runtime": 56}}