{"Epoch ": 29, "Training loss ": 0.22080567546529326, "Training accuracy ": 0.9202407407407407, "Validation loss ": 0.30889013613813654, "Validation accuracy ": 0.8916666666666667, "Testing loss ": 0.33440624355300824, "Testing accuracy ": 0.8826, "_timestamp": 1709287630.2783978, "_runtime": 195.66738772392273, "_step": 59, "confusion_matrix_table": {"_type": "table-file", "sha256": "38f0037a3bbebd6a99383e088e3f6b8cf4fb0a15db5950a7875016ee205178e4", "size": 3170, "artifact_path": "wandb-client-artifact://erv6ldjltqnv7ij8m8qj309zxd4wjhddtoxmmw1bvaq7tig639aeh6e250882tu8pl72plp8nxrv6jwwx5y3frn5ga8h9ywft065ck4io3nm7j48rzma54xgfsu8z6uz:latest/confusion_matrix_table.table.json", "_latest_artifact_path": "wandb-client-artifact://erv6ldjltqnv7ij8m8qj309zxd4wjhddtoxmmw1bvaq7tig639aeh6e250882tu8pl72plp8nxrv6jwwx5y3frn5ga8h9ywft065ck4io3nm7j48rzma54xgfsu8z6uz:latest/confusion_matrix_table.table.json", "path": "media/table/confusion_matrix_table_59_38f0037a3bbebd6a9938.table.json", "ncols": 3, "nrows": 100}, "_wandb": {"runtime": 194}}