{"Epoch ": 24, "Training loss ": 0.003118449439410418, "Training accuracy ": 0.9992407407407408, "Validation loss ": 0.14982660029206749, "Validation accuracy ": 0.9813333333333333, "Testing loss ": 0.1686850846780242, "Testing accuracy ": 0.9767, "_timestamp": 1709497529.524492, "_runtime": 347.7632031440735, "_step": 49, "confusion_matrix_table": {"_type": "table-file", "sha256": "beeea7539862733a1d741d97b1304bfa1b52cd687697bb3769cd2bfe8fc69e95", "size": 3146, "artifact_path": "wandb-client-artifact://04d8sszftraif9769wejn4gcprbcbhpjel92div5poki2vdh2ahzzbuk0tnxz2cgnbsv0q0um2exnklyewwn96x6gnwwn6fxp8d40ivvr7pzb6zzf35myue9hr8syihv:latest/confusion_matrix_table.table.json", "_latest_artifact_path": "wandb-client-artifact://04d8sszftraif9769wejn4gcprbcbhpjel92div5poki2vdh2ahzzbuk0tnxz2cgnbsv0q0um2exnklyewwn96x6gnwwn6fxp8d40ivvr7pzb6zzf35myue9hr8syihv:latest/confusion_matrix_table.table.json", "path": "media/table/confusion_matrix_table_49_beeea7539862733a1d74.table.json", "ncols": 3, "nrows": 100}, "_wandb": {"runtime": 346}}