{"Epoch ": 4, "Training loss ": 1.8613720216696712, "Training accuracy ": 0.6341666666666667, "Validation loss ": 1.8714101905928962, "Validation accuracy ": 0.622, "Testing loss ": 1.8538766840429186, "Testing accuracy ": 0.6448, "_timestamp": 1709501887.4677207, "_runtime": 82.43898367881775, "_step": 9, "confusion_matrix_table": {"_type": "table-file", "sha256": "9802e4fdd0a5b60ce3a4767a674f07bfb5667f047fbb64d50e9ffbb7e9467ad6", "size": 3191, "artifact_path": "wandb-client-artifact://9i2zzqw90iofnhtkenkhsop4xcw6nayvbgnfbn3sb5dcj3fwa2bj3zxvk9m3pj8y6dt26wljhxgwc4xl0oqkh92wxsegy32464mjejb789b7st8zt92p2fi1qiqcvc2b:latest/confusion_matrix_table.table.json", "_latest_artifact_path": "wandb-client-artifact://9i2zzqw90iofnhtkenkhsop4xcw6nayvbgnfbn3sb5dcj3fwa2bj3zxvk9m3pj8y6dt26wljhxgwc4xl0oqkh92wxsegy32464mjejb789b7st8zt92p2fi1qiqcvc2b:latest/confusion_matrix_table.table.json", "path": "media/table/confusion_matrix_table_9_9802e4fdd0a5b60ce3a4.table.json", "ncols": 3, "nrows": 100}, "_wandb": {"runtime": 81}}