{"Epoch ": 19, "Training loss ": 0.23409314836893122, "Training accuracy ": 0.9164444444444444, "Validation loss ": 0.38381596420078246, "Validation accuracy ": 0.8771666666666667, "Testing loss ": 0.41832169591699647, "Testing accuracy ": 0.8712, "_timestamp": 1709479359.5228236, "_runtime": 195.6284055709839, "_step": 39, "confusion_matrix_table": {"_type": "table-file", "sha256": "9ee4a0e0a23164aca5f1ee388f83d2b6acdd9f7a80fd71b8445a48c21ec4e7a1", "size": 3170, "artifact_path": "wandb-client-artifact://sgoyqvyoflich4pp5e7hwsgs4icm4y2fpc12xdzbamjjtwq8qfmsjhozb3p195tys03jjrd2bi292e9gnznx8fycuqx4y2bzzowcnqe12jinztol7nngw4rmo3l9zgxn:latest/confusion_matrix_table.table.json", "_latest_artifact_path": "wandb-client-artifact://sgoyqvyoflich4pp5e7hwsgs4icm4y2fpc12xdzbamjjtwq8qfmsjhozb3p195tys03jjrd2bi292e9gnznx8fycuqx4y2bzzowcnqe12jinztol7nngw4rmo3l9zgxn:latest/confusion_matrix_table.table.json", "path": "media/table/confusion_matrix_table_39_9ee4a0e0a23164aca5f1.table.json", "ncols": 3, "nrows": 100}, "_wandb": {"runtime": 194}}