{"Epoch ": 4, "Training loss ": 0.03343153622248632, "Training accuracy ": 0.9909074074074075, "Validation loss ": 0.09584869356123268, "Validation accuracy ": 0.9705, "Testing loss ": 0.08326854087441961, "Testing accuracy ": 0.9749, "_timestamp": 1709492159.9443474, "_runtime": 42.82073426246643, "_step": 9, "confusion_matrix_table": {"_type": "table-file", "sha256": "c9c147a3d8501326e61d1f0b78524abb8eacd3f9fcc4fe6d9a552a54a9368582", "size": 3147, "artifact_path": "wandb-client-artifact://xl9v2p52sqyenbnh2t8y7zftp0rs8ybx925iyk4oro8278zcw6ry45bttwf819pkz15lr92du6kvoa9bg6nost17lurn74c6j0d4srtfaza9mcbtbtbzi5j69fc5rfyn:latest/confusion_matrix_table.table.json", "_latest_artifact_path": "wandb-client-artifact://xl9v2p52sqyenbnh2t8y7zftp0rs8ybx925iyk4oro8278zcw6ry45bttwf819pkz15lr92du6kvoa9bg6nost17lurn74c6j0d4srtfaza9mcbtbtbzi5j69fc5rfyn:latest/confusion_matrix_table.table.json", "path": "media/table/confusion_matrix_table_9_c9c147a3d8501326e61d.table.json", "ncols": 3, "nrows": 100}, "_wandb": {"runtime": 41}}