{"Epoch ": 29, "Training loss ": 0.2886608330491741, "Training accuracy ": 0.8952777777777777, "Validation loss ": 0.33939079548249346, "Validation accuracy ": 0.8815, "Testing loss ": 0.3788246720228424, "Testing accuracy ": 0.8672, "_timestamp": 1709128193.0099146, "_runtime": 60.18141770362854, "_step": 59, "confusion_matrix_table": {"_type": "table-file", "sha256": "d4fe3b48bde6803113c7bc69d712e95a66d034ccfe50416f1e5a57b766784d6b", "size": 3172, "artifact_path": "wandb-client-artifact://nae1uzzyehe00ke110gk59szfx82qvehdjplikn4wkim5lppzfvny3teyzumza4qb83v11rj4n2qx04q0n5jidkd7naci9ydty3v3ht2zaf20v7dtnb8fytyg2ecqzlt:latest/confusion_matrix_table.table.json", "_latest_artifact_path": "wandb-client-artifact://nae1uzzyehe00ke110gk59szfx82qvehdjplikn4wkim5lppzfvny3teyzumza4qb83v11rj4n2qx04q0n5jidkd7naci9ydty3v3ht2zaf20v7dtnb8fytyg2ecqzlt:latest/confusion_matrix_table.table.json", "path": "media/table/confusion_matrix_table_59_d4fe3b48bde6803113c7.table.json", "ncols": 3, "nrows": 100}, "_wandb": {"runtime": 59}}