{"Epoch ": 24, "Training loss ": 0.2105805921441412, "Training accuracy ": 0.9216666666666666, "Validation loss ": 0.3577077020099257, "Validation accuracy ": 0.8826666666666667, "Testing loss ": 0.39185832120841513, "Testing accuracy ": 0.8732, "_timestamp": 1709409142.5284429, "_runtime": 90.53872394561768, "_step": 49, "confusion_matrix_table": {"_type": "table-file", "sha256": "520f0ef4f6902bdf07fb29a2a3f0c30135a4b8a51b3f36c2298f1bf7e187343c", "size": 3171, "artifact_path": "wandb-client-artifact://qlhp3tdekwc4em21y1xqxmgvr02h42ztunh71karmj3pgjbb4bjuvuh1cef13ey65tl8l8489eeuj1ow43tgo12xu941n91qq1x03esh5au1g8me5odh7qq8i9g58fya:latest/confusion_matrix_table.table.json", "_latest_artifact_path": "wandb-client-artifact://qlhp3tdekwc4em21y1xqxmgvr02h42ztunh71karmj3pgjbb4bjuvuh1cef13ey65tl8l8489eeuj1ow43tgo12xu941n91qq1x03esh5au1g8me5odh7qq8i9g58fya:latest/confusion_matrix_table.table.json", "path": "media/table/confusion_matrix_table_49_520f0ef4f6902bdf07fb.table.json", "ncols": 3, "nrows": 100}, "_wandb": {"runtime": 89}}