{"Epoch ": 4, "Training loss ": 0.6096037895636256, "Training accuracy ": 0.8057222222222222, "Validation loss ": 0.6130412766647273, "Validation accuracy ": 0.8106666666666666, "Testing loss ": 0.6306827553989691, "Testing accuracy ": 0.7941, "_timestamp": 1709106667.693666, "_runtime": 16.343703031539917, "_step": 9, "confusion_matrix_table": {"_type": "table-file", "sha256": "f248af4dfc6a90a61fb7e7ba01a8d9ca3712acf134aa7eb20b995e45af4b4f66", "size": 3182, "artifact_path": "wandb-client-artifact://0ky0prh9okaba21620e6za3c7o9t6lmy4z8cqm6qb10ipbcggs6szza97pto8egsxh8jaaz59io99p3b8uld9ia0rdjijhk0a3wz9tgun18tfyc1qeaft24e8jrhvvor:latest/confusion_matrix_table.table.json", "_latest_artifact_path": "wandb-client-artifact://0ky0prh9okaba21620e6za3c7o9t6lmy4z8cqm6qb10ipbcggs6szza97pto8egsxh8jaaz59io99p3b8uld9ia0rdjijhk0a3wz9tgun18tfyc1qeaft24e8jrhvvor:latest/confusion_matrix_table.table.json", "path": "media/table/confusion_matrix_table_9_f248af4dfc6a90a61fb7.table.json", "ncols": 3, "nrows": 100}, "_wandb": {"runtime": 15}}