{"Epoch ": 0, "Training loss ": 0.7089820146425587, "Training accuracy ": 0.6150740740740741, "Validation loss ": 0.7091121868713189, "Validation accuracy ": 0.6123333333333333, "Testing loss ": 0.7111471102132898, "Testing accuracy ": 0.5988, "_timestamp": 1709043574.5788999, "_runtime": 11.00696086883545, "_step": 0, "_wandb": {"runtime": 10}}