{"Epoch ": 29, "Training loss ": 1.0265062622177399, "Training accuracy ": 0.6303888888888889, "Validation loss ": 1.0311728121506707, "Validation accuracy ": 0.6278333333333334, "Testing loss ": 1.0362926886805732, "Testing accuracy ": 0.626, "_timestamp": 1709449917.790493, "_runtime": 46.346161127090454, "_step": 59, "confusion_matrix_table": {"_type": "table-file", "sha256": "f9581899952a6ae75df83c7abe685a033d6c879bc1ac68b6def5b1328712c116", "size": 3178, "artifact_path": "wandb-client-artifact://vbyi1fnlywrlv33i9rdk0coospobztr33pfmz2wiz8lede95rd0mcv1i87vn7tuzm7eci4aax14atecjvyt6w6eph48qgjafverdvgi7tipj6oh3ao7bksdzg1bwloyi:latest/confusion_matrix_table.table.json", "_latest_artifact_path": "wandb-client-artifact://vbyi1fnlywrlv33i9rdk0coospobztr33pfmz2wiz8lede95rd0mcv1i87vn7tuzm7eci4aax14atecjvyt6w6eph48qgjafverdvgi7tipj6oh3ao7bksdzg1bwloyi:latest/confusion_matrix_table.table.json", "path": "media/table/confusion_matrix_table_59_f9581899952a6ae75df8.table.json", "ncols": 3, "nrows": 100}, "_wandb": {"runtime": 45}}