{"Epoch ": 14, "Training loss ": 1.21571550609514, "Training accuracy ": 0.24033333333333334, "Validation loss ": 1.2105811650968081, "Validation accuracy ": 0.241, "Testing loss ": 1.2149322569673462, "Testing accuracy ": 0.2371, "_timestamp": 1709300747.829463, "_runtime": 45.13376998901367, "_step": 29, "confusion_matrix_table": {"_type": "table-file", "sha256": "8bdfb0e74a87aacaf8879e0b6cf4b7090cee70ef3eab003fd83aae5b9b8ce9f3", "size": 3166, "artifact_path": "wandb-client-artifact://4k9juawxqrp65l5evhwat8xsmdsivcaj6x22hzosjzl5tfxzml20j8wg64f8y3is9i8oml3fd9h1jkwor6eq25vu1ohealw0jhps2nk6p28d3oogwvhz06k9c523n7f3:latest/confusion_matrix_table.table.json", "_latest_artifact_path": "wandb-client-artifact://4k9juawxqrp65l5evhwat8xsmdsivcaj6x22hzosjzl5tfxzml20j8wg64f8y3is9i8oml3fd9h1jkwor6eq25vu1ohealw0jhps2nk6p28d3oogwvhz06k9c523n7f3:latest/confusion_matrix_table.table.json", "path": "media/table/confusion_matrix_table_29_8bdfb0e74a87aacaf887.table.json", "ncols": 3, "nrows": 100}, "_wandb": {"runtime": 44}}