{"Epoch ": 5, "Training loss": 0.7463490928742949, "Training accuracy": 0.6932962962962963, "Validation loss": 0.7504059305611597, "Validation accuracy": 0.6855, "Testing loss": 0.7753027231812443, "Testing accuracy": 0.6817, "_timestamp": 1709115971.5469377, "_runtime": 55.60838174819946, "_step": 11, "confusion_matrix_table": {"_type": "table-file", "sha256": "e8b96249602a0b03537300a66eeb0a7f74880acba745736502d794036e5325d5", "size": 3177, "artifact_path": "wandb-client-artifact://415se0c4rt9htc4y3vwxkmvstg0ukqbh0f5d1u7ycztn3vwqh8uowvusq3vzy9woocohoakrgshkk2byf3m1cx7tjxce4126racz6x8r3djv7c7pw5jimedcj2y0gi6g:latest/confusion_matrix_table.table.json", "_latest_artifact_path": "wandb-client-artifact://415se0c4rt9htc4y3vwxkmvstg0ukqbh0f5d1u7ycztn3vwqh8uowvusq3vzy9woocohoakrgshkk2byf3m1cx7tjxce4126racz6x8r3djv7c7pw5jimedcj2y0gi6g:latest/confusion_matrix_table.table.json", "path": "media/table/confusion_matrix_table_11_e8b96249602a0b035373.table.json", "ncols": 3, "nrows": 100}, "_wandb": {"runtime": 55}}