{"Epoch ": 4, "Training loss ": 0.35545804623816, "Training accuracy ": 0.8754814814814815, "Validation loss ": 0.3860047411145433, "Validation accuracy ": 0.86, "Testing loss ": 0.4082709742652071, "Testing accuracy ": 0.8555, "_timestamp": 1709007708.994622, "_runtime": 12.242841005325317, "_step": 9, "confusion_matrix_table": {"_type": "table-file", "sha256": "08b49309bf0c9d2da2a035662bda884c6c064b0a2eaa291214209b3a5d2d7260", "size": 3174, "artifact_path": "wandb-client-artifact://nmyt5kdvlx71gl10xp9hai136mzplnux5fo3s9vhv9ulrko5ndivbhlggoa75yzp2rfnxe9tld6jspg3x97beutobrgmq66dtj108up8zl2v2xhdoj2qozkcd74iwegz:latest/confusion_matrix_table.table.json", "_latest_artifact_path": "wandb-client-artifact://nmyt5kdvlx71gl10xp9hai136mzplnux5fo3s9vhv9ulrko5ndivbhlggoa75yzp2rfnxe9tld6jspg3x97beutobrgmq66dtj108up8zl2v2xhdoj2qozkcd74iwegz:latest/confusion_matrix_table.table.json", "path": "media/table/confusion_matrix_table_9_08b49309bf0c9d2da2a0.table.json", "ncols": 3, "nrows": 100}, "_wandb": {"runtime": 11}}