{"Epoch ": 19, "Training loss ": 0.18769508544270846, "Training accuracy ": 0.872, "Validation loss ": 0.20196642241147109, "Validation accuracy ": 0.8603333333333333, "Testing loss ": 0.21282901819800035, "Testing accuracy ": 0.8545, "_timestamp": 1709567280.9548752, "_runtime": 179.5231261253357, "_step": 39, "confusion_matrix_table": {"_type": "table-file", "sha256": "487bb734ac5635bbe94c925326d97ae59e05a4f5cac62be1c74831b7cfa38d54", "size": 3174, "artifact_path": "wandb-client-artifact://zm3gy2j0zcf1zrn4v5wfne5mkdxddhrrggy439u1yvzc2dfy4hpk3j3nruvtrf66vourqn9lreyhpxr5fld644kg3b5951mv2xt9mcvod430goszuav9d4l3ftcmo2hd:latest/confusion_matrix_table.table.json", "_latest_artifact_path": "wandb-client-artifact://zm3gy2j0zcf1zrn4v5wfne5mkdxddhrrggy439u1yvzc2dfy4hpk3j3nruvtrf66vourqn9lreyhpxr5fld644kg3b5951mv2xt9mcvod430goszuav9d4l3ftcmo2hd:latest/confusion_matrix_table.table.json", "path": "media/table/confusion_matrix_table_39_487bb734ac5635bbe94c.table.json", "ncols": 3, "nrows": 100}, "_wandb": {"runtime": 178}}