{"Epoch ": 24, "Training loss ": 0.3005131936420043, "Training accuracy ": 0.8927777777777778, "Validation loss ": 0.34448162567958646, "Validation accuracy ": 0.8823333333333333, "Testing loss ": 0.36480795518525616, "Testing accuracy ": 0.871, "_timestamp": 1709413461.925532, "_runtime": 54.98303699493408, "_step": 49, "confusion_matrix_table": {"_type": "table-file", "sha256": "f46d34700b46234ddad9756582f70a4fecb29e9d359ae5683eaecaac5bcd2a84", "size": 3172, "artifact_path": "wandb-client-artifact://8b0vybqf7qayq3cbw69i6s0gzpxiz8lrhyznaeq7kip8lab084k5fw035fd53uh0vlg9o38ekd25oq2k3qekr8c2cthejb5e46sq2toww5y16zffy7t2m0m31m7obzpw:latest/confusion_matrix_table.table.json", "_latest_artifact_path": "wandb-client-artifact://8b0vybqf7qayq3cbw69i6s0gzpxiz8lrhyznaeq7kip8lab084k5fw035fd53uh0vlg9o38ekd25oq2k3qekr8c2cthejb5e46sq2toww5y16zffy7t2m0m31m7obzpw:latest/confusion_matrix_table.table.json", "path": "media/table/confusion_matrix_table_49_f46d34700b46234ddad9.table.json", "ncols": 3, "nrows": 100}, "_wandb": {"runtime": 54}}