{"Epoch ": 4, "Training loss ": 1.042149320148104, "Training accuracy ": 0.609037037037037, "Validation loss ": 1.0957957432724241, "Validation accuracy ": 0.6058333333333333, "Testing loss ": 1.098621362059627, "Testing accuracy ": 0.602, "_timestamp": 1709400413.120988, "_runtime": 24.344347953796387, "_step": 9, "confusion_matrix_table": {"_type": "table-file", "sha256": "0e7d94cd2e20730dc8b77f5bcbba99b4f127f4bf93bfcaf1866157e8f04032aa", "size": 3170, "artifact_path": "wandb-client-artifact://2bwyided6ytahsxy87mjbehxmt9pq7lu38ojg3e7f72trxresipleptql2oz9g96x1ud7zq7bog9js4fpxmb711vrb7fx6e58vmm1gvj9go9z70hvvwtijlnynadfj7h:latest/confusion_matrix_table.table.json", "_latest_artifact_path": "wandb-client-artifact://2bwyided6ytahsxy87mjbehxmt9pq7lu38ojg3e7f72trxresipleptql2oz9g96x1ud7zq7bog9js4fpxmb711vrb7fx6e58vmm1gvj9go9z70hvvwtijlnynadfj7h:latest/confusion_matrix_table.table.json", "path": "media/table/confusion_matrix_table_9_0e7d94cd2e20730dc8b7.table.json", "ncols": 3, "nrows": 100}, "_wandb": {"runtime": 23}}