{"Epoch ": 4, "Training loss ": 1.632552368197179, "Training accuracy ": 0.3758518518518518, "Validation loss ": 1.633538891046889, "Validation accuracy ": 0.37566666666666665, "Testing loss ": 1.6392552242608966, "Testing accuracy ": 0.3718, "_timestamp": 1709481894.3760438, "_runtime": 18.056362867355347, "_step": 9, "confusion_matrix_table": {"_type": "table-file", "sha256": "739944a986cc238f82a1f0a0ab2e1428090b2707747647ceee09eb354698cf94", "size": 3176, "artifact_path": "wandb-client-artifact://imxc8om34g2cien7pgxp0inzupptmmfdg38fnrie3i8ng8ouxe3beloxrvsqr38orlk4hx8gml3p6f8im3dp49l4ax1ybdly8y6zjhe54y1sfnwa1ohs9azh8gxfed70:latest/confusion_matrix_table.table.json", "_latest_artifact_path": "wandb-client-artifact://imxc8om34g2cien7pgxp0inzupptmmfdg38fnrie3i8ng8ouxe3beloxrvsqr38orlk4hx8gml3p6f8im3dp49l4ax1ybdly8y6zjhe54y1sfnwa1ohs9azh8gxfed70:latest/confusion_matrix_table.table.json", "path": "media/table/confusion_matrix_table_9_739944a986cc238f82a1.table.json", "ncols": 3, "nrows": 100}, "_wandb": {"runtime": 17}}