{"Epoch ": 29, "Training loss ": 0.2831870350831397, "Training accuracy ": 0.8980370370370371, "Validation loss ": 0.32690137072981623, "Validation accuracy ": 0.8838333333333334, "Testing loss ": 0.3605288559614723, "Testing accuracy ": 0.873, "_timestamp": 1709453493.7949417, "_runtime": 44.60662770271301, "_step": 59, "confusion_matrix_table": {"_type": "table-file", "sha256": "544f469de4728da12e0b182c0c6e1c5fc1cfff10051b9ce5c47f75adccba9ccd", "size": 3172, "artifact_path": "wandb-client-artifact://24s6kiusqoj012s0xnno0r9tqne4wrnaj6ux5j96id14649h2cw22qojpojr4357278r4m0vavy5pyn8g22gmh69dz0y9fqxfv1b90cwpiwfqpr3unmg42zii0y3mqdx:latest/confusion_matrix_table.table.json", "_latest_artifact_path": "wandb-client-artifact://24s6kiusqoj012s0xnno0r9tqne4wrnaj6ux5j96id14649h2cw22qojpojr4357278r4m0vavy5pyn8g22gmh69dz0y9fqxfv1b90cwpiwfqpr3unmg42zii0y3mqdx:latest/confusion_matrix_table.table.json", "path": "media/table/confusion_matrix_table_59_544f469de4728da12e0b.table.json", "ncols": 3, "nrows": 100}, "_wandb": {"runtime": 43}}