{"Epoch ": 14, "Training loss ": 2.3006601720919595, "Training accuracy ": 0.11374074074074074, "Validation loss ": 2.3036217408885844, "Validation accuracy ": 0.1, "Testing loss ": 2.300801452655282, "Testing accuracy ": 0.1135, "_timestamp": 1709500413.474447, "_runtime": 31.630553007125854, "_step": 29, "confusion_matrix_table": {"_type": "table-file", "sha256": "d1569761db429b76055faeaf2e107bee2147105aec334a738d9337d7991aa86c", "size": 3147, "artifact_path": "wandb-client-artifact://e1z7ga1hgq7hp7v702v79t3y2tkucqundb57nvbdpmu1v0s86jkkb1t86e6gi5c2h7ugzdkyj59qmn42qvht61fcjkire4vwfgbgo8ad1qc1w689o4cf88orno4xnfr0:latest/confusion_matrix_table.table.json", "_latest_artifact_path": "wandb-client-artifact://e1z7ga1hgq7hp7v702v79t3y2tkucqundb57nvbdpmu1v0s86jkkb1t86e6gi5c2h7ugzdkyj59qmn42qvht61fcjkire4vwfgbgo8ad1qc1w689o4cf88orno4xnfr0:latest/confusion_matrix_table.table.json", "path": "media/table/confusion_matrix_table_29_d1569761db429b76055f.table.json", "ncols": 3, "nrows": 100}, "_wandb": {"runtime": 30}}