{"Epoch ": 19, "Training loss ": 0.011631732271098648, "Training accuracy ": 0.9978888888888889, "Validation loss ": 0.10973459777797918, "Validation accuracy ": 0.9711666666666666, "Testing loss ": 0.0935145179483466, "Testing accuracy ": 0.9737, "_timestamp": 1709492605.3189902, "_runtime": 95.80187821388245, "_step": 39, "confusion_matrix_table": {"_type": "table-file", "sha256": "51d64047db4cfd39621130ac4dca5697587da939d7a20be17151def9d9c51cb6", "size": 3149, "artifact_path": "wandb-client-artifact://6q66reccq25jiaadggcmvwizjhmctv1x2syb6dwr6yhzgaba9pr7peop49hpkhfc5msuo4b35c4bq0jqmhp1is5uxudjeis93b4k1r8nffajgnnhv1iokawkl6d0sgww:latest/confusion_matrix_table.table.json", "_latest_artifact_path": "wandb-client-artifact://6q66reccq25jiaadggcmvwizjhmctv1x2syb6dwr6yhzgaba9pr7peop49hpkhfc5msuo4b35c4bq0jqmhp1is5uxudjeis93b4k1r8nffajgnnhv1iokawkl6d0sgww:latest/confusion_matrix_table.table.json", "path": "media/table/confusion_matrix_table_39_51d64047db4cfd396211.table.json", "ncols": 3, "nrows": 100}, "_wandb": {"runtime": 95}}