{"Epoch ": 19, "Training loss ": 0.9000010019897207, "Training accuracy ": 0.1, "Validation loss ": 0.9000009989407763, "Validation accuracy ": 0.1, "Testing loss ": 0.9000010042760257, "Testing accuracy ": 0.1, "_timestamp": 1709559665.1074924, "_runtime": 23.617225408554077, "_step": 39, "confusion_matrix_table": {"_type": "table-file", "sha256": "0ee415feb6e88801bea131a71c2983f6ab863018fdbc5640c49db930f958dd1d", "size": 3152, "artifact_path": "wandb-client-artifact://lqr1t0xryi5g6mlur7o6kg4p3240tyvtagkfd39ob2ai8jpyjehvx6vo1e0ns091gjpa51b8ibj0malb9asl8wvzkzjk6w5yz9b2121q99q9rmsnks9mn4lckbsd3dfu:latest/confusion_matrix_table.table.json", "_latest_artifact_path": "wandb-client-artifact://lqr1t0xryi5g6mlur7o6kg4p3240tyvtagkfd39ob2ai8jpyjehvx6vo1e0ns091gjpa51b8ibj0malb9asl8wvzkzjk6w5yz9b2121q99q9rmsnks9mn4lckbsd3dfu:latest/confusion_matrix_table.table.json", "path": "media/table/confusion_matrix_table_39_0ee415feb6e88801bea1.table.json", "ncols": 3, "nrows": 100}, "_wandb": {"runtime": 22}}