{"Epoch ": 4, "Training loss ": 0.4565366959077283, "Training accuracy ": 0.63, "Validation loss ": 0.45731403547068605, "Validation accuracy ": 0.6288333333333334, "Testing loss ": 0.46067555074158517, "Testing accuracy ": 0.6284, "_timestamp": 1709399602.4216378, "_runtime": 19.21029782295227, "_step": 9, "confusion_matrix_table": {"_type": "table-file", "sha256": "16fc5a33d578828d1066f202fdbacebf5adc805edaa79a09faedb3a3618bdee0", "size": 3177, "artifact_path": "wandb-client-artifact://em7f9f1rv6478r7ekhzmeu2cbt7l98kletgd4u188lbgxbeqqkb3tgojuiemczxp1gdp95618r0ewtras5njfmzbv2gikhm4cpbsggt05fxvd60tbi5zt3ux03uwi22g:latest/confusion_matrix_table.table.json", "_latest_artifact_path": "wandb-client-artifact://em7f9f1rv6478r7ekhzmeu2cbt7l98kletgd4u188lbgxbeqqkb3tgojuiemczxp1gdp95618r0ewtras5njfmzbv2gikhm4cpbsggt05fxvd60tbi5zt3ux03uwi22g:latest/confusion_matrix_table.table.json", "path": "media/table/confusion_matrix_table_9_16fc5a33d578828d1066.table.json", "ncols": 3, "nrows": 100}, "_wandb": {"runtime": 18}}