{"Epoch ": 19, "Training loss ": 0.2416488615006632, "Training accuracy ": 0.9067777777777778, "Validation loss ": 0.3740238678231449, "Validation accuracy ": 0.8763333333333333, "Testing loss ": 0.3953482934139945, "Testing accuracy ": 0.8681, "_timestamp": 1709447441.7943516, "_runtime": 143.89615964889526, "_step": 39, "confusion_matrix_table": {"_type": "table-file", "sha256": "9a869f9cd7baac84f0590e546ad750e333a2c333349b61f44b10264534e113ef", "size": 3170, "artifact_path": "wandb-client-artifact://q5iud1ngxp16t2id076gtw2eob734eklgvi3xszasnd15awdvp0107xid2h0yc9vctuh537w1h91mxpwfsts36ck2zcbdege2pmj24m0owiqmelxu8xwbuxqo1hxc5sf:latest/confusion_matrix_table.table.json", "_latest_artifact_path": "wandb-client-artifact://q5iud1ngxp16t2id076gtw2eob734eklgvi3xszasnd15awdvp0107xid2h0yc9vctuh537w1h91mxpwfsts36ck2zcbdege2pmj24m0owiqmelxu8xwbuxqo1hxc5sf:latest/confusion_matrix_table.table.json", "path": "media/table/confusion_matrix_table_39_9a869f9cd7baac84f059.table.json", "ncols": 3, "nrows": 100}, "_wandb": {"runtime": 143}}