{"Epoch ": 29, "Training loss ": 0.143109422330277, "Training accuracy ": 0.9027777777777778, "Validation loss ": 0.15862633860078248, "Validation accuracy ": 0.8916666666666667, "Testing loss ": 0.17814152172912007, "Testing accuracy ": 0.8748, "_timestamp": 1709186837.5448372, "_runtime": 173.96461629867554, "_step": 59, "confusion_matrix_table": {"_type": "table-file", "sha256": "e5d0770e8ab58b4c73166b87f9308a110a494a1cb0b837876867dcf14db08ad5", "size": 3171, "artifact_path": "wandb-client-artifact://grrkr7chi5wdu9cr4ja2te3piolnw4dbcntua1vdvoxv0v4yqle1q8vzxmabbq8ta4dnl1daysfkk0hcsq29hhr5pu87s0f9g821cpjuo79euqyxr5lor2b93dixzyah:latest/confusion_matrix_table.table.json", "_latest_artifact_path": "wandb-client-artifact://grrkr7chi5wdu9cr4ja2te3piolnw4dbcntua1vdvoxv0v4yqle1q8vzxmabbq8ta4dnl1daysfkk0hcsq29hhr5pu87s0f9g821cpjuo79euqyxr5lor2b93dixzyah:latest/confusion_matrix_table.table.json", "path": "media/table/confusion_matrix_table_59_e5d0770e8ab58b4c7316.table.json", "ncols": 3, "nrows": 100}, "_wandb": {"runtime": 173}}