{"Epoch ": 9, "Training loss ": 0.4083820390594402, "Training accuracy ": 0.7413703703703703, "Validation loss ": 0.4034813878691974, "Validation accuracy ": 0.7421666666666666, "Testing loss ": 0.41829833265376326, "Testing accuracy ": 0.7362, "_timestamp": 1709145491.6727424, "_runtime": 29.95431137084961, "_step": 19, "confusion_matrix_table": {"_type": "table-file", "sha256": "4078af887b8a85956d0b563fcaeaba83938991cf3cd91cf89415b40a1f2b30b1", "size": 3171, "artifact_path": "wandb-client-artifact://890i11tu1tkj4070hdijaed9f387fk1iugz9lseg1pfnbb21je5tbf1mz52g8zj7v3974edgvwnfmxym4z8uzyodueydsjgvx9nbooyrodpjztmphv97yivhb2iqpjec:latest/confusion_matrix_table.table.json", "_latest_artifact_path": "wandb-client-artifact://890i11tu1tkj4070hdijaed9f387fk1iugz9lseg1pfnbb21je5tbf1mz52g8zj7v3974edgvwnfmxym4z8uzyodueydsjgvx9nbooyrodpjztmphv97yivhb2iqpjec:latest/confusion_matrix_table.table.json", "path": "media/table/confusion_matrix_table_19_4078af887b8a85956d0b.table.json", "ncols": 3, "nrows": 100}, "_wandb": {"runtime": 29}}