{"Epoch ": 24, "Training loss ": 0.07146638029594216, "Training accuracy ": 0.9534259259259259, "Validation loss ": 0.10289105390760202, "Validation accuracy ": 0.9325, "Testing loss ": 0.09242831009833664, "Testing accuracy ": 0.9385, "_timestamp": 1709528750.1166236, "_runtime": 66.99257469177246, "_step": 49, "confusion_matrix_table": {"_type": "table-file", "sha256": "fa0c4b3c1e6bb5e255ae6b1d930fa38c48fe2b0f6f92e2890f3a181812ebc9ea", "size": 3164, "artifact_path": "wandb-client-artifact://8tfffdtdkl2z4rlkhw75rf9gpkfipj5262eqp2n3qj06uihclox353qwqx41wn7bgqswen8dpechcajfrmr789rfn1hgjfvbim5j4minl6l71ji5xqg48sf1gwyhlijp:latest/confusion_matrix_table.table.json", "_latest_artifact_path": "wandb-client-artifact://8tfffdtdkl2z4rlkhw75rf9gpkfipj5262eqp2n3qj06uihclox353qwqx41wn7bgqswen8dpechcajfrmr789rfn1hgjfvbim5j4minl6l71ji5xqg48sf1gwyhlijp:latest/confusion_matrix_table.table.json", "path": "media/table/confusion_matrix_table_49_fa0c4b3c1e6bb5e255ae.table.json", "ncols": 3, "nrows": 100}, "_wandb": {"runtime": 66}}