{"Epoch ": 19, "Training loss ": 0.35151374670394847, "Training accuracy ": 0.8756851851851852, "Validation loss ": 0.37419719061323164, "Validation accuracy ": 0.8653333333333333, "Testing loss ": 0.39625497833657586, "Testing accuracy ": 0.8586, "_timestamp": 1709486366.214623, "_runtime": 101.58328104019165, "_step": 39, "confusion_matrix_table": {"_type": "table-file", "sha256": "fb74b9232c34278a10e95ede0b1d05ca8c5d4237d96118db4b9a41e5dc65c64c", "size": 3174, "artifact_path": "wandb-client-artifact://7ws5hcb0yncuu73tvamoim9r5h3q6l0k95bqvop2lfzsjd7a30g6zjzmghb86ed6wldoqg1qktbwe0je5w2bqjue3lu9l8lfn359qd724q5dohd79x5ofmb56ayniphj:latest/confusion_matrix_table.table.json", "_latest_artifact_path": "wandb-client-artifact://7ws5hcb0yncuu73tvamoim9r5h3q6l0k95bqvop2lfzsjd7a30g6zjzmghb86ed6wldoqg1qktbwe0je5w2bqjue3lu9l8lfn359qd724q5dohd79x5ofmb56ayniphj:latest/confusion_matrix_table.table.json", "path": "media/table/confusion_matrix_table_39_fb74b9232c34278a10e9.table.json", "ncols": 3, "nrows": 100}, "_wandb": {"runtime": 100}}