{"Epoch ": 29, "Training loss ": 0.030315408301160925, "Training accuracy ": 0.9925925925925926, "Validation loss ": 0.09223528958233844, "Validation accuracy ": 0.9711666666666666, "Testing loss ": 0.09543356039741888, "Testing accuracy ": 0.9713, "_timestamp": 1709503071.3944197, "_runtime": 53.6586127281189, "_step": 59, "confusion_matrix_table": {"_type": "table-file", "sha256": "008c783941a87838daab5b0a0919c6de0ff8299f5859e0bd01f7bfbb3a513442", "size": 3149, "artifact_path": "wandb-client-artifact://cjsrn6nnd2rxiftzx193vo18hsbdi9g1077hotljkjjitov445chdjmpbugrpxicpnh6vq21ewv5decls8qknh4c0y21p57z867o6lnuesk02ckia4k6clhe95xzy7jb:latest/confusion_matrix_table.table.json", "_latest_artifact_path": "wandb-client-artifact://cjsrn6nnd2rxiftzx193vo18hsbdi9g1077hotljkjjitov445chdjmpbugrpxicpnh6vq21ewv5decls8qknh4c0y21p57z867o6lnuesk02ckia4k6clhe95xzy7jb:latest/confusion_matrix_table.table.json", "path": "media/table/confusion_matrix_table_59_008c783941a87838daab.table.json", "ncols": 3, "nrows": 100}, "_wandb": {"runtime": 52}}