{"Epoch ": 24, "Training loss ": 0.19356483764226529, "Training accuracy ": 0.8731481481481481, "Validation loss ": 0.22410577144695196, "Validation accuracy ": 0.8486666666666667, "Testing loss ": 0.2382997559166317, "Testing accuracy ": 0.8405, "_timestamp": 1709183843.129661, "_runtime": 87.27681016921997, "_step": 49, "confusion_matrix_table": {"_type": "table-file", "sha256": "093ef1cd6b3f1cc24ff98309935a9c5c33db90b59713ae84e240d248c8daa8f1", "size": 3170, "artifact_path": "wandb-client-artifact://a86h41mzz9iknu1xfgwci2soue150sul48bme423pi48r9baled8nnegrg9tto4gh6sezy7brk50iss2vtqupkm14yyfccc7nkxhct3u93kvsowbbsouk96kcvxyklzk:latest/confusion_matrix_table.table.json", "_latest_artifact_path": "wandb-client-artifact://a86h41mzz9iknu1xfgwci2soue150sul48bme423pi48r9baled8nnegrg9tto4gh6sezy7brk50iss2vtqupkm14yyfccc7nkxhct3u93kvsowbbsouk96kcvxyklzk:latest/confusion_matrix_table.table.json", "path": "media/table/confusion_matrix_table_49_093ef1cd6b3f1cc24ff9.table.json", "ncols": 3, "nrows": 100}, "_wandb": {"runtime": 86}}