{"Epoch ": 24, "Training loss ": 0.27388516420012154, "Training accuracy ": 0.8992407407407408, "Validation loss ": 0.36618680961724553, "Validation accuracy ": 0.8705, "Testing loss ": 0.37823696820474073, "Testing accuracy ": 0.8661, "_timestamp": 1709293134.9226878, "_runtime": 40.16171073913574, "_step": 49, "confusion_matrix_table": {"_type": "table-file", "sha256": "6a34f3d4af06228edc6facbb3fb735fca83c2fbe7936cd0d2b7d141d7e387c2e", "size": 3172, "artifact_path": "wandb-client-artifact://j126mthq8tn2dqeqc2149cra4nouma9z45w71t95iuxubb1fdg9f2zhewoefi30dqxj9do8ppz1hajnnmy7lg9g7b7o42f2yir84lcuninq4wadiugt1pous8znvxh9o:latest/confusion_matrix_table.table.json", "_latest_artifact_path": "wandb-client-artifact://j126mthq8tn2dqeqc2149cra4nouma9z45w71t95iuxubb1fdg9f2zhewoefi30dqxj9do8ppz1hajnnmy7lg9g7b7o42f2yir84lcuninq4wadiugt1pous8znvxh9o:latest/confusion_matrix_table.table.json", "path": "media/table/confusion_matrix_table_49_6a34f3d4af06228edc6f.table.json", "ncols": 3, "nrows": 100}, "_wandb": {"runtime": 39}}