{"Epoch ": 24, "Training loss ": 0.42339016141882274, "Training accuracy ": 0.8527592592592592, "Validation loss ": 0.4341082293608566, "Validation accuracy ": 0.8481666666666666, "Testing loss ": 0.4563038857839988, "Testing accuracy ": 0.8439, "_timestamp": 1709132178.025994, "_runtime": 76.21239709854126, "_step": 49, "confusion_matrix_table": {"_type": "table-file", "sha256": "35c3e6894b26ed34a10081db0ba555718405f63faccc9d2e96a4acbc95e90175", "size": 3176, "artifact_path": "wandb-client-artifact://mrjbbfy7mtwllyr1he2iz1cbui0njdukcevrx923necj2ib2garogna838wm1oglwkpsoqgh893kao1alka4ipgdso0sp3apz8j44rf369rjuelrobild7ol2246571a:latest/confusion_matrix_table.table.json", "_latest_artifact_path": "wandb-client-artifact://mrjbbfy7mtwllyr1he2iz1cbui0njdukcevrx923necj2ib2garogna838wm1oglwkpsoqgh893kao1alka4ipgdso0sp3apz8j44rf369rjuelrobild7ol2246571a:latest/confusion_matrix_table.table.json", "path": "media/table/confusion_matrix_table_49_35c3e6894b26ed34a100.table.json", "ncols": 3, "nrows": 100}, "_wandb": {"runtime": 75}}