{"Epoch ": 9, "Training loss ": 1.2424118154343287, "Training accuracy ": 0.2675740740740741, "Validation loss ": 1.2461932140433507, "Validation accuracy ": 0.2655, "Testing loss ": 1.2596741987379623, "Testing accuracy ": 0.2589, "_timestamp": 1709150960.9177485, "_runtime": 22.611555337905884, "_step": 19, "confusion_matrix_table": {"_type": "table-file", "sha256": "67a9e70732b3242cd9dd4e354f79e783ba99265fa97bf961c5f318e6a9f09943", "size": 3153, "artifact_path": "wandb-client-artifact://h26vp98t5hofykrjydd90f6gpbr16mvb6u3tq4p2zf5bzg53vamhztgjn2kk54yd4yaw4x762kd9xdspgkt4ic6r33q6jqm5w12god8kwm13f1danenc8062j9i1iwf2:latest/confusion_matrix_table.table.json", "_latest_artifact_path": "wandb-client-artifact://h26vp98t5hofykrjydd90f6gpbr16mvb6u3tq4p2zf5bzg53vamhztgjn2kk54yd4yaw4x762kd9xdspgkt4ic6r33q6jqm5w12god8kwm13f1danenc8062j9i1iwf2:latest/confusion_matrix_table.table.json", "path": "media/table/confusion_matrix_table_19_67a9e70732b3242cd9dd.table.json", "ncols": 3, "nrows": 100}, "_wandb": {"runtime": 21}}