{"Epoch ": 4, "Training loss ": 0.1713914281149452, "Training accuracy ": 0.8796481481481482, "Validation loss ": 0.18755961241636943, "Validation accuracy ": 0.867, "Testing loss ": 0.20381680082612005, "Testing accuracy ": 0.8578, "_timestamp": 1709190045.971106, "_runtime": 50.52057194709778, "_step": 9, "confusion_matrix_table": {"_type": "table-file", "sha256": "ace5932f6495a6f2211b7219e9a8593bf8a501a579337fb379b1028b21e61656", "size": 3172, "artifact_path": "wandb-client-artifact://x3nm87fgyejz6jz1mg5mi76fi483r0kgx5w3jz2x054wj278zsxh912uivsbs6gkgfr6v7nwgsww2jlu9h5v959rez1k7uhkupmoy3wpnibqs0jat2ug3lm96mzj6ll6:latest/confusion_matrix_table.table.json", "_latest_artifact_path": "wandb-client-artifact://x3nm87fgyejz6jz1mg5mi76fi483r0kgx5w3jz2x054wj278zsxh912uivsbs6gkgfr6v7nwgsww2jlu9h5v959rez1k7uhkupmoy3wpnibqs0jat2ug3lm96mzj6ll6:latest/confusion_matrix_table.table.json", "path": "media/table/confusion_matrix_table_9_ace5932f6495a6f2211b.table.json", "ncols": 3, "nrows": 100}, "_wandb": {"runtime": 49}}