{"Epoch ": 4, "Training loss ": 0.2483956443997933, "Training accuracy ": 0.8246111111111111, "Validation loss ": 0.2502734663280342, "Validation accuracy ": 0.8216666666666667, "Testing loss ": 0.2649250535775568, "Testing accuracy ": 0.812, "_timestamp": 1709529188.2722886, "_runtime": 176.56599950790405, "_step": 9, "confusion_matrix_table": {"_type": "table-file", "sha256": "2b68f322b7049ce357b7e3b83cf802b5ec09988b2b74bf597bce15a327626f8b", "size": 3176, "artifact_path": "wandb-client-artifact://v5o19ug3jhwkb96vfurgmaevlv2p65bqyf1io2ighs688kctsi9p5577zdqw6bygipmpojytxgw9pucre0ii6i0s87n2w0derspzejli4rkriqi8juro0ryd62iwjfhm:latest/confusion_matrix_table.table.json", "_latest_artifact_path": "wandb-client-artifact://v5o19ug3jhwkb96vfurgmaevlv2p65bqyf1io2ighs688kctsi9p5577zdqw6bygipmpojytxgw9pucre0ii6i0s87n2w0derspzejli4rkriqi8juro0ryd62iwjfhm:latest/confusion_matrix_table.table.json", "path": "media/table/confusion_matrix_table_9_2b68f322b7049ce357b7.table.json", "ncols": 3, "nrows": 100}, "_wandb": {"runtime": 175}}