{"Epoch ": 9, "Training loss ": 2.302603077397132, "Training accuracy ": 0.1, "Validation loss ": 2.3026030773727326, "Validation accuracy ": 0.1, "Testing loss ": 2.302603077398858, "Testing accuracy ": 0.1, "_timestamp": 1709098035.5350862, "_runtime": 23.06947112083435, "_step": 9, "_wandb": {"runtime": 22}}