{"Epoch ": 29, "Training loss ": 0.09745554803143146, "Training accuracy ": 0.9344444444444444, "Validation loss ": 0.17026778254727096, "Validation accuracy ": 0.885, "Testing loss ": 0.18032419522001863, "Testing accuracy ": 0.8796, "_timestamp": 1709574265.8465955, "_runtime": 530.9766385555267, "_step": 59, "confusion_matrix_table": {"_type": "table-file", "sha256": "a1f37ecc17892cca8bca77f344dd161be905cd4c0213f083697c82f95c6ce5af", "size": 3170, "artifact_path": "wandb-client-artifact://c7vwtio9a13rex85roz94hvyfcbj2mg5q1sl1pzwv149kcnd8jsk5rln6voi8kno3g8oo49e66v9o85ddqku77zx3d2noeh9pf7sh0gk1ew6tszt0hjk0rcl39wn3ksh:latest/confusion_matrix_table.table.json", "_latest_artifact_path": "wandb-client-artifact://c7vwtio9a13rex85roz94hvyfcbj2mg5q1sl1pzwv149kcnd8jsk5rln6voi8kno3g8oo49e66v9o85ddqku77zx3d2noeh9pf7sh0gk1ew6tszt0hjk0rcl39wn3ksh:latest/confusion_matrix_table.table.json", "path": "media/table/confusion_matrix_table_59_a1f37ecc17892cca8bca.table.json", "ncols": 3, "nrows": 100}, "_wandb": {"runtime": 530}}