{"Epoch ": 14, "Training loss ": 0.08006780565558953, "Training accuracy ": 0.9492222222222222, "Validation loss ": 0.08859289757538266, "Validation accuracy ": 0.9416666666666667, "Testing loss ": 0.08492030392919506, "Testing accuracy ": 0.9439, "_timestamp": 1709528629.696888, "_runtime": 120.62839198112488, "_step": 29, "confusion_matrix_table": {"_type": "table-file", "sha256": "4d16bf8f92b765d6a7b1acf57f05f2e6eb39f8a0bd3f815552d5f4d9e1bd0df8", "size": 3164, "artifact_path": "wandb-client-artifact://lg3nbw0fr1liifoipu93qbkdk1prwoi26jbazegnn6oyxrtm05hbnqarhhoy1mb4r8jcpwpl58v8t09ujiu5s3ykqd63ke8r0a74r6cuu5k6kgeoj8h2y7qyjd33iu1h:latest/confusion_matrix_table.table.json", "_latest_artifact_path": "wandb-client-artifact://lg3nbw0fr1liifoipu93qbkdk1prwoi26jbazegnn6oyxrtm05hbnqarhhoy1mb4r8jcpwpl58v8t09ujiu5s3ykqd63ke8r0a74r6cuu5k6kgeoj8h2y7qyjd33iu1h:latest/confusion_matrix_table.table.json", "path": "media/table/confusion_matrix_table_29_4d16bf8f92b765d6a7b1.table.json", "ncols": 3, "nrows": 100}, "_wandb": {"runtime": 119}}