{"Epoch ": 29, "Training loss ": 0.22014589839574517, "Training accuracy ": 0.919074074074074, "Validation loss ": 0.41191964983740975, "Validation accuracy ": 0.8765, "Testing loss ": 0.4189650999766147, "Testing accuracy ": 0.871, "_timestamp": 1709447285.718076, "_runtime": 131.77322006225586, "_step": 59, "confusion_matrix_table": {"_type": "table-file", "sha256": "3367fef631733960930dff360a81c9be48b842eb372270480b8b64ba85ba0047", "size": 3170, "artifact_path": "wandb-client-artifact://p72cr56vvkmtoudqf4cpg64p6oo8qn8mp2ayozkdz5uwb2rhdtqagsr2vh3ink9swztkzsdkef6cbtk4c6o9ivzbkz9zw0zjil9akl5j2ka4jlr9awkpy39mjyldv704:latest/confusion_matrix_table.table.json", "_latest_artifact_path": "wandb-client-artifact://p72cr56vvkmtoudqf4cpg64p6oo8qn8mp2ayozkdz5uwb2rhdtqagsr2vh3ink9swztkzsdkef6cbtk4c6o9ivzbkz9zw0zjil9akl5j2ka4jlr9awkpy39mjyldv704:latest/confusion_matrix_table.table.json", "path": "media/table/confusion_matrix_table_59_3367fef631733960930d.table.json", "ncols": 3, "nrows": 100}, "_wandb": {"runtime": 131}}