{"Epoch ": 29, "Training loss ": 0.35191512248593027, "Training accuracy ": 0.8746481481481482, "Validation loss ": 0.36364489134880607, "Validation accuracy ": 0.8671666666666666, "Testing loss ": 0.39571321220413586, "Testing accuracy ": 0.8581, "_timestamp": 1709290869.8709784, "_runtime": 128.8279333114624, "_step": 59, "confusion_matrix_table": {"_type": "table-file", "sha256": "7c42998dbe7bf088383a0810be3c540e595c377113e488943595fc08774b33a3", "size": 3175, "artifact_path": "wandb-client-artifact://jv1j2igeq8te4i5y0hx7pifjm7nbcwzaxad4ybhg58vtm6j0hkcfqcw0fneboqmwamq98qrqedhf07t5waf7xaidt1tr33cxusw8a0i4j2e85g7r7rnurru5qfz9nkq3:latest/confusion_matrix_table.table.json", "_latest_artifact_path": "wandb-client-artifact://jv1j2igeq8te4i5y0hx7pifjm7nbcwzaxad4ybhg58vtm6j0hkcfqcw0fneboqmwamq98qrqedhf07t5waf7xaidt1tr33cxusw8a0i4j2e85g7r7rnurru5qfz9nkq3:latest/confusion_matrix_table.table.json", "path": "media/table/confusion_matrix_table_59_7c42998dbe7bf088383a.table.json", "ncols": 3, "nrows": 100}, "_wandb": {"runtime": 128}}