{"Epoch ": 24, "Training loss ": 0.18954340981686046, "Training accuracy ": 0.8646296296296296, "Validation loss ": 0.21106596105712871, "Validation accuracy ": 0.8516666666666667, "Testing loss ": 0.23628987036933846, "Testing accuracy ": 0.8343, "_timestamp": 1709151970.2257528, "_runtime": 86.1626648902893, "_step": 49, "confusion_matrix_table": {"_type": "table-file", "sha256": "4b4495d1dba7b417110584efda0c84ab1749113691a799b9ab5749359c90170f", "size": 3172, "artifact_path": "wandb-client-artifact://0ni3jm8pv43egkn88k10vyvtrbph1my8htyk4z2anzudzdspwbxjrap5zlbmvz6r57bj7v5kqwpbmnolxbr6x4xkl1u2ps3uzv585f2z4oxkmejmoddik02iqlrd9v58:latest/confusion_matrix_table.table.json", "_latest_artifact_path": "wandb-client-artifact://0ni3jm8pv43egkn88k10vyvtrbph1my8htyk4z2anzudzdspwbxjrap5zlbmvz6r57bj7v5kqwpbmnolxbr6x4xkl1u2ps3uzv585f2z4oxkmejmoddik02iqlrd9v58:latest/confusion_matrix_table.table.json", "path": "media/table/confusion_matrix_table_49_4b4495d1dba7b4171105.table.json", "ncols": 3, "nrows": 100}, "_wandb": {"runtime": 85}}