{"Epoch ": 24, "Training loss ": 0.24021183117356998, "Training accuracy ": 0.9155555555555556, "Validation loss ": 0.3822429343424647, "Validation accuracy ": 0.8831666666666667, "Testing loss ": 0.4039580119233846, "Testing accuracy ": 0.8742, "_timestamp": 1709452469.5427465, "_runtime": 449.1849365234375, "_step": 49, "confusion_matrix_table": {"_type": "table-file", "sha256": "5098bfd12685d4516a81ef4854e0ec7e2646accc7cb839de1c6f12bde615b263", "size": 3169, "artifact_path": "wandb-client-artifact://yyrxkigs6t8q7lkagavd64a958xr959ur1xkqgimf6ld4nluk43gljjin8kg3mboz7q5j3i6kuage2qpa6mwceizg131g7mcapu4zsazgwkj84qxka4zazop28rfx5sn:latest/confusion_matrix_table.table.json", "_latest_artifact_path": "wandb-client-artifact://yyrxkigs6t8q7lkagavd64a958xr959ur1xkqgimf6ld4nluk43gljjin8kg3mboz7q5j3i6kuage2qpa6mwceizg131g7mcapu4zsazgwkj84qxka4zazop28rfx5sn:latest/confusion_matrix_table.table.json", "path": "media/table/confusion_matrix_table_49_5098bfd12685d4516a81.table.json", "ncols": 3, "nrows": 100}, "_wandb": {"runtime": 448}}