{"Epoch ": 4, "Training loss ": 0.24458701048495665, "Training accuracy ": 0.8375, "Validation loss ": 0.2457458254732094, "Validation accuracy ": 0.8328333333333333, "Testing loss ": 0.2579182561056205, "Testing accuracy ": 0.8275, "_timestamp": 1709151177.481631, "_runtime": 26.310716152191162, "_step": 9, "confusion_matrix_table": {"_type": "table-file", "sha256": "70f2be2073625073c4fe0c5c8e69bf7f37f174588642e42f583bd6b1e8946e1b", "size": 3175, "artifact_path": "wandb-client-artifact://lfkoparvca2tcu3fg5e53txc9nh4c4jrwd7h0va5y89ozmds1c7ql7mi3thdk5thikuctoljjrzjijn4a7x0j0nzacxm04p47ap038gem4cxk94mi8dmr5483hx8xlap:latest/confusion_matrix_table.table.json", "_latest_artifact_path": "wandb-client-artifact://lfkoparvca2tcu3fg5e53txc9nh4c4jrwd7h0va5y89ozmds1c7ql7mi3thdk5thikuctoljjrzjijn4a7x0j0nzacxm04p47ap038gem4cxk94mi8dmr5483hx8xlap:latest/confusion_matrix_table.table.json", "path": "media/table/confusion_matrix_table_9_70f2be2073625073c4fe.table.json", "ncols": 3, "nrows": 100}, "_wandb": {"runtime": 25}}