{"Epoch ": 4, "Training loss ": 0.41740441661516314, "Training accuracy ": 0.8534444444444444, "Validation loss ": 0.4583588558708183, "Validation accuracy ": 0.8423333333333334, "Testing loss ": 0.4607448783790578, "Testing accuracy ": 0.8393, "_timestamp": 1709399493.316383, "_runtime": 22.062469959259033, "_step": 9, "confusion_matrix_table": {"_type": "table-file", "sha256": "598311a5e51a7616065f5c6738feae1d3b13a2b9230e7bef50799a7e9918dabf", "size": 3173, "artifact_path": "wandb-client-artifact://6up393omlbw2qpnc7fq039pwex60uosr9ixnnguegusz90wviynaqkva18ctwdpfo5mnqr534krjp9fquj3fp0i1jpzpxphadwsj5efo5ys4ga3x4ih83do2qq5nmvgm:latest/confusion_matrix_table.table.json", "_latest_artifact_path": "wandb-client-artifact://6up393omlbw2qpnc7fq039pwex60uosr9ixnnguegusz90wviynaqkva18ctwdpfo5mnqr534krjp9fquj3fp0i1jpzpxphadwsj5efo5ys4ga3x4ih83do2qq5nmvgm:latest/confusion_matrix_table.table.json", "path": "media/table/confusion_matrix_table_9_598311a5e51a7616065f.table.json", "ncols": 3, "nrows": 100}, "_wandb": {"runtime": 17}}