{"Epoch ": 24, "Training loss ": 0.4386095182914807, "Training accuracy ": 0.849925925925926, "Validation loss ": 0.4266596378844731, "Validation accuracy ": 0.851, "Testing loss ": 0.47283471182169723, "Testing accuracy ": 0.8347, "_timestamp": 1709309251.6634238, "_runtime": 41.77596187591553, "_step": 49, "confusion_matrix_table": {"_type": "table-file", "sha256": "4b495cecb568b3c19218e7a05eae4fcf1e13a03ffb9d0533e652edb744c5a10a", "size": 3177, "artifact_path": "wandb-client-artifact://kd0u50hqchfbpz8o9wlnjh69r1lht5y7tsx192lkgpsihqfsz4uyhh4pfc4w9vtm49ni9uuyzfceyfgn13gbnzdt3p5t21lmengp2om7aw45ue73gy1rj2us3x96kree:latest/confusion_matrix_table.table.json", "_latest_artifact_path": "wandb-client-artifact://kd0u50hqchfbpz8o9wlnjh69r1lht5y7tsx192lkgpsihqfsz4uyhh4pfc4w9vtm49ni9uuyzfceyfgn13gbnzdt3p5t21lmengp2om7aw45ue73gy1rj2us3x96kree:latest/confusion_matrix_table.table.json", "path": "media/table/confusion_matrix_table_49_4b495cecb568b3c19218.table.json", "ncols": 3, "nrows": 100}, "_wandb": {"runtime": 40}}