{"Epoch ": 19, "Training loss ": 0.4119388994082753, "Training accuracy ": 0.8540925925925926, "Validation loss ": 0.5078312561496673, "Validation accuracy ": 0.8315, "Testing loss ": 0.5378906637098971, "Testing accuracy ": 0.8324, "_timestamp": 1709012557.5914495, "_runtime": 26.383036613464355, "_step": 39, "confusion_matrix_table": {"_type": "table-file", "sha256": "27c0fafb8b93bef50b6b5df437fd85ba66e7611224ff43c0816bf450b9d7b40d", "size": 3174, "artifact_path": "wandb-client-artifact://m6tntpcvbjne4dqhi4c8pp4rs0crk7505ud2ffnezrw94zvx8ncbslld0v2qoxu58gomrv8moi35ejvrv5t3mqd3xv22vtfpx9smtzhq71phpidxsc410i37nzgv8lke:latest/confusion_matrix_table.table.json", "_latest_artifact_path": "wandb-client-artifact://m6tntpcvbjne4dqhi4c8pp4rs0crk7505ud2ffnezrw94zvx8ncbslld0v2qoxu58gomrv8moi35ejvrv5t3mqd3xv22vtfpx9smtzhq71phpidxsc410i37nzgv8lke:latest/confusion_matrix_table.table.json", "path": "media/table/confusion_matrix_table_39_27c0fafb8b93bef50b6b.table.json", "ncols": 3, "nrows": 100}, "_wandb": {"runtime": 25}}