{"Epoch ": 24, "Training loss ": 0.7358435904243671, "Training accuracy ": 0.8375, "Validation loss ": 0.7421480443034408, "Validation accuracy ": 0.8323333333333334, "Testing loss ": 0.7175785750589587, "Testing accuracy ": 0.8399, "_timestamp": 1709492808.269526, "_runtime": 128.3259859085083, "_step": 49, "confusion_matrix_table": {"_type": "table-file", "sha256": "7233038cee9e07aeda1af1f607f7da8f4afcb06e843ffde1c869f476f9302407", "size": 3188, "artifact_path": "wandb-client-artifact://l6qb8h1n9ate8p4ao3rda902mshi3ruy8n3eq2uxm4mr10s34yqekweq3nh08h3hgn41hpny19kkxgxodj25gjlugfhzk1ocumz6hs20v8prwsuuh99o4112o2x5g2vb:latest/confusion_matrix_table.table.json", "_latest_artifact_path": "wandb-client-artifact://l6qb8h1n9ate8p4ao3rda902mshi3ruy8n3eq2uxm4mr10s34yqekweq3nh08h3hgn41hpny19kkxgxodj25gjlugfhzk1ocumz6hs20v8prwsuuh99o4112o2x5g2vb:latest/confusion_matrix_table.table.json", "path": "media/table/confusion_matrix_table_49_7233038cee9e07aeda1a.table.json", "ncols": 3, "nrows": 100}, "_wandb": {"runtime": 127}}