{"Epoch ": 29, "Training loss ": 0.18442813440569128, "Training accuracy ": 0.9307777777777778, "Validation loss ": 0.3563786000889483, "Validation accuracy ": 0.8865, "Testing loss ": 0.4116534201767347, "Testing accuracy ": 0.878, "_timestamp": 1709293082.2599013, "_runtime": 148.24584126472473, "_step": 59, "confusion_matrix_table": {"_type": "table-file", "sha256": "e9558df6937f1a7391a74827afc5c1f6cbbf1fd691abb5e916e9a1389fa63731", "size": 3172, "artifact_path": "wandb-client-artifact://o6rsr1b7qb9b792t5xajeuklgm4zxr3x4nnl2abddmt0upu517tcnd7i630y893jz04xeuavt7f0j2dbpz12p9y9tjhyyokh4zxjwr4mmikm9a95tluv5q07jbkspkic:latest/confusion_matrix_table.table.json", "_latest_artifact_path": "wandb-client-artifact://o6rsr1b7qb9b792t5xajeuklgm4zxr3x4nnl2abddmt0upu517tcnd7i630y893jz04xeuavt7f0j2dbpz12p9y9tjhyyokh4zxjwr4mmikm9a95tluv5q07jbkspkic:latest/confusion_matrix_table.table.json", "path": "media/table/confusion_matrix_table_59_e9558df6937f1a7391a7.table.json", "ncols": 3, "nrows": 100}, "_wandb": {"runtime": 147}}