{"Epoch ": 19, "Training loss ": 0.8606376375224674, "Training accuracy ": 0.41494444444444445, "Validation loss ": 0.8611576025099231, "Validation accuracy ": 0.401, "Testing loss ": 0.8607328343063786, "Testing accuracy ": 0.4144, "_timestamp": 1709147403.0827296, "_runtime": 98.08356761932373, "_step": 39, "confusion_matrix_table": {"_type": "table-file", "sha256": "840d8c852a8c91777e0ad743a0a715c1972005372b0dabf3c38b628926e48309", "size": 3204, "artifact_path": "wandb-client-artifact://72rcgdp1oqna9eq9gv31nfzuiedqhe1yhh4r9bc8y7jd9yxzrgvpoc6ann2gcv62eix9sd3bh38wpledxodarfy7s7ane38c786i7t3cc73u9jiqumfq67h1vjpwjikx:latest/confusion_matrix_table.table.json", "_latest_artifact_path": "wandb-client-artifact://72rcgdp1oqna9eq9gv31nfzuiedqhe1yhh4r9bc8y7jd9yxzrgvpoc6ann2gcv62eix9sd3bh38wpledxodarfy7s7ane38c786i7t3cc73u9jiqumfq67h1vjpwjikx:latest/confusion_matrix_table.table.json", "path": "media/table/confusion_matrix_table_39_840d8c852a8c91777e0a.table.json", "ncols": 3, "nrows": 100}, "_wandb": {"runtime": 97}}