{"Epoch ": 29, "Training loss ": 0.1421652764778371, "Training accuracy ": 0.9042962962962963, "Validation loss ": 0.16364824307956002, "Validation accuracy ": 0.8866666666666667, "Testing loss ": 0.17608276296930234, "Testing accuracy ": 0.8791, "_timestamp": 1709146851.9879494, "_runtime": 132.08541536331177, "_step": 59, "confusion_matrix_table": {"_type": "table-file", "sha256": "b503699c0a6f301dbda13ea506a42679c46fcde96ec02c39098077003c688f9f", "size": 3170, "artifact_path": "wandb-client-artifact://1lpd6ldjatwxe7ott8vjlhgb6p4vzb88wfcguf1h60ubjx81jb6vky458any87tqi7cx3xhzaufduj948bxrs39xur8q33m187ww9ukaosm79vw9wuvcnnj19e3atf2l:latest/confusion_matrix_table.table.json", "_latest_artifact_path": "wandb-client-artifact://1lpd6ldjatwxe7ott8vjlhgb6p4vzb88wfcguf1h60ubjx81jb6vky458any87tqi7cx3xhzaufduj948bxrs39xur8q33m187ww9ukaosm79vw9wuvcnnj19e3atf2l:latest/confusion_matrix_table.table.json", "path": "media/table/confusion_matrix_table_59_b503699c0a6f301dbda1.table.json", "ncols": 3, "nrows": 100}, "_wandb": {"runtime": 131}}