{"Epoch ": 9, "Training loss ": 0.33917476816328024, "Training accuracy ": 0.8140185185185185, "Validation loss ": 0.3390688495621761, "Validation accuracy ": 0.8121666666666667, "Testing loss ": 0.34679730951953697, "Testing accuracy ": 0.8054, "_timestamp": 1709314504.3621776, "_runtime": 15.781999588012695, "_step": 19, "confusion_matrix_table": {"_type": "table-file", "sha256": "dd8a81a4192e2e48102118b27606b5828a7165771189739df8f493dc5276fc0d", "size": 3182, "artifact_path": "wandb-client-artifact://jizkjgmaugv04u9fe8tankada5pdj5ckqzl6bo2vsiaktldfj03febp0hxfjbu5eciwhnvj01sy67ipqt8wv6zu42hp6h0bsu3ao4vnaf2zmmex2wqzj55i2m2i07lgy:latest/confusion_matrix_table.table.json", "_latest_artifact_path": "wandb-client-artifact://jizkjgmaugv04u9fe8tankada5pdj5ckqzl6bo2vsiaktldfj03febp0hxfjbu5eciwhnvj01sy67ipqt8wv6zu42hp6h0bsu3ao4vnaf2zmmex2wqzj55i2m2i07lgy:latest/confusion_matrix_table.table.json", "path": "media/table/confusion_matrix_table_19_dd8a81a4192e2e481021.table.json", "ncols": 3, "nrows": 100}, "_wandb": {"runtime": 15}}