{"Epoch ": 29, "Training loss ": 0.5583194828729914, "Training accuracy ": 0.8117222222222222, "Validation loss ": 0.5646898241373952, "Validation accuracy ": 0.8175, "Testing loss ": 0.5839596067997842, "Testing accuracy ": 0.7998, "_timestamp": 1709310412.82177, "_runtime": 103.6176700592041, "_step": 59, "confusion_matrix_table": {"_type": "table-file", "sha256": "58914949cf6975f29a34f9ffa858e5429caace48f05e5b2dc1526ade6039db42", "size": 3179, "artifact_path": "wandb-client-artifact://wci8z4casf6n6r30x7njo9f08411ymabzhs9ftn32911qj7126yk99z1ao0p553gphw3935p1olhkqx23ek8wjimvfgkgkjd6wz6epddcpjl87xleqyhc4bf3izn3w15:latest/confusion_matrix_table.table.json", "_latest_artifact_path": "wandb-client-artifact://wci8z4casf6n6r30x7njo9f08411ymabzhs9ftn32911qj7126yk99z1ao0p553gphw3935p1olhkqx23ek8wjimvfgkgkjd6wz6epddcpjl87xleqyhc4bf3izn3w15:latest/confusion_matrix_table.table.json", "path": "media/table/confusion_matrix_table_59_58914949cf6975f29a34.table.json", "ncols": 3, "nrows": 100}, "_wandb": {"runtime": 102}}