{"Epoch ": 29, "Training loss ": 0.414994965133772, "Training accuracy ": 0.7779814814814815, "Validation loss ": 0.4180565483030117, "Validation accuracy ": 0.779, "Testing loss ": 0.422601894011044, "Testing accuracy ": 0.7687, "_timestamp": 1709152543.6125252, "_runtime": 33.642964124679565, "_step": 59, "confusion_matrix_table": {"_type": "table-file", "sha256": "ae4ba4183841622551974fe4a1d8ff213234de234299eb5e12449ed4549f4657", "size": 3182, "artifact_path": "wandb-client-artifact://80i6yo4n622fbjsuhpmiyy51apu4jnez3j3kpsvkrins7gg7o0hb6ojqtvchehnb4k5yarifrs08oqb9es4k4bz7w5m0pfnznmxa7tx1wshibx6oiwgmnraxbgscr1lj:latest/confusion_matrix_table.table.json", "_latest_artifact_path": "wandb-client-artifact://80i6yo4n622fbjsuhpmiyy51apu4jnez3j3kpsvkrins7gg7o0hb6ojqtvchehnb4k5yarifrs08oqb9es4k4bz7w5m0pfnznmxa7tx1wshibx6oiwgmnraxbgscr1lj:latest/confusion_matrix_table.table.json", "path": "media/table/confusion_matrix_table_59_ae4ba418384162255197.table.json", "ncols": 3, "nrows": 100}, "_wandb": {"runtime": 32}}