{"Epoch ": 24, "Training loss ": 0.4345512652033155, "Training accuracy ": 0.7760185185185186, "Validation loss ": 0.4302658071897011, "Validation accuracy ": 0.7856666666666666, "Testing loss ": 0.44110065850096464, "Testing accuracy ": 0.7679, "_timestamp": 1709312799.8369715, "_runtime": 35.97088050842285, "_step": 49, "confusion_matrix_table": {"_type": "table-file", "sha256": "e2949b90785a2080ef808f25be218d6563d3b11efb66e16cacc8dc0fd1f5430b", "size": 3182, "artifact_path": "wandb-client-artifact://afr6qt3i5fhis2gucpet091y5c9ahrji27zdrm1s4vq1lfc0s9xoh7l6zv9n8o93i5zkhkp7qr89swl6vs3yq62zj534k2fpj31gi0bz39m2djwh9nd368mgoidj64q4:latest/confusion_matrix_table.table.json", "_latest_artifact_path": "wandb-client-artifact://afr6qt3i5fhis2gucpet091y5c9ahrji27zdrm1s4vq1lfc0s9xoh7l6zv9n8o93i5zkhkp7qr89swl6vs3yq62zj534k2fpj31gi0bz39m2djwh9nd368mgoidj64q4:latest/confusion_matrix_table.table.json", "path": "media/table/confusion_matrix_table_49_e2949b90785a2080ef80.table.json", "ncols": 3, "nrows": 100}, "_wandb": {"runtime": 35}}