{"Epoch ": 29, "Training loss ": 0.26460092866251655, "Training accuracy ": 0.9278333333333333, "Validation loss ": 0.2758072618506152, "Validation accuracy ": 0.9201666666666667, "Testing loss ": 0.2705896814941369, "Testing accuracy ": 0.9234, "_timestamp": 1709496039.7395058, "_runtime": 126.95239686965942, "_step": 59, "confusion_matrix_table": {"_type": "table-file", "sha256": "908f35ea6e2cf3cded400d3bf8df373779cb7110a1134924a6c28c434c2cbfcb", "size": 3175, "artifact_path": "wandb-client-artifact://bxrqhoqeuzorqsyzseg2oq2z5mwzoassdshtykty5zrezi9v1s7ys2z2xwah1d29l7w226emu3oa8cc3blnivny0ylrg34vk03iv9z1fxc3efesolb8s4y5a59ifjque:latest/confusion_matrix_table.table.json", "_latest_artifact_path": "wandb-client-artifact://bxrqhoqeuzorqsyzseg2oq2z5mwzoassdshtykty5zrezi9v1s7ys2z2xwah1d29l7w226emu3oa8cc3blnivny0ylrg34vk03iv9z1fxc3efesolb8s4y5a59ifjque:latest/confusion_matrix_table.table.json", "path": "media/table/confusion_matrix_table_59_908f35ea6e2cf3cded40.table.json", "ncols": 3, "nrows": 100}, "_wandb": {"runtime": 126}}