{"Epoch ": 14, "Training loss ": 2.3026056387195277, "Training accuracy ": 0.1, "Validation loss ": 2.3026056387195273, "Validation accuracy ": 0.1, "Testing loss ": 2.3026056387195277, "Testing accuracy ": 0.1, "_timestamp": 1709445420.3677282, "_runtime": 25.61946725845337, "_step": 29, "confusion_matrix_table": {"_type": "table-file", "sha256": "14aba07669112483f4c4ff17d067555ba1f0fe451130bd585ffc3d5776033d9c", "size": 3152, "artifact_path": "wandb-client-artifact://ao6pnl4ow804hwvjvv0yk2avcw9w3k4c3m6a8qxvzzo9dur208axvg8utocqmp3j8etdxbxq436aexpvqizjvmrh9elxgsgp5yw5d44fn22oiy6air8y7knlj32h4ura:latest/confusion_matrix_table.table.json", "_latest_artifact_path": "wandb-client-artifact://ao6pnl4ow804hwvjvv0yk2avcw9w3k4c3m6a8qxvzzo9dur208axvg8utocqmp3j8etdxbxq436aexpvqizjvmrh9elxgsgp5yw5d44fn22oiy6air8y7knlj32h4ura:latest/confusion_matrix_table.table.json", "path": "media/table/confusion_matrix_table_29_14aba07669112483f4c4.table.json", "ncols": 3, "nrows": 100}, "_wandb": {"runtime": 24}}