{"Epoch ": 29, "Training loss ": 0.25374566819550487, "Training accuracy ": 0.9071111111111111, "Validation loss ": 0.30459417134447947, "Validation accuracy ": 0.8885, "Testing loss ": 0.34149421646519174, "Testing accuracy ": 0.8797, "_timestamp": 1709407910.5583198, "_runtime": 220.62405681610107, "_step": 59, "confusion_matrix_table": {"_type": "table-file", "sha256": "191ad98e2cefe1f0a49ed5e541e43fb56574fa2d9ee3e0906f7135f975881b3c", "size": 3171, "artifact_path": "wandb-client-artifact://cilkhq2en28uyjkpsymhhcn3r98rbpfftnvdcvt54brrpb0j395geer95nho2c7xo3ktke9y6ucq0i0nh26b7p0blk5zvckrmbn1ktffsynauhj2ckw09ikntg494kig:latest/confusion_matrix_table.table.json", "_latest_artifact_path": "wandb-client-artifact://cilkhq2en28uyjkpsymhhcn3r98rbpfftnvdcvt54brrpb0j395geer95nho2c7xo3ktke9y6ucq0i0nh26b7p0blk5zvckrmbn1ktffsynauhj2ckw09ikntg494kig:latest/confusion_matrix_table.table.json", "path": "media/table/confusion_matrix_table_59_191ad98e2cefe1f0a49e.table.json", "ncols": 3, "nrows": 100}, "_wandb": {"runtime": 214}}