{"Epoch ": 4, "Training loss ": 0.43838140472995885, "Training accuracy ": 0.8545555555555555, "Validation loss ": 0.4610451899138856, "Validation accuracy ": 0.8498333333333333, "Testing loss ": 0.48425242039819316, "Testing accuracy ": 0.8382, "_timestamp": 1709148436.4680796, "_runtime": 47.427693605422974, "_step": 9, "confusion_matrix_table": {"_type": "table-file", "sha256": "1f8a8826f53d5efac51e044e794c937f364951dffdedca3a0b682ce38da0300e", "size": 3174, "artifact_path": "wandb-client-artifact://506tpbinhoeg92v3iz0dyw5r9jylob8vfd9adf8ql3k02o3sdaar9p9emurgv2bv2ndh4of14pi3cxijgaybnb3eoawedzt199gcfxwugopp83qpc7p3279yspljovle:latest/confusion_matrix_table.table.json", "_latest_artifact_path": "wandb-client-artifact://506tpbinhoeg92v3iz0dyw5r9jylob8vfd9adf8ql3k02o3sdaar9p9emurgv2bv2ndh4of14pi3cxijgaybnb3eoawedzt199gcfxwugopp83qpc7p3279yspljovle:latest/confusion_matrix_table.table.json", "path": "media/table/confusion_matrix_table_9_1f8a8826f53d5efac51e.table.json", "ncols": 3, "nrows": 100}, "_wandb": {"runtime": 46}}