{"Epoch ": 4, "Training loss ": 1.114904954706292, "Training accuracy ": 0.5778888888888889, "Validation loss ": 1.149171781740225, "Validation accuracy ": 0.5745, "Testing loss ": 1.168014336125193, "Testing accuracy ": 0.569, "_timestamp": 1709402519.7232227, "_runtime": 19.43454074859619, "_step": 9, "confusion_matrix_table": {"_type": "table-file", "sha256": "17e25bdee933b95a0c89842b182d2d837cb6efdfff3e4788d15450806ee34854", "size": 3158, "artifact_path": "wandb-client-artifact://0x9cb3wzrenw9smmp8jtoxcw6mzszhmnr14e53tsjo56lso5lct0ycga9fflq8vwly9u2zweb3jeqajm7iou0e41rxz8rc4jdchdasidvi45nvkq4b523muh6r8tdti0:latest/confusion_matrix_table.table.json", "_latest_artifact_path": "wandb-client-artifact://0x9cb3wzrenw9smmp8jtoxcw6mzszhmnr14e53tsjo56lso5lct0ycga9fflq8vwly9u2zweb3jeqajm7iou0e41rxz8rc4jdchdasidvi45nvkq4b523muh6r8tdti0:latest/confusion_matrix_table.table.json", "path": "media/table/confusion_matrix_table_9_17e25bdee933b95a0c89.table.json", "ncols": 3, "nrows": 100}, "_wandb": {"runtime": 18}}