{"Epoch ": 19, "Training loss ": 0.46882593050435084, "Training accuracy ": 0.8341481481481482, "Validation loss ": 0.4920555762409661, "Validation accuracy ": 0.8303333333333334, "Testing loss ": 0.5134334082037679, "Testing accuracy ": 0.8157, "_timestamp": 1709302551.9318273, "_runtime": 48.30037331581116, "_step": 39, "confusion_matrix_table": {"_type": "table-file", "sha256": "fd519ee2016a5ca198d8cc2c2847fb1e04f6ca1bfe425ce3c5e3246bcfacfc70", "size": 3179, "artifact_path": "wandb-client-artifact://uxtv37tolufkhws35myv1wmdk5rdmfy0ic8xvhbb7ihsiz0v3lt5uoob04y9kuvrbsvmqapsnvecm7zdbzfh0qg1o9p1hy6w0wkp3l812xyh0qr1xdftt81eo13jgtuo:latest/confusion_matrix_table.table.json", "_latest_artifact_path": "wandb-client-artifact://uxtv37tolufkhws35myv1wmdk5rdmfy0ic8xvhbb7ihsiz0v3lt5uoob04y9kuvrbsvmqapsnvecm7zdbzfh0qg1o9p1hy6w0wkp3l812xyh0qr1xdftt81eo13jgtuo:latest/confusion_matrix_table.table.json", "path": "media/table/confusion_matrix_table_39_fd519ee2016a5ca198d8.table.json", "ncols": 3, "nrows": 100}, "_wandb": {"runtime": 47}}