{"Epoch ": 24, "Training loss ": 0.45548306151358325, "Training accuracy ": 0.6475555555555556, "Validation loss ": 0.4751296919140868, "Validation accuracy ": 0.6376666666666667, "Testing loss ": 0.4733913603644558, "Testing accuracy ": 0.6387, "_timestamp": 1709146134.8634515, "_runtime": 39.42639446258545, "_step": 49, "confusion_matrix_table": {"_type": "table-file", "sha256": "bbf01998f5ce88c3338ac5dfbdea12a2db7c2f86b125ccb3859b7cdc275ca33a", "size": 3182, "artifact_path": "wandb-client-artifact://8s26zd1uuy80p710808n9c4wlizzlhnria73d60fe182bgrg4soakqro3fhap5ml9ht8kgrwze9su52e4we9y2qi4zn7qbyz1sp8hbbqlcke54gsiix2zscggtjbu1x0:latest/confusion_matrix_table.table.json", "_latest_artifact_path": "wandb-client-artifact://8s26zd1uuy80p710808n9c4wlizzlhnria73d60fe182bgrg4soakqro3fhap5ml9ht8kgrwze9su52e4we9y2qi4zn7qbyz1sp8hbbqlcke54gsiix2zscggtjbu1x0:latest/confusion_matrix_table.table.json", "path": "media/table/confusion_matrix_table_49_bbf01998f5ce88c3338a.table.json", "ncols": 3, "nrows": 100}, "_wandb": {"runtime": 38}}