{"Epoch ": 14, "Training loss ": 0.20738274153990843, "Training accuracy ": 0.9227407407407408, "Validation loss ": 0.32077550712396435, "Validation accuracy ": 0.8911666666666667, "Testing loss ": 0.34842281228619787, "Testing accuracy ": 0.8824, "_timestamp": 1709300389.649475, "_runtime": 563.7667701244354, "_step": 29, "confusion_matrix_table": {"_type": "table-file", "sha256": "ea00cec751395837424f3efb815b7cef2a919c841917e8def2b90a15acb959bd", "size": 3170, "artifact_path": "wandb-client-artifact://7ogwao5s57o3s2voz5bpcdjs6qe04hityw3rpl6wvwlrddsvf5tfp2dq0qckhstcmhmrybthqe7xd0ju0lmkc0bdeyflvzt4mmj5nh1x7vn2tguwo4i44csqp109mlhh:latest/confusion_matrix_table.table.json", "_latest_artifact_path": "wandb-client-artifact://7ogwao5s57o3s2voz5bpcdjs6qe04hityw3rpl6wvwlrddsvf5tfp2dq0qckhstcmhmrybthqe7xd0ju0lmkc0bdeyflvzt4mmj5nh1x7vn2tguwo4i44csqp109mlhh:latest/confusion_matrix_table.table.json", "path": "media/table/confusion_matrix_table_29_ea00cec751395837424f.table.json", "ncols": 3, "nrows": 100}, "_wandb": {"runtime": 562}}