{"Epoch ": 29, "Training loss ": 0.24244818250389083, "Training accuracy ": 0.9130925925925926, "Validation loss ": 0.31648003932577967, "Validation accuracy ": 0.8861666666666667, "Testing loss ": 0.3397573286654372, "Testing accuracy ": 0.8791, "_timestamp": 1709403428.881179, "_runtime": 47.39086413383484, "_step": 59, "confusion_matrix_table": {"_type": "table-file", "sha256": "5161cbc49d686e96e66de3946924cf2780d4b437af555afb178fe81f8e44133f", "size": 3172, "artifact_path": "wandb-client-artifact://v06l7uajtdizeuvoyzb7upx8h94a93zq6x6f4q7uwi93odg5m4tg9mwdsvptrhdhdk20u7h81gm7a6hdj84m3gn8v6cpsrippijxqzdheet8vr47fyst9rux8tw1gnve:latest/confusion_matrix_table.table.json", "_latest_artifact_path": "wandb-client-artifact://v06l7uajtdizeuvoyzb7upx8h94a93zq6x6f4q7uwi93odg5m4tg9mwdsvptrhdhdk20u7h81gm7a6hdj84m3gn8v6cpsrippijxqzdheet8vr47fyst9rux8tw1gnve:latest/confusion_matrix_table.table.json", "path": "media/table/confusion_matrix_table_59_5161cbc49d686e96e66d.table.json", "ncols": 3, "nrows": 100}, "_wandb": {"runtime": 46}}