{"Epoch ": 29, "Training loss ": 0.10571157583291818, "Training accuracy ": 0.9713888888888889, "Validation loss ": 0.1441152666726069, "Validation accuracy ": 0.9608333333333333, "Testing loss ": 0.1287352843400034, "Testing accuracy ": 0.9618, "_timestamp": 1709502492.6664274, "_runtime": 41.05673933029175, "_step": 59, "confusion_matrix_table": {"_type": "table-file", "sha256": "c01d9527a1f5f76389781b7c7bd917d63c110a9927a5bf67a2e6b23741e02e88", "size": 3154, "artifact_path": "wandb-client-artifact://1jq8uxmnpt2czfefzbuwxb55vagn8y4tray4mdut7k2l8tc6a2qr2oy4o85xp0qqopwxvpgffpi17hlm0shljwtl8imqpza04kr108snvtdsrc9ccz0ly2ecwdcr9bc0:latest/confusion_matrix_table.table.json", "_latest_artifact_path": "wandb-client-artifact://1jq8uxmnpt2czfefzbuwxb55vagn8y4tray4mdut7k2l8tc6a2qr2oy4o85xp0qqopwxvpgffpi17hlm0shljwtl8imqpza04kr108snvtdsrc9ccz0ly2ecwdcr9bc0:latest/confusion_matrix_table.table.json", "path": "media/table/confusion_matrix_table_59_c01d9527a1f5f7638978.table.json", "ncols": 3, "nrows": 100}, "_wandb": {"runtime": 40}}