{"Epoch ": 24, "Training loss ": 0.06568738116463527, "Training accuracy ": 0.9606481481481481, "Validation loss ": 0.09338981445120835, "Validation accuracy ": 0.9371666666666667, "Testing loss ": 0.08091875595490688, "Testing accuracy ": 0.9466, "_timestamp": 1709530242.6661863, "_runtime": 39.29915523529053, "_step": 49, "confusion_matrix_table": {"_type": "table-file", "sha256": "9d62d3d8bfb6d0abd726484de04ee386c47bd064bbf2299d039b74aaa002967f", "size": 3161, "artifact_path": "wandb-client-artifact://r8a59x8ue3fzwhet2jwt0w42t9nsh7dgryh32yv99w5ka7jfi1osev8dxp9ew2hwrl0gdw0zwgu963bor8kuvu31w8vc9e7gai1u7dapenvuqe9wzo97mphidx9sr3tz:latest/confusion_matrix_table.table.json", "_latest_artifact_path": "wandb-client-artifact://r8a59x8ue3fzwhet2jwt0w42t9nsh7dgryh32yv99w5ka7jfi1osev8dxp9ew2hwrl0gdw0zwgu963bor8kuvu31w8vc9e7gai1u7dapenvuqe9wzo97mphidx9sr3tz:latest/confusion_matrix_table.table.json", "path": "media/table/confusion_matrix_table_49_9d62d3d8bfb6d0abd726.table.json", "ncols": 3, "nrows": 100}, "_wandb": {"runtime": 38}}