{"Epoch ": 24, "Training loss ": 0.18352771908539267, "Training accuracy ": 0.9317962962962963, "Validation loss ": 0.3222602748208406, "Validation accuracy ": 0.8925, "Testing loss ": 0.349747679231977, "Testing accuracy ": 0.8875, "_timestamp": 1709454038.1379852, "_runtime": 71.8237841129303, "_step": 49, "confusion_matrix_table": {"_type": "table-file", "sha256": "809a820526e58783dfabbbee2ccd8cb5e55d9cb616f2368353b28d40ccdf2bbf", "size": 3171, "artifact_path": "wandb-client-artifact://mcnbicwt2u13tncopq0562k5s2yw26hms0div1471tq06gugvsisssvdyuz7ift6td8e6asfz9orbqvrkpu5iytt40lrg94frd6ixg73xcfz58rbwumh3t8zsoauf04t:latest/confusion_matrix_table.table.json", "_latest_artifact_path": "wandb-client-artifact://mcnbicwt2u13tncopq0562k5s2yw26hms0div1471tq06gugvsisssvdyuz7ift6td8e6asfz9orbqvrkpu5iytt40lrg94frd6ixg73xcfz58rbwumh3t8zsoauf04t:latest/confusion_matrix_table.table.json", "path": "media/table/confusion_matrix_table_49_809a820526e58783dfab.table.json", "ncols": 3, "nrows": 100}, "_wandb": {"runtime": 71}}