{"Epoch ": 9, "Training loss ": 0.11898162192440923, "Training accuracy ": 0.9362777777777778, "Validation loss ": 0.12876326354694442, "Validation accuracy ": 0.9288333333333333, "Testing loss ": 0.12092669506362244, "Testing accuracy ": 0.9339, "_timestamp": 1709530185.361954, "_runtime": 49.22236394882202, "_step": 19, "confusion_matrix_table": {"_type": "table-file", "sha256": "9a9433b3e4dd27b70c9853a6e2ceb117edb4f44a8b2ed90dd0a68fe25ee36962", "size": 3167, "artifact_path": "wandb-client-artifact://5fjtzzx0mi8cwhuo208fvgca0xtv0to1d5zwdpufo8f78lpxvsma1e6q2gfru4pe2z4xpsl2vxw74hrft0rduk86apcqh8i8teoooa985ieor94cv5y6z219v4sg92pf:latest/confusion_matrix_table.table.json", "_latest_artifact_path": "wandb-client-artifact://5fjtzzx0mi8cwhuo208fvgca0xtv0to1d5zwdpufo8f78lpxvsma1e6q2gfru4pe2z4xpsl2vxw74hrft0rduk86apcqh8i8teoooa985ieor94cv5y6z219v4sg92pf:latest/confusion_matrix_table.table.json", "path": "media/table/confusion_matrix_table_19_9a9433b3e4dd27b70c98.table.json", "ncols": 3, "nrows": 100}, "_wandb": {"runtime": 48}}