{"Epoch ": 24, "Training loss ": 0.8513140975457926, "Training accuracy ": 0.7696296296296297, "Validation loss ": 0.8344560896081186, "Validation accuracy ": 0.781, "Testing loss ": 0.8651593753572894, "Testing accuracy ": 0.7569, "_timestamp": 1709446517.5412285, "_runtime": 68.37652349472046, "_step": 49, "confusion_matrix_table": {"_type": "table-file", "sha256": "7744ebcf67ea3b5a1fb290b59dc78bc7c18df8ca998a857163ab1fd37a30e8db", "size": 3184, "artifact_path": "wandb-client-artifact://2q49tzk66sl5ndhj2a2pmd1t3yy2xry6uptrzr2fi25oitismwko6q7dq9cmi3cr6h6en84e6zpf3wu8typkcr8qucdqwmdraq7u67ekdjpva8c45gsey3rmobpbdy02:latest/confusion_matrix_table.table.json", "_latest_artifact_path": "wandb-client-artifact://2q49tzk66sl5ndhj2a2pmd1t3yy2xry6uptrzr2fi25oitismwko6q7dq9cmi3cr6h6en84e6zpf3wu8typkcr8qucdqwmdraq7u67ekdjpva8c45gsey3rmobpbdy02:latest/confusion_matrix_table.table.json", "path": "media/table/confusion_matrix_table_49_7744ebcf67ea3b5a1fb2.table.json", "ncols": 3, "nrows": 100}, "_wandb": {"runtime": 67}}