{"Epoch ": 29, "Training loss ": 0.24379958200989477, "Training accuracy ": 0.9082037037037037, "Validation loss ": 0.40780177894255426, "Validation accuracy ": 0.8623333333333333, "Testing loss ": 0.4183086708237761, "Testing accuracy ": 0.8612, "_timestamp": 1709413374.9559171, "_runtime": 68.6865861415863, "_step": 59, "confusion_matrix_table": {"_type": "table-file", "sha256": "45a43200f246d4cdd3ee4f54f1b754a1f93513ad1e45b88de5f9cb6f92849114", "size": 3174, "artifact_path": "wandb-client-artifact://gdso30yl8b3i4f5shctcwbb22zcso19usj4xv1g57n2t18jqy051bcd3p5ggnmft8ayu6uounr4icfgz4earz27faglj0r8i2k8pxfrl5f5g8906wcwxyhz7ah9y8ltl:latest/confusion_matrix_table.table.json", "_latest_artifact_path": "wandb-client-artifact://gdso30yl8b3i4f5shctcwbb22zcso19usj4xv1g57n2t18jqy051bcd3p5ggnmft8ayu6uounr4icfgz4earz27faglj0r8i2k8pxfrl5f5g8906wcwxyhz7ah9y8ltl:latest/confusion_matrix_table.table.json", "path": "media/table/confusion_matrix_table_59_45a43200f246d4cdd3ee.table.json", "ncols": 3, "nrows": 100}, "_wandb": {"runtime": 67}}