{"Epoch ": 24, "Training loss ": 0.805470866289199, "Training accuracy ": 0.4697777777777778, "Validation loss ": 0.8060105142944463, "Validation accuracy ": 0.46266666666666667, "Testing loss ": 0.8058448426982535, "Testing accuracy ": 0.4642, "_timestamp": 1709181866.244168, "_runtime": 78.03791809082031, "_step": 49, "confusion_matrix_table": {"_type": "table-file", "sha256": "b52aba7d36c28fd406a8d93766dabbae30853cbd0c804570abe1267e37003153", "size": 3195, "artifact_path": "wandb-client-artifact://tp8bz1aoqgb4ni2ube6016tk8xirpz0rxnripr0zphxwycnihu5q1cgzpx4kbu60k279notuzkm0qb99pjms1f5hkvr8j6wkhuyjbbp4wlaahtvo9qeo7rm7dcaiu9kz:latest/confusion_matrix_table.table.json", "_latest_artifact_path": "wandb-client-artifact://tp8bz1aoqgb4ni2ube6016tk8xirpz0rxnripr0zphxwycnihu5q1cgzpx4kbu60k279notuzkm0qb99pjms1f5hkvr8j6wkhuyjbbp4wlaahtvo9qeo7rm7dcaiu9kz:latest/confusion_matrix_table.table.json", "path": "media/table/confusion_matrix_table_49_b52aba7d36c28fd406a8.table.json", "ncols": 3, "nrows": 100}, "_wandb": {"runtime": 77}}