{"Epoch ": 0, "Training loss ": 2.089891362405938, "Training accuracy ": 0.3045555555555556, "Validation loss ": 2.089010545269525, "Validation accuracy ": 0.313, "Testing loss ": 2.0904487449719715, "Testing accuracy ": 0.2996, "_timestamp": 1709095048.6267018, "_runtime": 11.177111864089966, "_step": 0, "_wandb": {"runtime": 10}}