{"Epoch ": 19, "Training loss ": 0.2689192577222498, "Training accuracy ": 0.9008703703703703, "Validation loss ": 0.3450160653628532, "Validation accuracy ": 0.881, "Testing loss ": 0.3751438634034889, "Testing accuracy ": 0.864, "_timestamp": 1709291340.3371904, "_runtime": 58.481791496276855, "_step": 39, "confusion_matrix_table": {"_type": "table-file", "sha256": "e91fe8067625d1cf16c253cfb50e838d940994e10ff7b36a9bef9822f3b93004", "size": 3171, "artifact_path": "wandb-client-artifact://o3owvkyexjkrsv5tbzrb1pr1huzt5gphu2ybknpvsptduhuzkwm00bfulv2ylcsoi88b442zssi8414n22htv0jnyw0ckr6eip66ki4hxvuc0n51cw622ibeirphc6p9:latest/confusion_matrix_table.table.json", "_latest_artifact_path": "wandb-client-artifact://o3owvkyexjkrsv5tbzrb1pr1huzt5gphu2ybknpvsptduhuzkwm00bfulv2ylcsoi88b442zssi8414n22htv0jnyw0ckr6eip66ki4hxvuc0n51cw622ibeirphc6p9:latest/confusion_matrix_table.table.json", "path": "media/table/confusion_matrix_table_39_e91fe8067625d1cf16c2.table.json", "ncols": 3, "nrows": 100}, "_wandb": {"runtime": 57}}