{"Epoch ": 4, "Training loss ": 0.3715082043881324, "Training accuracy ": 0.8666666666666667, "Validation loss ": 0.3840689661609062, "Validation accuracy ": 0.8675, "Testing loss ": 0.4286190424429882, "Testing accuracy ": 0.8487, "_timestamp": 1709129481.98803, "_runtime": 19.52639603614807, "_step": 9, "confusion_matrix_table": {"_type": "table-file", "sha256": "419decf8fb2c75cb504895e38d1a71857849f70925f3b8f37c7e8ffe7f22ffd7", "size": 3176, "artifact_path": "wandb-client-artifact://03cxieaaw0r3umb168w3xgvwfikdfizydi18o1lu7o4dpjly4qlc2urfxux8lzjr7bg9hu4yw30cdvwku0d74ntn8p94ew0j4cflxybtgvh7l7th3k22ewqqukjoq0k4:latest/confusion_matrix_table.table.json", "_latest_artifact_path": "wandb-client-artifact://03cxieaaw0r3umb168w3xgvwfikdfizydi18o1lu7o4dpjly4qlc2urfxux8lzjr7bg9hu4yw30cdvwku0d74ntn8p94ew0j4cflxybtgvh7l7th3k22ewqqukjoq0k4:latest/confusion_matrix_table.table.json", "path": "media/table/confusion_matrix_table_9_419decf8fb2c75cb5048.table.json", "ncols": 3, "nrows": 100}, "_wandb": {"runtime": 18}}