{"Epoch ": 29, "Training loss ": 0.234545167073734, "Training accuracy ": 0.9114074074074074, "Validation loss ": 0.39451648210891926, "Validation accuracy ": 0.8765, "Testing loss ": 0.40700056485876235, "Testing accuracy ": 0.8649, "_timestamp": 1709289025.3323164, "_runtime": 133.5129463672638, "_step": 59, "confusion_matrix_table": {"_type": "table-file", "sha256": "e1d5fbd6ac8eca1e66752ca1aca96fd613ea5c52c839e646d65ce5ffd3985e82", "size": 3172, "artifact_path": "wandb-client-artifact://8nkcw18gk8xq9ydfv5toua4w8ewqnn70k04muinufpqr1v4060fzvi8hfvtjpp68w2m0xhz0pg5xohmbebxk8nwqf1z2q0py2b439bp5o3vb1do4tv5eue3xk2me1woe:latest/confusion_matrix_table.table.json", "_latest_artifact_path": "wandb-client-artifact://8nkcw18gk8xq9ydfv5toua4w8ewqnn70k04muinufpqr1v4060fzvi8hfvtjpp68w2m0xhz0pg5xohmbebxk8nwqf1z2q0py2b439bp5o3vb1do4tv5eue3xk2me1woe:latest/confusion_matrix_table.table.json", "path": "media/table/confusion_matrix_table_59_e1d5fbd6ac8eca1e6675.table.json", "ncols": 3, "nrows": 100}, "_wandb": {"runtime": 132}}