{"Epoch ": 19, "Training loss ": 0.5193349313067505, "Training accuracy ": 0.8158888888888889, "Validation loss ": 0.526744759984626, "Validation accuracy ": 0.814, "Testing loss ": 0.5460145267914905, "Testing accuracy ": 0.8055, "_timestamp": 1709127600.3721821, "_runtime": 178.8196952342987, "_step": 39, "confusion_matrix_table": {"_type": "table-file", "sha256": "b9860a26f45797482af4bae09fe905fe2f59f6ce45d925409d26a562c37e9d39", "size": 3178, "artifact_path": "wandb-client-artifact://qstx8p3o4xyniaga04bk0j5xlgul7uhtqg5s290pho0amz37v44j0yn5q3ude9srmwrjyz6tpceavzz27ccyjgkwgp0fd9tq7z33514ck2e1d38byw0307t7j7obeheq:latest/confusion_matrix_table.table.json", "_latest_artifact_path": "wandb-client-artifact://qstx8p3o4xyniaga04bk0j5xlgul7uhtqg5s290pho0amz37v44j0yn5q3ude9srmwrjyz6tpceavzz27ccyjgkwgp0fd9tq7z33514ck2e1d38byw0307t7j7obeheq:latest/confusion_matrix_table.table.json", "path": "media/table/confusion_matrix_table_39_b9860a26f45797482af4.table.json", "ncols": 3, "nrows": 100}, "_wandb": {"runtime": 178}}