{"Epoch ": 29, "Training loss ": 0.3616496328712197, "Training accuracy ": 0.9064629629629629, "Validation loss ": 0.5633373248699439, "Validation accuracy ": 0.8803333333333333, "Testing loss ": 0.6203110558062649, "Testing accuracy ": 0.8722, "_timestamp": 1709127796.2056143, "_runtime": 184.5768632888794, "_step": 59, "confusion_matrix_table": {"_type": "table-file", "sha256": "2738d5e4a04f2f09c620beae07615846f861b5f2a3e1202f5abfbeceae6df3ca", "size": 3170, "artifact_path": "wandb-client-artifact://9as2wu4q410ru2747jede0uzdujawz8dvzdqimf75upi1f62caspyu1ggyxys55blak6c5gb36zbds5mgh1wb3mt3wl0tn2d5y2dogo4nwjgy1bspse2cg9ve2d7d782:latest/confusion_matrix_table.table.json", "_latest_artifact_path": "wandb-client-artifact://9as2wu4q410ru2747jede0uzdujawz8dvzdqimf75upi1f62caspyu1ggyxys55blak6c5gb36zbds5mgh1wb3mt3wl0tn2d5y2dogo4nwjgy1bspse2cg9ve2d7d782:latest/confusion_matrix_table.table.json", "path": "media/table/confusion_matrix_table_59_2738d5e4a04f2f09c620.table.json", "ncols": 3, "nrows": 100}, "_wandb": {"runtime": 183}}