{"Epoch ": 14, "Training loss ": 0.3474697913853346, "Training accuracy ": 0.8769074074074074, "Validation loss ": 0.36506376963417037, "Validation accuracy ": 0.8681666666666666, "Testing loss ": 0.41635838545423776, "Testing accuracy ": 0.8539, "_timestamp": 1709298705.5121412, "_runtime": 107.427814245224, "_step": 29, "confusion_matrix_table": {"_type": "table-file", "sha256": "8990fdd782ee9ab560d1805be7e9922c43f8c2e37fd1fdb716cabdf895ca26f0", "size": 3173, "artifact_path": "wandb-client-artifact://4icz07bdjswojjmhl9pvvg19s4sfr3qa0iboowx7x94o5kvhiwyib9qoforb4pm9zhzs9q3uosbe9edzqw75enp7fj19ztz92p7iyorvtmeid6fk9so3af5sjfexwj8p:latest/confusion_matrix_table.table.json", "_latest_artifact_path": "wandb-client-artifact://4icz07bdjswojjmhl9pvvg19s4sfr3qa0iboowx7x94o5kvhiwyib9qoforb4pm9zhzs9q3uosbe9edzqw75enp7fj19ztz92p7iyorvtmeid6fk9so3af5sjfexwj8p:latest/confusion_matrix_table.table.json", "path": "media/table/confusion_matrix_table_29_8990fdd782ee9ab560d1.table.json", "ncols": 3, "nrows": 100}, "_wandb": {"runtime": 106}}