{"Epoch ": 14, "Training loss ": 0.047619295526526856, "Training accuracy ": 0.9702592592592593, "Validation loss ": 0.0663119638634859, "Validation accuracy ": 0.9566666666666667, "Testing loss ": 0.06379582761353292, "Testing accuracy ": 0.9576, "_timestamp": 1709530678.5492272, "_runtime": 56.39877915382385, "_step": 29, "confusion_matrix_table": {"_type": "table-file", "sha256": "c44e8cc14ecf90477f239f9b8aa033c78dfcca7d78a1b7aea9fc05dfb6557a01", "size": 3155, "artifact_path": "wandb-client-artifact://0nqxxxshhu98qw7wem7374ol3e7db7yp0syyuy1zbei5svythql09jyy2jfrffo2zl4uuvlnjtk2904tiwyj5b03dfofm8d74qct57h9rtntx1oqpolt8tq9qnvy38x6:latest/confusion_matrix_table.table.json", "_latest_artifact_path": "wandb-client-artifact://0nqxxxshhu98qw7wem7374ol3e7db7yp0syyuy1zbei5svythql09jyy2jfrffo2zl4uuvlnjtk2904tiwyj5b03dfofm8d74qct57h9rtntx1oqpolt8tq9qnvy38x6:latest/confusion_matrix_table.table.json", "path": "media/table/confusion_matrix_table_29_c44e8cc14ecf90477f23.table.json", "ncols": 3, "nrows": 100}, "_wandb": {"runtime": 55}}