{"Epoch ": 14, "Training loss ": 0.5802403440541544, "Training accuracy ": 0.5197962962962963, "Validation loss ": 0.5770218345808615, "Validation accuracy ": 0.527, "Testing loss ": 0.5887377689135216, "Testing accuracy ": 0.5129, "_timestamp": 1709307096.9096217, "_runtime": 21.529074668884277, "_step": 29, "confusion_matrix_table": {"_type": "table-file", "sha256": "4e4da08f6ae6e157672a172d62d2ae37346b9c71174a22674a0b5e521a0e7c9e", "size": 3189, "artifact_path": "wandb-client-artifact://hlvkwwstby8e89dqqn9t7n3h9x16exmqghx8j7al1ihokusdqrvmvcoog78xldwka4ld0gnbdes4qxiru5vx2hwna8zn02vao17g0b5zsw2aa4tf2v0pyaccjr0r8maa:latest/confusion_matrix_table.table.json", "_latest_artifact_path": "wandb-client-artifact://hlvkwwstby8e89dqqn9t7n3h9x16exmqghx8j7al1ihokusdqrvmvcoog78xldwka4ld0gnbdes4qxiru5vx2hwna8zn02vao17g0b5zsw2aa4tf2v0pyaccjr0r8maa:latest/confusion_matrix_table.table.json", "path": "media/table/confusion_matrix_table_29_4e4da08f6ae6e157672a.table.json", "ncols": 3, "nrows": 100}, "_wandb": {"runtime": 20}}