{"Epoch ": 9, "Training loss ": 0.5848198939099328, "Training accuracy ": 0.8056296296296296, "Validation loss ": 0.5794090864696165, "Validation accuracy ": 0.806, "Testing loss ": 0.6056507615609296, "Testing accuracy ": 0.7934, "_timestamp": 1709126063.4861107, "_runtime": 24.573160648345947, "_step": 19, "confusion_matrix_table": {"_type": "table-file", "sha256": "69a5b82b2363230280d9bfb1f006b726cd764fce4b959a2fc62acdf7f445e544", "size": 3181, "artifact_path": "wandb-client-artifact://bbz9isi4425ftajhstbal2cnw6z1wbkzhyfqjr8gqdu60825embe2tkycbtkd83zpc6q2jjcvgpgj88ipa3tfpl9gykbfx9h4se8h2afk4fxze0icw8iq7vvcb8w4cxi:latest/confusion_matrix_table.table.json", "_latest_artifact_path": "wandb-client-artifact://bbz9isi4425ftajhstbal2cnw6z1wbkzhyfqjr8gqdu60825embe2tkycbtkd83zpc6q2jjcvgpgj88ipa3tfpl9gykbfx9h4se8h2afk4fxze0icw8iq7vvcb8w4cxi:latest/confusion_matrix_table.table.json", "path": "media/table/confusion_matrix_table_19_69a5b82b2363230280d9.table.json", "ncols": 3, "nrows": 100}, "_wandb": {"runtime": 23}}