{"Epoch ": 4, "Training loss ": 0.6315818381860655, "Training accuracy ": 0.47125925925925927, "Validation loss ": 0.6382475871301239, "Validation accuracy ": 0.4668333333333333, "Testing loss ": 0.6400540942417102, "Testing accuracy ": 0.4658, "_timestamp": 1709399471.0261264, "_runtime": 20.46193027496338, "_step": 9, "confusion_matrix_table": {"_type": "table-file", "sha256": "aa8560cdfa2b6419252418075b7100941caf3d895a4170af7015f0b11e9ca9e4", "size": 3186, "artifact_path": "wandb-client-artifact://g5vdokzc56ir0o1um5te6kaq298wd0dzduidvtf2gczcs5hssizg54s5y5miaypw0qru95thla5s59rj1z9z9v1cfn1xjt9ppy72pzy80x6yo2y9bzil5s4s4omux2kz:latest/confusion_matrix_table.table.json", "_latest_artifact_path": "wandb-client-artifact://g5vdokzc56ir0o1um5te6kaq298wd0dzduidvtf2gczcs5hssizg54s5y5miaypw0qru95thla5s59rj1z9z9v1cfn1xjt9ppy72pzy80x6yo2y9bzil5s4s4omux2kz:latest/confusion_matrix_table.table.json", "path": "media/table/confusion_matrix_table_9_aa8560cdfa2b64192524.table.json", "ncols": 3, "nrows": 100}, "_wandb": {"runtime": 19}}