{"Epoch ": 14, "Training loss ": 0.13744931528159163, "Training accuracy ": 0.9592592592592593, "Validation loss ": 0.18183419505918494, "Validation accuracy ": 0.946, "Testing loss ": 0.17188173811988705, "Testing accuracy ": 0.9516, "_timestamp": 1709501073.4007094, "_runtime": 28.563419342041016, "_step": 29, "confusion_matrix_table": {"_type": "table-file", "sha256": "908b02703b1e8fce9bc765fc1c6f06ae8fcbd9c4ca948567400219b7675c249e", "size": 3164, "artifact_path": "wandb-client-artifact://z02hgce8bzdhibrkpi0j61hc2xrsv4p4o4cfg5cednsqbbl6r8np4zovdygl18l9o9q0s09gnq5zypydrr0lfpbm8xsyf1fsop4gia96869lvlpev4ss9dbipfsnqnxm:latest/confusion_matrix_table.table.json", "_latest_artifact_path": "wandb-client-artifact://z02hgce8bzdhibrkpi0j61hc2xrsv4p4o4cfg5cednsqbbl6r8np4zovdygl18l9o9q0s09gnq5zypydrr0lfpbm8xsyf1fsop4gia96869lvlpev4ss9dbipfsnqnxm:latest/confusion_matrix_table.table.json", "path": "media/table/confusion_matrix_table_29_908b02703b1e8fce9bc7.table.json", "ncols": 3, "nrows": 100}, "_wandb": {"runtime": 27}}