{"Epoch ": 29, "Training loss ": 0.21529813911512924, "Training accuracy ": 0.9223148148148148, "Validation loss ": 0.31800909076473377, "Validation accuracy ": 0.8921666666666667, "Testing loss ": 0.33271568983945377, "Testing accuracy ": 0.8861, "_timestamp": 1709288313.566991, "_runtime": 197.97320818901062, "_step": 59, "confusion_matrix_table": {"_type": "table-file", "sha256": "ff7467d88db6d174daaafd37c13889dd6f64f7cfccead65e4677e0a52c582154", "size": 3168, "artifact_path": "wandb-client-artifact://t6u4ke9n4h2s7mgl1a14q8t224gckq5fdnhmifhv372b7xf62ij7l8g5h5s87l6yf7yxxttu8fvbth6oyoxkx85m3bazia03gg8l6avtamxidqn3ms9c50quj30rkpg7:latest/confusion_matrix_table.table.json", "_latest_artifact_path": "wandb-client-artifact://t6u4ke9n4h2s7mgl1a14q8t224gckq5fdnhmifhv372b7xf62ij7l8g5h5s87l6yf7yxxttu8fvbth6oyoxkx85m3bazia03gg8l6avtamxidqn3ms9c50quj30rkpg7:latest/confusion_matrix_table.table.json", "path": "media/table/confusion_matrix_table_59_ff7467d88db6d174daaa.table.json", "ncols": 3, "nrows": 100}, "_wandb": {"runtime": 197}}