{"Epoch ": 4, "Training loss ": 0.6571323990555731, "Training accuracy ": 0.7871111111111111, "Validation loss ": 0.6584049873029726, "Validation accuracy ": 0.7838333333333334, "Testing loss ": 0.6752945282993773, "Testing accuracy ": 0.7782, "_timestamp": 1709095380.048345, "_runtime": 40.863099098205566, "_step": 4, "_wandb": {"runtime": 40}}