{"Epoch ": 14, "Training loss ": 0.04132233997137294, "Training accuracy ": 0.9874814814814815, "Validation loss ": 0.0953351161581979, "Validation accuracy ": 0.9726666666666667, "Testing loss ": 0.08737004300703725, "Testing accuracy ": 0.9735, "_timestamp": 1709501034.8326607, "_runtime": 76.36877655982971, "_step": 29, "confusion_matrix_table": {"_type": "table-file", "sha256": "80da9f0f4a96e7c262f31146c5276ba6032ec78ac9e56d7ffdbc158e1341b81b", "size": 3146, "artifact_path": "wandb-client-artifact://7pj9eq982agpndmrv6aznm4tlhpiwnkp65iqgoebi5fzizsmvie32327i2mx5z1ahz2olzpgaq8wni52gzu1bsjl2pmf1wana4eqliunob39qsr04ey8amyhwo7foxez:latest/confusion_matrix_table.table.json", "_latest_artifact_path": "wandb-client-artifact://7pj9eq982agpndmrv6aznm4tlhpiwnkp65iqgoebi5fzizsmvie32327i2mx5z1ahz2olzpgaq8wni52gzu1bsjl2pmf1wana4eqliunob39qsr04ey8amyhwo7foxez:latest/confusion_matrix_table.table.json", "path": "media/table/confusion_matrix_table_29_80da9f0f4a96e7c262f3.table.json", "ncols": 3, "nrows": 100}, "_wandb": {"runtime": 75}}