{"Epoch ": 4, "Training loss ": 0.2854631618096366, "Training accuracy ": 0.8936111111111111, "Validation loss ": 0.35237055900153724, "Validation accuracy ": 0.8776666666666667, "Testing loss ": 0.37398002727170826, "Testing accuracy ": 0.8659, "_timestamp": 1709481063.104685, "_runtime": 114.146409034729, "_step": 9, "confusion_matrix_table": {"_type": "table-file", "sha256": "ec780e66a146682d1fc611319347e2dd32d2c6a92ecee29cfcf2bbed5a35ebef", "size": 3170, "artifact_path": "wandb-client-artifact://7fqbczeoyjv1rnyn8avo8s2pzcnvkx5diaed7xckhgi2v6xhtgwsa6gw1lsj46ytgda5u9geg4n5o3pxvmg7r0opb6jx5q2e68f8wynwjap2plojyrnq7azc47mkldvi:latest/confusion_matrix_table.table.json", "_latest_artifact_path": "wandb-client-artifact://7fqbczeoyjv1rnyn8avo8s2pzcnvkx5diaed7xckhgi2v6xhtgwsa6gw1lsj46ytgda5u9geg4n5o3pxvmg7r0opb6jx5q2e68f8wynwjap2plojyrnq7azc47mkldvi:latest/confusion_matrix_table.table.json", "path": "media/table/confusion_matrix_table_9_ec780e66a146682d1fc6.table.json", "ncols": 3, "nrows": 100}, "_wandb": {"runtime": 107}}