{"Epoch ": 9, "Training loss ": 0.2563216891672397, "Training accuracy ": 0.9034814814814814, "Validation loss ": 0.31410433086336925, "Validation accuracy ": 0.8808333333333334, "Testing loss ": 0.34684567637193575, "Testing accuracy ": 0.8731, "_timestamp": 1709450737.354042, "_runtime": 86.03152513504028, "_step": 19, "confusion_matrix_table": {"_type": "table-file", "sha256": "e792e195ccb653082ee6118f3167bc301a52609259d04845e05ed86f2e3d20dc", "size": 3169, "artifact_path": "wandb-client-artifact://9xdiktfquhmlel3mc8amw62mgo9b55mixxmv7ffgc8d1dhxwruhwfllpj6pltrk09uxw8qrrdkawjfv32llefyzd6bgk531ecqhm5ansc04dv78aq3usw7ts6i9hl29s:latest/confusion_matrix_table.table.json", "_latest_artifact_path": "wandb-client-artifact://9xdiktfquhmlel3mc8amw62mgo9b55mixxmv7ffgc8d1dhxwruhwfllpj6pltrk09uxw8qrrdkawjfv32llefyzd6bgk531ecqhm5ansc04dv78aq3usw7ts6i9hl29s:latest/confusion_matrix_table.table.json", "path": "media/table/confusion_matrix_table_19_e792e195ccb653082ee6.table.json", "ncols": 3, "nrows": 100}, "_wandb": {"runtime": 81}}