{"Epoch ": 29, "Training loss ": 0.31516276421924044, "Training accuracy ": 0.8873888888888889, "Validation loss ": 0.33920548853176496, "Validation accuracy ": 0.8766666666666667, "Testing loss ": 0.3776200646454724, "Testing accuracy ": 0.866, "_timestamp": 1709450316.1911068, "_runtime": 50.64336276054382, "_step": 59, "confusion_matrix_table": {"_type": "table-file", "sha256": "6de1a7cd1ce62c407ce186b600ada06208ee37448211b9ad065c1abf735731ea", "size": 3170, "artifact_path": "wandb-client-artifact://3rzpc9p9p2wjnjqwrxsm6kvicyv33y7fzgh3dy9p91ec2sz9a4ab00ce06rqkuy0fkzcu0lnqildy29mfvzwnsbos3000u8xjbl1qv23z4fll0gz6bzt1nefqiux8fny:latest/confusion_matrix_table.table.json", "_latest_artifact_path": "wandb-client-artifact://3rzpc9p9p2wjnjqwrxsm6kvicyv33y7fzgh3dy9p91ec2sz9a4ab00ce06rqkuy0fkzcu0lnqildy29mfvzwnsbos3000u8xjbl1qv23z4fll0gz6bzt1nefqiux8fny:latest/confusion_matrix_table.table.json", "path": "media/table/confusion_matrix_table_59_6de1a7cd1ce62c407ce1.table.json", "ncols": 3, "nrows": 100}, "_wandb": {"runtime": 49}}