{"Epoch ": 29, "Training loss ": 0.2678733616156354, "Training accuracy ": 0.9047962962962963, "Validation loss ": 0.3204617105091807, "Validation accuracy ": 0.8848333333333334, "Testing loss ": 0.34834538255350783, "Testing accuracy ": 0.8763, "_timestamp": 1709456880.123932, "_runtime": 61.18970084190369, "_step": 59, "confusion_matrix_table": {"_type": "table-file", "sha256": "f2540a32c4446a75d96d61e19deef9e3fc5d052d730652f3f90db189cd892219", "size": 3169, "artifact_path": "wandb-client-artifact://r4q00z8dok86kzn18meu17yb9ye8b9g7lb62jau4ma6oc9skomiyxwz97fdzckx7fqje9i3hiamuc7d149ugewoe6spowyhydhauqiw05u5pguacj5l0ykowrvsewds2:latest/confusion_matrix_table.table.json", "_latest_artifact_path": "wandb-client-artifact://r4q00z8dok86kzn18meu17yb9ye8b9g7lb62jau4ma6oc9skomiyxwz97fdzckx7fqje9i3hiamuc7d149ugewoe6spowyhydhauqiw05u5pguacj5l0ykowrvsewds2:latest/confusion_matrix_table.table.json", "path": "media/table/confusion_matrix_table_59_f2540a32c4446a75d96d.table.json", "ncols": 3, "nrows": 100}, "_wandb": {"runtime": 60}}