{"Epoch ": 14, "Training loss ": 2.3008020261981144, "Training accuracy ": 0.10585185185185185, "Validation loss ": 2.3008013031928565, "Validation accuracy": 0.10566666666666667, "Testing loss ": 2.3007858720914456, "Testing accuracy ": 0.1057, "_timestamp": 1709124349.2129111, "_runtime": 34.32470202445984, "_step": 29, "confusion_matrix_table": {"_type": "table-file", "sha256": "0154e4082d1c24b1daf614e80c2cde7e6a942d4a8d9d042c72d3bbe915a9fa90", "size": 3156, "artifact_path": "wandb-client-artifact://2t0rh12qw3cqm3ijr32pmz29oeivjpqe3sbhdxrzg9e5bcbpexrsfp78qbjt7oqccsbogizob9pai394365s0bcz3efeerpkirs9jrfwfsb8qylf1xym02qca3iiqs9y:latest/confusion_matrix_table.table.json", "_latest_artifact_path": "wandb-client-artifact://2t0rh12qw3cqm3ijr32pmz29oeivjpqe3sbhdxrzg9e5bcbpexrsfp78qbjt7oqccsbogizob9pai394365s0bcz3efeerpkirs9jrfwfsb8qylf1xym02qca3iiqs9y:latest/confusion_matrix_table.table.json", "path": "media/table/confusion_matrix_table_29_0154e4082d1c24b1daf6.table.json", "ncols": 3, "nrows": 100}, "_wandb": {"runtime": 33}}