{"Epoch ": 29, "Training loss ": 0.06909642524132324, "Training accuracy ": 0.9565185185185185, "Validation loss ": 0.09456589898490995, "Validation accuracy ": 0.9401666666666667, "Testing loss ": 0.09381023922477391, "Testing accuracy ": 0.9393, "_timestamp": 1709532228.842334, "_runtime": 43.26441693305969, "_step": 59, "confusion_matrix_table": {"_type": "table-file", "sha256": "b4339a78314e1bcf3a6e1e6bb775c1a775c2e63869eedcb29497a7a46816d1e1", "size": 3167, "artifact_path": "wandb-client-artifact://sim2qtcfrk9lmy1n5ikuqx511takwc81m0vwbq4upa7gqbvvdm52q75ej135hs8327bjq6kncs53tepx1r7hzck5ksltepxz2yzqboirwu4ckez55p0mb7ji9dhwoul2:latest/confusion_matrix_table.table.json", "_latest_artifact_path": "wandb-client-artifact://sim2qtcfrk9lmy1n5ikuqx511takwc81m0vwbq4upa7gqbvvdm52q75ej135hs8327bjq6kncs53tepx1r7hzck5ksltepxz2yzqboirwu4ckez55p0mb7ji9dhwoul2:latest/confusion_matrix_table.table.json", "path": "media/table/confusion_matrix_table_59_b4339a78314e1bcf3a6e.table.json", "ncols": 3, "nrows": 100}, "_wandb": {"runtime": 42}}