{"Epoch ": 29, "Training loss ": 0.19262739226642606, "Training accuracy ": 0.8671666666666666, "Validation loss ": 0.20376229760624084, "Validation accuracy ": 0.8603333333333333, "Testing loss ": 0.2132159542917464, "Testing accuracy ": 0.8527, "_timestamp": 1709312745.6381133, "_runtime": 140.09878134727478, "_step": 59, "confusion_matrix_table": {"_type": "table-file", "sha256": "e26f9d32b26350064386b32848f4f414fbd68d489144ffbd4b2178be22203845", "size": 3174, "artifact_path": "wandb-client-artifact://mypkcwjtlw459m77lljyp56h858w6v8pa8tkfvn8m36u4mqksiiviuo7dmdweq62s0ucmeimpufnd0zoto844ubu5ivrabh1ze6jmxvpm3jy1f9uxwt9lonooqijukgz:latest/confusion_matrix_table.table.json", "_latest_artifact_path": "wandb-client-artifact://mypkcwjtlw459m77lljyp56h858w6v8pa8tkfvn8m36u4mqksiiviuo7dmdweq62s0ucmeimpufnd0zoto844ubu5ivrabh1ze6jmxvpm3jy1f9uxwt9lonooqijukgz:latest/confusion_matrix_table.table.json", "path": "media/table/confusion_matrix_table_59_e26f9d32b26350064386.table.json", "ncols": 3, "nrows": 100}, "_wandb": {"runtime": 139}}