{"Epoch ": 4, "Training loss ": 0.6495948129505729, "Training accuracy ": 0.7674444444444445, "Validation loss ": 0.678133554776549, "Validation accuracy ": 0.7608333333333334, "Testing loss ": 0.6949602098332694, "Testing accuracy ": 0.7528, "_timestamp": 1709401023.7084858, "_runtime": 35.30839395523071, "_step": 9, "confusion_matrix_table": {"_type": "table-file", "sha256": "28baba0504fc5d7d5fdf9fb970d640c301886c28945bd3e1b96df4e8861ab91f", "size": 3181, "artifact_path": "wandb-client-artifact://4jjhznj0576cnexr8j3kz6wonpoxscez4kqi6038wte6r047llgo8q974p1tmgfkkx9l37k2ef01d9jtyacicchowa2zipcnebc8ac0gn3vethbi0rbd8bqizgqdepud:latest/confusion_matrix_table.table.json", "_latest_artifact_path": "wandb-client-artifact://4jjhznj0576cnexr8j3kz6wonpoxscez4kqi6038wte6r047llgo8q974p1tmgfkkx9l37k2ef01d9jtyacicchowa2zipcnebc8ac0gn3vethbi0rbd8bqizgqdepud:latest/confusion_matrix_table.table.json", "path": "media/table/confusion_matrix_table_9_28baba0504fc5d7d5fdf.table.json", "ncols": 3, "nrows": 100}, "_wandb": {"runtime": 34}}