{"Epoch ": 19, "Training loss ": 0.8998476013766395, "Training accuracy ": 0.14872222222222223, "Validation loss ": 0.8998444445267375, "Validation accuracy ": 0.1515, "Testing loss ": 0.8998505362398848, "Testing accuracy ": 0.1503, "_timestamp": 1709142799.8908944, "_runtime": 85.84694051742554, "_step": 39, "confusion_matrix_table": {"_type": "table-file", "sha256": "e5a8e57ce2cfba0a4934c181dc72f2a06afbb1f0474d902973faae67da521792", "size": 3175, "artifact_path": "wandb-client-artifact://2a8d35rn6n5ywklmcnthcvaztb7ke4luz9x0q2f7nq3lccio2rih8fs561pbst0wyfi3p305jr8qua84acz7m0a210vpjutmlv2jyucze8x506umy2myligixjfpzpnp:latest/confusion_matrix_table.table.json", "_latest_artifact_path": "wandb-client-artifact://2a8d35rn6n5ywklmcnthcvaztb7ke4luz9x0q2f7nq3lccio2rih8fs561pbst0wyfi3p305jr8qua84acz7m0a210vpjutmlv2jyucze8x506umy2myligixjfpzpnp:latest/confusion_matrix_table.table.json", "path": "media/table/confusion_matrix_table_39_e5a8e57ce2cfba0a4934.table.json", "ncols": 3, "nrows": 100}, "_wandb": {"runtime": 84}}