{"Epoch ": 14, "Training loss ": 0.07531325804512921, "Training accuracy ": 0.9799629629629629, "Validation loss ": 0.16893525517059102, "Validation accuracy ": 0.9526666666666667, "Testing loss ": 0.1682162988704816, "Testing accuracy ": 0.9567, "_timestamp": 1709492885.8616085, "_runtime": 66.02002048492432, "_step": 29, "confusion_matrix_table": {"_type": "table-file", "sha256": "a922c06b9d123d7c037e0f530b9963b90d7de3a3adb529cf4f611d2e0a6f3f27", "size": 3158, "artifact_path": "wandb-client-artifact://lijbw0ethyua42b8lpk1s8kbk30g79daioli9gv81o29ctgz1yo961hbrt788un469hm1s1wry3325ci5eds59f4kfrbapwtlrk7pcqt8pyi24z174em817heu1vkjw9:latest/confusion_matrix_table.table.json", "_latest_artifact_path": "wandb-client-artifact://lijbw0ethyua42b8lpk1s8kbk30g79daioli9gv81o29ctgz1yo961hbrt788un469hm1s1wry3325ci5eds59f4kfrbapwtlrk7pcqt8pyi24z174em817heu1vkjw9:latest/confusion_matrix_table.table.json", "path": "media/table/confusion_matrix_table_29_a922c06b9d123d7c037e.table.json", "ncols": 3, "nrows": 100}, "_wandb": {"runtime": 65}}