{"Epoch ": 19, "Training loss ": 0.1890097141073058, "Training accuracy ": 0.8642592592592593, "Validation loss ": 0.21322076371401824, "Validation accuracy ": 0.8476666666666667, "Testing loss ": 0.2280063886627915, "Testing accuracy ": 0.8388, "_timestamp": 1709303435.8898897, "_runtime": 149.93623161315918, "_step": 39, "confusion_matrix_table": {"_type": "table-file", "sha256": "6b3da52cbed83e140c5ece0d364339ef9b4f5a23f95f92700c348544d6349646", "size": 3172, "artifact_path": "wandb-client-artifact://41w6ev7jwrp13f4ybyl1pil1uhetgahr91ija569cc5isc114k22zrb6l91hdjcfxhykjwj0z4wjfhlrf0bjwrwchn1e78cdsq5bb8013zrbius8q7jd6q70qj41xzso:latest/confusion_matrix_table.table.json", "_latest_artifact_path": "wandb-client-artifact://41w6ev7jwrp13f4ybyl1pil1uhetgahr91ija569cc5isc114k22zrb6l91hdjcfxhykjwj0z4wjfhlrf0bjwrwchn1e78cdsq5bb8013zrbius8q7jd6q70qj41xzso:latest/confusion_matrix_table.table.json", "path": "media/table/confusion_matrix_table_39_6b3da52cbed83e140c5e.table.json", "ncols": 3, "nrows": 100}, "_wandb": {"runtime": 149}}