{"Epoch ": 0, "Training loss ": 2.3778659029525864, "Training accuracy ": 0.1, "Validation loss ": 2.3778685631757033, "Validation accuracy ": 0.1, "Testing loss ": 2.3778696917503277, "Testing accuracy ": 0.1, "_timestamp": 1709105294.9876482, "_runtime": 9.48845624923706, "_step": 0, "_wandb": {"runtime": 8}}