{"Epoch ": 29, "Training loss ": 0.1914541298718151, "Training accuracy ": 0.9306111111111111, "Validation loss ": 0.43596579220674897, "Validation accuracy ": 0.8848333333333334, "Testing loss ": 0.440707896809641, "Testing accuracy ": 0.876, "_timestamp": 1709406230.9271846, "_runtime": 180.10607361793518, "_step": 59, "confusion_matrix_table": {"_type": "table-file", "sha256": "7e3da31617c8f8eb4bb373777e4a1202c909f9fa4265821cdcd2cee9e2f81534", "size": 3174, "artifact_path": "wandb-client-artifact://abf3u7y4pc21a30wet6kfqr8kxkm7asvevep4xqhn0uggcy1j30j0rclzbp0yomndylkypwt5n0owaea0hi3lsymlrixdba7sxgrau425nmq1k3znyvzyyhil253x853:latest/confusion_matrix_table.table.json", "_latest_artifact_path": "wandb-client-artifact://abf3u7y4pc21a30wet6kfqr8kxkm7asvevep4xqhn0uggcy1j30j0rclzbp0yomndylkypwt5n0owaea0hi3lsymlrixdba7sxgrau425nmq1k3znyvzyyhil253x853:latest/confusion_matrix_table.table.json", "path": "media/table/confusion_matrix_table_59_7e3da31617c8f8eb4bb3.table.json", "ncols": 3, "nrows": 100}, "_wandb": {"runtime": 179}}