{"Epoch ": 24, "Training loss ": 1.1824745222009412, "Training accuracy ": 0.13590740740740742, "Validation loss ": 1.1826822707709788, "Validation accuracy ": 0.13516666666666666, "Testing loss ": 1.1832799436577657, "Testing accuracy ": 0.1359, "_timestamp": 1709626205.6562912, "_runtime": 219.4432611465454, "_step": 49, "confusion_matrix_table": {"_type": "table-file", "sha256": "8a797c462fc4cad3cabbbaca253c27eba6ddb3b8f93e0a013d5e40d0246f983c", "size": 3147, "artifact_path": "wandb-client-artifact://5b8ayqvaic8kd6opv7vybsplio2gk58ts4286d5envk8vfjyolkh9ujoxocwai0pjvxslcvsvun1dfm3vtxy7afls21huppaaris8w47h1yw6e936jhqil61v20velsp:latest/confusion_matrix_table.table.json", "_latest_artifact_path": "wandb-client-artifact://5b8ayqvaic8kd6opv7vybsplio2gk58ts4286d5envk8vfjyolkh9ujoxocwai0pjvxslcvsvun1dfm3vtxy7afls21huppaaris8w47h1yw6e936jhqil61v20velsp:latest/confusion_matrix_table.table.json", "path": "media/table/confusion_matrix_table_49_8a797c462fc4cad3cabb.table.json", "ncols": 3, "nrows": 100}, "_wandb": {"runtime": 218}}