{"Epoch ": 4, "Training loss ": 0.4107827195322086, "Training accuracy ": 0.8583148148148149, "Validation loss ": 0.41210262722124735, "Validation accuracy ": 0.8546666666666667, "Testing loss ": 0.4519196958284423, "Testing accuracy ": 0.8431, "_timestamp": 1709399398.6626272, "_runtime": 23.30051827430725, "_step": 9, "confusion_matrix_table": {"_type": "table-file", "sha256": "b78beb4c87bdb559392a14145e2896d5f5733ccc03e24c59842c664e5f03cf5e", "size": 3175, "artifact_path": "wandb-client-artifact://mmamrpjaxpj65h5fs5igljciqjmsh52cspz5o3wq61woktv4tsw8uxayr35fif9li5fam4hx0sfc5ocxm8vjg4o3rgn399dm1neifrsy0pp4ln06x7gf7hv31u26142l:latest/confusion_matrix_table.table.json", "_latest_artifact_path": "wandb-client-artifact://mmamrpjaxpj65h5fs5igljciqjmsh52cspz5o3wq61woktv4tsw8uxayr35fif9li5fam4hx0sfc5ocxm8vjg4o3rgn399dm1neifrsy0pp4ln06x7gf7hv31u26142l:latest/confusion_matrix_table.table.json", "path": "media/table/confusion_matrix_table_9_b78beb4c87bdb559392a.table.json", "ncols": 3, "nrows": 100}, "_wandb": {"runtime": 22}}