{"Epoch ": 19, "Training loss ": 2.6818135743971005e-05, "Training accuracy ": 0.6370555555555556, "Validation loss ": 0.0002408926558526971, "Validation accuracy ": 0.6403333333333333, "Testing loss ": 0.00014529682902495863, "Testing accuracy ": 0.6337, "_timestamp": 1708926887.832425, "_runtime": 26.15423607826233, "_step": 39, "confusion_matrix_table": {"_type": "table-file", "sha256": "58740989c4075ec9e2800b500e417ba3751c79a1718173aafa20a7c42af5cc8e", "size": 3188, "artifact_path": "wandb-client-artifact://izomjjecn8jvk1rk1wisixx9tqwned0szmll8s7jdyb5c2yys3nwxjwx0u4s8biv70oi75wou3wffdfx4p4687ui8f7lparoewdoepixqc9a78hjaz2zbz7pt6x0zlqt:latest/confusion_matrix_table.table.json", "_latest_artifact_path": "wandb-client-artifact://izomjjecn8jvk1rk1wisixx9tqwned0szmll8s7jdyb5c2yys3nwxjwx0u4s8biv70oi75wou3wffdfx4p4687ui8f7lparoewdoepixqc9a78hjaz2zbz7pt6x0zlqt:latest/confusion_matrix_table.table.json", "path": "media/table/confusion_matrix_table_39_58740989c4075ec9e280.table.json", "ncols": 3, "nrows": 100}, "_wandb": {"runtime": 25}}