{"Epoch ": 19, "Training loss ": 0.3282574449002255, "Training accuracy ": 0.8790740740740741, "Validation loss ": 0.4440585330506667, "Validation accuracy ": 0.8526666666666667, "Testing loss ": 0.4623408187612293, "Testing accuracy ": 0.8523, "_timestamp": 1709094903.6459053, "_runtime": 24.943416357040405, "_step": 39, "confusion_matrix_table": {"_type": "table-file", "sha256": "ac8e92d6059d2afb7a7efdbbb3a4774c38a1fa38b54fae4e60158197a3b280c7", "size": 3173, "artifact_path": "wandb-client-artifact://at6ojv3ofcrltyzop5sz4uzyxmqawjmn8j2m08l4c203rdf4ds9qpwh6ttwwr0wuckpvv9rod4eki49eu6aaolgk0kceqa9xzpkgwi7lf70fato6uhtqmqc9c82yfem8:latest/confusion_matrix_table.table.json", "_latest_artifact_path": "wandb-client-artifact://at6ojv3ofcrltyzop5sz4uzyxmqawjmn8j2m08l4c203rdf4ds9qpwh6ttwwr0wuckpvv9rod4eki49eu6aaolgk0kceqa9xzpkgwi7lf70fato6uhtqmqc9c82yfem8:latest/confusion_matrix_table.table.json", "path": "media/table/confusion_matrix_table_39_ac8e92d6059d2afb7a7e.table.json", "ncols": 3, "nrows": 100}, "_wandb": {"runtime": 24}}