{"Epoch ": 29, "Training loss ": 0.1447427849096115, "Training accuracy ": 0.901537037037037, "Validation loss ": 0.17384725462172185, "Validation accuracy ": 0.8788333333333334, "Testing loss ": 0.18558946663558454, "Testing accuracy ": 0.872, "_timestamp": 1709147052.8389049, "_runtime": 122.92183089256287, "_step": 59, "confusion_matrix_table": {"_type": "table-file", "sha256": "964c80f2247f36f4bc9024456c824afb7f426ff0f9c143f109a7e0671bdbdfd8", "size": 3174, "artifact_path": "wandb-client-artifact://cn50t7mswtklq4bi2f5z4eiww56orafiqhx7fr6x5pwu58i4k2vfqhgetoa0lvvr71ei83y8vfwrvewwjg36k6rm51lsdri5v5fe5mtoxxei98sscto9tq3zlzjrkpyi:latest/confusion_matrix_table.table.json", "_latest_artifact_path": "wandb-client-artifact://cn50t7mswtklq4bi2f5z4eiww56orafiqhx7fr6x5pwu58i4k2vfqhgetoa0lvvr71ei83y8vfwrvewwjg36k6rm51lsdri5v5fe5mtoxxei98sscto9tq3zlzjrkpyi:latest/confusion_matrix_table.table.json", "path": "media/table/confusion_matrix_table_59_964c80f2247f36f4bc90.table.json", "ncols": 3, "nrows": 100}, "_wandb": {"runtime": 122}}