{"Epoch ": 9, "Training loss ": 0.9116061834931987, "Training accuracy ": 0.09964814814814815, "Validation loss ": 0.9114864513673986, "Validation accuracy ": 0.0995, "Testing loss ": 0.9114872282193135, "Testing accuracy ": 0.0997, "_timestamp": 1709182870.6444154, "_runtime": 32.68188238143921, "_step": 19, "confusion_matrix_table": {"_type": "table-file", "sha256": "9caac97d9200ecefaa95dd22b6c1b07a7f6e45025c41f7d1d01ec5a335577700", "size": 3153, "artifact_path": "wandb-client-artifact://5n9hcdkc8m0jjhicge2iuado0uw603ro173jax0eiwa4lc7x3gntef9ocljqok8blt58rjysv8wprplrcbqb4vrze0ieb3502fgeyc05rjc1zjjbjlgeaupq2r1k2qjc:latest/confusion_matrix_table.table.json", "_latest_artifact_path": "wandb-client-artifact://5n9hcdkc8m0jjhicge2iuado0uw603ro173jax0eiwa4lc7x3gntef9ocljqok8blt58rjysv8wprplrcbqb4vrze0ieb3502fgeyc05rjc1zjjbjlgeaupq2r1k2qjc:latest/confusion_matrix_table.table.json", "path": "media/table/confusion_matrix_table_19_9caac97d9200ecefaa95.table.json", "ncols": 3, "nrows": 100}, "_wandb": {"runtime": 31}}