{"Epoch ": 29, "Training loss ": 0.3449705648703682, "Training accuracy ": 0.8781481481481481, "Validation loss ": 0.37679229824674054, "Validation accuracy ": 0.87, "Testing loss ": 0.3978453610411537, "Testing accuracy ": 0.8584, "_timestamp": 1709299274.592432, "_runtime": 169.5352931022644, "_step": 59, "confusion_matrix_table": {"_type": "table-file", "sha256": "b9fc3670abd350999eefb0b7434f5ba25a755acc16d2bc99ebaa9ff2383824b4", "size": 3173, "artifact_path": "wandb-client-artifact://n3ke48suyf9prpxf6m1irj74sfz5m57gn7on8q9rhs9cqcph76zplupoy28dv29p0knay81bw64z87zbvkn8zh81ic08p3ab6fdzlsufy7gm0a90nvsi6o2yhrqcrk6m:latest/confusion_matrix_table.table.json", "_latest_artifact_path": "wandb-client-artifact://n3ke48suyf9prpxf6m1irj74sfz5m57gn7on8q9rhs9cqcph76zplupoy28dv29p0knay81bw64z87zbvkn8zh81ic08p3ab6fdzlsufy7gm0a90nvsi6o2yhrqcrk6m:latest/confusion_matrix_table.table.json", "path": "media/table/confusion_matrix_table_59_b9fc3670abd350999eef.table.json", "ncols": 3, "nrows": 100}, "_wandb": {"runtime": 168}}