{"Epoch ": 29, "Training loss ": 0.89665876123951, "Training accuracy ": 0.34494444444444444, "Validation loss ": 0.8966989219417945, "Validation accuracy ": 0.346, "Testing loss ": 0.8966865854527445, "Testing accuracy ": 0.3438, "_timestamp": 1709307993.296055, "_runtime": 147.9506959915161, "_step": 59, "confusion_matrix_table": {"_type": "table-file", "sha256": "6d463c69a9eaa7468e28d156b086038add24cdc1c23ee70841c888dc77a182d4", "size": 3181, "artifact_path": "wandb-client-artifact://77w1lrb0bgom923dmqc7pcanhmpqmgm8tipxvbspa0juzo9srtwnsxn1vd1zlx9imzx9v6vo20wtzv4oxke32wn4ndmfi8n4582ufckc7plld5selud6ssa42zbg1njb:latest/confusion_matrix_table.table.json", "_latest_artifact_path": "wandb-client-artifact://77w1lrb0bgom923dmqc7pcanhmpqmgm8tipxvbspa0juzo9srtwnsxn1vd1zlx9imzx9v6vo20wtzv4oxke32wn4ndmfi8n4582ufckc7plld5selud6ssa42zbg1njb:latest/confusion_matrix_table.table.json", "path": "media/table/confusion_matrix_table_59_6d463c69a9eaa7468e28.table.json", "ncols": 3, "nrows": 100}, "_wandb": {"runtime": 147}}