{"Epoch ": 4, "Training loss ": 0.3128893009013906, "Training accuracy ": 0.8901851851851852, "Validation loss ": 0.357846739766884, "Validation accuracy ": 0.8783333333333333, "Testing loss ": 0.3873149829029659, "Testing accuracy ": 0.8653, "_timestamp": 1709635556.5699437, "_runtime": 55.351622581481934, "_step": 9, "confusion_matrix_table": {"_type": "table-file", "sha256": "102aab4012ce247f2eb64580a45d873df6ee34de1627ce7cbf1d3a04a33d8994", "size": 3173, "artifact_path": "wandb-client-artifact://2blehzv8cqy9c5xxupoa80ahmtgdnw7zf51w54hlx1r1l7yecjl6pr702d9uje2f7f20wmq4g1s2mdkvv642o2e4a2f0684snsm8yrqoqyfoh36m1xa8dcgttgnh5mt2:latest/confusion_matrix_table.table.json", "_latest_artifact_path": "wandb-client-artifact://2blehzv8cqy9c5xxupoa80ahmtgdnw7zf51w54hlx1r1l7yecjl6pr702d9uje2f7f20wmq4g1s2mdkvv642o2e4a2f0684snsm8yrqoqyfoh36m1xa8dcgttgnh5mt2:latest/confusion_matrix_table.table.json", "path": "media/table/confusion_matrix_table_9_102aab4012ce247f2eb6.table.json", "ncols": 3, "nrows": 100}, "_wandb": {"runtime": 54}}