{"Epoch ": 4, "Training loss ": 0.4121519993437361, "Training accuracy ": 0.8582592592592593, "Validation loss ": 0.42788606784612215, "Validation accuracy ": 0.8511666666666666, "Testing loss ": 0.4524273311895513, "Testing accuracy ": 0.8435, "_timestamp": 1709453895.9237003, "_runtime": 22.81363344192505, "_step": 9, "confusion_matrix_table": {"_type": "table-file", "sha256": "e4107004c44c57d72f2a72b4a4c004e05dbb8a476de48355a4a4c1c919fbf080", "size": 3176, "artifact_path": "wandb-client-artifact://50m3nsa0m23onpxhrm7t71jduel38ht1vij4fukisp17mkawpmd8is73rqt9uvv3h8qkgosb86f5jtdi4gft3lifv8ozex9tvzssx72d01zbriaadbs3lqwlkr5c5wl9:latest/confusion_matrix_table.table.json", "_latest_artifact_path": "wandb-client-artifact://50m3nsa0m23onpxhrm7t71jduel38ht1vij4fukisp17mkawpmd8is73rqt9uvv3h8qkgosb86f5jtdi4gft3lifv8ozex9tvzssx72d01zbriaadbs3lqwlkr5c5wl9:latest/confusion_matrix_table.table.json", "path": "media/table/confusion_matrix_table_9_e4107004c44c57d72f2a.table.json", "ncols": 3, "nrows": 100}, "_wandb": {"runtime": 22}}