{"Epoch ": 4, "Training loss ": 0.43374192590869615, "Training accuracy ": 0.6793518518518519, "Validation loss ": 0.43842288430808435, "Validation accuracy ": 0.678, "Testing loss ": 0.4437393606648039, "Testing accuracy ": 0.674, "_timestamp": 1709400161.834862, "_runtime": 19.928860902786255, "_step": 9, "confusion_matrix_table": {"_type": "table-file", "sha256": "8be07cc6ae4edba321b46fba0733520b99187b9b13673bc7913e3b3fa72f84cc", "size": 3174, "artifact_path": "wandb-client-artifact://t6gdc4ncfreyblju1cpn1xg9addhn7auiceat5p7z65p7plgs01pkjzlhlp8o8j7i35522p6kcs6g0qjbmy485ax3gxwiidd7kns9hoct1hrswdpdof485ltou50q9ho:latest/confusion_matrix_table.table.json", "_latest_artifact_path": "wandb-client-artifact://t6gdc4ncfreyblju1cpn1xg9addhn7auiceat5p7z65p7plgs01pkjzlhlp8o8j7i35522p6kcs6g0qjbmy485ax3gxwiidd7kns9hoct1hrswdpdof485ltou50q9ho:latest/confusion_matrix_table.table.json", "path": "media/table/confusion_matrix_table_9_8be07cc6ae4edba321b4.table.json", "ncols": 3, "nrows": 100}, "_wandb": {"runtime": 19}}