{"Epoch ": 14, "Training loss ": 0.9279470691861722, "Training accuracy ": 0.7269629629629629, "Validation loss ": 0.9391505115719565, "Validation accuracy ": 0.721, "Testing loss ": 0.9441956976777023, "Testing accuracy ": 0.7186, "_timestamp": 1709445911.268158, "_runtime": 26.973383903503418, "_step": 29, "confusion_matrix_table": {"_type": "table-file", "sha256": "03cdfa0305bf7e7575934a8a63e75628e09d57b547f79780f1f97ce2ceaa4e26", "size": 3181, "artifact_path": "wandb-client-artifact://emn3gbvwbb1vw42v5srnf52femobaajzsem2mq7fuvydi7pafods7mrhjdmmde1otw0377ki7bo29te301lwoo6fpj58ziwc6veo7k3a07b2mjmoggobc3c9vw3mk0ys:latest/confusion_matrix_table.table.json", "_latest_artifact_path": "wandb-client-artifact://emn3gbvwbb1vw42v5srnf52femobaajzsem2mq7fuvydi7pafods7mrhjdmmde1otw0377ki7bo29te301lwoo6fpj58ziwc6veo7k3a07b2mjmoggobc3c9vw3mk0ys:latest/confusion_matrix_table.table.json", "path": "media/table/confusion_matrix_table_29_03cdfa0305bf7e757593.table.json", "ncols": 3, "nrows": 100}, "_wandb": {"runtime": 26}}