{"Epoch ": 19, "Training loss ": 0.23538292665231142, "Training accuracy ": 0.9159074074074074, "Validation loss ": 0.3159616770443165, "Validation accuracy ": 0.885, "Testing loss ": 0.32714829525697825, "Testing accuracy ": 0.8831, "_timestamp": 1709633079.2311518, "_runtime": 127.86469674110413, "_step": 39, "confusion_matrix_table": {"_type": "table-file", "sha256": "3c60b40d49dd267f9c7cd050c7ac508624ed296d58a8033441b772656f81a204", "size": 3170, "artifact_path": "wandb-client-artifact://qtsz2kgt9wlpg32r0txw6ux1zp1ppekzodw88kyl7b8l9ibdtpio5qi6dkbsk92k430plyp76g1cw1yqvf9jvwb3v16137cdjynj4oio2dtgkzvmr2iz1ohyrhz41atc:latest/confusion_matrix_table.table.json", "_latest_artifact_path": "wandb-client-artifact://qtsz2kgt9wlpg32r0txw6ux1zp1ppekzodw88kyl7b8l9ibdtpio5qi6dkbsk92k430plyp76g1cw1yqvf9jvwb3v16137cdjynj4oio2dtgkzvmr2iz1ohyrhz41atc:latest/confusion_matrix_table.table.json", "path": "media/table/confusion_matrix_table_39_3c60b40d49dd267f9c7c.table.json", "ncols": 3, "nrows": 100}, "_wandb": {"runtime": 127}}