{"Epoch ": 19, "Training loss ": 0.22777935804744012, "Training accuracy ": 0.9154444444444444, "Validation loss ": 0.4175974874543727, "Validation accuracy ": 0.8786666666666667, "Testing loss ": 0.4584855332268069, "Testing accuracy ": 0.8665, "_timestamp": 1709311506.3339167, "_runtime": 313.09185767173767, "_step": 39, "confusion_matrix_table": {"_type": "table-file", "sha256": "f005311c2eeee1e56c8a137bd71afb250b9a955a6d78b900a18fd69c074cf295", "size": 3169, "artifact_path": "wandb-client-artifact://8hz4pe3r51afnie4jba6ryfzz1jjv0s7ga880omwtrvugnurx5tmgdv9kyj5tfphmjqc4w0wmjboo9z6aw4jlhezc8wwkpr2pynvcra5vxqdg2509qkjwuqzzgy18ioq:latest/confusion_matrix_table.table.json", "_latest_artifact_path": "wandb-client-artifact://8hz4pe3r51afnie4jba6ryfzz1jjv0s7ga880omwtrvugnurx5tmgdv9kyj5tfphmjqc4w0wmjboo9z6aw4jlhezc8wwkpr2pynvcra5vxqdg2509qkjwuqzzgy18ioq:latest/confusion_matrix_table.table.json", "path": "media/table/confusion_matrix_table_39_f005311c2eeee1e56c8a.table.json", "ncols": 3, "nrows": 100}, "_wandb": {"runtime": 312}}