{"Epoch ": 24, "Training loss ": 0.14783616819176298, "Training accuracy ": 0.898962962962963, "Validation loss ": 0.17561591540522703, "Validation accuracy ": 0.8785, "Testing loss ": 0.18857374697009338, "Testing accuracy ": 0.8709, "_timestamp": 1709533943.3761694, "_runtime": 45.30515456199646, "_step": 49, "confusion_matrix_table": {"_type": "table-file", "sha256": "9e16f071f57f761e786bc4cbba4865fd860178a530b8ebfd4db07ff73cfc3e62", "size": 3173, "artifact_path": "wandb-client-artifact://rjyqbsih59ch70kk7lmbt8o2ksrho0zyiojwcvu33doms5cky2za05clqcy7thee7vgx0ed2mpqiiih587h1tns8wyf7gjjuo7cyp5lu975t5fg98c08e5gobml35kay:latest/confusion_matrix_table.table.json", "_latest_artifact_path": "wandb-client-artifact://rjyqbsih59ch70kk7lmbt8o2ksrho0zyiojwcvu33doms5cky2za05clqcy7thee7vgx0ed2mpqiiih587h1tns8wyf7gjjuo7cyp5lu975t5fg98c08e5gobml35kay:latest/confusion_matrix_table.table.json", "path": "media/table/confusion_matrix_table_49_9e16f071f57f761e786b.table.json", "ncols": 3, "nrows": 100}, "_wandb": {"runtime": 44}}