{"Epoch ": 4, "Training loss ": 0.6254399252868936, "Training accuracy ": 0.7998148148148149, "Validation loss ": 0.6193333835491742, "Validation accuracy ": 0.8083333333333333, "Testing loss ": 0.644160379503124, "Testing accuracy ": 0.791, "_timestamp": 1709399554.655435, "_runtime": 19.110732078552246, "_step": 9, "confusion_matrix_table": {"_type": "table-file", "sha256": "f60813df69dbfc2926551b4a468185a628f3a481b3139c10bf752d21eaa69f3e", "size": 3179, "artifact_path": "wandb-client-artifact://b58xpp0qatsuu27w7cqgffjduhnq4r746iku6q4cicel1hcsvrazasm4socyp6atsi9uzh3x7nie1hi1xtq2docsaozurdnc5fhqrtq1rx7s9ex6u40eeg0umtxpbeaf:latest/confusion_matrix_table.table.json", "_latest_artifact_path": "wandb-client-artifact://b58xpp0qatsuu27w7cqgffjduhnq4r746iku6q4cicel1hcsvrazasm4socyp6atsi9uzh3x7nie1hi1xtq2docsaozurdnc5fhqrtq1rx7s9ex6u40eeg0umtxpbeaf:latest/confusion_matrix_table.table.json", "path": "media/table/confusion_matrix_table_9_f60813df69dbfc292655.table.json", "ncols": 3, "nrows": 100}, "_wandb": {"runtime": 18}}