{"Epoch ": 29, "Training loss ": 0.14496178751327574, "Training accuracy ": 0.8988518518518519, "Validation loss ": 0.1847305585477344, "Validation accuracy ": 0.872, "Testing loss ": 0.19522465088908708, "Testing accuracy ": 0.8664, "_timestamp": 1709306997.1547408, "_runtime": 202.77809190750122, "_step": 59, "confusion_matrix_table": {"_type": "table-file", "sha256": "5a46db8d99b25df15147ff2cb381acd255eba66704e9350ff6cef35fac0b15d4", "size": 3174, "artifact_path": "wandb-client-artifact://2nzg52a08xwdj7r7ksjc3pguokdmi94eb00aivultyhlnmj1aupf36v46emjj5hrf5ekt7m419w8hhhydmkol7xkso1hioe0gv4r1xidts086llas387jv36k06uqmy8:latest/confusion_matrix_table.table.json", "_latest_artifact_path": "wandb-client-artifact://2nzg52a08xwdj7r7ksjc3pguokdmi94eb00aivultyhlnmj1aupf36v46emjj5hrf5ekt7m419w8hhhydmkol7xkso1hioe0gv4r1xidts086llas387jv36k06uqmy8:latest/confusion_matrix_table.table.json", "path": "media/table/confusion_matrix_table_59_5a46db8d99b25df15147.table.json", "ncols": 3, "nrows": 100}, "_wandb": {"runtime": 202}}