{"Epoch ": 4, "Training loss ": 0.4152881599732423, "Training accuracy ": 0.853462962962963, "Validation loss ": 0.406899710614921, "Validation accuracy ": 0.8571666666666666, "Testing loss ": 0.45925884935046307, "Testing accuracy ": 0.8384, "_timestamp": 1709102302.04162, "_runtime": 50.64603805541992, "_step": 4, "_wandb": {"runtime": 49}}