{"Epoch ": 14, "Training loss ": 0.21379585326389716, "Training accuracy ": 0.9224444444444444, "Validation loss ": 0.3015030491355662, "Validation accuracy ": 0.8931666666666667, "Testing loss ": 0.32787130633093786, "Testing accuracy ": 0.8824, "_timestamp": 1709478885.6916344, "_runtime": 59.87178349494934, "_step": 29, "confusion_matrix_table": {"_type": "table-file", "sha256": "e2763ebd7bcec51bb672dbf6bc042a0eb07690e914c58493a91997d77165f9ae", "size": 3171, "artifact_path": "wandb-client-artifact://uol2v805urff3631jrig25brxguuqqydx9mizhuogf0abwkupmeaip1jbbrw8b2b6w1uyd2007n43ldlxt89fyy2pssj9iny1uhpm5flgbaitj8py0etfov8p8x75xss:latest/confusion_matrix_table.table.json", "_latest_artifact_path": "wandb-client-artifact://uol2v805urff3631jrig25brxguuqqydx9mizhuogf0abwkupmeaip1jbbrw8b2b6w1uyd2007n43ldlxt89fyy2pssj9iny1uhpm5flgbaitj8py0etfov8p8x75xss:latest/confusion_matrix_table.table.json", "path": "media/table/confusion_matrix_table_29_e2763ebd7bcec51bb672.table.json", "ncols": 3, "nrows": 100}, "_wandb": {"runtime": 59}}