{"Epoch ": 19, "Training loss ": 0.29710623481403725, "Training accuracy ": 0.8929444444444444, "Validation loss ": 0.4111410907559604, "Validation accuracy ": 0.8611666666666666, "Testing loss ": 0.4338916225979312, "Testing accuracy ": 0.8565, "_timestamp": 1709133410.2815928, "_runtime": 58.651312828063965, "_step": 39, "confusion_matrix_table": {"_type": "table-file", "sha256": "fad12f18ee2b3462a3156271dc5f5586d2a992607d80722c98797b3cf98ab613", "size": 3173, "artifact_path": "wandb-client-artifact://fg26hr11i1ejxv91t4ynip6bt3ap1o8jhgztoax72bxjywz4ntnjfxi047ihcwfpwh4asdx7rf2yak650wvf5x3bb3kj22vzuo6st33vboii297atzo7cue5lwmb55sh:latest/confusion_matrix_table.table.json", "_latest_artifact_path": "wandb-client-artifact://fg26hr11i1ejxv91t4ynip6bt3ap1o8jhgztoax72bxjywz4ntnjfxi047ihcwfpwh4asdx7rf2yak650wvf5x3bb3kj22vzuo6st33vboii297atzo7cue5lwmb55sh:latest/confusion_matrix_table.table.json", "path": "media/table/confusion_matrix_table_39_fad12f18ee2b3462a315.table.json", "ncols": 3, "nrows": 100}, "_wandb": {"runtime": 57}}