{"Epoch ": 14, "Training loss ": 0.31155254101586244, "Training accuracy ": 0.8890555555555556, "Validation loss ": 0.38338499323576725, "Validation accuracy ": 0.863, "Testing loss ": 0.40955639204276634, "Testing accuracy ": 0.8604, "_timestamp": 1709126637.192854, "_runtime": 59.047791957855225, "_step": 29, "confusion_matrix_table": {"_type": "table-file", "sha256": "b04892b653bc4413f7fd2afa699cdcacae5fb9dc08e435275522542bda3c054b", "size": 3175, "artifact_path": "wandb-client-artifact://kz7gtf2bv5o6ooh18j40ozq38df2303y8s728rf4fxe2qd3fqc12vk9f26ehs6vmowjoe5j272e5bl47rf25dgsneke1vbu08bf7t001pyc46asswfkpmse9us9lq2es:latest/confusion_matrix_table.table.json", "_latest_artifact_path": "wandb-client-artifact://kz7gtf2bv5o6ooh18j40ozq38df2303y8s728rf4fxe2qd3fqc12vk9f26ehs6vmowjoe5j272e5bl47rf25dgsneke1vbu08bf7t001pyc46asswfkpmse9us9lq2es:latest/confusion_matrix_table.table.json", "path": "media/table/confusion_matrix_table_29_b04892b653bc4413f7fd.table.json", "ncols": 3, "nrows": 100}, "_wandb": {"runtime": 58}}