{"Epoch ": 19, "Training loss ": 0.20984074706181396, "Training accuracy ": 0.8463888888888889, "Validation loss ": 0.22398618634920417, "Validation accuracy ": 0.8405, "Testing loss ": 0.23766073296954246, "Testing accuracy ": 0.8294, "_timestamp": 1709302001.9408917, "_runtime": 139.157785654068, "_step": 39, "confusion_matrix_table": {"_type": "table-file", "sha256": "e39496046648053bd0e2386ae68260a5905501fd744d358bcf45b2aa34572dc5", "size": 3170, "artifact_path": "wandb-client-artifact://ydh9e1bl3c6qwvo47opdz0nocy4d7gzcnhdtdpjfm5ebd8ajgbgd78nxdn8ip1gwsxm70dx3b966p4i81tcmj4utqx073uz7njacsfewr51uotx5livmjgvtdx0aw6ay:latest/confusion_matrix_table.table.json", "_latest_artifact_path": "wandb-client-artifact://ydh9e1bl3c6qwvo47opdz0nocy4d7gzcnhdtdpjfm5ebd8ajgbgd78nxdn8ip1gwsxm70dx3b966p4i81tcmj4utqx073uz7njacsfewr51uotx5livmjgvtdx0aw6ay:latest/confusion_matrix_table.table.json", "path": "media/table/confusion_matrix_table_39_e39496046648053bd0e2.table.json", "ncols": 3, "nrows": 100}, "_wandb": {"runtime": 138}}