{"Epoch ": 9, "Training loss ": 0.20505218909612052, "Training accuracy ": 0.9425, "Validation loss ": 0.21634030127337178, "Validation accuracy ": 0.9405, "Testing loss ": 0.2118754621927088, "Testing accuracy ": 0.9373, "_timestamp": 1709489034.7749104, "_runtime": 69.98010444641113, "_step": 19, "confusion_matrix_table": {"_type": "table-file", "sha256": "56733379cf8c0b64b3f0fbc92b25b67d7558aa00a0ed74e0adcc88eb860dc011", "size": 3169, "artifact_path": "wandb-client-artifact://ls6g3e7negrtny7437ibiyelw3rgdxh2p8kd51l5gi5duxrmhym9tx212fyubtcooev1jj27316mlinfm93j0z8i87eprd6h4s633t54bk0pvvdsy5ltxfkbgjwep308:latest/confusion_matrix_table.table.json", "_latest_artifact_path": "wandb-client-artifact://ls6g3e7negrtny7437ibiyelw3rgdxh2p8kd51l5gi5duxrmhym9tx212fyubtcooev1jj27316mlinfm93j0z8i87eprd6h4s633t54bk0pvvdsy5ltxfkbgjwep308:latest/confusion_matrix_table.table.json", "path": "media/table/confusion_matrix_table_19_56733379cf8c0b64b3f0.table.json", "ncols": 3, "nrows": 100}, "_wandb": {"runtime": 69}}