{"Epoch ": 4, "Training loss ": 0.40736282236763366, "Training accuracy ": 0.8559444444444444, "Validation loss ": 0.41424500691080696, "Validation accuracy ": 0.8513333333333334, "Testing loss ": 0.4535302785722823, "Testing accuracy ": 0.8386, "_timestamp": 1709128708.0724685, "_runtime": 17.154537439346313, "_step": 9, "confusion_matrix_table": {"_type": "table-file", "sha256": "f2da4b854ae49fcf9c4946c132eee9775c7f35431492e7e0353bce024b01a5e4", "size": 3173, "artifact_path": "wandb-client-artifact://89iyhlgucm2fy0g188la80d4yywvld1xrip50votxgulzpcldbe22gfz16ol90o4sawcljpbb3f3d25axcypn29cyh3x84gx4zjxdbft02ma2cbw71hsyvuj54qj23bt:latest/confusion_matrix_table.table.json", "_latest_artifact_path": "wandb-client-artifact://89iyhlgucm2fy0g188la80d4yywvld1xrip50votxgulzpcldbe22gfz16ol90o4sawcljpbb3f3d25axcypn29cyh3x84gx4zjxdbft02ma2cbw71hsyvuj54qj23bt:latest/confusion_matrix_table.table.json", "path": "media/table/confusion_matrix_table_9_f2da4b854ae49fcf9c49.table.json", "ncols": 3, "nrows": 100}, "_wandb": {"runtime": 16}}