{"Epoch ": 29, "Training loss ": 0.21233291429030005, "Training accuracy ": 0.9240185185185186, "Validation loss ": 0.3086113646564111, "Validation accuracy ": 0.8893333333333333, "Testing loss ": 0.3441729729620389, "Testing accuracy ": 0.8807, "_timestamp": 1709525450.0224435, "_runtime": 69.73232841491699, "_step": 59, "confusion_matrix_table": {"_type": "table-file", "sha256": "fcaf01f741d48a72a71d1c7d710d098b3e1358a56f89c4f0f27b69c5f9963118", "size": 3173, "artifact_path": "wandb-client-artifact://dl8wirdevs25jihcdpz1goo16xuzfiacb1fa5807nmr8ku1prdoswr1m6tvx75gnahf1xx7zyftxpjc7pyqk9edsjq2con78cde8fqsnvwj52c4f93gu3o2ijffsr8b4:latest/confusion_matrix_table.table.json", "_latest_artifact_path": "wandb-client-artifact://dl8wirdevs25jihcdpz1goo16xuzfiacb1fa5807nmr8ku1prdoswr1m6tvx75gnahf1xx7zyftxpjc7pyqk9edsjq2con78cde8fqsnvwj52c4f93gu3o2ijffsr8b4:latest/confusion_matrix_table.table.json", "path": "media/table/confusion_matrix_table_59_fcaf01f741d48a72a71d.table.json", "ncols": 3, "nrows": 100}, "_wandb": {"runtime": 69}}