{"Epoch ": 29, "Training loss ": 0.2741204547522093, "Training accuracy ": 0.903425925925926, "Validation loss ": 0.33372154927288605, "Validation accuracy ": 0.8785, "Testing loss ": 0.35754149115463085, "Testing accuracy ": 0.8731, "_timestamp": 1709290515.5265303, "_runtime": 55.36737036705017, "_step": 59, "confusion_matrix_table": {"_type": "table-file", "sha256": "ea4c1a3dad490a30363b44bde646c654c408d923a7e89ca80c0aecdd01ffaa37", "size": 3171, "artifact_path": "wandb-client-artifact://c8v9vi8k0qozg9nwq9m43e55ncan5czpzx7ggfh6ayib0xqyxvhlm3elidbquvozcmw76b581iixv4trb1mj060r8xmetqxqn4rp0buf3vzi6m5p1fycc3cmydobdu7e:latest/confusion_matrix_table.table.json", "_latest_artifact_path": "wandb-client-artifact://c8v9vi8k0qozg9nwq9m43e55ncan5czpzx7ggfh6ayib0xqyxvhlm3elidbquvozcmw76b581iixv4trb1mj060r8xmetqxqn4rp0buf3vzi6m5p1fycc3cmydobdu7e:latest/confusion_matrix_table.table.json", "path": "media/table/confusion_matrix_table_59_ea4c1a3dad490a30363b.table.json", "ncols": 3, "nrows": 100}, "_wandb": {"runtime": 54}}