{"Epoch ": 1, "Training loss ": 0.7657645782341226, "Training accuracy ": 0.7596111111111111, "Validation loss ": 0.7689096864561957, "Validation accuracy ": 0.7628333333333334, "Testing loss ": 0.7886698815021493, "Testing accuracy ": 0.7436, "_timestamp": 1709007640.8352287, "_runtime": 10.447492599487305, "_step": 3, "confusion_matrix_table": {"_type": "table-file", "sha256": "9ba8336990274245d1cf83714c137cab688dbd23fa02d5a58a78ff3fb8bb4ae5", "size": 3188, "artifact_path": "wandb-client-artifact://rho19zu52y5cyazoyo3961meyd1fryhna7iny4bguj4tpwyklla8ydgl0i7y0byz8myx9bil37a3fqmd282hx85ozf03k4z0tqgbn6y2sbn4hmwh3qu43pu7gy910yaq:latest/confusion_matrix_table.table.json", "_latest_artifact_path": "wandb-client-artifact://rho19zu52y5cyazoyo3961meyd1fryhna7iny4bguj4tpwyklla8ydgl0i7y0byz8myx9bil37a3fqmd282hx85ozf03k4z0tqgbn6y2sbn4hmwh3qu43pu7gy910yaq:latest/confusion_matrix_table.table.json", "path": "media/table/confusion_matrix_table_3_9ba8336990274245d1cf.table.json", "ncols": 3, "nrows": 100}, "_wandb": {"runtime": 9}}