{"Epoch ": 29, "Training loss ": 0.38676747694991676, "Training accuracy ": 0.870462962962963, "Validation loss ": 0.437545088639667, "Validation accuracy ": 0.8595, "Testing loss ": 0.48369333998427366, "Testing accuracy ": 0.8428, "_timestamp": 1709128438.7854757, "_runtime": 74.54486584663391, "_step": 59, "confusion_matrix_table": {"_type": "table-file", "sha256": "cd5bafbf3ea51f8a5340b8f6c93e13df26b242dea7c82a2b12789fdd99ed6e08", "size": 3175, "artifact_path": "wandb-client-artifact://t3xoacpo9qo9qa35ob78g80jeu2rqydu6zxpjh6g1sa4llieusbhehbyk2eeh30886kr4ztbohgzf8erzpim08qbt3cxevfp2otl9y0hc9wvjp07xgqp0uga9jh5b609:latest/confusion_matrix_table.table.json", "_latest_artifact_path": "wandb-client-artifact://t3xoacpo9qo9qa35ob78g80jeu2rqydu6zxpjh6g1sa4llieusbhehbyk2eeh30886kr4ztbohgzf8erzpim08qbt3cxevfp2otl9y0hc9wvjp07xgqp0uga9jh5b609:latest/confusion_matrix_table.table.json", "path": "media/table/confusion_matrix_table_59_cd5bafbf3ea51f8a5340.table.json", "ncols": 3, "nrows": 100}, "_wandb": {"runtime": 73}}