{"Epoch ": 29, "Training loss ": 0.4281629016724055, "Training accuracy ": 0.8542962962962963, "Validation loss ": 0.44995584853615334, "Validation accuracy ": 0.8426666666666667, "Testing loss ": 0.48441735762108146, "Testing accuracy ": 0.8335, "_timestamp": 1709140698.562884, "_runtime": 191.47037816047668, "_step": 59, "confusion_matrix_table": {"_type": "table-file", "sha256": "7265e7ad40228a8820d4f1d3a949cd58b822fec6175ca20ef51238b0fc345a8e", "size": 3171, "artifact_path": "wandb-client-artifact://ge0x1ly58xylynam762t9l8ij5kabqb4xoqwhd723ynie42wfbjwvoo6y60u2zt88orm0xlto6iie8c2zlhmds1ml9n0rw9svg9pqf1o2wshw8bjrkkq6c7vuu3oe5x3:latest/confusion_matrix_table.table.json", "_latest_artifact_path": "wandb-client-artifact://ge0x1ly58xylynam762t9l8ij5kabqb4xoqwhd723ynie42wfbjwvoo6y60u2zt88orm0xlto6iie8c2zlhmds1ml9n0rw9svg9pqf1o2wshw8bjrkkq6c7vuu3oe5x3:latest/confusion_matrix_table.table.json", "path": "media/table/confusion_matrix_table_59_7265e7ad40228a8820d4.table.json", "ncols": 3, "nrows": 100}, "_wandb": {"runtime": 190}}