{"Epoch ": 24, "Training loss ": 0.22575031207281418, "Training accuracy ": 0.9167037037037037, "Validation loss ": 0.3971972451220225, "Validation accuracy ": 0.8801666666666667, "Testing loss ": 0.43017139204258664, "Testing accuracy ": 0.8696, "_timestamp": 1709298275.7996795, "_runtime": 429.64444756507874, "_step": 49, "confusion_matrix_table": {"_type": "table-file", "sha256": "fe9cc5486f1e1eff53758f3c7c5687fcc7079b542058f12a450599ebae6eff3b", "size": 3170, "artifact_path": "wandb-client-artifact://vj6s3xutus8gn4zfzrj0g6kdlrust42kitf4w843wn1zz9h5a6vn7p98x0yearnod9tt7qvxxmge0p56mgylsg1v0rl7rlwn8j9df5m8a2m7d72i0ce3d25pwr223lgd:latest/confusion_matrix_table.table.json", "_latest_artifact_path": "wandb-client-artifact://vj6s3xutus8gn4zfzrj0g6kdlrust42kitf4w843wn1zz9h5a6vn7p98x0yearnod9tt7qvxxmge0p56mgylsg1v0rl7rlwn8j9df5m8a2m7d72i0ce3d25pwr223lgd:latest/confusion_matrix_table.table.json", "path": "media/table/confusion_matrix_table_49_fe9cc5486f1e1eff5375.table.json", "ncols": 3, "nrows": 100}, "_wandb": {"runtime": 428}}