{"Epoch ": 24, "Training loss ": 0.5175471972916298, "Training accuracy ": 0.8194444444444444, "Validation loss ": 0.5582904848627828, "Validation accuracy ": 0.8073333333333333, "Testing loss ": 0.5702039583969583, "Testing accuracy ": 0.8054, "_timestamp": 1709134663.791062, "_runtime": 99.49561500549316, "_step": 49, "confusion_matrix_table": {"_type": "table-file", "sha256": "3bb81e972a6602f10ddf25169b345a71d5d1449fe866bdd4e0959f01d2d2215f", "size": 3180, "artifact_path": "wandb-client-artifact://anfdkvg832bwc9iq5tri83bcsjqtahbr8ggm4nok0df5iurntnot4je7q7bwyu8cgstq1n40dwf0461x1n85wmjo75euyw9e1mdpxlveyxb3gcqk53xhrx40nla9wq3b:latest/confusion_matrix_table.table.json", "_latest_artifact_path": "wandb-client-artifact://anfdkvg832bwc9iq5tri83bcsjqtahbr8ggm4nok0df5iurntnot4je7q7bwyu8cgstq1n40dwf0461x1n85wmjo75euyw9e1mdpxlveyxb3gcqk53xhrx40nla9wq3b:latest/confusion_matrix_table.table.json", "path": "media/table/confusion_matrix_table_49_3bb81e972a6602f10ddf.table.json", "ncols": 3, "nrows": 100}, "_wandb": {"runtime": 98}}