{"Epoch ": 9, "Training loss ": 0.40566537748795295, "Training accuracy ": 0.8603888888888889, "Validation loss ": 0.40489384849899723, "Validation accuracy ": 0.8588333333333333, "Testing loss ": 0.4454304102839344, "Testing accuracy ": 0.8462, "_timestamp": 1709148767.542662, "_runtime": 46.90048885345459, "_step": 19, "confusion_matrix_table": {"_type": "table-file", "sha256": "6949db387289cdad342ff075702fa0754693515584c5fe432b393b6b61c0f830", "size": 3174, "artifact_path": "wandb-client-artifact://uz2j5aa23upzphmkljkqcm4nyljvsu8lnigw7q9cwvc2wwiz7sohjrt0kjs6gl7msuux6fs30kuf9h1es3r3eybysb0872xhnc0ikw6o34w4lb3ot3n9uyzgfxdk3g5o:latest/confusion_matrix_table.table.json", "_latest_artifact_path": "wandb-client-artifact://uz2j5aa23upzphmkljkqcm4nyljvsu8lnigw7q9cwvc2wwiz7sohjrt0kjs6gl7msuux6fs30kuf9h1es3r3eybysb0872xhnc0ikw6o34w4lb3ot3n9uyzgfxdk3g5o:latest/confusion_matrix_table.table.json", "path": "media/table/confusion_matrix_table_19_6949db387289cdad342f.table.json", "ncols": 3, "nrows": 100}, "_wandb": {"runtime": 45}}