{"Epoch ": 24, "Training loss ": 0.44656540325586447, "Training accuracy ": 0.845, "Validation loss ": 0.4405869165075911, "Validation accuracy ": 0.846, "Testing loss ": 0.4747788851709807, "Testing accuracy ": 0.8351, "_timestamp": 1709489116.9514208, "_runtime": 376.1085538864136, "_step": 49, "confusion_matrix_table": {"_type": "table-file", "sha256": "74174089b17121941b586f1d8ffbf1bcfafb841fc60e609dfebc3c4c369c07a2", "size": 3175, "artifact_path": "wandb-client-artifact://n256zxti6lwcwygg605l2o216y848vdcl9snhntt2r485ck3239v3ufhmw3jv110va5tco7b5tp82hi23vjiegvo2oglej2tl0i47mlfjglpul5w64364n2qdn4ju81x:latest/confusion_matrix_table.table.json", "_latest_artifact_path": "wandb-client-artifact://n256zxti6lwcwygg605l2o216y848vdcl9snhntt2r485ck3239v3ufhmw3jv110va5tco7b5tp82hi23vjiegvo2oglej2tl0i47mlfjglpul5w64364n2qdn4ju81x:latest/confusion_matrix_table.table.json", "path": "media/table/confusion_matrix_table_49_74174089b17121941b58.table.json", "ncols": 3, "nrows": 100}, "_wandb": {"runtime": 375}}