{"Epoch ": 4, "Training loss ": 0.19283372272377566, "Training accuracy ": 0.8644259259259259, "Validation loss ": 0.20326216294488206, "Validation accuracy ": 0.8553333333333333, "Testing loss ": 0.22124928561692145, "Testing accuracy ": 0.8447, "_timestamp": 1709402116.2413278, "_runtime": 23.355130672454834, "_step": 9, "confusion_matrix_table": {"_type": "table-file", "sha256": "2d61de34ab3555402c27b1d6303f963043fa0c32905d075a28084762d645eac9", "size": 3177, "artifact_path": "wandb-client-artifact://qyw4jr1cfl8skmx97jsci0ad044x8u8smsmh35b2wa5456q9kfwlggawkyql0c6vecim9tncl87fr7zgp2poyiin3ffnvcbwg2vczhidmpnm9yfook0ixskrttyv1zy5:latest/confusion_matrix_table.table.json", "_latest_artifact_path": "wandb-client-artifact://qyw4jr1cfl8skmx97jsci0ad044x8u8smsmh35b2wa5456q9kfwlggawkyql0c6vecim9tncl87fr7zgp2poyiin3ffnvcbwg2vczhidmpnm9yfook0ixskrttyv1zy5:latest/confusion_matrix_table.table.json", "path": "media/table/confusion_matrix_table_9_2d61de34ab3555402c27.table.json", "ncols": 3, "nrows": 100}, "_wandb": {"runtime": 22}}