{"Epoch ": 29, "Training loss ": 0.29443366170427926, "Training accuracy ": 0.8943703703703704, "Validation loss ": 0.3288542716013917, "Validation accuracy ": 0.8806666666666667, "Testing loss ": 0.3586236368422993, "Testing accuracy ": 0.8727, "_timestamp": 1709412306.3326244, "_runtime": 67.97125053405762, "_step": 59, "confusion_matrix_table": {"_type": "table-file", "sha256": "4dab0483038a6d9fec53761fed576cd0c83751819d08bd8dd6ef6d0040034563", "size": 3169, "artifact_path": "wandb-client-artifact://010j6ay89xorbv99oq9sv8xrjcu4vtq8957ye253mj6qqfdil8hws7r7gg8m3fxjxe5n9jmbt5d6mt8fvkq3m10sy83vywe42r5y1zw5nl9tf3s7srf9emkjua94qs5g:latest/confusion_matrix_table.table.json", "_latest_artifact_path": "wandb-client-artifact://010j6ay89xorbv99oq9sv8xrjcu4vtq8957ye253mj6qqfdil8hws7r7gg8m3fxjxe5n9jmbt5d6mt8fvkq3m10sy83vywe42r5y1zw5nl9tf3s7srf9emkjua94qs5g:latest/confusion_matrix_table.table.json", "path": "media/table/confusion_matrix_table_59_4dab0483038a6d9fec53.table.json", "ncols": 3, "nrows": 100}, "_wandb": {"runtime": 67}}