{"Epoch ": 14, "Training loss ": 0.1520485889483302, "Training accuracy ": 0.9148518518518518, "Validation loss ": 0.15255277305469667, "Validation accuracy ": 0.9151666666666667, "Testing loss ": 0.14995888787038722, "Testing accuracy ": 0.9152, "_timestamp": 1709534937.6013632, "_runtime": 33.055554151535034, "_step": 29, "confusion_matrix_table": {"_type": "table-file", "sha256": "df179439683fdbb08f7367d70955087a1ba4cb8c4e280cd81bbec71cdd5edc70", "size": 3180, "artifact_path": "wandb-client-artifact://jmft9l92yvswamgxxts8o9yok2s898rq898efh6wl0oxza7usrlr7e7ot0reubxl32etg5fve1g954tls1s5efrz7wymhk8l0dfa38uc68t1y73i1q09brr78eof7wn1:latest/confusion_matrix_table.table.json", "_latest_artifact_path": "wandb-client-artifact://jmft9l92yvswamgxxts8o9yok2s898rq898efh6wl0oxza7usrlr7e7ot0reubxl32etg5fve1g954tls1s5efrz7wymhk8l0dfa38uc68t1y73i1q09brr78eof7wn1:latest/confusion_matrix_table.table.json", "path": "media/table/confusion_matrix_table_29_df179439683fdbb08f73.table.json", "ncols": 3, "nrows": 100}, "_wandb": {"runtime": 32}}