{"Epoch ": 9, "Training loss ": 0.31184805894411194, "Training accuracy ": 0.8880740740740741, "Validation loss ": 0.33855888909909926, "Validation accuracy ": 0.8813333333333333, "Testing loss ": 0.375263467816104, "Testing accuracy ": 0.8671, "_timestamp": 1709007816.0004988, "_runtime": 16.39318084716797, "_step": 19, "confusion_matrix_table": {"_type": "table-file", "sha256": "e164f3df9b0cb8f570d96d04ab0fa9243248df6db53b0d481b2641c09bff2261", "size": 3171, "artifact_path": "wandb-client-artifact://xtq5xdxg9rjlimmljlguxvgyivipt8uggpnz6iavu44m8ekcde4skdfw76mi3gz6kap0351v2a4uddomtk1pyeqwezz7ugpf046adogd4etgqu4sem3hrofqfx3yp5ck:latest/confusion_matrix_table.table.json", "_latest_artifact_path": "wandb-client-artifact://xtq5xdxg9rjlimmljlguxvgyivipt8uggpnz6iavu44m8ekcde4skdfw76mi3gz6kap0351v2a4uddomtk1pyeqwezz7ugpf046adogd4etgqu4sem3hrofqfx3yp5ck:latest/confusion_matrix_table.table.json", "path": "media/table/confusion_matrix_table_19_e164f3df9b0cb8f570d9.table.json", "ncols": 3, "nrows": 100}, "_wandb": {"runtime": 15}}