{"Epoch ": 29, "Training loss ": 0.1379121342446512, "Training accuracy ": 0.9059814814814815, "Validation loss ": 0.1625870894250658, "Validation accuracy ": 0.8893333333333333, "Testing loss ": 0.18234381471104866, "Testing accuracy ": 0.8725, "_timestamp": 1709311793.8708932, "_runtime": 144.10065126419067, "_step": 59, "confusion_matrix_table": {"_type": "table-file", "sha256": "77f90d860d0ac1e7934f5913f8e1f0e7a205adcbd364005ce0f3b7a0aeeeacd9", "size": 3172, "artifact_path": "wandb-client-artifact://wv9rhpk15twri04y1lnhu5zczg4fzzv2ceb0cktygzbfl6rqwvbx0qwikkssrdy538pxvnmwqx7ahnpfpf4j8a0t35z1maqoohe9d0hnivbs1pehdncpt5si0m83zz2m:latest/confusion_matrix_table.table.json", "_latest_artifact_path": "wandb-client-artifact://wv9rhpk15twri04y1lnhu5zczg4fzzv2ceb0cktygzbfl6rqwvbx0qwikkssrdy538pxvnmwqx7ahnpfpf4j8a0t35z1maqoohe9d0hnivbs1pehdncpt5si0m83zz2m:latest/confusion_matrix_table.table.json", "path": "media/table/confusion_matrix_table_59_77f90d860d0ac1e7934f.table.json", "ncols": 3, "nrows": 100}, "_wandb": {"runtime": 143}}