{"Epoch ": 9, "Training loss ": 0.19032008121207442, "Training accuracy ": 0.8680925925925926, "Validation loss ": 0.19967474354924442, "Validation accuracy ": 0.8621666666666666, "Testing loss ": 0.21216550217172944, "Testing accuracy ": 0.8511, "_timestamp": 1709630695.6135135, "_runtime": 162.09516143798828, "_step": 19, "confusion_matrix_table": {"_type": "table-file", "sha256": "87dd1e18c646b5a4da0f5112038ebf249fe556a86d2c0cd37be4f0678d780193", "size": 3175, "artifact_path": "wandb-client-artifact://abyqpmkggimrk4xedvn9jy3v98thowvweuadr12a55gr5fouxyi26deth8pdvt9nsvqj6l4cnbsey8c440nfzsqemh9pjyn615f4gtza32vy92lbdxwtx7zkxxs7r5ow:latest/confusion_matrix_table.table.json", "_latest_artifact_path": "wandb-client-artifact://abyqpmkggimrk4xedvn9jy3v98thowvweuadr12a55gr5fouxyi26deth8pdvt9nsvqj6l4cnbsey8c440nfzsqemh9pjyn615f4gtza32vy92lbdxwtx7zkxxs7r5ow:latest/confusion_matrix_table.table.json", "path": "media/table/confusion_matrix_table_19_87dd1e18c646b5a4da0f.table.json", "ncols": 3, "nrows": 100}, "_wandb": {"runtime": 161}}