{"Epoch ": 4, "Training loss ": 0.4547813224496268, "Training accuracy ": 0.8399074074074074, "Validation loss ": 0.48796919949579176, "Validation accuracy ": 0.8311666666666667, "Testing loss ": 0.505590018589724, "Testing accuracy ": 0.8223, "_timestamp": 1709480933.128291, "_runtime": 22.651777982711792, "_step": 9, "confusion_matrix_table": {"_type": "table-file", "sha256": "3bfdde6b760c31521d01151eaa486d95109207e61c16e87d3941af1bd8ea3eaa", "size": 3177, "artifact_path": "wandb-client-artifact://km4upi1uks659qefq8bp5ivfwyx7thgo44s428w3vxvskwybkk4qg82uuw32q2rhqrqm309ify4853s9rjfatcumkl7wzo8fmr6psthriptdl2er32j98e3i237xmmmg:latest/confusion_matrix_table.table.json", "_latest_artifact_path": "wandb-client-artifact://km4upi1uks659qefq8bp5ivfwyx7thgo44s428w3vxvskwybkk4qg82uuw32q2rhqrqm309ify4853s9rjfatcumkl7wzo8fmr6psthriptdl2er32j98e3i237xmmmg:latest/confusion_matrix_table.table.json", "path": "media/table/confusion_matrix_table_9_3bfdde6b760c31521d01.table.json", "ncols": 3, "nrows": 100}, "_wandb": {"runtime": 21}}