{"Epoch ": 4, "Training loss ": 0.46299971954519836, "Training accuracy ": 0.8425, "Validation loss ": 0.48426886899534627, "Validation accuracy ": 0.8295, "Testing loss ": 0.5065297161464571, "Testing accuracy ": 0.8256, "_timestamp": 1709299694.3156626, "_runtime": 38.003583669662476, "_step": 9, "confusion_matrix_table": {"_type": "table-file", "sha256": "9035bbbb520f3f35e26377301b9a26002d5236086cc5690cfd22e63e2a81a86a", "size": 3173, "artifact_path": "wandb-client-artifact://w0plluhg6q2o9ys6iewfaad7utaho51h6m1shhz4mixw156jwc7pfr8phijndn8mmsxbhxvv7wtw5t5x419led2dbetbo086hzv15czi1f1pfj24toshtfu2ezo9gcl9:latest/confusion_matrix_table.table.json", "_latest_artifact_path": "wandb-client-artifact://w0plluhg6q2o9ys6iewfaad7utaho51h6m1shhz4mixw156jwc7pfr8phijndn8mmsxbhxvv7wtw5t5x419led2dbetbo086hzv15czi1f1pfj24toshtfu2ezo9gcl9:latest/confusion_matrix_table.table.json", "path": "media/table/confusion_matrix_table_9_9035bbbb520f3f35e263.table.json", "ncols": 3, "nrows": 100}, "_wandb": {"runtime": 35}}