{"Epoch ": 29, "Training loss ": 0.22495999620569987, "Training accuracy ": 0.9148333333333334, "Validation loss ": 0.39810271774842376, "Validation accuracy ": 0.8741666666666666, "Testing loss ": 0.4282473028516269, "Testing accuracy ": 0.8644, "_timestamp": 1709295058.7308373, "_runtime": 575.0472264289856, "_step": 59, "confusion_matrix_table": {"_type": "table-file", "sha256": "624ccb85ea6297f97d10f85d690b1f0ec807c0f3b752d9eea54ef15df86e3351", "size": 3172, "artifact_path": "wandb-client-artifact://za5idod84d8b3gi9twmqchih5ovekxmqlbf6dbkr0oslbqhz6zuslog7r39ln9lb18tlba8kitoyivwyfbk0qreup33oovpcoa5uccwqtoo79avg17t4r47t8tba71yl:latest/confusion_matrix_table.table.json", "_latest_artifact_path": "wandb-client-artifact://za5idod84d8b3gi9twmqchih5ovekxmqlbf6dbkr0oslbqhz6zuslog7r39ln9lb18tlba8kitoyivwyfbk0qreup33oovpcoa5uccwqtoo79avg17t4r47t8tba71yl:latest/confusion_matrix_table.table.json", "path": "media/table/confusion_matrix_table_59_624ccb85ea6297f97d10.table.json", "ncols": 3, "nrows": 100}, "_wandb": {"runtime": 574}}