{"Epoch ": 4, "Training loss ": 2.201777025186547, "Training accuracy ": 0.514425925925926, "Validation loss ": 2.2029448752391647, "Validation accuracy ": 0.49966666666666665, "Testing loss ": 2.1993314204304597, "Testing accuracy ": 0.5133, "_timestamp": 1709497163.655876, "_runtime": 19.597245931625366, "_step": 9, "confusion_matrix_table": {"_type": "table-file", "sha256": "fa452462a4bc535c629e3cc84cae6c85afd630a0d00ec81910ff17f54436b514", "size": 3197, "artifact_path": "wandb-client-artifact://yps6x9d08bu4bcy0rusmrx2xm6j29sevqwz8fhvz1j2tphysk91rcfelpxixh133z1qrki8e61ae6nnwv7ckx9m44x3kf41t5pfzpgrdzr3vdg0qex5ttnhi740xgkvs:latest/confusion_matrix_table.table.json", "_latest_artifact_path": "wandb-client-artifact://yps6x9d08bu4bcy0rusmrx2xm6j29sevqwz8fhvz1j2tphysk91rcfelpxixh133z1qrki8e61ae6nnwv7ckx9m44x3kf41t5pfzpgrdzr3vdg0qex5ttnhi740xgkvs:latest/confusion_matrix_table.table.json", "path": "media/table/confusion_matrix_table_9_fa452462a4bc535c629e.table.json", "ncols": 3, "nrows": 100}, "_wandb": {"runtime": 18}}