{"Epoch ": 4, "Training loss ": 0.46485487834036476, "Training accuracy ": 0.6081296296296296, "Validation loss ": 0.4742182805535502, "Validation accuracy ": 0.6015, "Testing loss ": 0.4750164742698057, "Testing accuracy ": 0.6021, "_timestamp": 1709402175.56753, "_runtime": 18.216770887374878, "_step": 9, "confusion_matrix_table": {"_type": "table-file", "sha256": "11f2eb1c81156adf99195bfb09a6edae4b86f6d1f110a451149bae6e0e5a1133", "size": 3173, "artifact_path": "wandb-client-artifact://0r91a370pdz4doz8icqn1yadkybjn4b23buvf6ragy5ag3d1e77jscpimlllslp5siqshlkm060gomikdtpzz6zcpr3spdifipl8smrb42mfvm0zpn65vb8nmkb4c2ol:latest/confusion_matrix_table.table.json", "_latest_artifact_path": "wandb-client-artifact://0r91a370pdz4doz8icqn1yadkybjn4b23buvf6ragy5ag3d1e77jscpimlllslp5siqshlkm060gomikdtpzz6zcpr3spdifipl8smrb42mfvm0zpn65vb8nmkb4c2ol:latest/confusion_matrix_table.table.json", "path": "media/table/confusion_matrix_table_9_11f2eb1c81156adf9919.table.json", "ncols": 3, "nrows": 100}, "_wandb": {"runtime": 17}}