{"Epoch ": 14, "Training loss ": 0.19921066423322778, "Training accuracy ": 0.8657777777777778, "Validation loss ": 0.2101426254279279, "Validation accuracy ": 0.8556666666666667, "Testing loss ": 0.22274318970804324, "Testing accuracy ": 0.8492, "_timestamp": 1709626764.0534286, "_runtime": 41.76519060134888, "_step": 29, "confusion_matrix_table": {"_type": "table-file", "sha256": "e7dc74f0328e98e107899bc0fcc6a505d17eb6280d8d2932aa20d10e76cb3fbf", "size": 3172, "artifact_path": "wandb-client-artifact://iz84fnfbwiq0ih20w6cvaudbw115nbrm5bbry0e9xpznvnyzdjtlacy0k41ydun9btdhdzvq5c27a07jpd8641mxdlpnc11qe5n78iol625dfcn5o99d4xsohdyy4gci:latest/confusion_matrix_table.table.json", "_latest_artifact_path": "wandb-client-artifact://iz84fnfbwiq0ih20w6cvaudbw115nbrm5bbry0e9xpznvnyzdjtlacy0k41ydun9btdhdzvq5c27a07jpd8641mxdlpnc11qe5n78iol625dfcn5o99d4xsohdyy4gci:latest/confusion_matrix_table.table.json", "path": "media/table/confusion_matrix_table_29_e7dc74f0328e98e10789.table.json", "ncols": 3, "nrows": 100}, "_wandb": {"runtime": 41}}