{"Epoch ": 4, "Training loss ": 0.848811419177338, "Training accuracy ": 0.16053703703703703, "Validation loss ": 0.8533322048687007, "Validation accuracy ": 0.1575, "Testing loss ": 0.8539416434917102, "Testing accuracy ": 0.1559, "_timestamp": 1709400434.9893122, "_runtime": 24.500027179718018, "_step": 9, "confusion_matrix_table": {"_type": "table-file", "sha256": "cd5f773105326f787e65b7ae6fd5b6430b00fe03e256f5d670fc767bb97646aa", "size": 3152, "artifact_path": "wandb-client-artifact://ksxm8msppdff60hibdlar2w2j98wo3t1bbwz2w0hkd20g4mayrg62s5u5maz4ksnohcczhg72bljawvjftee9gaq28jjrig73mct04u3lxszh46j4ab644pf51udx8kw:latest/confusion_matrix_table.table.json", "_latest_artifact_path": "wandb-client-artifact://ksxm8msppdff60hibdlar2w2j98wo3t1bbwz2w0hkd20g4mayrg62s5u5maz4ksnohcczhg72bljawvjftee9gaq28jjrig73mct04u3lxszh46j4ab644pf51udx8kw:latest/confusion_matrix_table.table.json", "path": "media/table/confusion_matrix_table_9_cd5f773105326f787e65.table.json", "ncols": 3, "nrows": 100}, "_wandb": {"runtime": 23}}