{"Epoch ": 9, "Training loss ": 0.17951940406238087, "Training accuracy ": 0.8707962962962963, "Validation loss ": 0.2022976080088009, "Validation accuracy ": 0.8551666666666666, "Testing loss ": 0.21595097612348774, "Testing accuracy ": 0.8449, "_timestamp": 1709628350.0671268, "_runtime": 25.55414080619812, "_step": 19, "confusion_matrix_table": {"_type": "table-file", "sha256": "0273ff991e7aa2494545e9c9733b86172a27e2a9ebd3ca999a9586d6e392f1ca", "size": 3171, "artifact_path": "wandb-client-artifact://lwmr9zabl1v6bfzrgi7eekvvo01sl35oepm3wfdhyw8a9wi75a8apbx84dmbj8r6jn96xwxxetbrpl18f4z6gkv4wtr0e0a77vg0stg9y0flk6xuc1d0ry61zkchoeat:latest/confusion_matrix_table.table.json", "_latest_artifact_path": "wandb-client-artifact://lwmr9zabl1v6bfzrgi7eekvvo01sl35oepm3wfdhyw8a9wi75a8apbx84dmbj8r6jn96xwxxetbrpl18f4z6gkv4wtr0e0a77vg0stg9y0flk6xuc1d0ry61zkchoeat:latest/confusion_matrix_table.table.json", "path": "media/table/confusion_matrix_table_19_0273ff991e7aa2494545.table.json", "ncols": 3, "nrows": 100}, "_wandb": {"runtime": 24}}