{"Epoch ": 9, "Training loss ": 0.12985495251243703, "Training accuracy ": 0.9105, "Validation loss ": 0.16024836337532505, "Validation accuracy ": 0.8863333333333333, "Testing loss ": 0.1728508392527959, "Testing accuracy ": 0.8799, "_timestamp": 1709565461.095952, "_runtime": 152.84906911849976, "_step": 19, "confusion_matrix_table": {"_type": "table-file", "sha256": "b0315da18576870897cc32258c1145f072f3f3637a862f635800d950412b4ba8", "size": 3170, "artifact_path": "wandb-client-artifact://e694ynwg9bkksu1zlq47nxuzjfno99kzndlh3kx8j8n0ir93ymuajq9ynkcbw36c66o43irziutmh192s8ur3xgn47byprdn17habad3fmsdjje23ool44715owfytnr:latest/confusion_matrix_table.table.json", "_latest_artifact_path": "wandb-client-artifact://e694ynwg9bkksu1zlq47nxuzjfno99kzndlh3kx8j8n0ir93ymuajq9ynkcbw36c66o43irziutmh192s8ur3xgn47byprdn17habad3fmsdjje23ool44715owfytnr:latest/confusion_matrix_table.table.json", "path": "media/table/confusion_matrix_table_19_b0315da18576870897cc.table.json", "ncols": 3, "nrows": 100}, "_wandb": {"runtime": 152}}