{"Epoch": 4, "Training loss": 0.6384514363071034, "Training accuracy": 0.7968333333333333, "Validation loss": 0.6378601839196798, "Validation accuracy": 0.8, "Testing loss": 0.6577064881434014, "Testing accuracy": 0.7873, "_timestamp": 1709116057.8096025, "_runtime": 15.9853994846344, "_step": 9, "confusion_matrix_table": {"_type": "table-file", "sha256": "42b8e89be412c65fdc3bfb2cbb204f4d6a1999ca98dd31ff198ed333d35cf9bc", "size": 3184, "artifact_path": "wandb-client-artifact://03yluv0dvl6u4yfm70rti26tmweqfkmvlab069yadq13h3u7j0v4mpaj61gu87vld5kvw5nf4d9mj9al5avsw63ih0vxnmyfjmhg7ik77qvjqg5ctr7p3veivovdb1ty:latest/confusion_matrix_table.table.json", "_latest_artifact_path": "wandb-client-artifact://03yluv0dvl6u4yfm70rti26tmweqfkmvlab069yadq13h3u7j0v4mpaj61gu87vld5kvw5nf4d9mj9al5avsw63ih0vxnmyfjmhg7ik77qvjqg5ctr7p3veivovdb1ty:latest/confusion_matrix_table.table.json", "path": "media/table/confusion_matrix_table_9_42b8e89be412c65fdc3b.table.json", "ncols": 3, "nrows": 100}, "_wandb": {"runtime": 15}}