{"Epoch ": 14, "Training loss ": 0.3151348230956102, "Training accuracy ": 0.8840555555555556, "Validation loss ": 0.35651372924847624, "Validation accuracy ": 0.8725, "Testing loss ": 0.39278214322787913, "Testing accuracy ": 0.857, "_timestamp": 1709449696.6471212, "_runtime": 37.321781158447266, "_step": 29, "confusion_matrix_table": {"_type": "table-file", "sha256": "31b271cf497b1b61545b1c36668e9d53ddfffd3e5251f78bf2385dbca9a91fa1", "size": 3171, "artifact_path": "wandb-client-artifact://atd4sgznrvw91dv8djhcldwdf39phf3kju87wv97l7813hx8glp75vqyp9voiank8ixh06g6wbgywwgkmjex8wud1kk37a5s8zgg1s4xgdk7b66e6lnbpxz5px9je2tu:latest/confusion_matrix_table.table.json", "_latest_artifact_path": "wandb-client-artifact://atd4sgznrvw91dv8djhcldwdf39phf3kju87wv97l7813hx8glp75vqyp9voiank8ixh06g6wbgywwgkmjex8wud1kk37a5s8zgg1s4xgdk7b66e6lnbpxz5px9je2tu:latest/confusion_matrix_table.table.json", "path": "media/table/confusion_matrix_table_29_31b271cf497b1b61545b.table.json", "ncols": 3, "nrows": 100}, "_wandb": {"runtime": 36}}