{"Epoch ": 14, "Training loss ": 2.3008372226439184, "Training accuracy ": 0.11374074074074074, "Validation loss ": 2.304030651857087, "Validation accuracy ": 0.1, "Testing loss ": 2.3010003083230264, "Testing accuracy ": 0.1135, "_timestamp": 1709499689.3768795, "_runtime": 74.97144341468811, "_step": 29, "confusion_matrix_table": {"_type": "table-file", "sha256": "d1569761db429b76055faeaf2e107bee2147105aec334a738d9337d7991aa86c", "size": 3147, "artifact_path": "wandb-client-artifact://az5js5joiqud0p0i8vaw767ui6k77bznbacepsio38esg03ivd4j6cnj8rb78obumj2pybnb6h6afhzlrg49q2e4qohu4m4z0qrwl5p1zbg9gzoexvsr79ls4kyj3cn6:latest/confusion_matrix_table.table.json", "_latest_artifact_path": "wandb-client-artifact://az5js5joiqud0p0i8vaw767ui6k77bznbacepsio38esg03ivd4j6cnj8rb78obumj2pybnb6h6afhzlrg49q2e4qohu4m4z0qrwl5p1zbg9gzoexvsr79ls4kyj3cn6:latest/confusion_matrix_table.table.json", "path": "media/table/confusion_matrix_table_29_d1569761db429b76055f.table.json", "ncols": 3, "nrows": 100}, "_wandb": {"runtime": 74}}