{"Epoch ": 29, "Training loss ": 0.1929576795652308, "Training accuracy ": 0.9272777777777778, "Validation loss ": 0.35400096897376604, "Validation accuracy ": 0.8891666666666667, "Testing loss ": 0.3798370028702741, "Testing accuracy ": 0.8773, "_timestamp": 1709401457.247998, "_runtime": 329.87932109832764, "_step": 59, "confusion_matrix_table": {"_type": "table-file", "sha256": "04a30c123162015371cd1577319fddcc8d142bc28ebe67c5e992373a419b0df4", "size": 3169, "artifact_path": "wandb-client-artifact://nqh3xj0xuba780v8okygvsffwe45j2i4r3tcp0o56te6nw812xezqnxq06ywjwq7vd2utixd70ccvztgcdjeu5940wbgwoo1klzjtssnzow9kv5imo8k1cjqo1t4um5h:latest/confusion_matrix_table.table.json", "_latest_artifact_path": "wandb-client-artifact://nqh3xj0xuba780v8okygvsffwe45j2i4r3tcp0o56te6nw812xezqnxq06ywjwq7vd2utixd70ccvztgcdjeu5940wbgwoo1klzjtssnzow9kv5imo8k1cjqo1t4um5h:latest/confusion_matrix_table.table.json", "path": "media/table/confusion_matrix_table_59_04a30c123162015371cd.table.json", "ncols": 3, "nrows": 100}, "_wandb": {"runtime": 329}}