{"Epoch ": 4, "Training loss ": 0.3860712077230983, "Training accuracy ": 0.7276666666666667, "Validation loss ": 0.38984592317028166, "Validation accuracy ": 0.7221666666666666, "Testing loss ": 0.39238540532953564, "Testing accuracy ": 0.7226, "_timestamp": 1709181961.0462613, "_runtime": 20.246944427490234, "_step": 9, "confusion_matrix_table": {"_type": "table-file", "sha256": "f317b3e7423e1d6bd386c122bd60b1c2638fcf07cc3143513b371e4c1d4c49b8", "size": 3170, "artifact_path": "wandb-client-artifact://qpk0e9vfrmi4tb9gx426mw3clzu3s5b9seh48yp9wddsdszx1eflvynkwokvy5yjv418oeeesn9jj71bu12kcms4kejm47jtocrolf2y9dt0yswzs6boc5mhf2gai35f:latest/confusion_matrix_table.table.json", "_latest_artifact_path": "wandb-client-artifact://qpk0e9vfrmi4tb9gx426mw3clzu3s5b9seh48yp9wddsdszx1eflvynkwokvy5yjv418oeeesn9jj71bu12kcms4kejm47jtocrolf2y9dt0yswzs6boc5mhf2gai35f:latest/confusion_matrix_table.table.json", "path": "media/table/confusion_matrix_table_9_f317b3e7423e1d6bd386.table.json", "ncols": 3, "nrows": 100}, "_wandb": {"runtime": 19}}