{"Epoch ": 29, "Training loss ": 0.2545125007930551, "Training accuracy ": 0.9097592592592593, "Validation loss ": 0.3375624918023574, "Validation accuracy ": 0.8816666666666667, "Testing loss ": 0.3541146563787186, "Testing accuracy ": 0.8793, "_timestamp": 1709303200.9610415, "_runtime": 119.5134105682373, "_step": 59, "confusion_matrix_table": {"_type": "table-file", "sha256": "97e0aac6fd94f742df209172b127f92accdedf30d01813e23e6205cc3e188080", "size": 3172, "artifact_path": "wandb-client-artifact://5txt5rmzzaova60jkk4qtvd2k8m4a0k9bjr6p4y1qxzqmoxp5ogc3heiuutq3n2qmwwcxyfnavsrn6816xqyd98i7qnjpkn5q866l6f6hcufod7d9gb0srm0zhtokpvc:latest/confusion_matrix_table.table.json", "_latest_artifact_path": "wandb-client-artifact://5txt5rmzzaova60jkk4qtvd2k8m4a0k9bjr6p4y1qxzqmoxp5ogc3heiuutq3n2qmwwcxyfnavsrn6816xqyd98i7qnjpkn5q866l6f6hcufod7d9gb0srm0zhtokpvc:latest/confusion_matrix_table.table.json", "path": "media/table/confusion_matrix_table_59_97e0aac6fd94f742df20.table.json", "ncols": 3, "nrows": 100}, "_wandb": {"runtime": 118}}