{"Epoch ": 29, "Training loss ": 0.2580768511175344, "Training accuracy ": 0.9061666666666667, "Validation loss ": 0.412958174644701, "Validation accuracy ": 0.871, "Testing loss ": 0.44292967217644263, "Testing accuracy ": 0.8605, "_timestamp": 1709294385.95222, "_runtime": 184.12915706634521, "_step": 59, "confusion_matrix_table": {"_type": "table-file", "sha256": "053e127d9a5eb2307ccd15910b901472539d19592793285bf545acf6077d539d", "size": 3174, "artifact_path": "wandb-client-artifact://1rvgymda72q87r905730scbbwnyohymu5oqvh5y4a5f8ul7kkph7p9t9xdgjoc74wwbkfxiuzdwgiziweu31g0vp7g7l5xiosa18i7fgvj63rq7mzburx1w4evgvihz5:latest/confusion_matrix_table.table.json", "_latest_artifact_path": "wandb-client-artifact://1rvgymda72q87r905730scbbwnyohymu5oqvh5y4a5f8ul7kkph7p9t9xdgjoc74wwbkfxiuzdwgiziweu31g0vp7g7l5xiosa18i7fgvj63rq7mzburx1w4evgvihz5:latest/confusion_matrix_table.table.json", "path": "media/table/confusion_matrix_table_59_053e127d9a5eb2307ccd.table.json", "ncols": 3, "nrows": 100}, "_wandb": {"runtime": 180}}