{"Epoch ": 29, "Training loss ": 0.5598774603585688, "Training accuracy ": 0.5397777777777778, "Validation loss ": 0.5620151721042532, "Validation accuracy ": 0.5336666666666666, "Testing loss ": 0.561061718251185, "Testing accuracy ": 0.5387, "_timestamp": 1709528012.3397005, "_runtime": 78.88667249679565, "_step": 59, "confusion_matrix_table": {"_type": "table-file", "sha256": "afed392af9bfb6425a147f6f6fd806ec1bf13a83458c4188373f1a0a5885653f", "size": 3177, "artifact_path": "wandb-client-artifact://uhxomhdeqkjkou8xipdq1e8hf0wu1jtm7fc99h127um0huewn94ieoxbajurabs96jyqf5trpd61wbi0cdmqwdu9vpd6swb40y3qjw24ehzdujo29ajzxnmyjyoel4pg:latest/confusion_matrix_table.table.json", "_latest_artifact_path": "wandb-client-artifact://uhxomhdeqkjkou8xipdq1e8hf0wu1jtm7fc99h127um0huewn94ieoxbajurabs96jyqf5trpd61wbi0cdmqwdu9vpd6swb40y3qjw24ehzdujo29ajzxnmyjyoel4pg:latest/confusion_matrix_table.table.json", "path": "media/table/confusion_matrix_table_59_afed392af9bfb6425a14.table.json", "ncols": 3, "nrows": 100}, "_wandb": {"runtime": 78}}