{"Epoch ": 24, "Training loss ": 0.20197261003997363, "Training accuracy ": 0.9279444444444445, "Validation loss ": 0.36980063602458607, "Validation accuracy ": 0.8848333333333334, "Testing loss ": 0.40153745567983606, "Testing accuracy ": 0.876, "_timestamp": 1709476306.8229928, "_runtime": 189.33344078063965, "_step": 49, "confusion_matrix_table": {"_type": "table-file", "sha256": "d3f573b174f30bce14f808673c083a789ecc080e0e26ed21275ca044dbb33d82", "size": 3170, "artifact_path": "wandb-client-artifact://qs1zizfdqrzhqa6ejv8j7pzhy9u5cdcadu33xom6go6nqosgzkpm84qoel4evqe1tq201zfcjpzr955b7cp74szs8qrra85d479uqo4oniu0hmi0ydd7lm7olqu6sli8:latest/confusion_matrix_table.table.json", "_latest_artifact_path": "wandb-client-artifact://qs1zizfdqrzhqa6ejv8j7pzhy9u5cdcadu33xom6go6nqosgzkpm84qoel4evqe1tq201zfcjpzr955b7cp74szs8qrra85d479uqo4oniu0hmi0ydd7lm7olqu6sli8:latest/confusion_matrix_table.table.json", "path": "media/table/confusion_matrix_table_49_d3f573b174f30bce14f8.table.json", "ncols": 3, "nrows": 100}, "_wandb": {"runtime": 188}}