{"Epoch ": 29, "Training loss ": 0.01339443715184683, "Training accuracy ": 0.9957777777777778, "Validation loss ": 0.21757679195109403, "Validation accuracy ": 0.9658333333333333, "Testing loss ": 0.21109264239876352, "Testing accuracy ": 0.9663, "_timestamp": 1709496195.482717, "_runtime": 104.18897414207458, "_step": 59, "confusion_matrix_table": {"_type": "table-file", "sha256": "a04ee0c11a425ec7aa53c608850b43346a92c3631adbf7b6c99e9335aa855108", "size": 3152, "artifact_path": "wandb-client-artifact://2op47xibfxo7cvyrlq0d5b9vy3f0vazlqye5etjsdq4m7bt6ozfzif6b9udr2so9w6lxingnt1mqk76elqvfx88jhsoc33tupf2z9yjxk1xozkujs87ue8qfzqipqh59:latest/confusion_matrix_table.table.json", "_latest_artifact_path": "wandb-client-artifact://2op47xibfxo7cvyrlq0d5b9vy3f0vazlqye5etjsdq4m7bt6ozfzif6b9udr2so9w6lxingnt1mqk76elqvfx88jhsoc33tupf2z9yjxk1xozkujs87ue8qfzqipqh59:latest/confusion_matrix_table.table.json", "path": "media/table/confusion_matrix_table_59_a04ee0c11a425ec7aa53.table.json", "ncols": 3, "nrows": 100}, "_wandb": {"runtime": 103}}