{"Epoch ": 29, "Training loss ": 0.2245971787014079, "Training accuracy ": 0.8531481481481481, "Validation loss ": 0.23733633308725507, "Validation accuracy ": 0.8436666666666667, "Testing loss ": 0.25481804763264615, "Testing accuracy ": 0.8292, "_timestamp": 1709302216.7328835, "_runtime": 102.47910451889038, "_step": 59, "confusion_matrix_table": {"_type": "table-file", "sha256": "9c785e8c7a90ceb41400e43d4048447f95567a1d37b5ea9fa1b6e43a11f6f8d1", "size": 3174, "artifact_path": "wandb-client-artifact://v2r4nhf5kr52sdv1tsqzjop74pld047bvutzwiudw3248z4pyul02tdycg02dwqvgxsi7mlofafgamxb337ejc9085alc99xpst4dh73wkd2ijzmdp4rjseve3oxy4hx:latest/confusion_matrix_table.table.json", "_latest_artifact_path": "wandb-client-artifact://v2r4nhf5kr52sdv1tsqzjop74pld047bvutzwiudw3248z4pyul02tdycg02dwqvgxsi7mlofafgamxb337ejc9085alc99xpst4dh73wkd2ijzmdp4rjseve3oxy4hx:latest/confusion_matrix_table.table.json", "path": "media/table/confusion_matrix_table_59_9c785e8c7a90ceb41400.table.json", "ncols": 3, "nrows": 100}, "_wandb": {"runtime": 101}}