{"Epoch ": 19, "Training loss ": 0.22321531123885854, "Training accuracy ": 0.9158703703703703, "Validation loss ": 0.3525292668502262, "Validation accuracy ": 0.8793333333333333, "Testing loss ": 0.3762330161310018, "Testing accuracy ": 0.8731, "_timestamp": 1709296322.9587293, "_runtime": 107.39606618881226, "_step": 39, "confusion_matrix_table": {"_type": "table-file", "sha256": "820fe42aaf4b775dffebab3f15f67a59ae5f2b03089c306f909b247361d63ac8", "size": 3172, "artifact_path": "wandb-client-artifact://yq09ltqa97sxavl1vae0uknibvxzawhbntxc06yt0weug53p2rhn6cup50kfr1vrc22w6d8ne7g1idx670b030gzmjoaxguphxt7eea08mjr4l6ot6bevri9dhn3paa8:latest/confusion_matrix_table.table.json", "_latest_artifact_path": "wandb-client-artifact://yq09ltqa97sxavl1vae0uknibvxzawhbntxc06yt0weug53p2rhn6cup50kfr1vrc22w6d8ne7g1idx670b030gzmjoaxguphxt7eea08mjr4l6ot6bevri9dhn3paa8:latest/confusion_matrix_table.table.json", "path": "media/table/confusion_matrix_table_39_820fe42aaf4b775dffeb.table.json", "ncols": 3, "nrows": 100}, "_wandb": {"runtime": 106}}