{"Epoch ": 4, "Training loss ": 0.9000007932076645, "Training accuracy ": 0.1, "Validation loss ": 0.9000007932076645, "Validation accuracy ": 0.1, "Testing loss ": 0.9000007932076646, "Testing accuracy ": 0.1, "_timestamp": 1709402251.613273, "_runtime": 26.09484601020813, "_step": 9, "confusion_matrix_table": {"_type": "table-file", "sha256": "14aba07669112483f4c4ff17d067555ba1f0fe451130bd585ffc3d5776033d9c", "size": 3152, "artifact_path": "wandb-client-artifact://nvyhz9a3dfl7iamn281nhbax9729aqfoa8ebopgl2cex03xc7kgnse13108odec9l9juzfiuqqtyub0mtvwawts1ojg2ad618jchrir5jyu2hr4i39cjprb6pvw62b14:latest/confusion_matrix_table.table.json", "_latest_artifact_path": "wandb-client-artifact://nvyhz9a3dfl7iamn281nhbax9729aqfoa8ebopgl2cex03xc7kgnse13108odec9l9juzfiuqqtyub0mtvwawts1ojg2ad618jchrir5jyu2hr4i39cjprb6pvw62b14:latest/confusion_matrix_table.table.json", "path": "media/table/confusion_matrix_table_9_14aba07669112483f4c4.table.json", "ncols": 3, "nrows": 100}, "_wandb": {"runtime": 25}}