{"Epoch ": 4, "Training loss ": 0.6154991871169113, "Training accuracy ": 0.7994444444444444, "Validation loss ": 0.6278131968194031, "Validation accuracy ": 0.7946666666666666, "Testing loss ": 0.6371669049855919, "Testing accuracy ": 0.7913, "_timestamp": 1709128956.0805633, "_runtime": 26.6428701877594, "_step": 9, "confusion_matrix_table": {"_type": "table-file", "sha256": "4bc304948fc5cbf8817308c899c20e5e7cbd76a105f0eb0cde4cf70f171469aa", "size": 3181, "artifact_path": "wandb-client-artifact://ojy4qwf0kotf4i70l1297bov6rdd6lt2nra8h253es559l3lcrfchq0pfy0jx2t3s92wktwndicaprdklnsxragmxg6iocwbdrqto13ko5vug8qp47ca5vpdv7b103tr:latest/confusion_matrix_table.table.json", "_latest_artifact_path": "wandb-client-artifact://ojy4qwf0kotf4i70l1297bov6rdd6lt2nra8h253es559l3lcrfchq0pfy0jx2t3s92wktwndicaprdklnsxragmxg6iocwbdrqto13ko5vug8qp47ca5vpdv7b103tr:latest/confusion_matrix_table.table.json", "path": "media/table/confusion_matrix_table_9_4bc304948fc5cbf88173.table.json", "ncols": 3, "nrows": 100}, "_wandb": {"runtime": 25}}