{"Epoch ": 4, "Training loss ": 0.8027948943809545, "Training accuracy ": 0.4457962962962963, "Validation loss ": 0.8025264209010252, "Validation accuracy ": 0.44233333333333336, "Testing loss ": 0.8030916898388847, "Testing accuracy ": 0.4428, "_timestamp": 1709149381.8855207, "_runtime": 12.581187725067139, "_step": 9, "confusion_matrix_table": {"_type": "table-file", "sha256": "fc041c1343af3095ab78e635643e4dbdc07466898bd1608047c491977ecf8a99", "size": 3191, "artifact_path": "wandb-client-artifact://hpcgtn1e5vcwdpkg7hlx30mjqyev2flr9by824rseq3qy6m6u95ypl1dgyj5px1nop1c4wqbz7dhzdcjv4mhzldlyjtgkowrntodw7pmhxz2imv8x4vzfera84fbuyla:latest/confusion_matrix_table.table.json", "_latest_artifact_path": "wandb-client-artifact://hpcgtn1e5vcwdpkg7hlx30mjqyev2flr9by824rseq3qy6m6u95ypl1dgyj5px1nop1c4wqbz7dhzdcjv4mhzldlyjtgkowrntodw7pmhxz2imv8x4vzfera84fbuyla:latest/confusion_matrix_table.table.json", "path": "media/table/confusion_matrix_table_9_fc041c1343af3095ab78.table.json", "ncols": 3, "nrows": 100}, "_wandb": {"runtime": 11}}