{"Epoch ": 29, "Training loss ": 0.17350988580432075, "Training accuracy ": 0.8813333333333333, "Validation loss ": 0.19600788649088788, "Validation accuracy ": 0.8693333333333333, "Testing loss ": 0.20609742227640007, "Testing accuracy ": 0.8576, "_timestamp": 1709628881.0304563, "_runtime": 72.85769724845886, "_step": 59, "confusion_matrix_table": {"_type": "table-file", "sha256": "7c4654ff96ffc8c80fde0566c0fbb31021d4f17d9c864cf2e23af4abfd36a402", "size": 3175, "artifact_path": "wandb-client-artifact://6lx6mc79myd264iyvgstni725f13whzd8mcyhfkl1i3cmmrrhmvtlktduuupwy0jw64w6oq361egpi94tjnpfqr05kpu2lnxm8eqbos66e1m078psb372i6zt6mpm5ac:latest/confusion_matrix_table.table.json", "_latest_artifact_path": "wandb-client-artifact://6lx6mc79myd264iyvgstni725f13whzd8mcyhfkl1i3cmmrrhmvtlktduuupwy0jw64w6oq361egpi94tjnpfqr05kpu2lnxm8eqbos66e1m078psb372i6zt6mpm5ac:latest/confusion_matrix_table.table.json", "path": "media/table/confusion_matrix_table_59_7c4654ff96ffc8c80fde.table.json", "ncols": 3, "nrows": 100}, "_wandb": {"runtime": 72}}