{"Epoch ": 19, "Training loss ": 1.5186202180607549, "Training accuracy ": 0.4682777777777778, "Validation loss ": 1.5159489113452824, "Validation accuracy ": 0.4638333333333333, "Testing loss ": 1.5241527641614436, "Testing accuracy ": 0.4621, "_timestamp": 1709127942.7505329, "_runtime": 73.61869978904724, "_step": 39, "confusion_matrix_table": {"_type": "table-file", "sha256": "b1f2d892341b13bc3bfb90c9ce61716ba638b012c61cc4d83dc8f0d4ffb4a6da", "size": 3194, "artifact_path": "wandb-client-artifact://649nc3hjleqnoe7n8y8japil1393047wtqealkte6la95zzztpm3r1sju0cu6rko5zyuc7cyf87q3r1o47ltkcfebum01ddlpf1diaopsvyp9kouzauaqxhdramz21zo:latest/confusion_matrix_table.table.json", "_latest_artifact_path": "wandb-client-artifact://649nc3hjleqnoe7n8y8japil1393047wtqealkte6la95zzztpm3r1sju0cu6rko5zyuc7cyf87q3r1o47ltkcfebum01ddlpf1diaopsvyp9kouzauaqxhdramz21zo:latest/confusion_matrix_table.table.json", "path": "media/table/confusion_matrix_table_39_b1f2d892341b13bc3bfb.table.json", "ncols": 3, "nrows": 100}, "_wandb": {"runtime": 72}}