{"Epoch ": 14, "Training loss ": 0.8996494091500963, "Training accuracy ": 0.11374074074074074, "Validation loss ": 0.9003570369380749, "Validation accuracy ": 0.1, "Testing loss ": 0.8996687219787171, "Testing accuracy ": 0.1135, "_timestamp": 1709535144.568967, "_runtime": 27.40687108039856, "_step": 29, "confusion_matrix_table": {"_type": "table-file", "sha256": "d1569761db429b76055faeaf2e107bee2147105aec334a738d9337d7991aa86c", "size": 3147, "artifact_path": "wandb-client-artifact://z02mz5770zzxk8cw8zeizp1vnhf5gxfjgk3t4khz6rhc5l7eejjk22kfmzow459mf6hshf4e4coq17cw2514z6mqfo1z4pczyy22foveloxzwnqgjumdow01irp4ecxs:latest/confusion_matrix_table.table.json", "_latest_artifact_path": "wandb-client-artifact://z02mz5770zzxk8cw8zeizp1vnhf5gxfjgk3t4khz6rhc5l7eejjk22kfmzow459mf6hshf4e4coq17cw2514z6mqfo1z4pczyy22foveloxzwnqgjumdow01irp4ecxs:latest/confusion_matrix_table.table.json", "path": "media/table/confusion_matrix_table_29_d1569761db429b76055f.table.json", "ncols": 3, "nrows": 100}, "_wandb": {"runtime": 26}}