{"Epoch ": 29, "Training loss ": 0.22868549356836718, "Training accuracy ": 0.9164629629629629, "Validation loss ": 0.30876786448047255, "Validation accuracy ": 0.8913333333333333, "Testing loss ": 0.3350867657706306, "Testing accuracy ": 0.881, "_timestamp": 1709497211.1203132, "_runtime": 176.95400309562683, "_step": 59, "confusion_matrix_table": {"_type": "table-file", "sha256": "67df007b1239e8b2425ebd0de5da36c711731c578b72cd7e96bf9071d3bdcbf3", "size": 3168, "artifact_path": "wandb-client-artifact://8wbbhoyswyo9fhxlr1cr63kg8gwhq1a1m3ryz84ct69g4kg8f31pdt0qzo2y7ryzqeedeyzvnkwzjivxt240gn7xtdr09zfekkmgx2dvv0r9uig7isj80visgq5oj2fz:latest/confusion_matrix_table.table.json", "_latest_artifact_path": "wandb-client-artifact://8wbbhoyswyo9fhxlr1cr63kg8gwhq1a1m3ryz84ct69g4kg8f31pdt0qzo2y7ryzqeedeyzvnkwzjivxt240gn7xtdr09zfekkmgx2dvv0r9uig7isj80visgq5oj2fz:latest/confusion_matrix_table.table.json", "path": "media/table/confusion_matrix_table_59_67df007b1239e8b2425e.table.json", "ncols": 3, "nrows": 100}, "_wandb": {"runtime": 176}}