{"Epoch ": 29, "Training loss ": 0.2238743556898737, "Training accuracy ": 0.9142222222222223, "Validation loss ": 0.33119401255514175, "Validation accuracy ": 0.8855, "Testing loss ": 0.35559297986350213, "Testing accuracy ": 0.8723, "_timestamp": 1709399401.3506718, "_runtime": 211.4447317123413, "_step": 59, "confusion_matrix_table": {"_type": "table-file", "sha256": "9d92ff7023fa05a73e1b575abd356798074d55de0bf299ea77c8abdbb2d18d33", "size": 3169, "artifact_path": "wandb-client-artifact://4lvylzf7b99s8d3uofyw64xzd9allqxb841zcba698bw4ffh9czhpn9i0i5xye2r8t5e86g1rdysan4370ltaucrqm3t66fg5ftrrdsbwod7q5wzotc1vn67rmkgjpic:latest/confusion_matrix_table.table.json", "_latest_artifact_path": "wandb-client-artifact://4lvylzf7b99s8d3uofyw64xzd9allqxb841zcba698bw4ffh9czhpn9i0i5xye2r8t5e86g1rdysan4370ltaucrqm3t66fg5ftrrdsbwod7q5wzotc1vn67rmkgjpic:latest/confusion_matrix_table.table.json", "path": "media/table/confusion_matrix_table_59_9d92ff7023fa05a73e1b.table.json", "ncols": 3, "nrows": 100}, "_wandb": {"runtime": 210}}