{"Epoch ": 4, "Training loss ": 0.41010583107465776, "Training accuracy ": 0.8568703703703704, "Validation loss ": 0.42772375067687085, "Validation accuracy ": 0.8518333333333333, "Testing loss ": 0.45304502133358626, "Testing accuracy ": 0.8412, "_timestamp": 1709127278.157901, "_runtime": 21.45567798614502, "_step": 9, "confusion_matrix_table": {"_type": "table-file", "sha256": "9a5ce125c7079cc73f5932533876a77edf22291ab8768fb889d41c77897dc487", "size": 3171, "artifact_path": "wandb-client-artifact://e7hk36kcptb025f7uitzhp8t4i1hj0qn4s4m5hsljecs5gd7p2gb6ob2ze4ww79dmavzvee3bycibg7ig2f51x5jmgc2nzp55n07diz2bhawf5aax9ysml7h28y3ams2:latest/confusion_matrix_table.table.json", "_latest_artifact_path": "wandb-client-artifact://e7hk36kcptb025f7uitzhp8t4i1hj0qn4s4m5hsljecs5gd7p2gb6ob2ze4ww79dmavzvee3bycibg7ig2f51x5jmgc2nzp55n07diz2bhawf5aax9ysml7h28y3ams2:latest/confusion_matrix_table.table.json", "path": "media/table/confusion_matrix_table_9_9a5ce125c7079cc73f59.table.json", "ncols": 3, "nrows": 100}, "_wandb": {"runtime": 20}}