{"Epoch ": 4, "Training loss ": 0.6096347802310949, "Training accuracy ": 0.7734444444444445, "Validation loss ": 0.6106537605238329, "Validation accuracy ": 0.7628333333333334, "Testing loss ": 0.6484849018570589, "Testing accuracy ": 0.7613, "_timestamp": 1709130283.4585075, "_runtime": 46.51786756515503, "_step": 9, "confusion_matrix_table": {"_type": "table-file", "sha256": "82bf33d97f5860e16fc64cdd5f9602fbbfdaf7822f48a032635a71cf00651344", "size": 3183, "artifact_path": "wandb-client-artifact://j5ur8xkhbx9rkrunw7xxvn6zav05o7e9oe1cz130wz4eo0kn2yarej8glluc6f8hcvhjsgcx1h4sq589dlw2stpfc5snmfvx6o2zj0zflpfhdx403t5yv8zj7re0hab8:latest/confusion_matrix_table.table.json", "_latest_artifact_path": "wandb-client-artifact://j5ur8xkhbx9rkrunw7xxvn6zav05o7e9oe1cz130wz4eo0kn2yarej8glluc6f8hcvhjsgcx1h4sq589dlw2stpfc5snmfvx6o2zj0zflpfhdx403t5yv8zj7re0hab8:latest/confusion_matrix_table.table.json", "path": "media/table/confusion_matrix_table_9_82bf33d97f5860e16fc6.table.json", "ncols": 3, "nrows": 100}, "_wandb": {"runtime": 45}}