{"Epoch ": 29, "Training loss ": 0.17862504479984778, "Training accuracy ": 0.9329259259259259, "Validation loss ": 0.31528914390713864, "Validation accuracy ": 0.8938333333333334, "Testing loss ": 0.36236501960075784, "Testing accuracy ": 0.8827, "_timestamp": 1709413660.447441, "_runtime": 72.62684202194214, "_step": 59, "confusion_matrix_table": {"_type": "table-file", "sha256": "b82963c7ed138b04936ebb6aed2923f3abfa42e0f1e834aba8159e76c26c7479", "size": 3171, "artifact_path": "wandb-client-artifact://dxag26111g28klccy8i8wwx51eqa832ke3avs47hquholxp5rvu8hvsz1xpy5lgv07qkdhxw56c2c8cticjpj687eu066pyorpm2b9um69301laercwsyyhdeb88jdtv:latest/confusion_matrix_table.table.json", "_latest_artifact_path": "wandb-client-artifact://dxag26111g28klccy8i8wwx51eqa832ke3avs47hquholxp5rvu8hvsz1xpy5lgv07qkdhxw56c2c8cticjpj687eu066pyorpm2b9um69301laercwsyyhdeb88jdtv:latest/confusion_matrix_table.table.json", "path": "media/table/confusion_matrix_table_59_b82963c7ed138b04936e.table.json", "ncols": 3, "nrows": 100}, "_wandb": {"runtime": 71}}