{"Epoch ": 29, "Training loss ": 2.3319157073250794, "Training accuracy ": 0.1, "Validation loss ": 2.3321628610970633, "Validation accuracy ": 0.1, "Testing loss ": 2.3319486259581987, "Testing accuracy ": 0.1, "_timestamp": 1709451666.6941278, "_runtime": 47.16558790206909, "_step": 59, "confusion_matrix_table": {"_type": "table-file", "sha256": "275b3017fe4945ab7bdef9411d36cbb58fbf080551ce5a5b19b2458eef41eef3", "size": 3152, "artifact_path": "wandb-client-artifact://znpr6l9z1qc57xr1r2z4adzyseelsc49x2upmz69ycfox8yk2r30g58zt86klxj3jng8pqjm5tav98nz3t0p6t9g370j16h5tr8i1lxxd3pa0x4othb1f6j12od1d88a:latest/confusion_matrix_table.table.json", "_latest_artifact_path": "wandb-client-artifact://znpr6l9z1qc57xr1r2z4adzyseelsc49x2upmz69ycfox8yk2r30g58zt86klxj3jng8pqjm5tav98nz3t0p6t9g370j16h5tr8i1lxxd3pa0x4othb1f6j12od1d88a:latest/confusion_matrix_table.table.json", "path": "media/table/confusion_matrix_table_59_275b3017fe4945ab7bde.table.json", "ncols": 3, "nrows": 100}, "_wandb": {"runtime": 46}}