{"Epoch ": 29, "Training loss ": 0.39180204557975123, "Training accuracy ": 0.6748333333333333, "Validation loss ": 0.39362272009629057, "Validation accuracy ": 0.6718333333333333, "Testing loss ": 0.4059231455275478, "Testing accuracy ": 0.6611, "_timestamp": 1709308068.031908, "_runtime": 55.6363730430603, "_step": 59, "confusion_matrix_table": {"_type": "table-file", "sha256": "af4d982a04bb054cef20cb028eb3b91a949bad8115071b46c9074d96644e6c3f", "size": 3189, "artifact_path": "wandb-client-artifact://xdehf7ce6peemxuaehliyejsortx5kow7va5bs64k6rrodb2omcjo69isw8l1tt74736746gfg2nt3w1u2go47d9v35bj2kc7kpqd1fsrs41bqabx3g8wifz761m6ccb:latest/confusion_matrix_table.table.json", "_latest_artifact_path": "wandb-client-artifact://xdehf7ce6peemxuaehliyejsortx5kow7va5bs64k6rrodb2omcjo69isw8l1tt74736746gfg2nt3w1u2go47d9v35bj2kc7kpqd1fsrs41bqabx3g8wifz761m6ccb:latest/confusion_matrix_table.table.json", "path": "media/table/confusion_matrix_table_59_af4d982a04bb054cef20.table.json", "ncols": 3, "nrows": 100}, "_wandb": {"runtime": 54}}