{"Epoch ": 29, "Training loss ": 0.30816675215795725, "Training accuracy ": 0.8898703703703704, "Validation loss ": 0.3866992049428869, "Validation accuracy ": 0.8621666666666666, "Testing loss ": 0.4213418236284309, "Testing accuracy ": 0.8525, "_timestamp": 1709291383.5551767, "_runtime": 32.20646667480469, "_step": 59, "confusion_matrix_table": {"_type": "table-file", "sha256": "bc96f53e029f87f72b61e57f0d26984fdfcb1bbea7d70a6a4e3a72323a1cb0b9", "size": 3176, "artifact_path": "wandb-client-artifact://cmd8cbqvfftqmb1svdbdrndlzfpw0xudjblct40ivkndj68rcqrj3rovj9df5fkzygfy84l4hp45oh8yqpg9zg288ypu006tcxzg3allzpf62pabu70luuz06pbitlgl:latest/confusion_matrix_table.table.json", "_latest_artifact_path": "wandb-client-artifact://cmd8cbqvfftqmb1svdbdrndlzfpw0xudjblct40ivkndj68rcqrj3rovj9df5fkzygfy84l4hp45oh8yqpg9zg288ypu006tcxzg3allzpf62pabu70luuz06pbitlgl:latest/confusion_matrix_table.table.json", "path": "media/table/confusion_matrix_table_59_bc96f53e029f87f72b61.table.json", "ncols": 3, "nrows": 100}, "_wandb": {"runtime": 31}}