{"Epoch ": 9, "Training loss ": 0.15906646278946412, "Training accuracy ": 0.893962962962963, "Validation loss ": 0.1708610465248022, "Validation accuracy ": 0.8858333333333334, "Testing loss ": 0.18770428331812308, "Testing accuracy ": 0.8725, "_timestamp": 1709530310.7784023, "_runtime": 25.892446279525757, "_step": 19, "confusion_matrix_table": {"_type": "table-file", "sha256": "55f9c923abcae3bc180fc351a741dc15c20c7ba78ecafca27ec6a1b0f61ca764", "size": 3171, "artifact_path": "wandb-client-artifact://7sk8rqsjyzibjg55y9j3k3ezke72riq4mvkl1w5bc6na130lo8uio7v2lfpuy5lzdf7sttramrr1of29arl0w07hvry0c534uuscf93nw31olw60sxuuk3idiy3ph7p4:latest/confusion_matrix_table.table.json", "_latest_artifact_path": "wandb-client-artifact://7sk8rqsjyzibjg55y9j3k3ezke72riq4mvkl1w5bc6na130lo8uio7v2lfpuy5lzdf7sttramrr1of29arl0w07hvry0c534uuscf93nw31olw60sxuuk3idiy3ph7p4:latest/confusion_matrix_table.table.json", "path": "media/table/confusion_matrix_table_19_55f9c923abcae3bc180f.table.json", "ncols": 3, "nrows": 100}, "_wandb": {"runtime": 25}}