{"Epoch ": 4, "Training loss ": 0.4860527422786359, "Training accuracy ": 0.8324074074074074, "Validation loss ": 0.4827147330172905, "Validation accuracy ": 0.8283333333333334, "Testing loss ": 0.5151096332368239, "Testing accuracy ": 0.8187, "_timestamp": 1709446661.9327319, "_runtime": 21.1753089427948, "_step": 9, "confusion_matrix_table": {"_type": "table-file", "sha256": "18a5f8036161601b38be748d72bae52e913ccdf04ed00e31f288c5943075a60e", "size": 3179, "artifact_path": "wandb-client-artifact://cv1b8ck8jyeiz91wwcytgk0yse00i1fvj64ub9b9pvokn6tztll2oi52rpq4ccgbvdwcwq50bhtw2rxls7b2sk6jxcjuda0ezlpxj327wga0jx1na6931nwztv0fyjz5:latest/confusion_matrix_table.table.json", "_latest_artifact_path": "wandb-client-artifact://cv1b8ck8jyeiz91wwcytgk0yse00i1fvj64ub9b9pvokn6tztll2oi52rpq4ccgbvdwcwq50bhtw2rxls7b2sk6jxcjuda0ezlpxj327wga0jx1na6931nwztv0fyjz5:latest/confusion_matrix_table.table.json", "path": "media/table/confusion_matrix_table_9_18a5f8036161601b38be.table.json", "ncols": 3, "nrows": 100}, "_wandb": {"runtime": 20}}