{"Epoch ": 9, "Training loss ": 0.28786731958568224, "Training accuracy ": 0.8931296296296296, "Validation loss ": 0.35692766653917873, "Validation accuracy ": 0.8746666666666667, "Testing loss ": 0.37514126256681546, "Testing accuracy ": 0.8655, "_timestamp": 1709148706.0378213, "_runtime": 69.96235132217407, "_step": 19, "confusion_matrix_table": {"_type": "table-file", "sha256": "d1ffd82632e5bca6679f12c7cd2d6e302cc1c3a93b9c5903d06f820f667f48aa", "size": 3172, "artifact_path": "wandb-client-artifact://bhiopi9nnajlh2wu0u3w8bswcbmr5v7nk13do9n4she2gorkkjdlh9k06m6t3gl27hm5871y0nrbrfg1f40aeovxs6ogaiqstg47e5eip1hsc8gda817qmb6gufh7cte:latest/confusion_matrix_table.table.json", "_latest_artifact_path": "wandb-client-artifact://bhiopi9nnajlh2wu0u3w8bswcbmr5v7nk13do9n4she2gorkkjdlh9k06m6t3gl27hm5871y0nrbrfg1f40aeovxs6ogaiqstg47e5eip1hsc8gda817qmb6gufh7cte:latest/confusion_matrix_table.table.json", "path": "media/table/confusion_matrix_table_19_d1ffd82632e5bca6679f.table.json", "ncols": 3, "nrows": 100}, "_wandb": {"runtime": 69}}