{"Epoch ": 19, "Training loss ": 0.19164966712922749, "Training accuracy ": 0.9291666666666667, "Validation loss ": 0.3268043049857807, "Validation accuracy ": 0.8893333333333333, "Testing loss ": 0.3491822220374602, "Testing accuracy ": 0.8785, "_timestamp": 1709296827.011061, "_runtime": 128.58714890480042, "_step": 39, "confusion_matrix_table": {"_type": "table-file", "sha256": "f201c2a1e3d94238adf20c7aef7c09f50688539aae7388f71f82b6ab638814dd", "size": 3172, "artifact_path": "wandb-client-artifact://36l4xbb4vji4wkhjhu0jai532auou8srq8x8m8w839ah520eudgaql3pome8cuc69u919f97y7lws130onbihzvf9w22sn3qsvz84w7u5w2q4btkhoiflk9ljouj0esb:latest/confusion_matrix_table.table.json", "_latest_artifact_path": "wandb-client-artifact://36l4xbb4vji4wkhjhu0jai532auou8srq8x8m8w839ah520eudgaql3pome8cuc69u919f97y7lws130onbihzvf9w22sn3qsvz84w7u5w2q4btkhoiflk9ljouj0esb:latest/confusion_matrix_table.table.json", "path": "media/table/confusion_matrix_table_39_f201c2a1e3d94238adf2.table.json", "ncols": 3, "nrows": 100}, "_wandb": {"runtime": 127}}