{"Epoch ": 24, "Training loss ": 0.27916514147182603, "Training accuracy ": 0.8988703703703703, "Validation loss ": 0.372543411910336, "Validation accuracy ": 0.8728333333333333, "Testing loss ": 0.39614013516544505, "Testing accuracy ": 0.8624, "_timestamp": 1709297642.4548404, "_runtime": 331.59092950820923, "_step": 49, "confusion_matrix_table": {"_type": "table-file", "sha256": "1127c175afd554308b1ef61a961556e978504726cbc3f62ef6840400853b4612", "size": 3172, "artifact_path": "wandb-client-artifact://yprzgtlzuu4flquqnv3monrz7klpy7xrdqlhsagfry8wzikxyrngbayf5k6tmb0cgijcqv9sj3ob7wuvmfl850mho3m348vtlf89gt60fb8nvhwotugx5161qlym02sc:latest/confusion_matrix_table.table.json", "_latest_artifact_path": "wandb-client-artifact://yprzgtlzuu4flquqnv3monrz7klpy7xrdqlhsagfry8wzikxyrngbayf5k6tmb0cgijcqv9sj3ob7wuvmfl850mho3m348vtlf89gt60fb8nvhwotugx5161qlym02sc:latest/confusion_matrix_table.table.json", "path": "media/table/confusion_matrix_table_49_1127c175afd554308b1e.table.json", "ncols": 3, "nrows": 100}, "_wandb": {"runtime": 330}}