{"Epoch ": 4, "Training loss ": 2.30280613740331, "Training accuracy ": 0.1, "Validation loss ": 2.302806137407854, "Validation accuracy ": 0.1, "Testing loss ": 2.3028061374011983, "Testing accuracy ": 0.1, "_timestamp": 1709098584.2145512, "_runtime": 50.041579246520996, "_step": 4, "_wandb": {"runtime": 49}}