{"Epoch ": 29, "Training loss ": 0.33262891978120374, "Training accuracy ": 0.8839074074074074, "Validation loss ": 0.3535693891482268, "Validation accuracy ": 0.8741666666666666, "Testing loss ": 0.38515827510106637, "Testing accuracy ": 0.866, "_timestamp": 1709139234.8431182, "_runtime": 47.690874099731445, "_step": 59, "confusion_matrix_table": {"_type": "table-file", "sha256": "b31d80d442e3cca9909bab2e8c5dfea4b7a5838b82c90c740e73ae7bfde94fdf", "size": 3173, "artifact_path": "wandb-client-artifact://87sdf7hlpramumvheq2jfgqpl8y0uhqhksuqpmxo7ixg90ce4yox2yy7r8jdmm9u741df83f2lxrtw01c5b0y6e67tn4gi9nkfw3emsjsis8rod51lpwvbk9jdun9gjt:latest/confusion_matrix_table.table.json", "_latest_artifact_path": "wandb-client-artifact://87sdf7hlpramumvheq2jfgqpl8y0uhqhksuqpmxo7ixg90ce4yox2yy7r8jdmm9u741df83f2lxrtw01c5b0y6e67tn4gi9nkfw3emsjsis8rod51lpwvbk9jdun9gjt:latest/confusion_matrix_table.table.json", "path": "media/table/confusion_matrix_table_59_b31d80d442e3cca9909b.table.json", "ncols": 3, "nrows": 100}, "_wandb": {"runtime": 46}}