{"Epoch ": 4, "Training loss ": 0.05266749373180154, "Training accuracy ": 0.9641481481481482, "Validation loss ": 0.06538336239285289, "Validation accuracy ": 0.9556666666666667, "Testing loss ": 0.06505689214526977, "Testing accuracy ": 0.958, "_timestamp": 1709527252.936269, "_runtime": 73.38922905921936, "_step": 9, "confusion_matrix_table": {"_type": "table-file", "sha256": "9c5b183d9f7c314e39008b67eefa2a5064d48780bd091250a25a533c77739e78", "size": 3155, "artifact_path": "wandb-client-artifact://sao5j5epz1ajn02evwucp8oc9xwm66zy31u5ge134i3oeh5bbgu9wugexmxaxpoyoji2jdptbfl9v71jdyjmiij8cukdhmwlo7aqkphqvuithhgdkwaamj33jufdsg12:latest/confusion_matrix_table.table.json", "_latest_artifact_path": "wandb-client-artifact://sao5j5epz1ajn02evwucp8oc9xwm66zy31u5ge134i3oeh5bbgu9wugexmxaxpoyoji2jdptbfl9v71jdyjmiij8cukdhmwlo7aqkphqvuithhgdkwaamj33jufdsg12:latest/confusion_matrix_table.table.json", "path": "media/table/confusion_matrix_table_9_9c5b183d9f7c314e3900.table.json", "ncols": 3, "nrows": 100}, "_wandb": {"runtime": 72}}