{"Epoch ": 24, "Training loss ": 0.3887401920103811, "Training accuracy ": 0.859462962962963, "Validation loss ": 0.43848069616410823, "Validation accuracy ": 0.8485, "Testing loss ": 0.47727286739188374, "Testing accuracy ": 0.8344, "_timestamp": 1709287974.0076303, "_runtime": 60.177921295166016, "_step": 49, "confusion_matrix_table": {"_type": "table-file", "sha256": "775296d67b763dfc43a025baae2ac8d5b59b2121d33d390b6aed42b0f28a2cb3", "size": 3175, "artifact_path": "wandb-client-artifact://nsqk7kqaknzn9wjji7al1chbgumgshbcl1vrtkwl1ld9yu6p0h8bp61crd61ftmcv2ba0wm8jy2m28mn14h81lqfbsyuo0ub2lb6pzdnolpq6t0edzv9osl44fnbatpq:latest/confusion_matrix_table.table.json", "_latest_artifact_path": "wandb-client-artifact://nsqk7kqaknzn9wjji7al1chbgumgshbcl1vrtkwl1ld9yu6p0h8bp61crd61ftmcv2ba0wm8jy2m28mn14h81lqfbsyuo0ub2lb6pzdnolpq6t0edzv9osl44fnbatpq:latest/confusion_matrix_table.table.json", "path": "media/table/confusion_matrix_table_49_775296d67b763dfc43a0.table.json", "ncols": 3, "nrows": 100}, "_wandb": {"runtime": 59}}