{"Epoch ": 4, "Training loss ": 0.8929534987758495, "Training accuracy ": 0.7248333333333333, "Validation loss ": 0.8942009086258207, "Validation accuracy ": 0.7265, "Testing loss ": 0.9075144486093705, "Testing accuracy ": 0.7119, "_timestamp": 1709474468.2477648, "_runtime": 14.898955821990967, "_step": 9, "confusion_matrix_table": {"_type": "table-file", "sha256": "fd29e44219b569b38558a8f555f08ddf5d8420d4493ccf19140fcc705b87349f", "size": 3187, "artifact_path": "wandb-client-artifact://6ekay6jf338yj91nb3vby8xh8o6idj1949iiz01j7en29nijti9y7ahn9beh0krd89cu6o2r88vxsf90demxyrk7nkngqgjcw89ty1mhygngvw0s1fymko30157y48c6:latest/confusion_matrix_table.table.json", "_latest_artifact_path": "wandb-client-artifact://6ekay6jf338yj91nb3vby8xh8o6idj1949iiz01j7en29nijti9y7ahn9beh0krd89cu6o2r88vxsf90demxyrk7nkngqgjcw89ty1mhygngvw0s1fymko30157y48c6:latest/confusion_matrix_table.table.json", "path": "media/table/confusion_matrix_table_9_fd29e44219b569b38558.table.json", "ncols": 3, "nrows": 100}, "_wandb": {"runtime": 14}}