{"Epoch ": 19, "Training loss ": 0.17818891175507465, "Training accuracy ": 0.952962962962963, "Validation loss ": 0.19599378037032675, "Validation accuracy ": 0.9463333333333334, "Testing loss ": 0.177824191581868, "Testing accuracy ": 0.9515, "_timestamp": 1709496003.2212715, "_runtime": 45.06734752655029, "_step": 39, "confusion_matrix_table": {"_type": "table-file", "sha256": "45357661db80fbd756ac74ecc95b8e662fa5462df3c5a69c712021add8e4164a", "size": 3160, "artifact_path": "wandb-client-artifact://87v45naoat9ovpm8iih43yzj9a9z2y72eqesz6ia7jbkewqmdnfcrpfbzfh77od9sz2bxuyntww2t3jct1h8rwyrx2chk8fum33vj7cdgep3txdrn8ygt6vbjadhnd9w:latest/confusion_matrix_table.table.json", "_latest_artifact_path": "wandb-client-artifact://87v45naoat9ovpm8iih43yzj9a9z2y72eqesz6ia7jbkewqmdnfcrpfbzfh77od9sz2bxuyntww2t3jct1h8rwyrx2chk8fum33vj7cdgep3txdrn8ygt6vbjadhnd9w:latest/confusion_matrix_table.table.json", "path": "media/table/confusion_matrix_table_39_45357661db80fbd756ac.table.json", "ncols": 3, "nrows": 100}, "_wandb": {"runtime": 44}}