{"Epoch ": 14, "Training loss ": 1.1675670685078106, "Training accuracy ": 0.6832037037037038, "Validation loss ": 1.1624582425351508, "Validation accuracy ": 0.6903333333333334, "Testing loss ": 1.179761600679347, "Testing accuracy ": 0.6733, "_timestamp": 1709127392.3197854, "_runtime": 28.651930332183838, "_step": 29, "confusion_matrix_table": {"_type": "table-file", "sha256": "f745399135f34723a15ca02b8dc966301d6644251a8be9681cbcc9c1fccc6311", "size": 3186, "artifact_path": "wandb-client-artifact://j1lgj751aive61l86mu2rnluk4gfje5t5688wujk71lemvgxfw0bioz4i9k1fozmm2l3arhe9s5pnnxfz7rzqcurududqv8k83neaq6bgkoermzbq8w0lr7hvsvz5zxz:latest/confusion_matrix_table.table.json", "_latest_artifact_path": "wandb-client-artifact://j1lgj751aive61l86mu2rnluk4gfje5t5688wujk71lemvgxfw0bioz4i9k1fozmm2l3arhe9s5pnnxfz7rzqcurududqv8k83neaq6bgkoermzbq8w0lr7hvsvz5zxz:latest/confusion_matrix_table.table.json", "path": "media/table/confusion_matrix_table_29_f745399135f34723a15c.table.json", "ncols": 3, "nrows": 100}, "_wandb": {"runtime": 27}}