{"Epoch ": 9, "Training loss ": 0.17875521993334206, "Training accuracy ": 0.8756481481481482, "Validation loss ": 0.1914174419825396, "Validation accuracy ": 0.8683333333333333, "Testing loss ": 0.20862857423870032, "Testing accuracy ": 0.8533, "_timestamp": 1709181156.4298956, "_runtime": 18.804516553878784, "_step": 19, "confusion_matrix_table": {"_type": "table-file", "sha256": "b7e073322189fb097602b2887f27ad8ccd1ce77df3d161323de9791116b3326a", "size": 3172, "artifact_path": "wandb-client-artifact://4i47z05t2wkvvgk2ipzcwerkf230aj3z3z89zqk557i84atnc9d1hm98ti96s27ezah6xnbf73apuivbku7shshd05762nt42tcz8fmti5fhxh71ag40nqi2an6tdw4x:latest/confusion_matrix_table.table.json", "_latest_artifact_path": "wandb-client-artifact://4i47z05t2wkvvgk2ipzcwerkf230aj3z3z89zqk557i84atnc9d1hm98ti96s27ezah6xnbf73apuivbku7shshd05762nt42tcz8fmti5fhxh71ag40nqi2an6tdw4x:latest/confusion_matrix_table.table.json", "path": "media/table/confusion_matrix_table_19_b7e073322189fb097602.table.json", "ncols": 3, "nrows": 100}, "_wandb": {"runtime": 18}}