{"Epoch ": 9, "Training loss ": 0.4904970083667642, "Training accuracy ": 0.7309814814814815, "Validation loss ": 0.4959522579724424, "Validation accuracy ": 0.7241666666666666, "Testing loss ": 0.4984523069958271, "Testing accuracy ": 0.7186, "_timestamp": 1709181660.8701866, "_runtime": 26.017478466033936, "_step": 19, "confusion_matrix_table": {"_type": "table-file", "sha256": "7d8a1fc563ed6178d3f4343978a86b56ec609056674c678241cc55dd136752a6", "size": 3190, "artifact_path": "wandb-client-artifact://geavywuijch0o4z6kt3quhwcvhkbmqdqdfr265d7b4xztsecbtjvgbzxl4svc80vy1pnyvvqitff7kf42izqjehw87v28x6ym400694u94xzt7pogzayu9lnjug2una1:latest/confusion_matrix_table.table.json", "_latest_artifact_path": "wandb-client-artifact://geavywuijch0o4z6kt3quhwcvhkbmqdqdfr265d7b4xztsecbtjvgbzxl4svc80vy1pnyvvqitff7kf42izqjehw87v28x6ym400694u94xzt7pogzayu9lnjug2una1:latest/confusion_matrix_table.table.json", "path": "media/table/confusion_matrix_table_19_7d8a1fc563ed6178d3f4.table.json", "ncols": 3, "nrows": 100}, "_wandb": {"runtime": 25}}