{"Epoch ": 24, "Training loss ": 0.008540673858277696, "Training accuracy ": 0.9993333333333333, "Validation loss ": 0.06474760507883609, "Validation accuracy ": 0.9798333333333333, "Testing loss ": 0.06699857316000432, "Testing accuracy ": 0.9799, "_timestamp": 1709735260.510336, "_runtime": 94.92201280593872, "_step": 49, "confusion_matrix_table": {"_type": "table-file", "sha256": "81b7b1457706e4614f663253c74f282ceb3463ff977c8ee5018106d2220714ec", "size": 3146, "artifact_path": "wandb-client-artifact://hcyun2zfjfnaaf35kujuyzdi21vbh3ealvgx9zfcwp84abw5oe3gn148lh7xgh2us7uco7xy9e3iv0vkliyzf5roo2j2j9dxkevktbxe6j4fcqssnbdoczw776dvgsm8:latest/confusion_matrix_table.table.json", "_latest_artifact_path": "wandb-client-artifact://hcyun2zfjfnaaf35kujuyzdi21vbh3ealvgx9zfcwp84abw5oe3gn148lh7xgh2us7uco7xy9e3iv0vkliyzf5roo2j2j9dxkevktbxe6j4fcqssnbdoczw776dvgsm8:latest/confusion_matrix_table.table.json", "path": "media/table/confusion_matrix_table_49_81b7b1457706e4614f66.table.json", "ncols": 3, "nrows": 100}, "_wandb": {"runtime": 94}}