{"Epoch ": 14, "Training loss ": 0.24707432158726547, "Training accuracy ": 0.9137962962962963, "Validation loss ": 0.3501917685618139, "Validation accuracy ": 0.8823333333333333, "Testing loss ": 0.36303014521439253, "Testing accuracy ": 0.8746, "_timestamp": 1709474765.7613354, "_runtime": 200.46023845672607, "_step": 29, "confusion_matrix_table": {"_type": "table-file", "sha256": "83f89546275eb59be882492c8d5db7105f013ca7bc073425555b0cab85638bdb", "size": 3169, "artifact_path": "wandb-client-artifact://aoigk0jokn4c0ksf8v6ogypye3dg5jyh0kbbsjgpuoojafm5xptl1uxikmohrp258i6weowih7ewqqmunzm47ig1rmmpbkbupfzrcta1yqk3l4o6xq721njgwgba8syx:latest/confusion_matrix_table.table.json", "_latest_artifact_path": "wandb-client-artifact://aoigk0jokn4c0ksf8v6ogypye3dg5jyh0kbbsjgpuoojafm5xptl1uxikmohrp258i6weowih7ewqqmunzm47ig1rmmpbkbupfzrcta1yqk3l4o6xq721njgwgba8syx:latest/confusion_matrix_table.table.json", "path": "media/table/confusion_matrix_table_29_83f89546275eb59be882.table.json", "ncols": 3, "nrows": 100}, "_wandb": {"runtime": 199}}