{"Epoch ": 29, "Training loss ": 0.18748248843968904, "Training accuracy ": 0.9324444444444444, "Validation loss ": 0.3099356291496992, "Validation accuracy ": 0.89, "Testing loss ": 0.3242151396914646, "Testing accuracy ": 0.8837, "_timestamp": 1709526603.112054, "_runtime": 233.0898962020874, "_step": 59, "confusion_matrix_table": {"_type": "table-file", "sha256": "2db05a41819d44a88a0c45e9e578b89a68d9d4090a7e8132c987dc85a2a21b03", "size": 3169, "artifact_path": "wandb-client-artifact://4ymd6jxa4fr0ji4g8s2vbs5b3zeabqwngbqk9jldkm4ay070v0ypq6052jtmkdaicjx0jnsjs5d4ropkbz3gp5208p382ybgamimikbf2pyifch08c4atb9t4qpt1gtr:latest/confusion_matrix_table.table.json", "_latest_artifact_path": "wandb-client-artifact://4ymd6jxa4fr0ji4g8s2vbs5b3zeabqwngbqk9jldkm4ay070v0ypq6052jtmkdaicjx0jnsjs5d4ropkbz3gp5208p382ybgamimikbf2pyifch08c4atb9t4qpt1gtr:latest/confusion_matrix_table.table.json", "path": "media/table/confusion_matrix_table_59_2db05a41819d44a88a0c.table.json", "ncols": 3, "nrows": 100}, "_wandb": {"runtime": 232}}