{"Epoch ": 24, "Training loss ": 0.4385467010710753, "Training accuracy ": 0.8467407407407408, "Validation loss ": 0.46404912837056006, "Validation accuracy ": 0.8435, "Testing loss ": 0.4718128186039009, "Testing accuracy ": 0.8348, "_timestamp": 1709499347.0679505, "_runtime": 178.36607336997986, "_step": 49, "confusion_matrix_table": {"_type": "table-file", "sha256": "5c621096725625cc5dfdb9ff98a645383c805cb03d0833cc2de72d5f23b7bb2d", "size": 3179, "artifact_path": "wandb-client-artifact://36w4dlcaqrbay8b8q8gcae192516hqq6erevjdj73v8o7qahu9icqyuqziwr9grbjd2vg4f43alh1q9d5qrmmffs80x6wquql486vqbgf45fqf5ccpqrl4u4hpxpwatz:latest/confusion_matrix_table.table.json", "_latest_artifact_path": "wandb-client-artifact://36w4dlcaqrbay8b8q8gcae192516hqq6erevjdj73v8o7qahu9icqyuqziwr9grbjd2vg4f43alh1q9d5qrmmffs80x6wquql486vqbgf45fqf5ccpqrl4u4hpxpwatz:latest/confusion_matrix_table.table.json", "path": "media/table/confusion_matrix_table_49_5c621096725625cc5dfd.table.json", "ncols": 3, "nrows": 100}, "_wandb": {"runtime": 177}}