{"Epoch ": 9, "Training loss ": 0.27131669304698125, "Training accuracy ": 0.9022037037037037, "Validation loss ": 0.2983950689214498, "Validation accuracy ": 0.89, "Testing loss ": 0.3430729312503032, "Testing accuracy ": 0.877, "_timestamp": 1709298864.6995726, "_runtime": 103.91188049316406, "_step": 19, "confusion_matrix_table": {"_type": "table-file", "sha256": "ea691103bd0d8763c79d1c09979dca0aecb0718268aff1e83c5d78355a6909d5", "size": 3169, "artifact_path": "wandb-client-artifact://b49vnb5rr9vd4u8m9x7b39oljntco8csahh38x9e28dgtzy89xcvuab7xkcnv6yk1xhjdf2oijgycqiugln2v3uxgyyok1wx3x4nkwqnxghskxx1lrc1vm53jp5xikv2:latest/confusion_matrix_table.table.json", "_latest_artifact_path": "wandb-client-artifact://b49vnb5rr9vd4u8m9x7b39oljntco8csahh38x9e28dgtzy89xcvuab7xkcnv6yk1xhjdf2oijgycqiugln2v3uxgyyok1wx3x4nkwqnxghskxx1lrc1vm53jp5xikv2:latest/confusion_matrix_table.table.json", "path": "media/table/confusion_matrix_table_19_ea691103bd0d8763c79d.table.json", "ncols": 3, "nrows": 100}, "_wandb": {"runtime": 103}}