{"Epoch ": 19, "Training loss ": 0.19995419274696946, "Training accuracy ": 0.8615925925925926, "Validation loss ": 0.20302236840479995, "Validation accuracy ": 0.8613333333333333, "Testing loss ": 0.22102897429015766, "Testing accuracy ": 0.8452, "_timestamp": 1709569559.579769, "_runtime": 101.5210189819336, "_step": 39, "confusion_matrix_table": {"_type": "table-file", "sha256": "b02b9a9c4aaa5819695c595af9dbdcc11cccfde6ea2a91e15d60f50909b72e3d", "size": 3174, "artifact_path": "wandb-client-artifact://vioc1j0kjsym07m3gqauzsiwp4bep2y9aotty39fo6fmk8t4tjsqxspa4qvk9sb5mgjsx6mtiwvq0u8qg1rjr4zadjrnyis6ltt7hjs6to6tpvqsok64ew95vhoksuhz:latest/confusion_matrix_table.table.json", "_latest_artifact_path": "wandb-client-artifact://vioc1j0kjsym07m3gqauzsiwp4bep2y9aotty39fo6fmk8t4tjsqxspa4qvk9sb5mgjsx6mtiwvq0u8qg1rjr4zadjrnyis6ltt7hjs6to6tpvqsok64ew95vhoksuhz:latest/confusion_matrix_table.table.json", "path": "media/table/confusion_matrix_table_39_b02b9a9c4aaa5819695c.table.json", "ncols": 3, "nrows": 100}, "_wandb": {"runtime": 100}}