{"Epoch ": 4, "Training loss ": 0.19197415375923488, "Training accuracy ": 0.8715185185185185, "Validation loss ": 0.20712717814641923, "Validation accuracy ": 0.8551666666666666, "Testing loss ": 0.21504579187726613, "Testing accuracy ": 0.8524, "_timestamp": 1709149391.4945226, "_runtime": 12.406352519989014, "_step": 9, "confusion_matrix_table": {"_type": "table-file", "sha256": "7531d596181fb04f9f77288dfd8f4a6eef8039c18ae6119099932a76917038c3", "size": 3172, "artifact_path": "wandb-client-artifact://olzc3kn4ju58foqjzhbriexpvxz4bftpwiyq9znsk7j5zer15q6vuh6mn6c1fd8dv3a2vrndi0grtlwe5dbnktiv78akhnf0ju4nlynxcr7hh5y0hi0gdwrnjhisw0g4:latest/confusion_matrix_table.table.json", "_latest_artifact_path": "wandb-client-artifact://olzc3kn4ju58foqjzhbriexpvxz4bftpwiyq9znsk7j5zer15q6vuh6mn6c1fd8dv3a2vrndi0grtlwe5dbnktiv78akhnf0ju4nlynxcr7hh5y0hi0gdwrnjhisw0g4:latest/confusion_matrix_table.table.json", "path": "media/table/confusion_matrix_table_9_7531d596181fb04f9f77.table.json", "ncols": 3, "nrows": 100}, "_wandb": {"runtime": 11}}