{"Epoch ": 9, "Training loss ": 0.2707045467785258, "Training accuracy ": 0.9272777777777778, "Validation loss ": 0.26302971286814014, "Validation accuracy ": 0.9353333333333333, "Testing loss ": 0.2661088463569404, "Testing accuracy ": 0.9278, "_timestamp": 1709502264.026069, "_runtime": 46.16757893562317, "_step": 19, "confusion_matrix_table": {"_type": "table-file", "sha256": "22d660181dfb7dc4f9f6430675ddada28d5a90b1d9bb0f9fe8e88124c1e60224", "size": 3170, "artifact_path": "wandb-client-artifact://hofbxhj8dt4a3exolhpsck39l8elp73tabyli72isjxoigftimujt5pw7v6j131x5uw9oa6bpxdpzrk9xp9hietb7ff3b6q5hrvs1omj654tyzz6po5w55cbbtvnykuj:latest/confusion_matrix_table.table.json", "_latest_artifact_path": "wandb-client-artifact://hofbxhj8dt4a3exolhpsck39l8elp73tabyli72isjxoigftimujt5pw7v6j131x5uw9oa6bpxdpzrk9xp9hietb7ff3b6q5hrvs1omj654tyzz6po5w55cbbtvnykuj:latest/confusion_matrix_table.table.json", "path": "media/table/confusion_matrix_table_19_22d660181dfb7dc4f9f6.table.json", "ncols": 3, "nrows": 100}, "_wandb": {"runtime": 45}}