{"Epoch ": 4, "Training loss ": 0.5050289026757565, "Training accuracy ": 0.8265370370370371, "Validation loss ": 0.4936087389469274, "Validation accuracy ": 0.8286666666666667, "Testing loss ": 0.5353841093512457, "Testing accuracy ": 0.813, "_timestamp": 1709403061.8205514, "_runtime": 32.31597828865051, "_step": 9, "confusion_matrix_table": {"_type": "table-file", "sha256": "d8bf10c0b5ab0aa76086c1f8b2fa6ed82764968f7bfad4fd05a021088fac0576", "size": 3181, "artifact_path": "wandb-client-artifact://7j0upvu808lsqy1cv5gyfdmwgcfl7f24ygjtfcvbp9sgrwwpb7thkupfh2mu8r9k2j6pywx4mnewrt54uqcg40gvpeawkm2b7rkg4p1xm4g9sfrreahjfcb8mwb3op6w:latest/confusion_matrix_table.table.json", "_latest_artifact_path": "wandb-client-artifact://7j0upvu808lsqy1cv5gyfdmwgcfl7f24ygjtfcvbp9sgrwwpb7thkupfh2mu8r9k2j6pywx4mnewrt54uqcg40gvpeawkm2b7rkg4p1xm4g9sfrreahjfcb8mwb3op6w:latest/confusion_matrix_table.table.json", "path": "media/table/confusion_matrix_table_9_d8bf10c0b5ab0aa76086.table.json", "ncols": 3, "nrows": 100}, "_wandb": {"runtime": 31}}