{"Epoch ": 4, "Training loss ": 0.5551552277774052, "Training accuracy ": 0.8004814814814815, "Validation loss ": 0.592646703528587, "Validation accuracy ": 0.7868333333333334, "Testing loss ": 0.5937560939749701, "Testing accuracy ": 0.7858, "_timestamp": 1709403112.6034071, "_runtime": 41.0192711353302, "_step": 9, "confusion_matrix_table": {"_type": "table-file", "sha256": "a571d2287e6823812954bce7f36b966959391e311a940f0f97f10b86c00eac53", "size": 3180, "artifact_path": "wandb-client-artifact://z14ml65l9gip6nk02r1bjd2pnf2zhxcbbsw8o67y2bgr3re88489mw13v8wrn0tgogui88todfe2rjxjw7h96xh4a2tmeiynx5u3dk89dbvv1r8k84qcbaw2gd2wxkrl:latest/confusion_matrix_table.table.json", "_latest_artifact_path": "wandb-client-artifact://z14ml65l9gip6nk02r1bjd2pnf2zhxcbbsw8o67y2bgr3re88489mw13v8wrn0tgogui88todfe2rjxjw7h96xh4a2tmeiynx5u3dk89dbvv1r8k84qcbaw2gd2wxkrl:latest/confusion_matrix_table.table.json", "path": "media/table/confusion_matrix_table_9_a571d2287e6823812954.table.json", "ncols": 3, "nrows": 100}, "_wandb": {"runtime": 40}}