{"Epoch ": 4, "Training loss ": 0.5406321063271913, "Training accuracy ": 0.8121851851851852, "Validation loss ": 0.5500465113142332, "Validation accuracy ": 0.8121666666666667, "Testing loss ": 0.5878082238210179, "Testing accuracy ": 0.7997, "_timestamp": 1709127994.382075, "_runtime": 35.59593105316162, "_step": 9, "confusion_matrix_table": {"_type": "table-file", "sha256": "bc423338ff895a07537882a2091d5879aebab6260b1081db2daac122d4012039", "size": 3183, "artifact_path": "wandb-client-artifact://jga6movera126i6ppc7hyfysra7kcn3vuvusc0jijfewcfccf1py3d006b1kjb2x72debgdkimve822r8fjeof9oa816qedkmece647jpapzil6r3btofwjlvsou5nbj:latest/confusion_matrix_table.table.json", "_latest_artifact_path": "wandb-client-artifact://jga6movera126i6ppc7hyfysra7kcn3vuvusc0jijfewcfccf1py3d006b1kjb2x72debgdkimve822r8fjeof9oa816qedkmece647jpapzil6r3btofwjlvsou5nbj:latest/confusion_matrix_table.table.json", "path": "media/table/confusion_matrix_table_9_bc423338ff895a075378.table.json", "ncols": 3, "nrows": 100}, "_wandb": {"runtime": 34}}