{"Epoch ": 29, "Training loss ": 0.2796163858747165, "Training accuracy ": 0.8947037037037037, "Validation loss ": 0.43591108120694344, "Validation accuracy ": 0.8658333333333333, "Testing loss ": 0.4568185284995289, "Testing accuracy ": 0.8595, "_timestamp": 1709400711.8288424, "_runtime": 896.3619894981384, "_step": 59, "confusion_matrix_table": {"_type": "table-file", "sha256": "9b148f662a8ac46f31c5af51c6e1724db3a43cf811a4406ced411818a237d546", "size": 3173, "artifact_path": "wandb-client-artifact://6yxnq10x9gt8qmur8k5steva7un7uv7r3eouby7yv3j1bqa0rg6l5wz16rfnbqv76nuvi59cezkck52l29xad04n7kuq0zncsistbzp4wmppjrz4ajlpyn08nd912hxn:latest/confusion_matrix_table.table.json", "_latest_artifact_path": "wandb-client-artifact://6yxnq10x9gt8qmur8k5steva7un7uv7r3eouby7yv3j1bqa0rg6l5wz16rfnbqv76nuvi59cezkck52l29xad04n7kuq0zncsistbzp4wmppjrz4ajlpyn08nd912hxn:latest/confusion_matrix_table.table.json", "path": "media/table/confusion_matrix_table_59_9b148f662a8ac46f31c5.table.json", "ncols": 3, "nrows": 100}, "_wandb": {"runtime": 895}}