{"Epoch ": 4, "Training loss ": 0.47621669186845117, "Training accuracy ": 0.6680185185185186, "Validation loss ": 0.479109598008966, "Validation accuracy ": 0.6656666666666666, "Testing loss ": 0.4869921166644595, "Testing accuracy ": 0.6619, "_timestamp": 1709400096.5917757, "_runtime": 23.413816690444946, "_step": 9, "confusion_matrix_table": {"_type": "table-file", "sha256": "aabf0349609f4ae01060752d9ad511cdc9de79b122d3f85937f12c941642754b", "size": 3176, "artifact_path": "wandb-client-artifact://b8dimkmlh1izpfag7wx4g5h6sa1tldn05iz4pxj6jfwxmyf88y9b7734dyo6qku535ra7jmks74zswfoi4a47tvkmwx9b559xlnc6yd8lyscd2umwpe5u3os9w7zgb5p:latest/confusion_matrix_table.table.json", "_latest_artifact_path": "wandb-client-artifact://b8dimkmlh1izpfag7wx4g5h6sa1tldn05iz4pxj6jfwxmyf88y9b7734dyo6qku535ra7jmks74zswfoi4a47tvkmwx9b559xlnc6yd8lyscd2umwpe5u3os9w7zgb5p:latest/confusion_matrix_table.table.json", "path": "media/table/confusion_matrix_table_9_aabf0349609f4ae01060.table.json", "ncols": 3, "nrows": 100}, "_wandb": {"runtime": 20}}