{"Epoch ": 9, "Training loss ": 0.3741707492832438, "Training accuracy ": 0.8635185185185185, "Validation loss ": 0.3814340594770335, "Validation accuracy": 0.8623333333333333, "Testing loss ": 0.4332776370322533, "Testing accuracy ": 0.8412, "_timestamp": 1709115814.155662, "_runtime": 23.59068012237549, "_step": 19, "confusion_matrix_table": {"_type": "table-file", "sha256": "f74a0664d145f5b51e3d3fd0523b81c26ad5e38eb221965f4cea77ea15ecf6e0", "size": 3172, "artifact_path": "wandb-client-artifact://jyqsh6xoctr5q0vijcvih3borvtki416h1z5xxh72ibzkeq5ictakv0xogl94eou6ugc5o3oro5i9xblp3zzv5tf2rebfmoitoqqw7t4hrvowgmqxu4918n267vdpflp:latest/confusion_matrix_table.table.json", "_latest_artifact_path": "wandb-client-artifact://jyqsh6xoctr5q0vijcvih3borvtki416h1z5xxh72ibzkeq5ictakv0xogl94eou6ugc5o3oro5i9xblp3zzv5tf2rebfmoitoqqw7t4hrvowgmqxu4918n267vdpflp:latest/confusion_matrix_table.table.json", "path": "media/table/confusion_matrix_table_19_f74a0664d145f5b51e3d.table.json", "ncols": 3, "nrows": 100}, "_wandb": {"runtime": 22}}