{"Epoch ": 4, "Training loss ": 2.3028350956906185, "Training accuracy ": 0.1, "Validation loss ": 2.302835095690619, "Validation accuracy ": 0.1, "Testing loss ": 2.302835095690619, "Testing accuracy ": 0.1, "_timestamp": 1709401935.4805937, "_runtime": 22.357298612594604, "_step": 9, "confusion_matrix_table": {"_type": "table-file", "sha256": "6d7d5406d471dcaa7392abe06d312f6ff2245b40eb9127b1a192fa52803c93f3", "size": 3152, "artifact_path": "wandb-client-artifact://ib84aq5fnxortloeud40lltt0ya9ga43p615pj5enzhxmzxwquxe9cbpli2y12ig0a93xx8k4qtkh8pusb986yd6fqt99ls5cg5vdm4ge28v2vc9o6b8dmpfcjiae1j7:latest/confusion_matrix_table.table.json", "_latest_artifact_path": "wandb-client-artifact://ib84aq5fnxortloeud40lltt0ya9ga43p615pj5enzhxmzxwquxe9cbpli2y12ig0a93xx8k4qtkh8pusb986yd6fqt99ls5cg5vdm4ge28v2vc9o6b8dmpfcjiae1j7:latest/confusion_matrix_table.table.json", "path": "media/table/confusion_matrix_table_9_6d7d5406d471dcaa7392.table.json", "ncols": 3, "nrows": 100}, "_wandb": {"runtime": 21}}