{"Epoch ": 24, "Training loss ": 0.4202341447536017, "Training accuracy ": 0.6706851851851852, "Validation loss ": 0.4235583669749291, "Validation accuracy ": 0.6686666666666666, "Testing loss ": 0.4387143278964241, "Testing accuracy ": 0.6569, "_timestamp": 1709306887.2711964, "_runtime": 56.77208948135376, "_step": 49, "confusion_matrix_table": {"_type": "table-file", "sha256": "a21c9a7052883ee74d323f47da7d4a71da1401478890ffd3435a06cd6e15f440", "size": 3187, "artifact_path": "wandb-client-artifact://urlk3mmyfsyrn8bpkm2et5eszoqvw3y6u9w4sal3ppg7cl8gp943gpild27exajbxskp84plhlbrt4d53lilvnn8eavhw19r0d5hetq2uss65elugvxvqyxysfcxfak4:latest/confusion_matrix_table.table.json", "_latest_artifact_path": "wandb-client-artifact://urlk3mmyfsyrn8bpkm2et5eszoqvw3y6u9w4sal3ppg7cl8gp943gpild27exajbxskp84plhlbrt4d53lilvnn8eavhw19r0d5hetq2uss65elugvxvqyxysfcxfak4:latest/confusion_matrix_table.table.json", "path": "media/table/confusion_matrix_table_49_a21c9a7052883ee74d32.table.json", "ncols": 3, "nrows": 100}, "_wandb": {"runtime": 50}}