{"Epoch ": 19, "Training loss ": 0.4509479029462902, "Training accuracy ": 0.6192222222222222, "Validation loss ": 0.4567084899163569, "Validation accuracy ": 0.6121666666666666, "Testing loss ": 0.4639341375903934, "Testing accuracy ": 0.6103, "_timestamp": 1709301322.1888468, "_runtime": 88.5844407081604, "_step": 39, "confusion_matrix_table": {"_type": "table-file", "sha256": "3dbbcb31401e413f3c92b1ec438582052df25c9f44667a6aeefa2e7f3d6dbc37", "size": 3174, "artifact_path": "wandb-client-artifact://e7wxdy4djxgnfjear9laono32dseayzonv5drl16aj248uutzwueidmwq772yxwvjdwy068p31obb4f4ag196y169pdbeuslz20sh0j3ltgemurlxginy5h6a8cq34nb:latest/confusion_matrix_table.table.json", "_latest_artifact_path": "wandb-client-artifact://e7wxdy4djxgnfjear9laono32dseayzonv5drl16aj248uutzwueidmwq772yxwvjdwy068p31obb4f4ag196y169pdbeuslz20sh0j3ltgemurlxginy5h6a8cq34nb:latest/confusion_matrix_table.table.json", "path": "media/table/confusion_matrix_table_39_3dbbcb31401e413f3c92.table.json", "ncols": 3, "nrows": 100}, "_wandb": {"runtime": 87}}