{"Epoch ": 14, "Training loss ": 2.3008191254458086, "Training accuracy ": 0.11374074074074074, "Validation loss ": 2.30421669210711, "Validation accuracy ": 0.1, "Testing loss ": 2.3010158350883563, "Testing accuracy ": 0.1135, "_timestamp": 1709495562.9804366, "_runtime": 45.49559664726257, "_step": 29, "confusion_matrix_table": {"_type": "table-file", "sha256": "d1569761db429b76055faeaf2e107bee2147105aec334a738d9337d7991aa86c", "size": 3147, "artifact_path": "wandb-client-artifact://m95qkarfugbf4kmmjiinnjcblfdw0269j5ca7xwbtb16540ym5bd102mdywpk236kxvvmg2uk2n4uuqlc8tvgsww2yxo46oy8aqc5dpbdqbsr1c5l2xxyussm6i67i3s:latest/confusion_matrix_table.table.json", "_latest_artifact_path": "wandb-client-artifact://m95qkarfugbf4kmmjiinnjcblfdw0269j5ca7xwbtb16540ym5bd102mdywpk236kxvvmg2uk2n4uuqlc8tvgsww2yxo46oy8aqc5dpbdqbsr1c5l2xxyussm6i67i3s:latest/confusion_matrix_table.table.json", "path": "media/table/confusion_matrix_table_29_d1569761db429b76055f.table.json", "ncols": 3, "nrows": 100}, "_wandb": {"runtime": 44}}