{"Epoch ": 0, "Training loss ": 1.3318038145876074, "Training accuracy ": 0.5537407407407408, "Validation loss ": 1.3314219084444372, "Validation accuracy ": 0.5526666666666666, "Testing loss ": 1.3442190960258362, "Testing accuracy ": 0.5499, "_timestamp": 1709043124.2710788, "_runtime": 11.04177188873291, "_step": 0, "_wandb": {"runtime": 10}}