{"Epoch ": 29, "Training loss ": 0.1817137085580326, "Training accuracy ": 0.9342222222222222, "Validation loss ": 0.46044260182583424, "Validation accuracy ": 0.8798333333333334, "Testing loss ": 0.5016537612589246, "Testing accuracy ": 0.8713, "_timestamp": 1709128323.0954819, "_runtime": 443.03348183631897, "_step": 59, "confusion_matrix_table": {"_type": "table-file", "sha256": "86b40118d9a611e33697469fe75c3bd41b50a85347b8a88eac40fbbc23ab34e4", "size": 3173, "artifact_path": "wandb-client-artifact://4tqkfnorrbeshsp1ztwh01ijc7aw3dt88o2yty70yxio2oylxv7d8en9ttv80h8stmpuadhf0wc1yowbzqfbpekbywgnl1yzat890o6az0tye7kdw7ubawnso80hxvhw:latest/confusion_matrix_table.table.json", "_latest_artifact_path": "wandb-client-artifact://4tqkfnorrbeshsp1ztwh01ijc7aw3dt88o2yty70yxio2oylxv7d8en9ttv80h8stmpuadhf0wc1yowbzqfbpekbywgnl1yzat890o6az0tye7kdw7ubawnso80hxvhw:latest/confusion_matrix_table.table.json", "path": "media/table/confusion_matrix_table_59_86b40118d9a611e33697.table.json", "ncols": 3, "nrows": 100}, "_wandb": {"runtime": 442}}