{"Epoch ": 24, "Training loss ": 0.2584780568704741, "Training accuracy ": 0.9045185185185185, "Validation loss ": 0.38833463692149933, "Validation accuracy ": 0.8678333333333333, "Testing loss ": 0.3940892454041262, "Testing accuracy ": 0.8674, "_timestamp": 1709138580.1110795, "_runtime": 150.06523847579956, "_step": 49, "confusion_matrix_table": {"_type": "table-file", "sha256": "7f1ee24a0f8150b2c1c56f924741dd73ffb251b885b5656bfd3df0f97fa66498", "size": 3173, "artifact_path": "wandb-client-artifact://xhpa7uqrzhgtzr7ge7e465yzqopm8irtdtwm1psttzao0gmnyqjl34ecp29xk7cwlyjsymz10p7sjnnyutcgbwjnoe6r9zdqn2j89yu6iz0cm3hfwz8mv0znns76wf4p:latest/confusion_matrix_table.table.json", "_latest_artifact_path": "wandb-client-artifact://xhpa7uqrzhgtzr7ge7e465yzqopm8irtdtwm1psttzao0gmnyqjl34ecp29xk7cwlyjsymz10p7sjnnyutcgbwjnoe6r9zdqn2j89yu6iz0cm3hfwz8mv0znns76wf4p:latest/confusion_matrix_table.table.json", "path": "media/table/confusion_matrix_table_49_7f1ee24a0f8150b2c1c5.table.json", "ncols": 3, "nrows": 100}, "_wandb": {"runtime": 149}}