{"Epoch ": 4, "Training loss ": 0.713759970377754, "Training accuracy ": 0.7366666666666667, "Validation loss ": 0.7496087044333765, "Validation accuracy ": 0.7266666666666667, "Testing loss ": 0.7734226581054074, "Testing accuracy ": 0.7248, "_timestamp": 1709130116.3805566, "_runtime": 23.228623628616333, "_step": 9, "confusion_matrix_table": {"_type": "table-file", "sha256": "1e6c9e71b1f40b263de63bbb7f9f80fa614cd8657528205256ac8281275e66d8", "size": 3180, "artifact_path": "wandb-client-artifact://m7v3ugcamdmdoaetn0xi2xk74hm73aqgw888ble7zeuz7lcdhjisfsrtiooc10avc3tzplo7sn8hd7ykgwum2yemrodhxt0vmf4fmt5ddjq3mckteypf3qrro5mevr9t:latest/confusion_matrix_table.table.json", "_latest_artifact_path": "wandb-client-artifact://m7v3ugcamdmdoaetn0xi2xk74hm73aqgw888ble7zeuz7lcdhjisfsrtiooc10avc3tzplo7sn8hd7ykgwum2yemrodhxt0vmf4fmt5ddjq3mckteypf3qrro5mevr9t:latest/confusion_matrix_table.table.json", "path": "media/table/confusion_matrix_table_9_1e6c9e71b1f40b263de6.table.json", "ncols": 3, "nrows": 100}, "_wandb": {"runtime": 22}}