{"Epoch ": 29, "Training loss ": 0.900105448788315, "Training accuracy ": 0.1, "Validation loss ": 0.9001054487883042, "Validation accuracy ": 0.1, "Testing loss ": 0.9001054487956038, "Testing accuracy ": 0.1, "_timestamp": 1709305206.0008118, "_runtime": 307.1441798210144, "_step": 59, "confusion_matrix_table": {"_type": "table-file", "sha256": "55eee3b7305609123e924c23d30348cad7f8b514d55bab85b59e8986656f1b6b", "size": 3152, "artifact_path": "wandb-client-artifact://n745pygkaag1dd5ldy7a2jaqsn88f8pbfd1op5y897hr46nc643ubmi5ihubak5byt7fjh8mq64u67m4jkypog4fg5hvrq8b9s3f55v8hqc3nsjheaqnvl5wpjskefi6:latest/confusion_matrix_table.table.json", "_latest_artifact_path": "wandb-client-artifact://n745pygkaag1dd5ldy7a2jaqsn88f8pbfd1op5y897hr46nc643ubmi5ihubak5byt7fjh8mq64u67m4jkypog4fg5hvrq8b9s3f55v8hqc3nsjheaqnvl5wpjskefi6:latest/confusion_matrix_table.table.json", "path": "media/table/confusion_matrix_table_59_55eee3b7305609123e92.table.json", "ncols": 3, "nrows": 100}, "_wandb": {"runtime": 306}}