{"Epoch ": 14, "Training loss ": 0.20879915096414786, "Training accuracy ": 0.9411851851851852, "Validation loss ": 0.22684439339560206, "Validation accuracy ": 0.9338333333333333, "Testing loss ": 0.21737919537043277, "Testing accuracy ": 0.939, "_timestamp": 1709492789.9778688, "_runtime": 80.15206670761108, "_step": 29, "confusion_matrix_table": {"_type": "table-file", "sha256": "f1cc38ffbfd8776fafc7d79a478860055a79e4bc2750e70ffc468dccf883ae40", "size": 3166, "artifact_path": "wandb-client-artifact://d68de3q3pkb37qasww6ff9rrj45ejzbgbq12w7346hugcoqgecm7ftg72zfc63ni0o46y12mevyxzq8vfvqetj9ny1w3zaze5vwiy8fa91dqhon3djiikt7z64y1lzev:latest/confusion_matrix_table.table.json", "_latest_artifact_path": "wandb-client-artifact://d68de3q3pkb37qasww6ff9rrj45ejzbgbq12w7346hugcoqgecm7ftg72zfc63ni0o46y12mevyxzq8vfvqetj9ny1w3zaze5vwiy8fa91dqhon3djiikt7z64y1lzev:latest/confusion_matrix_table.table.json", "path": "media/table/confusion_matrix_table_29_f1cc38ffbfd8776fafc7.table.json", "ncols": 3, "nrows": 100}, "_wandb": {"runtime": 79}}