{"Epoch ": 19, "Training loss ": 0.03894967047005969, "Training accuracy ": 0.9892037037037037, "Validation loss ": 0.1442945671746782, "Validation accuracy ": 0.9631666666666666, "Testing loss ": 0.13477537253238694, "Testing accuracy ": 0.9643, "_timestamp": 1709497814.9796295, "_runtime": 60.56384253501892, "_step": 39, "confusion_matrix_table": {"_type": "table-file", "sha256": "02acaaa58166e304225130ca039ce820e4c643b3652897655f3617d027203996", "size": 3153, "artifact_path": "wandb-client-artifact://965ydv3o8hv200b3uagsi6wfqet42vj109jjnadc0tqtharwcgmqplfnhsbtsgnwpu005o5zeatqkee8farmsoc128dgc41hd1m1l9seqcrn888gm4uamzra2j33cm49:latest/confusion_matrix_table.table.json", "_latest_artifact_path": "wandb-client-artifact://965ydv3o8hv200b3uagsi6wfqet42vj109jjnadc0tqtharwcgmqplfnhsbtsgnwpu005o5zeatqkee8farmsoc128dgc41hd1m1l9seqcrn888gm4uamzra2j33cm49:latest/confusion_matrix_table.table.json", "path": "media/table/confusion_matrix_table_39_02acaaa58166e3042251.table.json", "ncols": 3, "nrows": 100}, "_wandb": {"runtime": 59}}