{"Epoch ": 14, "Training loss ": 0.23617424589608269, "Training accuracy ": 0.9144814814814815, "Validation loss ": 0.32169514978712366, "Validation accuracy ": 0.8883333333333333, "Testing loss ": 0.34409762687213075, "Testing accuracy ": 0.8756, "_timestamp": 1709499157.2701983, "_runtime": 61.601919412612915, "_step": 29, "confusion_matrix_table": {"_type": "table-file", "sha256": "193998c3236bb5f500403454d132eb83da31989eccf185c3d11973e3a2e040df", "size": 3172, "artifact_path": "wandb-client-artifact://4sipltq2ag0ipvcaf07c4l3veh6apdplxnagzoby3ahbvlemr1fk1q6be1uzf85f2wihvhcz86yi3qswdeqzmcbpjkho1dgo08l24ahiuq4er2hyngy3h50mvk7jto67:latest/confusion_matrix_table.table.json", "_latest_artifact_path": "wandb-client-artifact://4sipltq2ag0ipvcaf07c4l3veh6apdplxnagzoby3ahbvlemr1fk1q6be1uzf85f2wihvhcz86yi3qswdeqzmcbpjkho1dgo08l24ahiuq4er2hyngy3h50mvk7jto67:latest/confusion_matrix_table.table.json", "path": "media/table/confusion_matrix_table_29_193998c3236bb5f50040.table.json", "ncols": 3, "nrows": 100}, "_wandb": {"runtime": 60}}