{"Epoch ": 9, "Training loss ": 0.2412698339314297, "Training accuracy ": 0.8386111111111111, "Validation loss ": 0.24368395400715634, "Validation accuracy ": 0.8386666666666667, "Testing loss ": 0.25470222794965264, "Testing accuracy ": 0.8292, "_timestamp": 1709150956.3556395, "_runtime": 39.277100563049316, "_step": 19, "confusion_matrix_table": {"_type": "table-file", "sha256": "742fcb6852dab34ee199a74c9a5c22cb993958ee849bafad6acda91ea323a2e6", "size": 3176, "artifact_path": "wandb-client-artifact://uc9ocqb5qvpm0mrujqdp728fobxt7mxtk4ncuumndepul2vjquk87ryp9ik2ktec0c9w113ggpz1wi88hxc2f8oh0m46ppgw3eqkssg7h1pw8uc9qna90uze4s7snfhm:latest/confusion_matrix_table.table.json", "_latest_artifact_path": "wandb-client-artifact://uc9ocqb5qvpm0mrujqdp728fobxt7mxtk4ncuumndepul2vjquk87ryp9ik2ktec0c9w113ggpz1wi88hxc2f8oh0m46ppgw3eqkssg7h1pw8uc9qna90uze4s7snfhm:latest/confusion_matrix_table.table.json", "path": "media/table/confusion_matrix_table_19_742fcb6852dab34ee199.table.json", "ncols": 3, "nrows": 100}, "_wandb": {"runtime": 38}}