{"Epoch ": 4, "Training loss ": 0.6289472973742509, "Training accuracy ": 0.7875740740740741, "Validation loss ": 0.6358805329242263, "Validation accuracy ": 0.7835, "Testing loss ": 0.6467920856086402, "Testing accuracy ": 0.7782, "_timestamp": 1709399618.442184, "_runtime": 19.09175992012024, "_step": 9, "confusion_matrix_table": {"_type": "table-file", "sha256": "97cd78b39498cff80e5ea68ad1ea19b05b5efb0e3ffcc074c55709c3cf3b385e", "size": 3181, "artifact_path": "wandb-client-artifact://wb8p3vtqo1nbadlmlxwsof16uveo0j32eupm7mgm13773dnljkyntjxwz3drh9yzkhyydp3sr90ye049k631o53at4sf71c8kx2wbirq7le0b47n2uwox460ofcvuquh:latest/confusion_matrix_table.table.json", "_latest_artifact_path": "wandb-client-artifact://wb8p3vtqo1nbadlmlxwsof16uveo0j32eupm7mgm13773dnljkyntjxwz3drh9yzkhyydp3sr90ye049k631o53at4sf71c8kx2wbirq7le0b47n2uwox460ofcvuquh:latest/confusion_matrix_table.table.json", "path": "media/table/confusion_matrix_table_9_97cd78b39498cff80e5e.table.json", "ncols": 3, "nrows": 100}, "_wandb": {"runtime": 18}}