{"Epoch ": 14, "Training loss ": 0.9000028579453834, "Training accuracy ": 0.09742592592592593, "Validation loss ": 0.9000027267452424, "Validation accuracy ": 0.09866666666666667, "Testing loss ": 0.9000023178485244, "Testing accuracy ": 0.0974, "_timestamp": 1709303666.6528835, "_runtime": 145.66624546051025, "_step": 29, "confusion_matrix_table": {"_type": "table-file", "sha256": "2be465d30b4d1ff9d1606303ebbd367b1b3a1df841712f939e82d890b0c91f75", "size": 3159, "artifact_path": "wandb-client-artifact://sn5p8iidgrlpyahb5vufvrghi2twetqwj6inxs9k2mlqjfmkxooxmrtvspwdko3ygwg0z3f94xm5pc03j58k28m3anof427btufbh0phnqr1mz1zuq26ycxwredh1003:latest/confusion_matrix_table.table.json", "_latest_artifact_path": "wandb-client-artifact://sn5p8iidgrlpyahb5vufvrghi2twetqwj6inxs9k2mlqjfmkxooxmrtvspwdko3ygwg0z3f94xm5pc03j58k28m3anof427btufbh0phnqr1mz1zuq26ycxwredh1003:latest/confusion_matrix_table.table.json", "path": "media/table/confusion_matrix_table_29_2be465d30b4d1ff9d160.table.json", "ncols": 3, "nrows": 100}, "_wandb": {"runtime": 144}}