{"Epoch ": 4, "Training loss ": 0.435598737609556, "Training accuracy ": 0.8430185185185185, "Validation loss ": 0.4535140842099348, "Validation accuracy ": 0.8416666666666667, "Testing loss ": 0.4890360487051188, "Testing accuracy ": 0.8234, "_timestamp": 1709402769.64744, "_runtime": 30.468119859695435, "_step": 9, "confusion_matrix_table": {"_type": "table-file", "sha256": "f2403596ea27d81e8cb1499030b4d3d8fdeca5d42f4134ae041a82646560b4d8", "size": 3175, "artifact_path": "wandb-client-artifact://r2wk9tsya0fzs0fbb2nv8ibx0zl3sjqxburcixg3ytafpgywwbfn6k29s8gxt71zszaqylczj6ncex0yy8s45uf69264jnpqypcm7ni7xbd2djnmamqd8ig1zuqhv9yw:latest/confusion_matrix_table.table.json", "_latest_artifact_path": "wandb-client-artifact://r2wk9tsya0fzs0fbb2nv8ibx0zl3sjqxburcixg3ytafpgywwbfn6k29s8gxt71zszaqylczj6ncex0yy8s45uf69264jnpqypcm7ni7xbd2djnmamqd8ig1zuqhv9yw:latest/confusion_matrix_table.table.json", "path": "media/table/confusion_matrix_table_9_f2403596ea27d81e8cb1.table.json", "ncols": 3, "nrows": 100}, "_wandb": {"runtime": 24}}