{"Epoch ": 19, "Training loss ": 0.29868920900873325, "Training accuracy ": 0.8921851851851852, "Validation loss ": 0.3496178408870259, "Validation accuracy ": 0.8775, "Testing loss ": 0.37348878555108045, "Testing accuracy ": 0.8663, "_timestamp": 1709451395.4777436, "_runtime": 189.82019472122192, "_step": 39, "confusion_matrix_table": {"_type": "table-file", "sha256": "3ff129674cc6acfc6a8f8b560a230a12b61c3424e30a49a4650ed33f41419844", "size": 3173, "artifact_path": "wandb-client-artifact://sw931k7malv2zeu08s7hcru4otj5gpbd4h9idw51gzcykjnzxtm6rbtu8g1jvs2dw7l536kdlq638tdxwom4gnvp390fa02fkeivhx6orqendpag5cz0qi3g8okgi9wo:latest/confusion_matrix_table.table.json", "_latest_artifact_path": "wandb-client-artifact://sw931k7malv2zeu08s7hcru4otj5gpbd4h9idw51gzcykjnzxtm6rbtu8g1jvs2dw7l536kdlq638tdxwom4gnvp390fa02fkeivhx6orqendpag5cz0qi3g8okgi9wo:latest/confusion_matrix_table.table.json", "path": "media/table/confusion_matrix_table_39_3ff129674cc6acfc6a8f.table.json", "ncols": 3, "nrows": 100}, "_wandb": {"runtime": 189}}