{"Epoch ": 9, "Training loss ": 1.0472580427336056, "Training accuracy ": 0.287462962962963, "Validation loss ": 1.0498903598896963, "Validation accuracy ": 0.28733333333333333, "Testing loss ": 1.0514710807454921, "Testing accuracy ": 0.2853, "_timestamp": 1709185828.022797, "_runtime": 19.0369131565094, "_step": 19, "confusion_matrix_table": {"_type": "table-file", "sha256": "8a2c12d263a8a6532f8c2a2aab50af80452d1159dd96a2cd316caf69fca8430a", "size": 3156, "artifact_path": "wandb-client-artifact://rwlc9dpmlg7op4y1ex36cbd5w36tziwcsvu3vhds4jh3y5znk89g15hneiorlkpaybfj9rdjqi9ta4w3hlkvq3duz5y1tsm4rcbs9mnb8aon8fwpftfwtnhxzlmxi37q:latest/confusion_matrix_table.table.json", "_latest_artifact_path": "wandb-client-artifact://rwlc9dpmlg7op4y1ex36cbd5w36tziwcsvu3vhds4jh3y5znk89g15hneiorlkpaybfj9rdjqi9ta4w3hlkvq3duz5y1tsm4rcbs9mnb8aon8fwpftfwtnhxzlmxi37q:latest/confusion_matrix_table.table.json", "path": "media/table/confusion_matrix_table_19_8a2c12d263a8a6532f8c.table.json", "ncols": 3, "nrows": 100}, "_wandb": {"runtime": 18}}