{"Epoch ": 24, "Training loss ": 0.6223012845314841, "Training accuracy ": 0.8054629629629629, "Validation loss ": 0.6215725654291749, "Validation accuracy ": 0.8073333333333333, "Testing loss ": 0.641470511750803, "Testing accuracy ": 0.7925, "_timestamp": 1709133118.526616, "_runtime": 65.20256209373474, "_step": 49, "confusion_matrix_table": {"_type": "table-file", "sha256": "429b24492a6efd0bdca8f81698d3e1da440d1099040009dda4f4aa3109ae9dfe", "size": 3181, "artifact_path": "wandb-client-artifact://8yxdx411j7j8izhyq6bkae5zmhuhm1cgjvmu5acz2td888j0u0yog9s7s9khhw81fw12ht3x6dt6dsgxcdp47idn9z4pc6bd74ion8za6rdi4kjqr7hcpkj18dfoszzm:latest/confusion_matrix_table.table.json", "_latest_artifact_path": "wandb-client-artifact://8yxdx411j7j8izhyq6bkae5zmhuhm1cgjvmu5acz2td888j0u0yog9s7s9khhw81fw12ht3x6dt6dsgxcdp47idn9z4pc6bd74ion8za6rdi4kjqr7hcpkj18dfoszzm:latest/confusion_matrix_table.table.json", "path": "media/table/confusion_matrix_table_49_429b24492a6efd0bdca8.table.json", "ncols": 3, "nrows": 100}, "_wandb": {"runtime": 64}}