{"Epoch ": 14, "Training loss ": 0.2949720627775487, "Training accuracy ": 0.8962777777777777, "Validation loss ": 0.3178499176305988, "Validation accuracy ": 0.8833333333333333, "Testing loss ": 0.35637758527192803, "Testing accuracy ": 0.8726, "_timestamp": 1709497480.9311311, "_runtime": 256.88627409935, "_step": 29, "confusion_matrix_table": {"_type": "table-file", "sha256": "2b608469ecffbdf6ae8a89a3c9b00d39fddb13131ef7ab209ce725bf36b5aba1", "size": 3169, "artifact_path": "wandb-client-artifact://zp8a8jgykv396vpqc3ioqrg7wr1o244enc2ahkhqaj6rmqqglnehz3l714r7dsxfm79tdvwlgax9nnj268it5cv3qt6m6qm6j9snpe89866rq7npg7g4dvvwladtogay:latest/confusion_matrix_table.table.json", "_latest_artifact_path": "wandb-client-artifact://zp8a8jgykv396vpqc3ioqrg7wr1o244enc2ahkhqaj6rmqqglnehz3l714r7dsxfm79tdvwlgax9nnj268it5cv3qt6m6qm6j9snpe89866rq7npg7g4dvvwladtogay:latest/confusion_matrix_table.table.json", "path": "media/table/confusion_matrix_table_29_2b608469ecffbdf6ae8a.table.json", "ncols": 3, "nrows": 100}, "_wandb": {"runtime": 256}}