{"Epoch ": 24, "Training loss ": 0.004484601176970447, "Training accuracy ": 0.9984814814814815, "Validation loss ": 0.10015675239673938, "Validation accuracy ": 0.9781666666666666, "Testing loss ": 0.11229519851802418, "Testing accuracy ": 0.9778, "_timestamp": 1709503465.9682086, "_runtime": 223.19670343399048, "_step": 49, "confusion_matrix_table": {"_type": "table-file", "sha256": "01ad302e3235e3108fc9c24f41f0cd9142a8d9efa5bd2c639d31ef2c1bb0cbb6", "size": 3146, "artifact_path": "wandb-client-artifact://ki0d6hm8bliw8csk26um62aeretye9ecg96zyadn5h18gkdj8noiumo1bg86aobbhcmkobukk4ipko6n7jve0eq62duudsj7cj5uknw8jzp22u615qxoqfldi3ddd73k:latest/confusion_matrix_table.table.json", "_latest_artifact_path": "wandb-client-artifact://ki0d6hm8bliw8csk26um62aeretye9ecg96zyadn5h18gkdj8noiumo1bg86aobbhcmkobukk4ipko6n7jve0eq62duudsj7cj5uknw8jzp22u615qxoqfldi3ddd73k:latest/confusion_matrix_table.table.json", "path": "media/table/confusion_matrix_table_49_01ad302e3235e3108fc9.table.json", "ncols": 3, "nrows": 100}, "_wandb": {"runtime": 222}}