{"Epoch ": 19, "Training loss ": 0.509344667520895, "Training accuracy ": 0.8362407407407407, "Validation loss ": 0.5062607997119376, "Validation accuracy ": 0.8353333333333334, "Testing loss ": 0.536077227310792, "Testing accuracy ": 0.8229, "_timestamp": 1709453434.1288726, "_runtime": 61.395503520965576, "_step": 39, "confusion_matrix_table": {"_type": "table-file", "sha256": "b522a7072341ea9ea48cf3bf9ac745f506bc3333dcb13ec9ccea4e1fa39fbd76", "size": 3180, "artifact_path": "wandb-client-artifact://zbczwndjc9ejo3mtcziaxqm5s3prtvyj6ynikxuz7i7289ni6dp1edkzjcsve7d9d7j8629oheesm95fabdk51jgp0rclvzwpgn8gsh973f15sbh64ojqp9esufqfp97:latest/confusion_matrix_table.table.json", "_latest_artifact_path": "wandb-client-artifact://zbczwndjc9ejo3mtcziaxqm5s3prtvyj6ynikxuz7i7289ni6dp1edkzjcsve7d9d7j8629oheesm95fabdk51jgp0rclvzwpgn8gsh973f15sbh64ojqp9esufqfp97:latest/confusion_matrix_table.table.json", "path": "media/table/confusion_matrix_table_39_b522a7072341ea9ea48c.table.json", "ncols": 3, "nrows": 100}, "_wandb": {"runtime": 60}}