{"Epoch ": 4, "Training loss ": 0.25773396376435387, "Training accuracy ": 0.8231296296296297, "Validation loss ": 0.2595165420999809, "Validation accuracy ": 0.8203333333333334, "Testing loss ": 0.2739159539761659, "Testing accuracy ": 0.8079, "_timestamp": 1709145813.3143635, "_runtime": 14.523210525512695, "_step": 9, "confusion_matrix_table": {"_type": "table-file", "sha256": "f95bd42bbcfa5cabb8cbd547a61b1114bdbe50a1ee2c9b86766373759180ea44", "size": 3179, "artifact_path": "wandb-client-artifact://zfghbussmwu928np3icooinryzkjmbfxdwadxfawsy6aibilk3c4bz29ap054zp9pdplrq65r2joo86t192sz201jhsk9loxpziows1p0xyep3issnm149ao0xw6mznj:latest/confusion_matrix_table.table.json", "_latest_artifact_path": "wandb-client-artifact://zfghbussmwu928np3icooinryzkjmbfxdwadxfawsy6aibilk3c4bz29ap054zp9pdplrq65r2joo86t192sz201jhsk9loxpziows1p0xyep3issnm149ao0xw6mznj:latest/confusion_matrix_table.table.json", "path": "media/table/confusion_matrix_table_9_f95bd42bbcfa5cabb8cb.table.json", "ncols": 3, "nrows": 100}, "_wandb": {"runtime": 13}}