{"Epoch ": 9, "Training loss ": 0.18400842498528608, "Training accuracy ": 0.8730925925925926, "Validation loss ": 0.1905933497300309, "Validation accuracy ": 0.868, "Testing loss ": 0.2063298894343148, "Testing accuracy ": 0.8545, "_timestamp": 1709149087.4872372, "_runtime": 23.44224715232849, "_step": 19, "confusion_matrix_table": {"_type": "table-file", "sha256": "fd668739b37b225533e58569eff803f07ccb0b01978a64373a0d17c6d436b8d5", "size": 3174, "artifact_path": "wandb-client-artifact://x3j4jtqsbeqv79rkt37wce1fvngsaj5ytt9eebehn7254bzuanthz46qsc9zk0cefiy1tv3j8vc5jxvaml6zur6jg6vkg9yy63um4sw7yk19ax6fq6cznnqoeq467gny:latest/confusion_matrix_table.table.json", "_latest_artifact_path": "wandb-client-artifact://x3j4jtqsbeqv79rkt37wce1fvngsaj5ytt9eebehn7254bzuanthz46qsc9zk0cefiy1tv3j8vc5jxvaml6zur6jg6vkg9yy63um4sw7yk19ax6fq6cznnqoeq467gny:latest/confusion_matrix_table.table.json", "path": "media/table/confusion_matrix_table_19_fd668739b37b225533e5.table.json", "ncols": 3, "nrows": 100}, "_wandb": {"runtime": 22}}