{"Epoch ": 29, "Training loss ": 0.28710726719270696, "Training accuracy ": 0.8979814814814815, "Validation loss ": 0.3374601511703376, "Validation accuracy ": 0.8815, "Testing loss ": 0.3583037625636247, "Testing accuracy ": 0.8724, "_timestamp": 1709291220.6190515, "_runtime": 77.07076144218445, "_step": 59, "confusion_matrix_table": {"_type": "table-file", "sha256": "16776f3e4d5c0bcafe14a22a70f765e1989eaf4803c4ff79f7afbf8abe91a391", "size": 3172, "artifact_path": "wandb-client-artifact://zq8x5wkp3b3i3kv2xxztgly1yu9qbn0qw66ufvxbrm05kpoc66dfpj4lmtl18s11205yqjr8d6z0g8uztoza72vuescujgq32h7pycn581pmdlkmxa89c1csg1j2gelo:latest/confusion_matrix_table.table.json", "_latest_artifact_path": "wandb-client-artifact://zq8x5wkp3b3i3kv2xxztgly1yu9qbn0qw66ufvxbrm05kpoc66dfpj4lmtl18s11205yqjr8d6z0g8uztoza72vuescujgq32h7pycn581pmdlkmxa89c1csg1j2gelo:latest/confusion_matrix_table.table.json", "path": "media/table/confusion_matrix_table_59_16776f3e4d5c0bcafe14.table.json", "ncols": 3, "nrows": 100}, "_wandb": {"runtime": 76}}