{"Epoch ": 14, "Training loss ": 0.17418839427303787, "Training accuracy ": 0.8787592592592592, "Validation loss ": 0.1959842125397978, "Validation accuracy ": 0.8646666666666667, "Testing loss ": 0.21521394826323523, "Testing accuracy ": 0.8533, "_timestamp": 1709187236.2888093, "_runtime": 128.83464932441711, "_step": 29, "confusion_matrix_table": {"_type": "table-file", "sha256": "42865f42113b622841cd3f4a22499721db13acb5042d33931b0e92df5b503004", "size": 3171, "artifact_path": "wandb-client-artifact://3xbu77rl23q12fehxx403wfvvqiucrj4za2bo9ul3nonz5szhewsaw96lu2xkqwwssir9kgfj1v33m5ve0ljx6xk4a8ofsmx691p4brudbmcfm3pzwt2dzwk0hzuayli:latest/confusion_matrix_table.table.json", "_latest_artifact_path": "wandb-client-artifact://3xbu77rl23q12fehxx403wfvvqiucrj4za2bo9ul3nonz5szhewsaw96lu2xkqwwssir9kgfj1v33m5ve0ljx6xk4a8ofsmx691p4brudbmcfm3pzwt2dzwk0hzuayli:latest/confusion_matrix_table.table.json", "path": "media/table/confusion_matrix_table_29_42865f42113b622841cd.table.json", "ncols": 3, "nrows": 100}, "_wandb": {"runtime": 128}}