{"Epoch ": 9, "Training loss ": 0.7800080161357227, "Training accuracy ": 0.2797037037037037, "Validation loss ": 0.7802903962357223, "Validation accuracy ": 0.276, "Testing loss ": 0.780467226661697, "Testing accuracy ": 0.2767, "_timestamp": 1709182017.8277602, "_runtime": 37.78710222244263, "_step": 19, "confusion_matrix_table": {"_type": "table-file", "sha256": "14508490322c3bf74035afd9c142dc10bffdb86376eb6b2179eec35ad04c184e", "size": 3158, "artifact_path": "wandb-client-artifact://6l8k21imelpzgadioftuzchpi3kbj11g2yq599diu8u0bqit18tblovkf1e7fqdgij8wfpjwrrq8gradje9wh4cqfakk2ah4ecjhb1xafipxquo1lvl95dzte2k5g9a3:latest/confusion_matrix_table.table.json", "_latest_artifact_path": "wandb-client-artifact://6l8k21imelpzgadioftuzchpi3kbj11g2yq599diu8u0bqit18tblovkf1e7fqdgij8wfpjwrrq8gradje9wh4cqfakk2ah4ecjhb1xafipxquo1lvl95dzte2k5g9a3:latest/confusion_matrix_table.table.json", "path": "media/table/confusion_matrix_table_19_14508490322c3bf74035.table.json", "ncols": 3, "nrows": 100}, "_wandb": {"runtime": 37}}