{"Epoch ": 0, "Training loss ": 0.3749603957712988, "Training accuracy ": 0.8656481481481482, "Validation loss ": 0.40091151603045494, "Validation accuracy ": 0.8573333333333333, "Testing loss ": 0.41855590955775196, "Testing accuracy ": 0.8498, "_timestamp": 1709733039.0721698, "_runtime": 10.319960832595825, "_step": 0, "_wandb": {"runtime": 10}}