{"Epoch ": 19, "Training loss ": 0.30216382602159186, "Training accuracy ": 0.8880370370370371, "Validation loss ": 0.3968391166045932, "Validation accuracy ": 0.8605, "Testing loss ": 0.4072611399240841, "Testing accuracy ": 0.8566, "_timestamp": 1709127418.4747372, "_runtime": 54.16259813308716, "_step": 39, "confusion_matrix_table": {"_type": "table-file", "sha256": "bc487d0a109b3e6145c775d8fc2a624f1087d1af334184f7caebeb08504b4a47", "size": 3174, "artifact_path": "wandb-client-artifact://3chktaqqwm8bd8aowwtx8hry2fieget0gzh1wdfaeoq1ki4j7cddlz0y40ar1ve32alswr0in34xlnek6j0zw5f9vg0a0i8xtiagnd7fkqpvtl44rhe09ivz20u3pi3w:latest/confusion_matrix_table.table.json", "_latest_artifact_path": "wandb-client-artifact://3chktaqqwm8bd8aowwtx8hry2fieget0gzh1wdfaeoq1ki4j7cddlz0y40ar1ve32alswr0in34xlnek6j0zw5f9vg0a0i8xtiagnd7fkqpvtl44rhe09ivz20u3pi3w:latest/confusion_matrix_table.table.json", "path": "media/table/confusion_matrix_table_39_bc487d0a109b3e6145c7.table.json", "ncols": 3, "nrows": 100}, "_wandb": {"runtime": 53}}