{"Epoch": 29, "Training loss": 0.3726509137500339, "Training accuracy": 0.8662962962962963, "Validation loss": 0.430882805263512, "Validation accuracy": 0.8551666666666666, "Testing loss": 0.44679135151979543, "Testing accuracy": 0.8488, "_timestamp": 1709117310.518558, "_runtime": 76.35932993888855, "_step": 59, "confusion_matrix_table": {"_type": "table-file", "sha256": "36525377dfd8dbf3389aa1fcf6088e6d98e3a3a6f425ca2e0322964dd5a6ffa6", "size": 3174, "artifact_path": "wandb-client-artifact://hb34a3lzrikmse98zbg7mvyaq5oj61czmz82xkugemaxvqna7v5dxoxgqiw2akcmibcglbl801ro34c3rhgunnk0i4g8128lr3aqle3f8k75y4hpghfnmqenhb7fawvm:latest/confusion_matrix_table.table.json", "_latest_artifact_path": "wandb-client-artifact://hb34a3lzrikmse98zbg7mvyaq5oj61czmz82xkugemaxvqna7v5dxoxgqiw2akcmibcglbl801ro34c3rhgunnk0i4g8128lr3aqle3f8k75y4hpghfnmqenhb7fawvm:latest/confusion_matrix_table.table.json", "path": "media/table/confusion_matrix_table_59_36525377dfd8dbf3389a.table.json", "ncols": 3, "nrows": 100}, "_wandb": {"runtime": 75}}