{"Epoch ": 9, "Training loss ": 0.7277718479133258, "Training accuracy ": 0.7431296296296296, "Validation loss ": 0.7222857821197702, "Validation accuracy ": 0.7423333333333333, "Testing loss ": 0.7444950129308878, "Testing accuracy ": 0.7391, "_timestamp": 1709488410.2238114, "_runtime": 39.971314430236816, "_step": 19, "confusion_matrix_table": {"_type": "table-file", "sha256": "7c5e6be16149dd8b154457279291c1abc933e5fe6a71b4cb08392a6f9cb15279", "size": 3187, "artifact_path": "wandb-client-artifact://ezl5q9icck4fwfeor0pz3xohorjob6ca21dredjsiu06irkaieqn6i5018dhbtx8wsm7ewgzfcp3dryyrngr0guga464oypzfjettea9vbi4p1i9hi2vhpvgzuj9kob6:latest/confusion_matrix_table.table.json", "_latest_artifact_path": "wandb-client-artifact://ezl5q9icck4fwfeor0pz3xohorjob6ca21dredjsiu06irkaieqn6i5018dhbtx8wsm7ewgzfcp3dryyrngr0guga464oypzfjettea9vbi4p1i9hi2vhpvgzuj9kob6:latest/confusion_matrix_table.table.json", "path": "media/table/confusion_matrix_table_19_7c5e6be16149dd8b1544.table.json", "ncols": 3, "nrows": 100}, "_wandb": {"runtime": 39}}