{"Epoch ": 19, "Training loss ": 0.18273513270487174, "Training accuracy ": 0.8682037037037037, "Validation loss ": 0.20605628407327758, "Validation accuracy ": 0.8551666666666666, "Testing loss ": 0.21965260238102105, "Testing accuracy ": 0.8479, "_timestamp": 1709185644.1219072, "_runtime": 52.171178340911865, "_step": 39, "confusion_matrix_table": {"_type": "table-file", "sha256": "d242b521690ac84f5068d86e7793d1aee0b074ff2a41f3cd2d74cc6711a71da1", "size": 3170, "artifact_path": "wandb-client-artifact://ybjon8h6myt1suats4fxhvpdj31z0ajthr1n7ghdgrkr2lsq74xwbj3yq2b5pac09j4eshk79ztajmf2ua3tvw50u4mhr6z1rhwaugnh4oyc30k9j9ojy3m181091og5:latest/confusion_matrix_table.table.json", "_latest_artifact_path": "wandb-client-artifact://ybjon8h6myt1suats4fxhvpdj31z0ajthr1n7ghdgrkr2lsq74xwbj3yq2b5pac09j4eshk79ztajmf2ua3tvw50u4mhr6z1rhwaugnh4oyc30k9j9ojy3m181091og5:latest/confusion_matrix_table.table.json", "path": "media/table/confusion_matrix_table_39_d242b521690ac84f5068.table.json", "ncols": 3, "nrows": 100}, "_wandb": {"runtime": 51}}