{"Epoch ": 14, "Training loss ": 0.27456135725017, "Training accuracy ": 0.8995185185185185, "Validation loss ": 0.3447053868388806, "Validation accuracy ": 0.8808333333333334, "Testing loss ": 0.37544538799770727, "Testing accuracy ": 0.8685, "_timestamp": 1709446204.9463532, "_runtime": 62.598897218704224, "_step": 29, "confusion_matrix_table": {"_type": "table-file", "sha256": "82b9c4c989696c89949a7845464febe06cceb2e4196f6ef9c2c969dd39099f33", "size": 3173, "artifact_path": "wandb-client-artifact://v4jbny6pzflsd4y8lwaj8b6ybghkyz31f9wsm5yaif4leq5v5hkqmtolu7juzdkfzfi9qack12s36av1ga4nbk3z0x9739ls6xrqfcdpy50ckjvvq2hez3yx2ra8spcr:latest/confusion_matrix_table.table.json", "_latest_artifact_path": "wandb-client-artifact://v4jbny6pzflsd4y8lwaj8b6ybghkyz31f9wsm5yaif4leq5v5hkqmtolu7juzdkfzfi9qack12s36av1ga4nbk3z0x9739ls6xrqfcdpy50ckjvvq2hez3yx2ra8spcr:latest/confusion_matrix_table.table.json", "path": "media/table/confusion_matrix_table_29_82b9c4c989696c89949a.table.json", "ncols": 3, "nrows": 100}, "_wandb": {"runtime": 61}}