{"Epoch ": 9, "Training loss ": 0.16081121052733519, "Training accuracy ": 0.9247037037037037, "Validation loss ": 0.16498960913381194, "Validation accuracy ": 0.9246666666666666, "Testing loss ": 0.15833587355986517, "Testing accuracy ": 0.925, "_timestamp": 1709531330.4156098, "_runtime": 37.050177812576294, "_step": 19, "confusion_matrix_table": {"_type": "table-file", "sha256": "3a5e82404bb9af075555e0e7119baea4585304c9131c0c8270e44893c983b9f6", "size": 3174, "artifact_path": "wandb-client-artifact://1ufxuvcard883j1d0yrpossikij2puk0np6rjqzlv5v6p53xnhriw8drga9fk31ckkpw5lzwvmr6ctlpythzhcb22opqoutj9gswj6uf7ptr73793ikdlxt0ccemm3v7:latest/confusion_matrix_table.table.json", "_latest_artifact_path": "wandb-client-artifact://1ufxuvcard883j1d0yrpossikij2puk0np6rjqzlv5v6p53xnhriw8drga9fk31ckkpw5lzwvmr6ctlpythzhcb22opqoutj9gswj6uf7ptr73793ikdlxt0ccemm3v7:latest/confusion_matrix_table.table.json", "path": "media/table/confusion_matrix_table_19_3a5e82404bb9af075555.table.json", "ncols": 3, "nrows": 100}, "_wandb": {"runtime": 36}}