{"Epoch ": 29, "Training loss ": 0.32008472916757746, "Training accuracy ": 0.8881481481481481, "Validation loss ": 0.35711886173035856, "Validation accuracy ": 0.8706666666666667, "Testing loss ": 0.37810335032838355, "Testing accuracy ": 0.868, "_timestamp": 1709301771.8557665, "_runtime": 172.56922960281372, "_step": 59, "confusion_matrix_table": {"_type": "table-file", "sha256": "780a715a3d6bc71f6cb8528b12742e2590aaa3f3cd7d52594d4ecc15c7016ea6", "size": 3171, "artifact_path": "wandb-client-artifact://b93l4hfv2j3wha6bgz7qz4wxvyyo61rv1vmqt0y9volo7e4mjpzsdv9y7zqam0twtylbviltaawljkcj4izh5una0f1ra1qk425a08stqn784snobc5q8cywly9w4qha:latest/confusion_matrix_table.table.json", "_latest_artifact_path": "wandb-client-artifact://b93l4hfv2j3wha6bgz7qz4wxvyyo61rv1vmqt0y9volo7e4mjpzsdv9y7zqam0twtylbviltaawljkcj4izh5una0f1ra1qk425a08stqn784snobc5q8cywly9w4qha:latest/confusion_matrix_table.table.json", "path": "media/table/confusion_matrix_table_59_780a715a3d6bc71f6cb8.table.json", "ncols": 3, "nrows": 100}, "_wandb": {"runtime": 171}}