{"Epoch ": 24, "Training loss ": 0.0676306058854898, "Training accuracy ": 0.9827777777777778, "Validation loss ": 0.1024088635200043, "Validation accuracy ": 0.9711666666666666, "Testing loss ": 0.09504619928092954, "Testing accuracy ": 0.9723, "_timestamp": 1709502387.3155448, "_runtime": 96.72896480560303, "_step": 49, "confusion_matrix_table": {"_type": "table-file", "sha256": "12ff91874ebbf4ba449ec3fc15a8989d2224a1246bc320b093d44a6da60e61a1", "size": 3147, "artifact_path": "wandb-client-artifact://66gmda7qhlxzaoi6osyrwzw3lzmbmffv45idm4e712n93pb1enszve85x38ihtcn0a9hjx2gaqj3rm6ej88xr4wxtwl79y2t6xcr1jrxje9iy0oapbfpf12zj0effvox:latest/confusion_matrix_table.table.json", "_latest_artifact_path": "wandb-client-artifact://66gmda7qhlxzaoi6osyrwzw3lzmbmffv45idm4e712n93pb1enszve85x38ihtcn0a9hjx2gaqj3rm6ej88xr4wxtwl79y2t6xcr1jrxje9iy0oapbfpf12zj0effvox:latest/confusion_matrix_table.table.json", "path": "media/table/confusion_matrix_table_49_12ff91874ebbf4ba449e.table.json", "ncols": 3, "nrows": 100}, "_wandb": {"runtime": 93}}