{"Epoch ": 4, "Training loss ": 0.420084043158557, "Training accuracy ": 0.852537037037037, "Validation loss ": 0.42750777837342857, "Validation accuracy ": 0.845, "Testing loss ": 0.45908861889315106, "Testing accuracy ": 0.834, "_timestamp": 1709102040.093141, "_runtime": 56.796223163604736, "_step": 4, "_wandb": {"runtime": 56}}