{"Epoch ": 29, "Training loss ": 0.28769619929581935, "Training accuracy ": 0.8932592592592593, "Validation loss ": 0.4389371237697092, "Validation accuracy ": 0.8598333333333333, "Testing loss ": 0.43796296933133144, "Testing accuracy ": 0.8585, "_timestamp": 1709149063.830163, "_runtime": 284.2505829334259, "_step": 59, "confusion_matrix_table": {"_type": "table-file", "sha256": "6a109c0a3535ee48cda788d1eec5374eae0aabc1b1c8734d60bc1b1080709833", "size": 3172, "artifact_path": "wandb-client-artifact://xajxr5pszfbmxc8ewyz22zfh0cp7tobhconln8f6k5twsyzo9lhti25z6ukdlbp4078rd7v2k2bkirr0lzcr667eurcpcccysoe7qcvucz2ki3cwe3s47694aplrn50b:latest/confusion_matrix_table.table.json", "_latest_artifact_path": "wandb-client-artifact://xajxr5pszfbmxc8ewyz22zfh0cp7tobhconln8f6k5twsyzo9lhti25z6ukdlbp4078rd7v2k2bkirr0lzcr667eurcpcccysoe7qcvucz2ki3cwe3s47694aplrn50b:latest/confusion_matrix_table.table.json", "path": "media/table/confusion_matrix_table_59_6a109c0a3535ee48cda7.table.json", "ncols": 3, "nrows": 100}, "_wandb": {"runtime": 283}}