{"Epoch ": 29, "Training loss ": 0.11764493727048629, "Training accuracy ": 0.9759444444444444, "Validation loss ": 0.1946715850178617, "Validation accuracy ": 0.9645, "Testing loss ": 0.1953223452838309, "Testing accuracy ": 0.9653, "_timestamp": 1709494334.7146075, "_runtime": 315.50610542297363, "_step": 59, "confusion_matrix_table": {"_type": "table-file", "sha256": "9469688fba3a0947f4feb25ea2e28ab0c69ad47be7dbdf58c6d001f9c5b9b68a", "size": 3155, "artifact_path": "wandb-client-artifact://32f17cl74e54nk0zum43alivl7qtq162dp8dycd0wa70oaw5pht6gdnjyyfh14cxfjmoj6vna44oyus6nndpxl8xkj7e5865zi7d0hmhzhdg98y8kx299n8npc2y922j:latest/confusion_matrix_table.table.json", "_latest_artifact_path": "wandb-client-artifact://32f17cl74e54nk0zum43alivl7qtq162dp8dycd0wa70oaw5pht6gdnjyyfh14cxfjmoj6vna44oyus6nndpxl8xkj7e5865zi7d0hmhzhdg98y8kx299n8npc2y922j:latest/confusion_matrix_table.table.json", "path": "media/table/confusion_matrix_table_59_9469688fba3a0947f4fe.table.json", "ncols": 3, "nrows": 100}, "_wandb": {"runtime": 314}}