{"Epoch ": 29, "Training loss ": 0.968839404591592, "Training accuracy ": 0.10003703703703704, "Validation loss ": 0.9689290652405967, "Validation accuracy ": 0.1, "Testing loss ": 0.9688418203616155, "Testing accuracy ": 0.1002, "_timestamp": 1709180949.4441514, "_runtime": 103.83650541305542, "_step": 59, "confusion_matrix_table": {"_type": "table-file", "sha256": "77a5682aad64d55bf5a9214825879ea81ea50d30fb0a586f612a8f4c0d03e313", "size": 3149, "artifact_path": "wandb-client-artifact://bqlbu9q77j1ct1c0p15cr71a31f431gtgbj875w3secwhkb6i8962dxb4a78ykycoup255ls1btpj07r1nq2zbnub71fnkdireslzlqq84hdz0dj18s60pyt9xhlg200:latest/confusion_matrix_table.table.json", "_latest_artifact_path": "wandb-client-artifact://bqlbu9q77j1ct1c0p15cr71a31f431gtgbj875w3secwhkb6i8962dxb4a78ykycoup255ls1btpj07r1nq2zbnub71fnkdireslzlqq84hdz0dj18s60pyt9xhlg200:latest/confusion_matrix_table.table.json", "path": "media/table/confusion_matrix_table_59_77a5682aad64d55bf5a9.table.json", "ncols": 3, "nrows": 100}, "_wandb": {"runtime": 103}}