{"Epoch ": 4, "Training loss ": 0.3981447061667097, "Training accuracy ": 0.6862592592592592, "Validation loss ": 0.40202000913858726, "Validation accuracy ": 0.6868333333333333, "Testing loss ": 0.4047548013508052, "Testing accuracy ": 0.6824, "_timestamp": 1709401703.1036522, "_runtime": 19.775840282440186, "_step": 9, "confusion_matrix_table": {"_type": "table-file", "sha256": "e8337c0184f7e37a73a5168f8bf8e6b87839e31069db76f4db8588b845f2f4bc", "size": 3185, "artifact_path": "wandb-client-artifact://ux2i570gst7s1wqi66l9jvb854wi2up7uhrodvqo0e6iixw5igvfoxyh2kke4jr3wfxioif3lvn6b5gbuidfccrwjaphos07xugd4259zj5xw895gdjc1ltbszc47n6g:latest/confusion_matrix_table.table.json", "_latest_artifact_path": "wandb-client-artifact://ux2i570gst7s1wqi66l9jvb854wi2up7uhrodvqo0e6iixw5igvfoxyh2kke4jr3wfxioif3lvn6b5gbuidfccrwjaphos07xugd4259zj5xw895gdjc1ltbszc47n6g:latest/confusion_matrix_table.table.json", "path": "media/table/confusion_matrix_table_9_e8337c0184f7e37a73a5.table.json", "ncols": 3, "nrows": 100}, "_wandb": {"runtime": 19}}