{"Epoch ": 29, "Training loss ": 0.10593500637651786, "Training accuracy ": 0.9325740740740741, "Validation loss ": 0.12825043890158197, "Validation accuracy ": 0.9193333333333333, "Testing loss ": 0.12029820966622308, "Testing accuracy ": 0.9232, "_timestamp": 1709535326.414894, "_runtime": 81.93875908851624, "_step": 59, "confusion_matrix_table": {"_type": "table-file", "sha256": "cd66293a8408062cd2ff67e1a296eae1bb28c0d4181bd957b1a2102c31da571e", "size": 3166, "artifact_path": "wandb-client-artifact://gawepi6p3o6xq0tfnqtb0anz15mtq44oiwin3xyuza5uchfuu924crb0mo0towqfekpevoydvveagxalgaj0hjoe5ctk5jd18s5nsi342oomh1w19198p8plmmy1cv5s:latest/confusion_matrix_table.table.json", "_latest_artifact_path": "wandb-client-artifact://gawepi6p3o6xq0tfnqtb0anz15mtq44oiwin3xyuza5uchfuu924crb0mo0towqfekpevoydvveagxalgaj0hjoe5ctk5jd18s5nsi342oomh1w19198p8plmmy1cv5s:latest/confusion_matrix_table.table.json", "path": "media/table/confusion_matrix_table_59_cd66293a8408062cd2ff.table.json", "ncols": 3, "nrows": 100}, "_wandb": {"runtime": 81}}