{"Epoch ": 19, "Training loss ": 0.541134100029656, "Training accuracy ": 0.8217222222222222, "Validation loss ": 0.5650185140439902, "Validation accuracy ": 0.8111666666666667, "Testing loss ": 0.5673797900415395, "Testing accuracy ": 0.8093, "_timestamp": 1709129531.4560068, "_runtime": 30.612021684646606, "_step": 39, "confusion_matrix_table": {"_type": "table-file", "sha256": "908516df38bff4838e7493570c3db0b3f2770e53fc8527c3077c571ba53309f6", "size": 3176, "artifact_path": "wandb-client-artifact://u4pzx35i2uwaoowu52vijdnd5zfsnmma31ij8mo2xh1du2sn8xe6yynqqhwmpcblkv4t4oj8z535dpb9641ty0pjzcrnjrrnwc95bidbaqva40jhmzvkxlh06pz79ggf:latest/confusion_matrix_table.table.json", "_latest_artifact_path": "wandb-client-artifact://u4pzx35i2uwaoowu52vijdnd5zfsnmma31ij8mo2xh1du2sn8xe6yynqqhwmpcblkv4t4oj8z535dpb9641ty0pjzcrnjrrnwc95bidbaqva40jhmzvkxlh06pz79ggf:latest/confusion_matrix_table.table.json", "path": "media/table/confusion_matrix_table_39_908516df38bff4838e74.table.json", "ncols": 3, "nrows": 100}, "_wandb": {"runtime": 29}}