{"Epoch ": 29, "Training loss ": 0.1258922825655509, "Training accuracy ": 0.9130370370370371, "Validation loss ": 0.17008521448168526, "Validation accuracy ": 0.8825, "Testing loss ": 0.18133202543225846, "Testing accuracy ": 0.878, "_timestamp": 1709152886.8335252, "_runtime": 245.02130222320557, "_step": 59, "confusion_matrix_table": {"_type": "table-file", "sha256": "149042ac4e004c80bd40959c66d13b6ffb4cb15f9603a0fa66e57b8dd6642798", "size": 3169, "artifact_path": "wandb-client-artifact://lfprd3xonajxdewg1nxxbwgwsu19ek9xl1rdu0onidqn7p0quekf39s3e2fq7ds3k01yadpeclqwsf7goefei0klvmriev84jqfrt971m175f2trtjekzo1vlhewodob:latest/confusion_matrix_table.table.json", "_latest_artifact_path": "wandb-client-artifact://lfprd3xonajxdewg1nxxbwgwsu19ek9xl1rdu0onidqn7p0quekf39s3e2fq7ds3k01yadpeclqwsf7goefei0klvmriev84jqfrt971m175f2trtjekzo1vlhewodob:latest/confusion_matrix_table.table.json", "path": "media/table/confusion_matrix_table_59_149042ac4e004c80bd40.table.json", "ncols": 3, "nrows": 100}, "_wandb": {"runtime": 244}}