{"Epoch": 29, "Training loss": 0.34785860600414314, "Training accuracy": 0.8794074074074074, "Validation loss": 0.36238347613314453, "Validation accuracy": 0.8698333333333333, "Testing loss": 0.40374725633608116, "Testing accuracy": 0.8585, "_timestamp": 1709121040.122782, "_runtime": 94.07082390785217, "_step": 59, "confusion_matrix_table": {"_type": "table-file", "sha256": "3927d5b270fd2f9124b54e0148599d95ad29627e09bc4706b99ab643e5c1570b", "size": 3173, "artifact_path": "wandb-client-artifact://l7zfo6m0lpt8woy971k0uf5ic4624e0machdpgs2crvewkm3gh5hevbntyhslgn5k1cvpm8ivfigz4a9jce4o8r3nkzwjcmkzqnnd7mvrh5qrsis5a55czx9v27cxfig:latest/confusion_matrix_table.table.json", "_latest_artifact_path": "wandb-client-artifact://l7zfo6m0lpt8woy971k0uf5ic4624e0machdpgs2crvewkm3gh5hevbntyhslgn5k1cvpm8ivfigz4a9jce4o8r3nkzwjcmkzqnnd7mvrh5qrsis5a55czx9v27cxfig:latest/confusion_matrix_table.table.json", "path": "media/table/confusion_matrix_table_59_3927d5b270fd2f9124b5.table.json", "ncols": 3, "nrows": 100}, "_wandb": {"runtime": 93}}