{"Epoch ": 4, "Training loss ": 2.302575270870674, "Training accuracy ": 0.1, "Validation loss ": 2.3025752717846433, "Validation accuracy ": 0.1, "Testing loss ": 2.3025752729283187, "Testing accuracy ": 0.1, "_timestamp": 1709100237.776834, "_runtime": 50.870073080062866, "_step": 4, "_wandb": {"runtime": 50}}