{"Epoch ": 4, "Training loss ": 0.6002837006016247, "Training accuracy ": 0.8386481481481481, "Validation loss ": 0.6243763932899243, "Validation accuracy ": 0.8276666666666667, "Testing loss ": 0.5883388558623969, "Testing accuracy ": 0.8423, "_timestamp": 1709499938.7487135, "_runtime": 15.319167375564575, "_step": 9, "confusion_matrix_table": {"_type": "table-file", "sha256": "0b204f07af9b5f10660994c45ff3d24f9b805a055f6dd42a3d8b6e791711df5a", "size": 3189, "artifact_path": "wandb-client-artifact://gjeg9o8ww5l6a581bqupvoipbo0jaoh0obd1447su7tizub91shmirnatj4rkg1z6kaa7xq3poci0csnj343p2qcsc0y3k4q90irekwavfuovp2hq4e6ozh2ttptvacc:latest/confusion_matrix_table.table.json", "_latest_artifact_path": "wandb-client-artifact://gjeg9o8ww5l6a581bqupvoipbo0jaoh0obd1447su7tizub91shmirnatj4rkg1z6kaa7xq3poci0csnj343p2qcsc0y3k4q90irekwavfuovp2hq4e6ozh2ttptvacc:latest/confusion_matrix_table.table.json", "path": "media/table/confusion_matrix_table_9_0b204f07af9b5f106609.table.json", "ncols": 3, "nrows": 100}, "_wandb": {"runtime": 14}}