{"Epoch ": 4, "Training loss ": 0.1895511827406615, "Training accuracy ": 0.8699814814814815, "Validation loss ": 0.2012972218513811, "Validation accuracy ": 0.859, "Testing loss ": 0.21114798862161147, "Testing accuracy ": 0.8533, "_timestamp": 1709189416.3186986, "_runtime": 14.666009664535522, "_step": 9, "confusion_matrix_table": {"_type": "table-file", "sha256": "fd23174ccff67cb7bfab38c2e036070e62aa1036108325ef25c213d9fcce354a", "size": 3174, "artifact_path": "wandb-client-artifact://85zd2nktbrwwua8q3b5txtp7kpi2u8nqg7ehn2w63jd3t2cnczsdjjslmrazh6q5n1rwu4xn92uyxk400e6ysqm6wko058ol3pdqs7ahetxf6pce5jfx3rxetyuuv500:latest/confusion_matrix_table.table.json", "_latest_artifact_path": "wandb-client-artifact://85zd2nktbrwwua8q3b5txtp7kpi2u8nqg7ehn2w63jd3t2cnczsdjjslmrazh6q5n1rwu4xn92uyxk400e6ysqm6wko058ol3pdqs7ahetxf6pce5jfx3rxetyuuv500:latest/confusion_matrix_table.table.json", "path": "media/table/confusion_matrix_table_9_fd23174ccff67cb7bfab.table.json", "ncols": 3, "nrows": 100}, "_wandb": {"runtime": 13}}