{"Epoch ": 14, "Training loss ": 0.12151630804672038, "Training accuracy ": 0.9166296296296297, "Validation loss ": 0.15614909198824647, "Validation accuracy ": 0.8916666666666667, "Testing loss ": 0.17447594362733318, "Testing accuracy ": 0.8775, "_timestamp": 1709536696.7880125, "_runtime": 116.27795052528381, "_step": 29, "confusion_matrix_table": {"_type": "table-file", "sha256": "1f38d4531085b6c041c294f2135a46ff4d3cc07941da9a2424cdff0366b6af25", "size": 3171, "artifact_path": "wandb-client-artifact://f2482yafn94213b5dma3q9i05y2x73u8qgnjvb8k0sxy8kzvryfe2kxbhoo20kqj10nttrxlwa5w1lrqi69vbb9uu73qeb5scl7ymdxpjmvnwkbvj4c2cazbl2icxw3m:latest/confusion_matrix_table.table.json", "_latest_artifact_path": "wandb-client-artifact://f2482yafn94213b5dma3q9i05y2x73u8qgnjvb8k0sxy8kzvryfe2kxbhoo20kqj10nttrxlwa5w1lrqi69vbb9uu73qeb5scl7ymdxpjmvnwkbvj4c2cazbl2icxw3m:latest/confusion_matrix_table.table.json", "path": "media/table/confusion_matrix_table_29_1f38d4531085b6c041c2.table.json", "ncols": 3, "nrows": 100}, "_wandb": {"runtime": 115}}