{"Epoch ": 4, "Training loss ": 0.8075532728179954, "Training accuracy ": 0.19633333333333333, "Validation loss ": 0.8073069016814932, "Validation accuracy ": 0.19666666666666666, "Testing loss ": 0.8086135748904271, "Testing accuracy ": 0.1957, "_timestamp": 1709400910.266077, "_runtime": 21.889862060546875, "_step": 9, "confusion_matrix_table": {"_type": "table-file", "sha256": "a3650ae8c1a00e624e43e34651e38e9bc4d1d064f7c05333b363e617e3e47cd7", "size": 3147, "artifact_path": "wandb-client-artifact://ecsudkyi8bodrg6bvhay1c4he7ps4l9royia4t0vcm5wos8l897ltsgoi6ne2t0f3637mz832kljogrovoqll54ijo09gscs44026durfdvdyhvho7pah6yttgyizl4h:latest/confusion_matrix_table.table.json", "_latest_artifact_path": "wandb-client-artifact://ecsudkyi8bodrg6bvhay1c4he7ps4l9royia4t0vcm5wos8l897ltsgoi6ne2t0f3637mz832kljogrovoqll54ijo09gscs44026durfdvdyhvho7pah6yttgyizl4h:latest/confusion_matrix_table.table.json", "path": "media/table/confusion_matrix_table_9_a3650ae8c1a00e624e43.table.json", "ncols": 3, "nrows": 100}, "_wandb": {"runtime": 21}}