{"Epoch ": 4, "Training loss ": 0.6179206038915539, "Training accuracy ": 0.7898333333333334, "Validation loss ": 0.630902689726512, "Validation accuracy ": 0.7853333333333333, "Testing loss ": 0.65960205602142, "Testing accuracy ": 0.7768, "_timestamp": 1709128639.1007442, "_runtime": 48.402231216430664, "_step": 9, "confusion_matrix_table": {"_type": "table-file", "sha256": "d24cb6779d7c69e543c8a45ed119f7cd26a94b6f668d0035051a86f99d6633b8", "size": 3184, "artifact_path": "wandb-client-artifact://fe4ix82bu965borxcm7348zhhi9lqj83nv1lgvc0cglyg70akc840i9ue18u9ul2kiv1ojkdry4tvxb1z3865x2h17ok7r4xbev4xa09uglejxu7kaeb81pnkdarbx0b:latest/confusion_matrix_table.table.json", "_latest_artifact_path": "wandb-client-artifact://fe4ix82bu965borxcm7348zhhi9lqj83nv1lgvc0cglyg70akc840i9ue18u9ul2kiv1ojkdry4tvxb1z3865x2h17ok7r4xbev4xa09uglejxu7kaeb81pnkdarbx0b:latest/confusion_matrix_table.table.json", "path": "media/table/confusion_matrix_table_9_d24cb6779d7c69e543c8.table.json", "ncols": 3, "nrows": 100}, "_wandb": {"runtime": 47}}