{"Epoch ": 29, "Training loss ": 0.2234631161125785, "Training accuracy ": 0.9201111111111111, "Validation loss ": 0.2959063324871804, "Validation accuracy ": 0.8913333333333333, "Testing loss ": 0.327258346814901, "Testing accuracy ": 0.8815, "_timestamp": 1709496803.85064, "_runtime": 797.9157841205597, "_step": 59, "confusion_matrix_table": {"_type": "table-file", "sha256": "54fb899836e09d9a45c4136b3989a0d12d564d10fbf22ce10a8e3efa273e2714", "size": 3169, "artifact_path": "wandb-client-artifact://da43tortm8lo7z7j15dzkrmlmoxgvrcwgih18ixaran1bhfx5jkcf6o7k3zehyfgz3xi8tgfcc8p5g8krh6jnh6cv0ure2ci1jvc2vabmx0qt6wobo32zfm6wx1u3li0:latest/confusion_matrix_table.table.json", "_latest_artifact_path": "wandb-client-artifact://da43tortm8lo7z7j15dzkrmlmoxgvrcwgih18ixaran1bhfx5jkcf6o7k3zehyfgz3xi8tgfcc8p5g8krh6jnh6cv0ure2ci1jvc2vabmx0qt6wobo32zfm6wx1u3li0:latest/confusion_matrix_table.table.json", "path": "media/table/confusion_matrix_table_59_54fb899836e09d9a45c4.table.json", "ncols": 3, "nrows": 100}, "_wandb": {"runtime": 797}}