{"Epoch ": 29, "Training loss ": 0.21501284212133948, "Training accuracy ": 0.9219259259259259, "Validation loss ": 0.31845954664081605, "Validation accuracy ": 0.8885, "Testing loss ": 0.35563109075810373, "Testing accuracy ": 0.8788, "_timestamp": 1709303423.7926056, "_runtime": 206.86393666267395, "_step": 59, "confusion_matrix_table": {"_type": "table-file", "sha256": "1a241b57658e574fd72cb6cc81d374b0f4a394c28faeeede6798bc63a101c86f", "size": 3170, "artifact_path": "wandb-client-artifact://p4u6iti5d9hcr04h3lgpddh67h0vsy1vr3337rxua04vdl664o4jtb2osapwv4adjem0epm6railrjhx4z3w25jufdnhz7s0uqn782i1hrwy80bhphk0x7he2q9hxt3w:latest/confusion_matrix_table.table.json", "_latest_artifact_path": "wandb-client-artifact://p4u6iti5d9hcr04h3lgpddh67h0vsy1vr3337rxua04vdl664o4jtb2osapwv4adjem0epm6railrjhx4z3w25jufdnhz7s0uqn782i1hrwy80bhphk0x7he2q9hxt3w:latest/confusion_matrix_table.table.json", "path": "media/table/confusion_matrix_table_59_1a241b57658e574fd72c.table.json", "ncols": 3, "nrows": 100}, "_wandb": {"runtime": 206}}