{"Epoch ": 29, "Training loss ": 0.20519838257355016, "Training accuracy ": 0.9251666666666667, "Validation loss ": 0.34132077672730465, "Validation accuracy ": 0.8878333333333334, "Testing loss ": 0.3523313392594368, "Testing accuracy ": 0.8797, "_timestamp": 1709414735.2585723, "_runtime": 128.5287573337555, "_step": 59, "confusion_matrix_table": {"_type": "table-file", "sha256": "eacaf1783adc4c1faac8a959f0cfe04e0178b2f4db2a49a5b940de118ed73c16", "size": 3166, "artifact_path": "wandb-client-artifact://pk65sr6zaz16i3oyi2cok7gdvdzi0srp2ofgs4meohotb4wo1w046j29didkj7rn4wqtp7xw0q2hslo634cjdknq6pyflbx829kyucrch38qc1bn5prn3jmjv4u3w69m:latest/confusion_matrix_table.table.json", "_latest_artifact_path": "wandb-client-artifact://pk65sr6zaz16i3oyi2cok7gdvdzi0srp2ofgs4meohotb4wo1w046j29didkj7rn4wqtp7xw0q2hslo634cjdknq6pyflbx829kyucrch38qc1bn5prn3jmjv4u3w69m:latest/confusion_matrix_table.table.json", "path": "media/table/confusion_matrix_table_59_eacaf1783adc4c1faac8.table.json", "ncols": 3, "nrows": 100}, "_wandb": {"runtime": 127}}