{"Epoch ": 9, "Training loss ": 0.2004375684391455, "Training accuracy ": 0.8622407407407408, "Validation loss ": 0.21078504334216538, "Validation accuracy ": 0.8571666666666666, "Testing loss ": 0.2245900696450059, "Testing accuracy ": 0.8479, "_timestamp": 1709145277.4299567, "_runtime": 23.721927642822266, "_step": 19, "confusion_matrix_table": {"_type": "table-file", "sha256": "2e375225d5333878490fcce74e9999c113e0f46edcadb80b0d6d7c6cd072899c", "size": 3174, "artifact_path": "wandb-client-artifact://an0o5vvr5wrkc3zedbqfk9w8t7ui05t4wdoaknrse7hz5dm1s7iyqerpq4ucoci8htxymerukx2xr8c82izojf3r0xbkh07bczzs7qynpba2s48s9t6y3dnpws30tbv8:latest/confusion_matrix_table.table.json", "_latest_artifact_path": "wandb-client-artifact://an0o5vvr5wrkc3zedbqfk9w8t7ui05t4wdoaknrse7hz5dm1s7iyqerpq4ucoci8htxymerukx2xr8c82izojf3r0xbkh07bczzs7qynpba2s48s9t6y3dnpws30tbv8:latest/confusion_matrix_table.table.json", "path": "media/table/confusion_matrix_table_19_2e375225d5333878490f.table.json", "ncols": 3, "nrows": 100}, "_wandb": {"runtime": 22}}