{"Epoch ": 4, "Training loss ": 0.6198745603116542, "Training accuracy ": 0.7898888888888889, "Validation loss ": 0.628031362364559, "Validation accuracy ": 0.7888333333333334, "Testing loss ": 0.6439811304769579, "Testing accuracy ": 0.7787, "_timestamp": 1709007560.1415243, "_runtime": 11.94501543045044, "_step": 9, "confusion_matrix_table": {"_type": "table-file", "sha256": "4f3aaa59229f320d450b17d06b77959ce95aa18dca233ab55e2a987d5967aec5", "size": 3181, "artifact_path": "wandb-client-artifact://vxd58y1801fz9ukjdootcdlbb0s6v2qmg5mt462yommp6oge4vhfsqx2eif4d9c0p23wuva67cbiis1xn1wls1gv1f5swihpmcbtfzyphhxbhu8ir6i7t823vnru10dj:latest/confusion_matrix_table.table.json", "_latest_artifact_path": "wandb-client-artifact://vxd58y1801fz9ukjdootcdlbb0s6v2qmg5mt462yommp6oge4vhfsqx2eif4d9c0p23wuva67cbiis1xn1wls1gv1f5swihpmcbtfzyphhxbhu8ir6i7t823vnru10dj:latest/confusion_matrix_table.table.json", "path": "media/table/confusion_matrix_table_9_4f3aaa59229f320d450b.table.json", "ncols": 3, "nrows": 100}, "_wandb": {"runtime": 11}}