{"Epoch ": 14, "Training loss ": 0.17331520803253797, "Training accuracy ": 0.8805185185185185, "Validation loss ": 0.18837541907448527, "Validation accuracy ": 0.872, "Testing loss ": 0.20015509820026076, "Testing accuracy ": 0.8609, "_timestamp": 1709182366.3338804, "_runtime": 44.637237310409546, "_step": 29, "confusion_matrix_table": {"_type": "table-file", "sha256": "e5a52c56875eb3889ad455fbfd4d5cf63e4877b9bc783791fb6e6f487cda7e0a", "size": 3172, "artifact_path": "wandb-client-artifact://k52m8qcpp9ijgcgchccdgv19fbpka12s308s3vczazlmyzcma9j23b1dq11gswd5p6xan51orudv556m37avuy4mkkvz91zaf9kea1ppwdesxk0l2a87rj3bq2vshwq9:latest/confusion_matrix_table.table.json", "_latest_artifact_path": "wandb-client-artifact://k52m8qcpp9ijgcgchccdgv19fbpka12s308s3vczazlmyzcma9j23b1dq11gswd5p6xan51orudv556m37avuy4mkkvz91zaf9kea1ppwdesxk0l2a87rj3bq2vshwq9:latest/confusion_matrix_table.table.json", "path": "media/table/confusion_matrix_table_29_e5a52c56875eb3889ad4.table.json", "ncols": 3, "nrows": 100}, "_wandb": {"runtime": 43}}