{"Epoch ": 29, "Training loss ": 0.21587361063715638, "Training accuracy ": 0.9187777777777778, "Validation loss ": 0.352523354630085, "Validation accuracy ": 0.8863333333333333, "Testing loss ": 0.3993620334284981, "Testing accuracy ": 0.8736, "_timestamp": 1709286496.041455, "_runtime": 140.25267004966736, "_step": 59, "confusion_matrix_table": {"_type": "table-file", "sha256": "c6c0b7958b832840ed99eb8adbf6e9283a971f5558f385d937299ccd43533dba", "size": 3167, "artifact_path": "wandb-client-artifact://pvjg0ay2yvx33yhby98wu99mtxce4humvcx1xqn7vdbodj5ydpds4alxx44mji4xw8qmbounzf1nkrly3zke50xja1zm6elad9tpb22ylvu0srdoqbcdunxgu607lann:latest/confusion_matrix_table.table.json", "_latest_artifact_path": "wandb-client-artifact://pvjg0ay2yvx33yhby98wu99mtxce4humvcx1xqn7vdbodj5ydpds4alxx44mji4xw8qmbounzf1nkrly3zke50xja1zm6elad9tpb22ylvu0srdoqbcdunxgu607lann:latest/confusion_matrix_table.table.json", "path": "media/table/confusion_matrix_table_59_c6c0b7958b832840ed99.table.json", "ncols": 3, "nrows": 100}, "_wandb": {"runtime": 139}}