{"Epoch ": 4, "Training loss ": 0.4240880005631795, "Training accuracy ": 0.8509814814814814, "Validation loss ": 0.4281206833933629, "Validation accuracy ": 0.8445, "Testing loss ": 0.45993691811389453, "Testing accuracy ": 0.8381, "_timestamp": 1709102062.8161035, "_runtime": 41.802311420440674, "_step": 4, "_wandb": {"runtime": 35}}