{"Epoch ": 14, "Training loss ": 0.8562466070378478, "Training accuracy ": 0.43996296296296294, "Validation loss ": 0.8562989270127828, "Validation accuracy ": 0.43683333333333335, "Testing loss ": 0.8565094028378475, "Testing accuracy ": 0.4389, "_timestamp": 1709181623.7235982, "_runtime": 42.70645332336426, "_step": 29, "confusion_matrix_table": {"_type": "table-file", "sha256": "e9ebd96c0b038023dd42b8afef5a037af3fbcda20aaf48f74ae8f8093b927138", "size": 3185, "artifact_path": "wandb-client-artifact://z0d2dfvd5iaf59r76f4cf9pgjyw53efeurc3jmg2sc14jcut3u574aj72wacckr8s6ohczc0da89ip5rncgryapcn2ux5irto37gz3n30iwfom87o1qm6ir1znycity5:latest/confusion_matrix_table.table.json", "_latest_artifact_path": "wandb-client-artifact://z0d2dfvd5iaf59r76f4cf9pgjyw53efeurc3jmg2sc14jcut3u574aj72wacckr8s6ohczc0da89ip5rncgryapcn2ux5irto37gz3n30iwfom87o1qm6ir1znycity5:latest/confusion_matrix_table.table.json", "path": "media/table/confusion_matrix_table_29_e9ebd96c0b038023dd42.table.json", "ncols": 3, "nrows": 100}, "_wandb": {"runtime": 41}}