{"Epoch ": 4, "Training loss ": 2.317731014759369, "Training accuracy ": 0.1, "Validation loss ": 2.3177211712351875, "Validation accuracy ": 0.1, "Testing loss ": 2.3177315049589033, "Testing accuracy ": 0.1, "_timestamp": 1709105705.3288808, "_runtime": 16.700138807296753, "_step": 9, "confusion_matrix_table": {"_type": "table-file", "sha256": "0ee415feb6e88801bea131a71c2983f6ab863018fdbc5640c49db930f958dd1d", "size": 3152, "artifact_path": "wandb-client-artifact://p5j44xm6daqs89y05rgiwjrpl5a45gmv1zi6srmazdc9rfuqom1dtf0rb025bxmsqhytksk632uq5al8caxiqszj29tsz8x0584b9g1w6ii69g72ztgkksc62xp9pk5u:latest/confusion_matrix_table.table.json", "_latest_artifact_path": "wandb-client-artifact://p5j44xm6daqs89y05rgiwjrpl5a45gmv1zi6srmazdc9rfuqom1dtf0rb025bxmsqhytksk632uq5al8caxiqszj29tsz8x0584b9g1w6ii69g72ztgkksc62xp9pk5u:latest/confusion_matrix_table.table.json", "path": "media/table/confusion_matrix_table_9_0ee415feb6e88801bea1.table.json", "ncols": 3, "nrows": 100}, "_wandb": {"runtime": 15}}