{"Epoch ": 4, "Training loss ": 0.4249075182397086, "Training accuracy ": 0.6461481481481481, "Validation loss ": 0.43303115082731347, "Validation accuracy ": 0.6383333333333333, "Testing loss ": 0.43531661567582114, "Testing accuracy ": 0.6364, "_timestamp": 1709399842.825867, "_runtime": 21.664707899093628, "_step": 9, "confusion_matrix_table": {"_type": "table-file", "sha256": "9e7876fd8970906d367afd471bb2073b27993e0468534df3338ea60efd6ca1c2", "size": 3185, "artifact_path": "wandb-client-artifact://59h4zb3ltcpst5eoqmqilghe00stirz1ht5avgzoey1frg2q9afj161mzqd0gcsrvfaffyxksrm6wfzf8v2p1cg89mjxpbq7cbreys2tx6m6c6l6hexh2rms4x5gfa9d:latest/confusion_matrix_table.table.json", "_latest_artifact_path": "wandb-client-artifact://59h4zb3ltcpst5eoqmqilghe00stirz1ht5avgzoey1frg2q9afj161mzqd0gcsrvfaffyxksrm6wfzf8v2p1cg89mjxpbq7cbreys2tx6m6c6l6hexh2rms4x5gfa9d:latest/confusion_matrix_table.table.json", "path": "media/table/confusion_matrix_table_9_9e7876fd8970906d367a.table.json", "ncols": 3, "nrows": 100}, "_wandb": {"runtime": 20}}