{"Epoch ": 9, "Training loss ": 0.4297252936344013, "Training accuracy ": 0.704462962962963, "Validation loss ": 0.4363882589268218, "Validation accuracy ": 0.6943333333333334, "Testing loss ": 0.4358065027526073, "Testing accuracy ": 0.6978, "_timestamp": 1709566053.2801907, "_runtime": 83.02599263191223, "_step": 19, "confusion_matrix_table": {"_type": "table-file", "sha256": "06774ad298aa8358a38f0392dcc548d6aaa347425e36b6746ba2631de3c42bb1", "size": 3180, "artifact_path": "wandb-client-artifact://jhelnptduu7iqq4gzcqmo7ipauqdcvaou5mhkfd1ojlhx0yxbtsbxu7ir13b6chvq2kz5rpw51215d5daqcg6vrha1as7gl9r7uc5fejg5rnwe4lcwas4a684pvjk7g7:latest/confusion_matrix_table.table.json", "_latest_artifact_path": "wandb-client-artifact://jhelnptduu7iqq4gzcqmo7ipauqdcvaou5mhkfd1ojlhx0yxbtsbxu7ir13b6chvq2kz5rpw51215d5daqcg6vrha1as7gl9r7uc5fejg5rnwe4lcwas4a684pvjk7g7:latest/confusion_matrix_table.table.json", "path": "media/table/confusion_matrix_table_19_06774ad298aa8358a38f.table.json", "ncols": 3, "nrows": 100}, "_wandb": {"runtime": 82}}