{"Epoch ": 4, "Training loss ": 0.5073782727005729, "Training accuracy ": 0.8233703703703704, "Validation loss ": 0.5394981984088634, "Validation accuracy ": 0.8123333333333334, "Testing loss ": 0.557847608330461, "Testing accuracy ": 0.8066, "_timestamp": 1709128576.9996016, "_runtime": 47.461119651794434, "_step": 9, "confusion_matrix_table": {"_type": "table-file", "sha256": "192f2ba792df373256e0e7330d8380baf064919751b96a90341bcd8daca9fff4", "size": 3178, "artifact_path": "wandb-client-artifact://xfidhvlzbsmnsu4wzvp4c7z4xwos16v1n6ajyu5ukcr6awea4t04av86xlmn9j308m1d4hcnws6sejw506wov9ae2lmxgkn7wo391rc5sm3vxbia8ascpx6zpsngxbq2:latest/confusion_matrix_table.table.json", "_latest_artifact_path": "wandb-client-artifact://xfidhvlzbsmnsu4wzvp4c7z4xwos16v1n6ajyu5ukcr6awea4t04av86xlmn9j308m1d4hcnws6sejw506wov9ae2lmxgkn7wo391rc5sm3vxbia8ascpx6zpsngxbq2:latest/confusion_matrix_table.table.json", "path": "media/table/confusion_matrix_table_9_192f2ba792df373256e0.table.json", "ncols": 3, "nrows": 100}, "_wandb": {"runtime": 46}}