{"Epoch ": 4, "Training loss ": 0.5268945500048144, "Training accuracy ": 0.8143703703703704, "Validation loss ": 0.5651000923742483, "Validation accuracy ": 0.8018333333333333, "Testing loss ": 0.5635760171291918, "Testing accuracy ": 0.8033, "_timestamp": 1709128097.195631, "_runtime": 27.16769003868103, "_step": 9, "confusion_matrix_table": {"_type": "table-file", "sha256": "8c94fb9c395fb7c91fe04632909091772a25170b7fb537cab745071f52d36c75", "size": 3180, "artifact_path": "wandb-client-artifact://s5pt2nwtmghzxqqxmkw9xxu6wdl7bkom0bhs2sgut4sn5b6idyjec0xgw7gpvy9ymy20uclgzc77yomcnjv4zreb44qvbqydqffbmzvxsv3yxh5f2q03qde5ujj6549e:latest/confusion_matrix_table.table.json", "_latest_artifact_path": "wandb-client-artifact://s5pt2nwtmghzxqqxmkw9xxu6wdl7bkom0bhs2sgut4sn5b6idyjec0xgw7gpvy9ymy20uclgzc77yomcnjv4zreb44qvbqydqffbmzvxsv3yxh5f2q03qde5ujj6549e:latest/confusion_matrix_table.table.json", "path": "media/table/confusion_matrix_table_9_8c94fb9c395fb7c91fe0.table.json", "ncols": 3, "nrows": 100}, "_wandb": {"runtime": 26}}