{"Epoch ": 24, "Training loss ": 0.1721085963543233, "Training accuracy ": 0.9361296296296296, "Validation loss ": 0.3467790955912288, "Validation accuracy ": 0.8855, "Testing loss ": 0.37590263197015894, "Testing accuracy ": 0.8816, "_timestamp": 1709299814.9091158, "_runtime": 243.93648076057434, "_step": 49, "confusion_matrix_table": {"_type": "table-file", "sha256": "07b11c34c770b73f47052349c0b49eaf36eb4cc070fe13ece66a18a325c1989b", "size": 3167, "artifact_path": "wandb-client-artifact://qqyaf3x42xgf8r609zzghyilhnxyqvfeixidmmrpx5a29grmw3se1lsmanf1tq2lat864t081ryvgkv0dxwzbyt6nmkx38ldp1i0g3rfz33jb8faheis18dryyep682l:latest/confusion_matrix_table.table.json", "_latest_artifact_path": "wandb-client-artifact://qqyaf3x42xgf8r609zzghyilhnxyqvfeixidmmrpx5a29grmw3se1lsmanf1tq2lat864t081ryvgkv0dxwzbyt6nmkx38ldp1i0g3rfz33jb8faheis18dryyep682l:latest/confusion_matrix_table.table.json", "path": "media/table/confusion_matrix_table_49_07b11c34c770b73f4705.table.json", "ncols": 3, "nrows": 100}, "_wandb": {"runtime": 238}}