{"Epoch ": 19, "Training loss ": 0.3187992862368878, "Training accuracy ": 0.8860370370370371, "Validation loss ": 0.3667288568466501, "Validation accuracy ": 0.8683333333333333, "Testing loss ": 0.3735312509157664, "Testing accuracy ": 0.869, "_timestamp": 1709126698.832909, "_runtime": 111.80339622497559, "_step": 39, "confusion_matrix_table": {"_type": "table-file", "sha256": "23cdc124c42fa91055088fa43a667c111d3ee78e39ccf63a7d2813f0de002a22", "size": 3171, "artifact_path": "wandb-client-artifact://7vy8md0to6agcmfzssaysnuzksfy7ixv30m8kiprmztucp6y3hy7wv4skevoqansbtn7s811dy31u7mrh9yzjol4nk1zwx0pz49cy65avaw6hjkz13j3mjjvd4ktgtbe:latest/confusion_matrix_table.table.json", "_latest_artifact_path": "wandb-client-artifact://7vy8md0to6agcmfzssaysnuzksfy7ixv30m8kiprmztucp6y3hy7wv4skevoqansbtn7s811dy31u7mrh9yzjol4nk1zwx0pz49cy65avaw6hjkz13j3mjjvd4ktgtbe:latest/confusion_matrix_table.table.json", "path": "media/table/confusion_matrix_table_39_23cdc124c42fa9105508.table.json", "ncols": 3, "nrows": 100}, "_wandb": {"runtime": 111}}