{"Epoch ": 24, "Training loss ": 0.34592178309862964, "Training accuracy ": 0.8786851851851852, "Validation loss ": 0.4694356740565047, "Validation accuracy ": 0.8575, "Testing loss ": 0.4858088873728066, "Testing accuracy ": 0.8515, "_timestamp": 1709449323.6300337, "_runtime": 391.6983118057251, "_step": 49, "confusion_matrix_table": {"_type": "table-file", "sha256": "8f449a6984b95fc5f28fd57fd4db1ddfb54080fee13c0fe5fd3afbf217109e85", "size": 3177, "artifact_path": "wandb-client-artifact://44q4hbr7vuatwc9qgm2pf0w1swf0e4u0z4od0v06el4dvyrh6ubb6eovn8vj76hljm56p5609wtuplqhupc7os5afuhfyfafvysgja0j8oh415mqnllqrm07m4rshni4:latest/confusion_matrix_table.table.json", "_latest_artifact_path": "wandb-client-artifact://44q4hbr7vuatwc9qgm2pf0w1swf0e4u0z4od0v06el4dvyrh6ubb6eovn8vj76hljm56p5609wtuplqhupc7os5afuhfyfafvysgja0j8oh415mqnllqrm07m4rshni4:latest/confusion_matrix_table.table.json", "path": "media/table/confusion_matrix_table_49_8f449a6984b95fc5f28f.table.json", "ncols": 3, "nrows": 100}, "_wandb": {"runtime": 390}}