{"Epoch ": 29, "Training loss ": 0.36320506894049787, "Training accuracy ": 0.8716851851851852, "Validation loss ": 0.395137975225555, "Validation accuracy ": 0.8635, "Testing loss ": 0.4121240248376248, "Testing accuracy ": 0.8531, "_timestamp": 1709290928.50938, "_runtime": 42.93701100349426, "_step": 59, "confusion_matrix_table": {"_type": "table-file", "sha256": "abed847d67c25d0335dd56ee6c3cfd023b0d702338063582536ec8dadf576573", "size": 3173, "artifact_path": "wandb-client-artifact://7goan9qghgw1yl5w27h2tv4a11nla8ytl72635a1pqmuv7dzk5xjbx8ltv19c0e0wkaee32keqp0gv3qlkodeyul69uk6hy28ktpldi0j2kzp0p5gs04faurf1fml76g:latest/confusion_matrix_table.table.json", "_latest_artifact_path": "wandb-client-artifact://7goan9qghgw1yl5w27h2tv4a11nla8ytl72635a1pqmuv7dzk5xjbx8ltv19c0e0wkaee32keqp0gv3qlkodeyul69uk6hy28ktpldi0j2kzp0p5gs04faurf1fml76g:latest/confusion_matrix_table.table.json", "path": "media/table/confusion_matrix_table_59_abed847d67c25d0335dd.table.json", "ncols": 3, "nrows": 100}, "_wandb": {"runtime": 42}}