{"Epoch ": 14, "Training loss ": 0.4080204480973013, "Training accuracy ": 0.8614444444444445, "Validation loss ": 0.4170172586588767, "Validation accuracy ": 0.8533333333333334, "Testing loss ": 0.4411273937655389, "Testing accuracy ": 0.8481, "_timestamp": 1709499083.979238, "_runtime": 152.78138399124146, "_step": 29, "confusion_matrix_table": {"_type": "table-file", "sha256": "c2e29b6ba9ba34ba30fa8309996ae3d59144fcd7514a8f3d0fe417cc31923545", "size": 3172, "artifact_path": "wandb-client-artifact://l32v0kk5hmy4durfs8owzffm9tzy9g90twjrqzokiaym1emibmd8epcin7q5z20iczxuqenh7uktkcweg3zeoa6irby20nde54q579zfsuc2lphhicnyl2iiukf4azot:latest/confusion_matrix_table.table.json", "_latest_artifact_path": "wandb-client-artifact://l32v0kk5hmy4durfs8owzffm9tzy9g90twjrqzokiaym1emibmd8epcin7q5z20iczxuqenh7uktkcweg3zeoa6irby20nde54q579zfsuc2lphhicnyl2iiukf4azot:latest/confusion_matrix_table.table.json", "path": "media/table/confusion_matrix_table_29_c2e29b6ba9ba34ba30fa.table.json", "ncols": 3, "nrows": 100}, "_wandb": {"runtime": 152}}