{"Epoch": 24, "Training loss": 0.536730355618772, "Training accuracy": 0.8201111111111111, "Validation loss": 0.5334924282853101, "Validation accuracy": 0.8213333333333334, "Testing loss": 0.5610281872584681, "Testing accuracy": 0.8088, "_timestamp": 1709122170.442978, "_runtime": 32.61811590194702, "_step": 49, "confusion_matrix_table": {"_type": "table-file", "sha256": "42e7799b76aafbf52168bd552faa32400a4a12385d42b046cd12bbc49d5d165e", "size": 3184, "artifact_path": "wandb-client-artifact://issh45pduo43yyilc0fi3w7q0vhh8wth6zpuyajzuua4m42kiu367erho71ici3r9jtj8ifavgx09sxo0n4ag2jyhmsp1wi8wq88j0x3z0remavpspr7ynisetkferuz:latest/confusion_matrix_table.table.json", "_latest_artifact_path": "wandb-client-artifact://issh45pduo43yyilc0fi3w7q0vhh8wth6zpuyajzuua4m42kiu367erho71ici3r9jtj8ifavgx09sxo0n4ag2jyhmsp1wi8wq88j0x3z0remavpspr7ynisetkferuz:latest/confusion_matrix_table.table.json", "path": "media/table/confusion_matrix_table_49_42e7799b76aafbf52168.table.json", "ncols": 3, "nrows": 100}, "_wandb": {"runtime": 31}}