{"Epoch ": 19, "Training loss ": 0.30696205300456864, "Training accuracy ": 0.8915740740740741, "Validation loss ": 0.3415865612978316, "Validation accuracy ": 0.8806666666666667, "Testing loss ": 0.3699380939818734, "Testing accuracy ": 0.8679, "_timestamp": 1709413530.5071747, "_runtime": 28.103920698165894, "_step": 39, "confusion_matrix_table": {"_type": "table-file", "sha256": "ef49ee7b7754278cfc3400865a1402505c968743717dadc3135a5d09cdab7d3c", "size": 3173, "artifact_path": "wandb-client-artifact://pcyv66t342oehusjedmvdf1ozom3viyv2vwo1c70hguho13g7bn8zn8ksnocr2zzp6ko8tm8i6yjmi5176ginyurlcvwx0kw399n5k4n48sdwl30aq2h8o6jyxv20owl:latest/confusion_matrix_table.table.json", "_latest_artifact_path": "wandb-client-artifact://pcyv66t342oehusjedmvdf1ozom3viyv2vwo1c70hguho13g7bn8zn8ksnocr2zzp6ko8tm8i6yjmi5176ginyurlcvwx0kw399n5k4n48sdwl30aq2h8o6jyxv20owl:latest/confusion_matrix_table.table.json", "path": "media/table/confusion_matrix_table_39_ef49ee7b7754278cfc34.table.json", "ncols": 3, "nrows": 100}, "_wandb": {"runtime": 27}}