{"Epoch ": 29, "Training loss ": 0.20361123084415855, "Training accuracy ": 0.9257962962962963, "Validation loss ": 0.3262710659544929, "Validation accuracy ": 0.8861666666666667, "Testing loss ": 0.35225396994564845, "Testing accuracy ": 0.8802, "_timestamp": 1709289970.1179633, "_runtime": 75.72318720817566, "_step": 59, "confusion_matrix_table": {"_type": "table-file", "sha256": "c30bda34aa09dd74da04473128020f515530d8152ee435e0795194633f73d03a", "size": 3167, "artifact_path": "wandb-client-artifact://2j520740iikqq3yrpxnigmn9q6meb736y280a4abkg5ffw9jdefu1aqujvpgjhbl1spe4hsu1ubktvy1uvd3ehksafte05pot7le4xce02y8f9rlgq124n9tokbpx4af:latest/confusion_matrix_table.table.json", "_latest_artifact_path": "wandb-client-artifact://2j520740iikqq3yrpxnigmn9q6meb736y280a4abkg5ffw9jdefu1aqujvpgjhbl1spe4hsu1ubktvy1uvd3ehksafte05pot7le4xce02y8f9rlgq124n9tokbpx4af:latest/confusion_matrix_table.table.json", "path": "media/table/confusion_matrix_table_59_c30bda34aa09dd74da04.table.json", "ncols": 3, "nrows": 100}, "_wandb": {"runtime": 74}}