{"Epoch ": 4, "Training loss ": 0.11431273132380097, "Training accuracy ": 0.9688888888888889, "Validation loss ": 0.1484885504528467, "Validation accuracy ": 0.9598333333333333, "Testing loss ": 0.17142448037220037, "Testing accuracy ": 0.955, "_timestamp": 1709492557.885153, "_runtime": 141.56522011756897, "_step": 9, "confusion_matrix_table": {"_type": "table-file", "sha256": "48fa334e8b64e18579042a43b57741f199747a61828d98989181677c922375a7", "size": 3160, "artifact_path": "wandb-client-artifact://03b7er04vpwkwkk2nkm78obr930szidpin58l9ehddbp4so1oiduccnnbc0cro7agjfcw1j41yqj08tyka0yjz0v3maq20iddubiruxg8unii5m40ik3oojky6wif5sd:latest/confusion_matrix_table.table.json", "_latest_artifact_path": "wandb-client-artifact://03b7er04vpwkwkk2nkm78obr930szidpin58l9ehddbp4so1oiduccnnbc0cro7agjfcw1j41yqj08tyka0yjz0v3maq20iddubiruxg8unii5m40ik3oojky6wif5sd:latest/confusion_matrix_table.table.json", "path": "media/table/confusion_matrix_table_9_48fa334e8b64e1857904.table.json", "ncols": 3, "nrows": 100}, "_wandb": {"runtime": 140}}