{"Epoch ": 29, "Training loss ": 0.8986487812796792, "Training accuracy ": 0.22283333333333333, "Validation loss ": 0.8989131554584214, "Validation accuracy ": 0.224, "Testing loss ": 0.8984018593966082, "Testing accuracy ": 0.2259, "_timestamp": 1709313584.3901367, "_runtime": 49.647613763809204, "_step": 59, "confusion_matrix_table": {"_type": "table-file", "sha256": "8eaffb7cb04d2d3c1f1931434fc98d6a53928505ef5e85c50edda9134e84bba6", "size": 3189, "artifact_path": "wandb-client-artifact://132r4r0liwloq9efk4hemcqojhl4bp9jp1crp1k7aabx309z1oh6unf4zjany46gt4uk5z7d5ce4ozyt5aoffqw0urthrucir5dtfmfk4jhzcqr6ml1oyiuijk7f62nk:latest/confusion_matrix_table.table.json", "_latest_artifact_path": "wandb-client-artifact://132r4r0liwloq9efk4hemcqojhl4bp9jp1crp1k7aabx309z1oh6unf4zjany46gt4uk5z7d5ce4ozyt5aoffqw0urthrucir5dtfmfk4jhzcqr6ml1oyiuijk7f62nk:latest/confusion_matrix_table.table.json", "path": "media/table/confusion_matrix_table_59_8eaffb7cb04d2d3c1f19.table.json", "ncols": 3, "nrows": 100}, "_wandb": {"runtime": 48}}