{"Epoch ": 29, "Training loss ": 0.19499365444560346, "Training accuracy ": 0.928074074074074, "Validation loss ": 0.33447867906745765, "Validation accuracy ": 0.8851666666666667, "Testing loss ": 0.36691758918012934, "Testing accuracy ": 0.8781, "_timestamp": 1709409585.8959749, "_runtime": 52.78198575973511, "_step": 59, "confusion_matrix_table": {"_type": "table-file", "sha256": "2cc14432be55205ea04f769a27d15d75dfeb5df9454c98ed6e8d8bc0ac86b658", "size": 3170, "artifact_path": "wandb-client-artifact://c8wu5qom143e94tyftirmunfkskf6z6cfpc5hh5vo2thi4a1hppxofmxvwbrzce6fqgeytq22ozp4vgk5aoe8gfzohf6ohzlsb78la36ss8ve66cokj1s41qkh6p1tym:latest/confusion_matrix_table.table.json", "_latest_artifact_path": "wandb-client-artifact://c8wu5qom143e94tyftirmunfkskf6z6cfpc5hh5vo2thi4a1hppxofmxvwbrzce6fqgeytq22ozp4vgk5aoe8gfzohf6ohzlsb78la36ss8ve66cokj1s41qkh6p1tym:latest/confusion_matrix_table.table.json", "path": "media/table/confusion_matrix_table_59_2cc14432be55205ea04f.table.json", "ncols": 3, "nrows": 100}, "_wandb": {"runtime": 52}}