{"Epoch ": 4, "Training loss ": 0.2327992678940357, "Training accuracy ": 0.8525185185185186, "Validation loss ": 0.24027011459255357, "Validation accuracy ": 0.8426666666666667, "Testing loss ": 0.24893774353182793, "Testing accuracy ": 0.8384, "_timestamp": 1709147983.451008, "_runtime": 18.900809049606323, "_step": 9, "confusion_matrix_table": {"_type": "table-file", "sha256": "9a60ee341e8925567686875e19feea36a47f40ba561c58eccc9dd68d89043c9c", "size": 3176, "artifact_path": "wandb-client-artifact://uxcgeudlwooep35xf6hfmz777t3748dt040mamkd0domze6y1815r9zho7wzr2wsu4rs35n033upg2bfzzoofra8iszj3rsqgm0wt9aovicff0optoxmunk65yzpztzs:latest/confusion_matrix_table.table.json", "_latest_artifact_path": "wandb-client-artifact://uxcgeudlwooep35xf6hfmz777t3748dt040mamkd0domze6y1815r9zho7wzr2wsu4rs35n033upg2bfzzoofra8iszj3rsqgm0wt9aovicff0optoxmunk65yzpztzs:latest/confusion_matrix_table.table.json", "path": "media/table/confusion_matrix_table_9_9a60ee341e8925567686.table.json", "ncols": 3, "nrows": 100}, "_wandb": {"runtime": 18}}