{"Epoch ": 24, "Training loss ": 0.29942402637674437, "Training accuracy ": 0.8941851851851852, "Validation loss ": 0.34301927119007486, "Validation accuracy ": 0.8831666666666667, "Testing loss ": 0.37211694467273815, "Testing accuracy ": 0.8696, "_timestamp": 1709456946.2574449, "_runtime": 39.246848821640015, "_step": 49, "confusion_matrix_table": {"_type": "table-file", "sha256": "accffb22e6937689f6c63ec0ab2338ee920df803fc55adda433e58dc34982b7c", "size": 3172, "artifact_path": "wandb-client-artifact://pgng9ne3uo0yass82u56rk0ans5qdhok91i0pszeiu7a6jzue6aub6vgonmp4j54izivqmnrzjwr6sk2nqn6r2w03r8258l7tyzfuvduhs45oo0g1m798bevl7srqwu3:latest/confusion_matrix_table.table.json", "_latest_artifact_path": "wandb-client-artifact://pgng9ne3uo0yass82u56rk0ans5qdhok91i0pszeiu7a6jzue6aub6vgonmp4j54izivqmnrzjwr6sk2nqn6r2w03r8258l7tyzfuvduhs45oo0g1m798bevl7srqwu3:latest/confusion_matrix_table.table.json", "path": "media/table/confusion_matrix_table_49_accffb22e6937689f6c6.table.json", "ncols": 3, "nrows": 100}, "_wandb": {"runtime": 38}}