{"Epoch ": 19, "Training loss ": 0.2492370511168979, "Training accuracy ": 0.9070925925925926, "Validation loss ": 0.3341590096230437, "Validation accuracy ": 0.8818333333333334, "Testing loss ": 0.38095126249060984, "Testing accuracy ": 0.873, "_timestamp": 1709453308.3837438, "_runtime": 29.774266719818115, "_step": 39, "confusion_matrix_table": {"_type": "table-file", "sha256": "c7f739a1c6ed61998413509f20d152e28285d3f010fc48e894539153b78a3c6b", "size": 3170, "artifact_path": "wandb-client-artifact://tovp02cw103hekodn4wvhm6sisbvlul81pphkdrxdniid1u7ffzuyxp4n6j43l3474i2hvbcy7yh0mgnu43jmkf7hw2theqwbnaix1m3m1zwj7pos4l2h2x29ckghq7f:latest/confusion_matrix_table.table.json", "_latest_artifact_path": "wandb-client-artifact://tovp02cw103hekodn4wvhm6sisbvlul81pphkdrxdniid1u7ffzuyxp4n6j43l3474i2hvbcy7yh0mgnu43jmkf7hw2theqwbnaix1m3m1zwj7pos4l2h2x29ckghq7f:latest/confusion_matrix_table.table.json", "path": "media/table/confusion_matrix_table_39_c7f739a1c6ed61998413.table.json", "ncols": 3, "nrows": 100}, "_wandb": {"runtime": 29}}