{"Epoch ": 14, "Training loss ": 0.2722529478840359, "Training accuracy ": 0.900537037037037, "Validation loss ": 0.34453786680539633, "Validation accuracy ": 0.876, "Testing loss ": 0.38154377498223374, "Testing accuracy ": 0.8635, "_timestamp": 1709286598.630957, "_runtime": 29.71657681465149, "_step": 29, "confusion_matrix_table": {"_type": "table-file", "sha256": "d0a4f557319e8f08a3268eaa978834c4cd2a2e2cec1166426deb4045dd1f096d", "size": 3170, "artifact_path": "wandb-client-artifact://5ei5ihoc6m8nbalk2n8jy8wuxjgo5qfiuq53vua76oh6npy0kpe0klc6pzhnl5hibmjnijmotqlxam38v8vuounjn0yjudc84qyiqgfbco3mbp28fc60o8ay2vbyyj0z:latest/confusion_matrix_table.table.json", "_latest_artifact_path": "wandb-client-artifact://5ei5ihoc6m8nbalk2n8jy8wuxjgo5qfiuq53vua76oh6npy0kpe0klc6pzhnl5hibmjnijmotqlxam38v8vuounjn0yjudc84qyiqgfbco3mbp28fc60o8ay2vbyyj0z:latest/confusion_matrix_table.table.json", "path": "media/table/confusion_matrix_table_29_d0a4f557319e8f08a326.table.json", "ncols": 3, "nrows": 100}, "_wandb": {"runtime": 29}}