{"Epoch ": 14, "Training loss ": 0.2519380610549318, "Training accuracy ": 0.9094814814814814, "Validation loss ": 0.3661561633987494, "Validation accuracy ": 0.8768333333333334, "Testing loss ": 0.38148462668057403, "Testing accuracy ": 0.8731, "_timestamp": 1709448577.8747413, "_runtime": 273.0913362503052, "_step": 29, "confusion_matrix_table": {"_type": "table-file", "sha256": "2837bddaae2e9913b786ac2d7f91f2e5486a9841299c866dd6072c7cdd2cc01f", "size": 3171, "artifact_path": "wandb-client-artifact://a5k1hr1csnj09u8hp53elcxxe9qef52ulfywogkzp1q37e7ixoj1a7nfw72b0ngb7lu89rmyrr3st326fz39sku63y0nolixj5onw0pga4e6q47wxsvfvfzl7zfvn2bn:latest/confusion_matrix_table.table.json", "_latest_artifact_path": "wandb-client-artifact://a5k1hr1csnj09u8hp53elcxxe9qef52ulfywogkzp1q37e7ixoj1a7nfw72b0ngb7lu89rmyrr3st326fz39sku63y0nolixj5onw0pga4e6q47wxsvfvfzl7zfvn2bn:latest/confusion_matrix_table.table.json", "path": "media/table/confusion_matrix_table_29_2837bddaae2e9913b786.table.json", "ncols": 3, "nrows": 100}, "_wandb": {"runtime": 272}}