{"Epoch ": 4, "Training loss ": 0.7822734130371723, "Training accuracy ": 0.36274074074074075, "Validation loss ": 0.7806226639053048, "Validation accuracy ": 0.3641666666666667, "Testing loss ": 0.7880057478946293, "Testing accuracy ": 0.3592, "_timestamp": 1709401095.0627348, "_runtime": 38.570496797561646, "_step": 9, "confusion_matrix_table": {"_type": "table-file", "sha256": "ae4aa94b00e3fa4f56137ffa5968732aba91715622f47528a78301801682e2b0", "size": 3165, "artifact_path": "wandb-client-artifact://j94yr2g5n7rqaorxklvq9hrmv04g2i0pgm5ti7u2vvqn3p2cqgdlqns07wt6lex50iv6lpcp1oq898j117velyk7rbp0709r49ad72ma2oyrp8iakgh73qj4b7auyk5w:latest/confusion_matrix_table.table.json", "_latest_artifact_path": "wandb-client-artifact://j94yr2g5n7rqaorxklvq9hrmv04g2i0pgm5ti7u2vvqn3p2cqgdlqns07wt6lex50iv6lpcp1oq898j117velyk7rbp0709r49ad72ma2oyrp8iakgh73qj4b7auyk5w:latest/confusion_matrix_table.table.json", "path": "media/table/confusion_matrix_table_9_ae4aa94b00e3fa4f5613.table.json", "ncols": 3, "nrows": 100}, "_wandb": {"runtime": 37}}