{"Epoch ": 29, "Training loss ": 0.1810228792272959, "Training accuracy ": 0.9340925925925926, "Validation loss ": 0.2987153235275071, "Validation accuracy ": 0.8956666666666667, "Testing loss ": 0.34271815038288395, "Testing accuracy ": 0.8864, "_timestamp": 1709499822.0555878, "_runtime": 207.86237382888794, "_step": 59, "confusion_matrix_table": {"_type": "table-file", "sha256": "e64eb84a7d84fc8b9b57ffae7493fafcb54f4df20f4e59da1d2f3f44a22bc14a", "size": 3170, "artifact_path": "wandb-client-artifact://wiffqednd1wr9ucxdh11wsn22qm4l9g8b33v84v4f0de4v6mqbum1velx1ufw1ae007ugct6q4iiz698bgs4jy481fe940fsq9hti3ltgr0iw3its32r7dw62mvcni75:latest/confusion_matrix_table.table.json", "_latest_artifact_path": "wandb-client-artifact://wiffqednd1wr9ucxdh11wsn22qm4l9g8b33v84v4f0de4v6mqbum1velx1ufw1ae007ugct6q4iiz698bgs4jy481fe940fsq9hti3ltgr0iw3its32r7dw62mvcni75:latest/confusion_matrix_table.table.json", "path": "media/table/confusion_matrix_table_59_e64eb84a7d84fc8b9b57.table.json", "ncols": 3, "nrows": 100}, "_wandb": {"runtime": 207}}