{"Epoch ": 24, "Training loss ": 0.22755823535024014, "Training accuracy ": 0.9158703703703703, "Validation loss ": 0.35190014231160255, "Validation accuracy ": 0.8841666666666667, "Testing loss ": 0.3761854013138632, "Testing accuracy ": 0.8734, "_timestamp": 1709294183.4831457, "_runtime": 85.51106071472168, "_step": 49, "confusion_matrix_table": {"_type": "table-file", "sha256": "d66f01893ea0e3e74028f462402475245c76f1407828931e8e76c4ed67088751", "size": 3170, "artifact_path": "wandb-client-artifact://cmvo0fp61fcr13r65oawtc9vnvkvh9jc4p692d615vcoy0r093e4z385wjqvufu1qvkr9kvhyjyaz29n29avuf4enl19m876nkq0zmgww327xqp60gmi7eqd1qidpr2x:latest/confusion_matrix_table.table.json", "_latest_artifact_path": "wandb-client-artifact://cmvo0fp61fcr13r65oawtc9vnvkvh9jc4p692d615vcoy0r093e4z385wjqvufu1qvkr9kvhyjyaz29n29avuf4enl19m876nkq0zmgww327xqp60gmi7eqd1qidpr2x:latest/confusion_matrix_table.table.json", "path": "media/table/confusion_matrix_table_49_d66f01893ea0e3e74028.table.json", "ncols": 3, "nrows": 100}, "_wandb": {"runtime": 84}}