{"Epoch ": 29, "Training loss ": 0.3251744158792408, "Training accuracy ": 0.8851296296296296, "Validation loss ": 0.345172258378931, "Validation accuracy ": 0.8736666666666667, "Testing loss ": 0.38153747288428275, "Testing accuracy ": 0.8656, "_timestamp": 1709288012.077988, "_runtime": 78.32315993309021, "_step": 59, "confusion_matrix_table": {"_type": "table-file", "sha256": "6e9b03ab5b30ca017fe26a79892c23c0bc400b9ad7ea0dcea7815c39dc324d49", "size": 3173, "artifact_path": "wandb-client-artifact://2irdgpwh5cu2v669njagycp5m47sttndgbhshotmlhoz48xd6u2kfjih1t3p8j18swqtv8botis188kdo1ew782s1ol2e1k4suzo5p0e6e9yq27kbtak1iinslh2pu9j:latest/confusion_matrix_table.table.json", "_latest_artifact_path": "wandb-client-artifact://2irdgpwh5cu2v669njagycp5m47sttndgbhshotmlhoz48xd6u2kfjih1t3p8j18swqtv8botis188kdo1ew782s1ol2e1k4suzo5p0e6e9yq27kbtak1iinslh2pu9j:latest/confusion_matrix_table.table.json", "path": "media/table/confusion_matrix_table_59_6e9b03ab5b30ca017fe2.table.json", "ncols": 3, "nrows": 100}, "_wandb": {"runtime": 77}}