{"Epoch ": 19, "Training loss ": 0.19745618314772068, "Training accuracy ": 0.9274444444444444, "Validation loss ": 0.30562498699760254, "Validation accuracy ": 0.8921666666666667, "Testing loss ": 0.33545240552321787, "Testing accuracy ": 0.8825, "_timestamp": 1709293632.2786362, "_runtime": 219.5016312599182, "_step": 39, "confusion_matrix_table": {"_type": "table-file", "sha256": "42a7581eb3619c85f586d78a594c6186d769e699f35e79416805a7e98c496cc2", "size": 3171, "artifact_path": "wandb-client-artifact://r77zckbfwm838pc51em12ikvalkscmejqg545mzj7v9sf3za5doeqa9fd58tnpi8jlbykp8isdryfl97wb9uuo5p948khlra57ccod5z4wqu6hthco7qrovx3w4ahb6f:latest/confusion_matrix_table.table.json", "_latest_artifact_path": "wandb-client-artifact://r77zckbfwm838pc51em12ikvalkscmejqg545mzj7v9sf3za5doeqa9fd58tnpi8jlbykp8isdryfl97wb9uuo5p948khlra57ccod5z4wqu6hthco7qrovx3w4ahb6f:latest/confusion_matrix_table.table.json", "path": "media/table/confusion_matrix_table_39_42a7581eb3619c85f586.table.json", "ncols": 3, "nrows": 100}, "_wandb": {"runtime": 218}}