{"Epoch": 24, "Training loss": 0.5479156580758497, "Training accuracy": 0.5049444444444444, "Validation loss": 0.5527793009918963, "Validation accuracy": 0.5018333333333334, "Testing loss": 0.5523373197200946, "Testing accuracy": 0.5017, "_timestamp": 1709116629.644937, "_runtime": 65.37242698669434, "_step": 49, "confusion_matrix_table": {"_type": "table-file", "sha256": "2d66c890ec45844d929f7a8d1abf51c550cc63280fc59b811c8fd1e69d0d55c4", "size": 3180, "artifact_path": "wandb-client-artifact://noulr3l71biqwgn92iayrjliztq1o2kvzommjerrolezj9nvjbk6e0wycfkipp59n3vu805e90tmqotua32mi0agp1p57posoq2lty4d13b8ff1hgmvltlw6hdwb1iv4:latest/confusion_matrix_table.table.json", "_latest_artifact_path": "wandb-client-artifact://noulr3l71biqwgn92iayrjliztq1o2kvzommjerrolezj9nvjbk6e0wycfkipp59n3vu805e90tmqotua32mi0agp1p57posoq2lty4d13b8ff1hgmvltlw6hdwb1iv4:latest/confusion_matrix_table.table.json", "path": "media/table/confusion_matrix_table_49_2d66c890ec45844d929f.table.json", "ncols": 3, "nrows": 100}, "_wandb": {"runtime": 64}}