{"Epoch ": 9, "Training loss ": 0.6375733524387847, "Training accuracy ": 0.8015740740740741, "Validation loss ": 0.6339949043944971, "Validation accuracy ": 0.8066666666666666, "Testing loss ": 0.6586910931685686, "Testing accuracy ": 0.792, "_timestamp": 1709095245.7811372, "_runtime": 52.634093284606934, "_step": 9, "_wandb": {"runtime": 51}}