{"Epoch ": 24, "Training loss ": 0.2872506633839471, "Training accuracy ": 0.8964444444444445, "Validation loss ": 0.3323228063644364, "Validation accuracy ": 0.8826666666666667, "Testing loss ": 0.3598553317194187, "Testing accuracy ": 0.8733, "_timestamp": 1709404332.0687895, "_runtime": 220.52010440826416, "_step": 49, "confusion_matrix_table": {"_type": "table-file", "sha256": "ec9ea985457eadd2cd76cb726ebeca5c0861edbe224d264f53ce6c661667dee6", "size": 3171, "artifact_path": "wandb-client-artifact://ubfedxpmw6p9unvqyw6qmmu830o7wutcldnqtozrhmnzhgz56nx3hrx51rptydo7qjx3iw4cdb0f6g78sg43csttkdm5n8m2a2wd32z2m41ikgbxqys2sax2z7yxxq32:latest/confusion_matrix_table.table.json", "_latest_artifact_path": "wandb-client-artifact://ubfedxpmw6p9unvqyw6qmmu830o7wutcldnqtozrhmnzhgz56nx3hrx51rptydo7qjx3iw4cdb0f6g78sg43csttkdm5n8m2a2wd32z2m41ikgbxqys2sax2z7yxxq32:latest/confusion_matrix_table.table.json", "path": "media/table/confusion_matrix_table_49_ec9ea985457eadd2cd76.table.json", "ncols": 3, "nrows": 100}, "_wandb": {"runtime": 219}}