{"Epoch ": 9, "Training loss ": 0.29774975768460604, "Training accuracy ": 0.819962962962963, "Validation loss ": 0.2980397412314687, "Validation accuracy ": 0.8211666666666667, "Testing loss ": 0.30871945358993447, "Testing accuracy ": 0.8102, "_timestamp": 1709149802.3809776, "_runtime": 22.13993763923645, "_step": 19, "confusion_matrix_table": {"_type": "table-file", "sha256": "3b4cf0ce138e7f0298960a289ffc3f04a06f08b48fd079f923deccf2170c0c68", "size": 3178, "artifact_path": "wandb-client-artifact://849wurwylga0aojgyeikwdwsoq2ufajoliwby6c7sebz8d0289l0r282tr4ejrpi8a44omxuewmwcf2qsel0fv5usslja2tf5mchxzl9jxdz1gy7ax0f81z0mgviglwv:latest/confusion_matrix_table.table.json", "_latest_artifact_path": "wandb-client-artifact://849wurwylga0aojgyeikwdwsoq2ufajoliwby6c7sebz8d0289l0r282tr4ejrpi8a44omxuewmwcf2qsel0fv5usslja2tf5mchxzl9jxdz1gy7ax0f81z0mgviglwv:latest/confusion_matrix_table.table.json", "path": "media/table/confusion_matrix_table_19_3b4cf0ce138e7f029896.table.json", "ncols": 3, "nrows": 100}, "_wandb": {"runtime": 21}}