{"Epoch ": 24, "Training loss ": 0.31844749553974094, "Training accuracy ": 0.8848148148148148, "Validation loss ": 0.3614336745375965, "Validation accuracy ": 0.8691666666666666, "Testing loss ": 0.3958186706122833, "Testing accuracy ": 0.8581, "_timestamp": 1709288288.133241, "_runtime": 33.35578203201294, "_step": 49, "confusion_matrix_table": {"_type": "table-file", "sha256": "dac409ef374c09872a61536e0279d8bea940655f5c5aff52d56b15c4cf58d460", "size": 3175, "artifact_path": "wandb-client-artifact://5hdwka3cdm1vipyik0gkkid768yxmjnhptjsergun8f7k2fml2qjc1blshhv8tpoqmb99j2ezd5s8mfwq89d3xzzs0okkuhz3fbuhiemaw6tck4ki38llxlfyiokk1ff:latest/confusion_matrix_table.table.json", "_latest_artifact_path": "wandb-client-artifact://5hdwka3cdm1vipyik0gkkid768yxmjnhptjsergun8f7k2fml2qjc1blshhv8tpoqmb99j2ezd5s8mfwq89d3xzzs0okkuhz3fbuhiemaw6tck4ki38llxlfyiokk1ff:latest/confusion_matrix_table.table.json", "path": "media/table/confusion_matrix_table_49_dac409ef374c09872a61.table.json", "ncols": 3, "nrows": 100}, "_wandb": {"runtime": 32}}