{"Epoch ": 9, "Training loss ": 0.23153319058359, "Training accuracy ": 0.9152962962962963, "Validation loss ": 0.2902894321817875, "Validation accuracy ": 0.8991666666666667, "Testing loss ": 0.3287567419722014, "Testing accuracy ": 0.8817, "_timestamp": 1709130810.8977923, "_runtime": 123.37585234642029, "_step": 19, "confusion_matrix_table": {"_type": "table-file", "sha256": "c58ea3cba13c5d02077bd50f25ce3731ee56091a2a7a952904dde5f74d16265c", "size": 3169, "artifact_path": "wandb-client-artifact://xzw868cyf1lr9a0mpwedgj0efcyn02ekwcm5v8o9qrdmz0jui6el97goijktmum7dpo877g6g55bh6llumzo1d8htbilg1g30u9hj7l43svx7u7gcb8h3medeftrgzge:latest/confusion_matrix_table.table.json", "_latest_artifact_path": "wandb-client-artifact://xzw868cyf1lr9a0mpwedgj0efcyn02ekwcm5v8o9qrdmz0jui6el97goijktmum7dpo877g6g55bh6llumzo1d8htbilg1g30u9hj7l43svx7u7gcb8h3medeftrgzge:latest/confusion_matrix_table.table.json", "path": "media/table/confusion_matrix_table_19_c58ea3cba13c5d02077b.table.json", "ncols": 3, "nrows": 100}, "_wandb": {"runtime": 122}}