{"Epoch ": 4, "Training loss ": 0.746364198208483, "Training accuracy ": 0.7499814814814815, "Validation loss ": 0.786658263239014, "Validation accuracy ": 0.739, "Testing loss ": 0.804146726922101, "Testing accuracy ": 0.7377, "_timestamp": 1709400487.4275026, "_runtime": 24.406465530395508, "_step": 9, "confusion_matrix_table": {"_type": "table-file", "sha256": "4119daa37d3755e378315200dba33c81f9d9afad09da2cf205884c5900d89d50", "size": 3176, "artifact_path": "wandb-client-artifact://ytqwfgj8ski7qeh96a9twkxlr9u2y3ohy6038rmrbixogdro3xqrc2t3x0yhzrl251k9gu06pbft2gerlvqs70d5qv10z3pbxrs2tw4xkra6m78nluttwy0i2meu77cl:latest/confusion_matrix_table.table.json", "_latest_artifact_path": "wandb-client-artifact://ytqwfgj8ski7qeh96a9twkxlr9u2y3ohy6038rmrbixogdro3xqrc2t3x0yhzrl251k9gu06pbft2gerlvqs70d5qv10z3pbxrs2tw4xkra6m78nluttwy0i2meu77cl:latest/confusion_matrix_table.table.json", "path": "media/table/confusion_matrix_table_9_4119daa37d3755e37831.table.json", "ncols": 3, "nrows": 100}, "_wandb": {"runtime": 23}}