{"Epoch ": 24, "Training loss ": 0.18827519015884994, "Training accuracy ": 0.9288888888888889, "Validation loss ": 0.3536929744318609, "Validation accuracy ": 0.8855, "Testing loss ": 0.3798714281387895, "Testing accuracy ": 0.8793, "_timestamp": 1709130653.8994236, "_runtime": 199.49029564857483, "_step": 49, "confusion_matrix_table": {"_type": "table-file", "sha256": "71d85032921c6412bcfbdcb7d54a8445ccc41fe2bbd13f33746f1de2b1214bc0", "size": 3170, "artifact_path": "wandb-client-artifact://moa7wnbhmhi6wrxsqdjq3o4cey9kk65cy6q3jre7pm22d3st18mrkknbcdz6s06c0micpes7n9fevfxiqbpjmjotylo5cxxpvw527ofv6i4v60ocz7231r2vo8gvokwz:latest/confusion_matrix_table.table.json", "_latest_artifact_path": "wandb-client-artifact://moa7wnbhmhi6wrxsqdjq3o4cey9kk65cy6q3jre7pm22d3st18mrkknbcdz6s06c0micpes7n9fevfxiqbpjmjotylo5cxxpvw527ofv6i4v60ocz7231r2vo8gvokwz:latest/confusion_matrix_table.table.json", "path": "media/table/confusion_matrix_table_49_71d85032921c6412bcfb.table.json", "ncols": 3, "nrows": 100}, "_wandb": {"runtime": 198}}