{"Epoch ": 24, "Training loss ": 0.0935524447106514, "Training accuracy ": 0.9742407407407407, "Validation loss ": 0.13330208390156498, "Validation accuracy ": 0.9606666666666667, "Testing loss ": 0.11391719083541477, "Testing accuracy ": 0.967, "_timestamp": 1709496799.404534, "_runtime": 445.11387610435486, "_step": 49, "confusion_matrix_table": {"_type": "table-file", "sha256": "748c7868968a372d52677f4c414c3d5f7a459aec6c48c367fe07fc412913be41", "size": 3153, "artifact_path": "wandb-client-artifact://gntl17vd63xttnim7azs7etvhhw9336y551o85q9rgnpp666bp3l6zuz04zxsb5dhb2vn1c52nkiuooe3yt1hjpzmuq62917kiau0thls20yxlza1r9kv4011utsv44u:latest/confusion_matrix_table.table.json", "_latest_artifact_path": "wandb-client-artifact://gntl17vd63xttnim7azs7etvhhw9336y551o85q9rgnpp666bp3l6zuz04zxsb5dhb2vn1c52nkiuooe3yt1hjpzmuq62917kiau0thls20yxlza1r9kv4011utsv44u:latest/confusion_matrix_table.table.json", "path": "media/table/confusion_matrix_table_49_748c7868968a372d5267.table.json", "ncols": 3, "nrows": 100}, "_wandb": {"runtime": 444}}