{"Epoch ": 4, "Training loss ": 0.46119311972578825, "Training accuracy ": 0.6609814814814815, "Validation loss ": 0.4661213905009138, "Validation accuracy ": 0.6571666666666667, "Testing loss ": 0.4807490395353654, "Testing accuracy ": 0.6479, "_timestamp": 1709401439.6892354, "_runtime": 20.577115535736084, "_step": 9, "confusion_matrix_table": {"_type": "table-file", "sha256": "6891b72e2663ffcb51e187942feafa906960eae99128a07f30e2fddef05e57ff", "size": 3186, "artifact_path": "wandb-client-artifact://jg142y2wj6b46687qd6kzsjtfvsewqhoquy12hvif3atxwl79s06c030525851r52spzm2tj6398jweh3svghyzcgekqlhto4la69nmjz8pspx154ca3261643deid0o:latest/confusion_matrix_table.table.json", "_latest_artifact_path": "wandb-client-artifact://jg142y2wj6b46687qd6kzsjtfvsewqhoquy12hvif3atxwl79s06c030525851r52spzm2tj6398jweh3svghyzcgekqlhto4la69nmjz8pspx154ca3261643deid0o:latest/confusion_matrix_table.table.json", "path": "media/table/confusion_matrix_table_9_6891b72e2663ffcb51e1.table.json", "ncols": 3, "nrows": 100}, "_wandb": {"runtime": 19}}