{"Epoch ": 4, "Training loss ": 0.4289824693470919, "Training accuracy ": 0.8490185185185185, "Validation loss ": 0.4533492136246246, "Validation accuracy ": 0.8395, "Testing loss ": 0.4679106995319761, "Testing accuracy ": 0.8365, "_timestamp": 1709099903.9500191, "_runtime": 74.34127616882324, "_step": 4, "_wandb": {"runtime": 73}}