{"Epoch ": 4, "Training loss ": 1.4500483480517, "Training accuracy ": 0.512, "Validation loss ": 1.450519696721372, "Validation accuracy ": 0.513, "Testing loss ": 1.4547529730223578, "Testing accuracy ": 0.5078, "_timestamp": 1709103445.3632734, "_runtime": 10.81264328956604, "_step": 4, "_wandb": {"runtime": 10}}