{"Epoch ": 19, "Training loss ": 0.7790475318670164, "Training accuracy ": 0.8230555555555555, "Validation loss ": 0.8059442773798231, "Validation accuracy ": 0.8106666666666666, "Testing loss ": 0.7631884836567415, "Testing accuracy ": 0.8304, "_timestamp": 1709492614.732053, "_runtime": 45.727906942367554, "_step": 39, "confusion_matrix_table": {"_type": "table-file", "sha256": "7690073bd6af10560322c7fa755b0ab7c7bab4992a5e6bb798a08becdc9357c8", "size": 3191, "artifact_path": "wandb-client-artifact://5gqb9jbhtdc54i8l740mtzkmqdszex6gic2clwqbz2x3j6tj8bzhrkuq56g2s2n4l05ifbc6it9qxjgq6uqovzqgk0zkcf7wo5ngtm17yvrpyzk4wsrqhtit7z3cr66g:latest/confusion_matrix_table.table.json", "_latest_artifact_path": "wandb-client-artifact://5gqb9jbhtdc54i8l740mtzkmqdszex6gic2clwqbz2x3j6tj8bzhrkuq56g2s2n4l05ifbc6it9qxjgq6uqovzqgk0zkcf7wo5ngtm17yvrpyzk4wsrqhtit7z3cr66g:latest/confusion_matrix_table.table.json", "path": "media/table/confusion_matrix_table_39_7690073bd6af10560322.table.json", "ncols": 3, "nrows": 100}, "_wandb": {"runtime": 44}}