{"Epoch ": 29, "Training loss ": 0.2903269829872677, "Training accuracy ": 0.8244444444444444, "Validation loss ": 0.2968561459164301, "Validation accuracy ": 0.8143333333333334, "Testing loss ": 0.30268255363075025, "Testing accuracy ": 0.8074, "_timestamp": 1709309246.6819987, "_runtime": 86.38498878479004, "_step": 59, "confusion_matrix_table": {"_type": "table-file", "sha256": "e37b00e49f7d471854ce74f934fb0e3bec2ccac28274da4d6a119f986f9cc07c", "size": 3178, "artifact_path": "wandb-client-artifact://h6emgwdvm7eh59ip4qxslde526nw7bfdns97ye9jeyazbn4z168lppqmktdyzdk6yzam4azjgs5huef5t9ghybriibwy90yoj3xtiy3gyh7hq45izrroyb5i795r8h22:latest/confusion_matrix_table.table.json", "_latest_artifact_path": "wandb-client-artifact://h6emgwdvm7eh59ip4qxslde526nw7bfdns97ye9jeyazbn4z168lppqmktdyzdk6yzam4azjgs5huef5t9ghybriibwy90yoj3xtiy3gyh7hq45izrroyb5i795r8h22:latest/confusion_matrix_table.table.json", "path": "media/table/confusion_matrix_table_59_e37b00e49f7d471854ce.table.json", "ncols": 3, "nrows": 100}, "_wandb": {"runtime": 85}}