{"Epoch ": 19, "Training loss ": 0.27094512504826135, "Training accuracy ": 0.8339814814814814, "Validation loss ": 0.27730738850914033, "Validation accuracy ": 0.8258333333333333, "Testing loss ": 0.2824683728906326, "Testing accuracy ": 0.8224, "_timestamp": 1709311966.4021366, "_runtime": 51.6800274848938, "_step": 39, "confusion_matrix_table": {"_type": "table-file", "sha256": "a0b0b47bde37944e889d9162e8753d371b24b9f524b05ffed4f242ce127e2b56", "size": 3179, "artifact_path": "wandb-client-artifact://22qv4llrzhu4c6mr9p62wgi0wxo69el7oljaqfsocsswysplg3dxj0h8pv5kxi0svwirrm8aigbodohvyqwuojmioenq3e1xyrqz0knu4d5jpw9brw415nzwe9yklv7y:latest/confusion_matrix_table.table.json", "_latest_artifact_path": "wandb-client-artifact://22qv4llrzhu4c6mr9p62wgi0wxo69el7oljaqfsocsswysplg3dxj0h8pv5kxi0svwirrm8aigbodohvyqwuojmioenq3e1xyrqz0knu4d5jpw9brw415nzwe9yklv7y:latest/confusion_matrix_table.table.json", "path": "media/table/confusion_matrix_table_39_a0b0b47bde37944e889d.table.json", "ncols": 3, "nrows": 100}, "_wandb": {"runtime": 50}}