{"Epoch ": 24, "Training loss ": 0.3802867305639376, "Training accuracy ": 0.8636296296296296, "Validation loss ": 0.37873633991090006, "Validation accuracy ": 0.8676666666666667, "Testing loss ": 0.4177131860043115, "Testing accuracy ": 0.8498, "_timestamp": 1709403576.600024, "_runtime": 99.5335590839386, "_step": 49, "confusion_matrix_table": {"_type": "table-file", "sha256": "e0a89a6f692ef80af2211022cac4c5a96afebc76549f060f19b64fb12d165818", "size": 3174, "artifact_path": "wandb-client-artifact://daxj3t544hvawfw2ggdmyn1qvd5zw3u5h9xdzm2t547iid6xxx3dn6qnq7yb2iscf69h39rcxlp35o8ednm55vma1t98oss73rvf8fzfpbkcgxsnqiyw6b0dbp5st8xg:latest/confusion_matrix_table.table.json", "_latest_artifact_path": "wandb-client-artifact://daxj3t544hvawfw2ggdmyn1qvd5zw3u5h9xdzm2t547iid6xxx3dn6qnq7yb2iscf69h39rcxlp35o8ednm55vma1t98oss73rvf8fzfpbkcgxsnqiyw6b0dbp5st8xg:latest/confusion_matrix_table.table.json", "path": "media/table/confusion_matrix_table_49_e0a89a6f692ef80af221.table.json", "ncols": 3, "nrows": 100}, "_wandb": {"runtime": 98}}