{"Epoch ": 24, "Training loss ": 1.0841390707985878, "Training accuracy ": 0.17596296296296296, "Validation loss ": 1.0970077511339857, "Validation accuracy ": 0.16233333333333333, "Testing loss ": 1.076865029830916, "Testing accuracy ": 0.1787, "_timestamp": 1709527759.505786, "_runtime": 294.7895510196686, "_step": 49, "confusion_matrix_table": {"_type": "table-file", "sha256": "89e203bb1aca4784f1e70028a6d94c4c439be21bcebd09606b90308d9daacd63", "size": 3155, "artifact_path": "wandb-client-artifact://qt05cb6bpr4omsz796uv4tw2j4q81emtuut63ek04lu6nwf6b4gt99szot0l7hc69p6r8mdd5w123qcmnmt9klkrvhos1o8joundumiu3w1ap49kpnb8b3mpl2lz5fs7:latest/confusion_matrix_table.table.json", "_latest_artifact_path": "wandb-client-artifact://qt05cb6bpr4omsz796uv4tw2j4q81emtuut63ek04lu6nwf6b4gt99szot0l7hc69p6r8mdd5w123qcmnmt9klkrvhos1o8joundumiu3w1ap49kpnb8b3mpl2lz5fs7:latest/confusion_matrix_table.table.json", "path": "media/table/confusion_matrix_table_49_89e203bb1aca4784f1e7.table.json", "ncols": 3, "nrows": 100}, "_wandb": {"runtime": 294}}