{"Epoch ": 4, "Training loss ": 2.1675175505814264, "Training accuracy ": 0.31912962962962965, "Validation loss ": 2.168046488507249, "Validation accuracy ": 0.31766666666666665, "Testing loss ": 2.1690896397509287, "Testing accuracy ": 0.316, "_timestamp": 1709096716.295587, "_runtime": 15.360727071762085, "_step": 4, "_wandb": {"runtime": 14}}