{"Epoch ": 9, "Training loss ": 1.010445178883845, "Training accuracy ": 0.6348703703703704, "Validation loss ": 1.0152493824203133, "Validation accuracy ": 0.641, "Testing loss ": 1.0254185025015583, "Testing accuracy ": 0.6306, "_timestamp": 1709447853.2339015, "_runtime": 50.99518156051636, "_step": 19, "confusion_matrix_table": {"_type": "table-file", "sha256": "c0062f632255c708e510e3aa269d0629558e387f7383f25e3b6b21264505e850", "size": 3183, "artifact_path": "wandb-client-artifact://1m7e6spifb10ka5zvjvhg5rmx0i4vea82nrv8v5j938w28p6ropaa9c8w3c7mor9s8dzpygoma34dwah6njyzekhy0r5m84fepp8h5dkj9r0jnzeikf0k8p0btwepkcm:latest/confusion_matrix_table.table.json", "_latest_artifact_path": "wandb-client-artifact://1m7e6spifb10ka5zvjvhg5rmx0i4vea82nrv8v5j938w28p6ropaa9c8w3c7mor9s8dzpygoma34dwah6njyzekhy0r5m84fepp8h5dkj9r0jnzeikf0k8p0btwepkcm:latest/confusion_matrix_table.table.json", "path": "media/table/confusion_matrix_table_19_c0062f632255c708e510.table.json", "ncols": 3, "nrows": 100}, "_wandb": {"runtime": 50}}