{"Epoch ": 29, "Training loss ": 0.9000000491508406, "Training accuracy ": 0.1, "Validation loss ": 0.9000000491508411, "Validation accuracy ": 0.1, "Testing loss ": 0.9000000491508414, "Testing accuracy ": 0.1, "_timestamp": 1709310762.3740585, "_runtime": 1850.7533354759216, "_step": 59, "confusion_matrix_table": {"_type": "table-file", "sha256": "55eee3b7305609123e924c23d30348cad7f8b514d55bab85b59e8986656f1b6b", "size": 3152, "artifact_path": "wandb-client-artifact://y03ib7adjbhxxqw09rrnxt5cl59xkp8lvjhb8itypffhpbyvl712me3pglkhozdcp835b1b04x6ua82sftj3cyh4o8qg5c6c8fs6oo6rvf03afsw4pwcj52fae3c7c4r:latest/confusion_matrix_table.table.json", "_latest_artifact_path": "wandb-client-artifact://y03ib7adjbhxxqw09rrnxt5cl59xkp8lvjhb8itypffhpbyvl712me3pglkhozdcp835b1b04x6ua82sftj3cyh4o8qg5c6c8fs6oo6rvf03afsw4pwcj52fae3c7c4r:latest/confusion_matrix_table.table.json", "path": "media/table/confusion_matrix_table_59_55eee3b7305609123e92.table.json", "ncols": 3, "nrows": 100}, "_wandb": {"runtime": 1850}}