{"Epoch ": 14, "Training loss ": 0.2085265101823223, "Training accuracy ": 0.8563888888888889, "Validation loss ": 0.2272950330800469, "Validation accuracy ": 0.8423333333333334, "Testing loss ": 0.24214808160692633, "Testing accuracy ": 0.8305, "_timestamp": 1709570087.9915967, "_runtime": 46.1857225894928, "_step": 29, "confusion_matrix_table": {"_type": "table-file", "sha256": "37302a85b3194e8583731a5d6c3e69b55fb52744540836a4853ee4e049609ad8", "size": 3180, "artifact_path": "wandb-client-artifact://f71uwddzko46lj7czlctdtf0ddcvicl20cnyvryszuepxbg6rylxwcv0l9gz5h88670mo3m85eivjlq3ai6ufm58ncc411l8oape3xgb6v36bnpveqvksbwsorm08pxn:latest/confusion_matrix_table.table.json", "_latest_artifact_path": "wandb-client-artifact://f71uwddzko46lj7czlctdtf0ddcvicl20cnyvryszuepxbg6rylxwcv0l9gz5h88670mo3m85eivjlq3ai6ufm58ncc411l8oape3xgb6v36bnpveqvksbwsorm08pxn:latest/confusion_matrix_table.table.json", "path": "media/table/confusion_matrix_table_29_37302a85b3194e858373.table.json", "ncols": 3, "nrows": 100}, "_wandb": {"runtime": 45}}