{"Epoch ": 14, "Training loss ": 0.3270836422501407, "Training accuracy ": 0.884, "Validation loss ": 0.34934820689412444, "Validation accuracy ": 0.8718333333333333, "Testing loss ": 0.38373879598156074, "Testing accuracy ": 0.8628, "_timestamp": 1709452016.5426607, "_runtime": 30.95098376274109, "_step": 29, "confusion_matrix_table": {"_type": "table-file", "sha256": "95754d7b18c9d57fd55e743230e19fc677884492abd13ff3ad9d1f45e6d99f49", "size": 3174, "artifact_path": "wandb-client-artifact://h5fk5nsf25f2psfp7r9r99kkedpzebntpu1e17cb7rukvjyu764xtk8oc84ixm3dgl9mibub4ccmbazzijtjqh4xcwvwnu98pp0agt2iaxfbrerpe7ig2pgi7ink0gtq:latest/confusion_matrix_table.table.json", "_latest_artifact_path": "wandb-client-artifact://h5fk5nsf25f2psfp7r9r99kkedpzebntpu1e17cb7rukvjyu764xtk8oc84ixm3dgl9mibub4ccmbazzijtjqh4xcwvwnu98pp0agt2iaxfbrerpe7ig2pgi7ink0gtq:latest/confusion_matrix_table.table.json", "path": "media/table/confusion_matrix_table_29_95754d7b18c9d57fd55e.table.json", "ncols": 3, "nrows": 100}, "_wandb": {"runtime": 30}}