{"Epoch ": 29, "Training loss ": 0.37988602002425137, "Training accuracy ": 0.8681481481481481, "Validation loss ": 0.39767882307511554, "Validation accuracy ": 0.8621666666666666, "Testing loss ": 0.4307645626688093, "Testing accuracy ": 0.8543, "_timestamp": 1709299419.9662452, "_runtime": 37.740798234939575, "_step": 59, "confusion_matrix_table": {"_type": "table-file", "sha256": "9363935a090e9b13aa7b1f85cbd7020f467a122e0bed00be997cdcaef97e9c25", "size": 3174, "artifact_path": "wandb-client-artifact://vrbtu7jm2osdf24acxfvdjr4fczd05i5fslndiuwnobbo6zz8zeq9lj62yeh38d8azpy6vm4d4tsigjmzblehmsrd3lub25ior3sljiesofqu8lr51v6jqtb1ls0559r:latest/confusion_matrix_table.table.json", "_latest_artifact_path": "wandb-client-artifact://vrbtu7jm2osdf24acxfvdjr4fczd05i5fslndiuwnobbo6zz8zeq9lj62yeh38d8azpy6vm4d4tsigjmzblehmsrd3lub25ior3sljiesofqu8lr51v6jqtb1ls0559r:latest/confusion_matrix_table.table.json", "path": "media/table/confusion_matrix_table_59_9363935a090e9b13aa7b.table.json", "ncols": 3, "nrows": 100}, "_wandb": {"runtime": 37}}