{"Epoch ": 4, "Training loss ": 0.1715880903911827, "Training accuracy ": 0.8821111111111111, "Validation loss ": 0.18502751961068437, "Validation accuracy ": 0.868, "Testing loss ": 0.20419593615568218, "Testing accuracy ": 0.8568, "_timestamp": 1709564963.6841083, "_runtime": 27.924233198165894, "_step": 9, "confusion_matrix_table": {"_type": "table-file", "sha256": "b13263d33505a901bdf02d56adca247b87e6fc0843de643b186524d96960f2e3", "size": 3173, "artifact_path": "wandb-client-artifact://r3jksl1edmhbzgyeckvk0jss1xnbq06b4qimk5lt48y9uxqgt1q6uxwq1slaapds41nko772qakks8awazuddz82w1ork9sf04olvnqqne3fgwrcbnl8xmrm41th2d4z:latest/confusion_matrix_table.table.json", "_latest_artifact_path": "wandb-client-artifact://r3jksl1edmhbzgyeckvk0jss1xnbq06b4qimk5lt48y9uxqgt1q6uxwq1slaapds41nko772qakks8awazuddz82w1ork9sf04olvnqqne3fgwrcbnl8xmrm41th2d4z:latest/confusion_matrix_table.table.json", "path": "media/table/confusion_matrix_table_9_b13263d33505a901bdf0.table.json", "ncols": 3, "nrows": 100}, "_wandb": {"runtime": 27}}