{"Epoch ": 4, "Training loss ": 0.30689721562980704, "Training accuracy ": 0.8891111111111111, "Validation loss ": 0.32900575065979876, "Validation accuracy ": 0.8825, "Testing loss ": 0.3699113956712102, "Testing accuracy ": 0.8674, "_timestamp": 1709476617.9117105, "_runtime": 59.08872938156128, "_step": 9, "confusion_matrix_table": {"_type": "table-file", "sha256": "98a0aa01459939063133f5994dfb151c013ca8c684a6c59fc0e8d57a60e2670a", "size": 3171, "artifact_path": "wandb-client-artifact://3sufgtqn6wzvs4ukgtagvo79jc5u78u8foiz8t3obi723hize9sqrx3m2tq3n0mbokojnnna3ytkbwf42ycugi07kcap7g7m5p6k6sebwong79ba2jy4264ltld5m2yw:latest/confusion_matrix_table.table.json", "_latest_artifact_path": "wandb-client-artifact://3sufgtqn6wzvs4ukgtagvo79jc5u78u8foiz8t3obi723hize9sqrx3m2tq3n0mbokojnnna3ytkbwf42ycugi07kcap7g7m5p6k6sebwong79ba2jy4264ltld5m2yw:latest/confusion_matrix_table.table.json", "path": "media/table/confusion_matrix_table_9_98a0aa01459939063133.table.json", "ncols": 3, "nrows": 100}, "_wandb": {"runtime": 58}}