{"Epoch ": 4, "Training loss ": 0.04703964050513202, "Training accuracy ": 0.9702222222222222, "Validation loss ": 0.06585431092492586, "Validation accuracy ": 0.9551666666666667, "Testing loss ": 0.06211189963216955, "Testing accuracy ": 0.9591, "_timestamp": 1709534848.6695988, "_runtime": 19.814456701278687, "_step": 9, "confusion_matrix_table": {"_type": "table-file", "sha256": "cd79f2019a34f8783842809a944776948611b3ddcf52f3573fb8bead8120170d", "size": 3155, "artifact_path": "wandb-client-artifact://o3ad42n9bkhnb141z8dfskr31jvya1ywon1wpxw1mpvy35tjvz0kjgejjl7uhgjelpynm8jv4fkwu1mvom7y2h6zjozvb1zr7rqkmrt0jhwyvtwppseg8zsh3uqentcf:latest/confusion_matrix_table.table.json", "_latest_artifact_path": "wandb-client-artifact://o3ad42n9bkhnb141z8dfskr31jvya1ywon1wpxw1mpvy35tjvz0kjgejjl7uhgjelpynm8jv4fkwu1mvom7y2h6zjozvb1zr7rqkmrt0jhwyvtwppseg8zsh3uqentcf:latest/confusion_matrix_table.table.json", "path": "media/table/confusion_matrix_table_9_cd79f2019a34f8783842.table.json", "ncols": 3, "nrows": 100}, "_wandb": {"runtime": 19}}