{"Epoch ": 9, "Training loss ": 0.23377149231599303, "Training accuracy ": 0.911, "Validation loss ": 0.3283774154741641, "Validation accuracy ": 0.8901666666666667, "Testing loss ": 0.3672579349922581, "Testing accuracy ": 0.878, "_timestamp": 1709135592.646473, "_runtime": 186.63397693634033, "_step": 19, "confusion_matrix_table": {"_type": "table-file", "sha256": "d36803377486b4dae512a9bedb74d3103a3e039635a5ee30f9378a489dc42ae1", "size": 3169, "artifact_path": "wandb-client-artifact://3ixrm5f8wlmbkuwrxq8ox27hr2iyt78dile0sjf3o9dfbvmgrnzgrhl72c7uif5x5yu5xqo9nzwz4cibqob8bpt8xyund3qawuyaf3ted3c3s617zptjhhq6hwfrix0r:latest/confusion_matrix_table.table.json", "_latest_artifact_path": "wandb-client-artifact://3ixrm5f8wlmbkuwrxq8ox27hr2iyt78dile0sjf3o9dfbvmgrnzgrhl72c7uif5x5yu5xqo9nzwz4cibqob8bpt8xyund3qawuyaf3ted3c3s617zptjhhq6hwfrix0r:latest/confusion_matrix_table.table.json", "path": "media/table/confusion_matrix_table_19_d36803377486b4dae512.table.json", "ncols": 3, "nrows": 100}, "_wandb": {"runtime": 185}}