{"Epoch ": 19, "Training loss ": 1.6965646696623593, "Training accuracy ": 0.4283888888888889, "Validation loss ": 1.6956218723986909, "Validation accuracy ": 0.42966666666666664, "Testing loss ": 1.697998490457817, "Testing accuracy ": 0.4322, "_timestamp": 1709482292.78, "_runtime": 111.05946898460388, "_step": 39, "confusion_matrix_table": {"_type": "table-file", "sha256": "d9ba0bda67e0f7a3fa43596d9578e2d78c121d023c6a983537cf10542be1a4de", "size": 3191, "artifact_path": "wandb-client-artifact://rtn4cp2agoc23vkicaw6ydu523ujj63i72koefsoufz5ytts4cuv808nx03m5itqq90ylck3aa6o5dzq0oj72l1umtve72jijsga40hnjhvj43t53g1lwa1tua06vdmq:latest/confusion_matrix_table.table.json", "_latest_artifact_path": "wandb-client-artifact://rtn4cp2agoc23vkicaw6ydu523ujj63i72koefsoufz5ytts4cuv808nx03m5itqq90ylck3aa6o5dzq0oj72l1umtve72jijsga40hnjhvj43t53g1lwa1tua06vdmq:latest/confusion_matrix_table.table.json", "path": "media/table/confusion_matrix_table_39_d9ba0bda67e0f7a3fa43.table.json", "ncols": 3, "nrows": 100}, "_wandb": {"runtime": 110}}