{"Epoch ": 29, "Training loss ": 0.23926161655976383, "Training accuracy ": 0.9095555555555556, "Validation loss ": 0.4007294355432847, "Validation accuracy ": 0.8748333333333334, "Testing loss ": 0.41073787590743416, "Testing accuracy ": 0.8664, "_timestamp": 1709457041.5463078, "_runtime": 60.750908851623535, "_step": 59, "confusion_matrix_table": {"_type": "table-file", "sha256": "3a795c8489da86b2834f5014a6423f702bdd0624a77d22d820f2b09a49c5a9c1", "size": 3172, "artifact_path": "wandb-client-artifact://t54062mf5zs3y87t6d0xtnznbujv3o410y5hp9f089h2lc9dasuq6z61b79vgte8desh2f7k74roimgaph2yx8gcf5t56qdgh847yw5dr4bana1qe3kdmy2468fn8eq1:latest/confusion_matrix_table.table.json", "_latest_artifact_path": "wandb-client-artifact://t54062mf5zs3y87t6d0xtnznbujv3o410y5hp9f089h2lc9dasuq6z61b79vgte8desh2f7k74roimgaph2yx8gcf5t56qdgh847yw5dr4bana1qe3kdmy2468fn8eq1:latest/confusion_matrix_table.table.json", "path": "media/table/confusion_matrix_table_59_3a795c8489da86b2834f.table.json", "ncols": 3, "nrows": 100}, "_wandb": {"runtime": 60}}