{"Epoch ": 4, "Training loss ": 0.7050751711057878, "Training accuracy ": 0.8076481481481481, "Validation loss ": 0.7190913252137784, "Validation accuracy ": 0.8056666666666666, "Testing loss ": 0.7633408797134329, "Testing accuracy ": 0.798, "_timestamp": 1709130027.154441, "_runtime": 29.645209074020386, "_step": 9, "confusion_matrix_table": {"_type": "table-file", "sha256": "345f2cb752f9c04883d84a76e61f468f5bbe5cb56dbd0e4268e56ac4bc9903aa", "size": 3178, "artifact_path": "wandb-client-artifact://8o8ww2tqgpo3abjg7p04qz5t2vxeosofk8jqlz53wbrpwgn1jcijux2z554keruawtleyje2yyvi4mzuhirukmzzvru7ijrzd0zqg96sqbqawf0f619sy0mjumu5jcur:latest/confusion_matrix_table.table.json", "_latest_artifact_path": "wandb-client-artifact://8o8ww2tqgpo3abjg7p04qz5t2vxeosofk8jqlz53wbrpwgn1jcijux2z554keruawtleyje2yyvi4mzuhirukmzzvru7ijrzd0zqg96sqbqawf0f619sy0mjumu5jcur:latest/confusion_matrix_table.table.json", "path": "media/table/confusion_matrix_table_9_345f2cb752f9c04883d8.table.json", "ncols": 3, "nrows": 100}, "_wandb": {"runtime": 28}}