{"Epoch": 9, "Training loss": 0.35834331597664143, "Training accuracy": 0.8743148148148148, "Validation loss": 0.3811240474052187, "Validation accuracy": 0.8718333333333333, "Testing loss": 0.4093849277347176, "Testing accuracy": 0.8531, "_timestamp": 1709120742.8374379, "_runtime": 23.603693962097168, "_step": 19, "confusion_matrix_table": {"_type": "table-file", "sha256": "b5c0cc2ba2663f86819ea0a5e852659d08a283a4e9e1b08829a3f68e929d2edb", "size": 3173, "artifact_path": "wandb-client-artifact://6kgwh32punlysrhfifezsjm9rb5znoq1ue8kjd7b805gnbj4omv2qzefpxwteyx2u44h4p90uwcw21qcgxf8ftte951km2hhbxs3lrkf5ufow2fjd7ier62e31c6onn0:latest/confusion_matrix_table.table.json", "_latest_artifact_path": "wandb-client-artifact://6kgwh32punlysrhfifezsjm9rb5znoq1ue8kjd7b805gnbj4omv2qzefpxwteyx2u44h4p90uwcw21qcgxf8ftte951km2hhbxs3lrkf5ufow2fjd7ier62e31c6onn0:latest/confusion_matrix_table.table.json", "path": "media/table/confusion_matrix_table_19_b5c0cc2ba2663f86819e.table.json", "ncols": 3, "nrows": 100}, "_wandb": {"runtime": 22}}