{"Epoch ": 29, "Training loss ": 0.1972421239922473, "Training accuracy ": 0.9255185185185185, "Validation loss ": 0.4047033833203062, "Validation accuracy ": 0.8825, "Testing loss ": 0.41133622761998184, "Testing accuracy ": 0.8776, "_timestamp": 1709412823.427818, "_runtime": 165.4898819923401, "_step": 59, "confusion_matrix_table": {"_type": "table-file", "sha256": "e2877a931e2f8c1864ed69451e484809fe67b874d38dba9111929c2739e3f7a7", "size": 3170, "artifact_path": "wandb-client-artifact://9uj025r85ebtcdutqyeffopwq69ri68ucvnlj51qhko0fwvd4tzs2tmdmbxoa5cd0vx12s2k84v84z6rsv2pi17hfruq8j62tqa6x3e1jkurd532pybufo51lvkunj31:latest/confusion_matrix_table.table.json", "_latest_artifact_path": "wandb-client-artifact://9uj025r85ebtcdutqyeffopwq69ri68ucvnlj51qhko0fwvd4tzs2tmdmbxoa5cd0vx12s2k84v84z6rsv2pi17hfruq8j62tqa6x3e1jkurd532pybufo51lvkunj31:latest/confusion_matrix_table.table.json", "path": "media/table/confusion_matrix_table_59_e2877a931e2f8c1864ed.table.json", "ncols": 3, "nrows": 100}, "_wandb": {"runtime": 164}}