{"Epoch ": 19, "Training loss ": 0.10442467556475422, "Training accuracy ": 0.9322407407407407, "Validation loss ": 0.13245057356431064, "Validation accuracy ": 0.9136666666666666, "Testing loss ": 0.13251262864675958, "Testing accuracy ": 0.9149, "_timestamp": 1709533125.288099, "_runtime": 70.20684599876404, "_step": 39, "confusion_matrix_table": {"_type": "table-file", "sha256": "ea0e76587a29c370e3fbf8056d5ad724aa57339d798cdb28d12e066e6c4e0b1a", "size": 3171, "artifact_path": "wandb-client-artifact://tiqvjszzyqruoywp1zd0ovqclwtjhxr7uko40sr0ave5r1xiisc54rbssn3tmekzk7i3rorqirmiz22istd0wgdhanu2xy5nq223lqfd40ymknrjhs5e4nmax739x95w:latest/confusion_matrix_table.table.json", "_latest_artifact_path": "wandb-client-artifact://tiqvjszzyqruoywp1zd0ovqclwtjhxr7uko40sr0ave5r1xiisc54rbssn3tmekzk7i3rorqirmiz22istd0wgdhanu2xy5nq223lqfd40ymknrjhs5e4nmax739x95w:latest/confusion_matrix_table.table.json", "path": "media/table/confusion_matrix_table_39_ea0e76587a29c370e3fb.table.json", "ncols": 3, "nrows": 100}, "_wandb": {"runtime": 69}}