{"Epoch ": 29, "Training loss ": 0.2854016539838865, "Training accuracy ": 0.8989259259259259, "Validation loss ": 0.3533438133681772, "Validation accuracy ": 0.8751666666666666, "Testing loss ": 0.37263878228893416, "Testing accuracy ": 0.8691, "_timestamp": 1709127863.4239411, "_runtime": 68.40137004852295, "_step": 59, "confusion_matrix_table": {"_type": "table-file", "sha256": "bf648697c3756fdc4353698310eb6116dd73846af365eadf5405a17670f705bb", "size": 3172, "artifact_path": "wandb-client-artifact://rfmhaegnd3oiztz69mrrea968h7xnox4nmgot96nt2lx91f42fytb63f0ry9e3f5v9818trq8wofc0ulc64pqfptr5ceg4ywxeus1nkaj1dphte1ix195s107o4xfc5x:latest/confusion_matrix_table.table.json", "_latest_artifact_path": "wandb-client-artifact://rfmhaegnd3oiztz69mrrea968h7xnox4nmgot96nt2lx91f42fytb63f0ry9e3f5v9818trq8wofc0ulc64pqfptr5ceg4ywxeus1nkaj1dphte1ix195s107o4xfc5x:latest/confusion_matrix_table.table.json", "path": "media/table/confusion_matrix_table_59_bf648697c3756fdc4353.table.json", "ncols": 3, "nrows": 100}, "_wandb": {"runtime": 67}}