{"Epoch ": 4, "Training loss ": 0.37894820303751153, "Training accuracy ": 0.6618518518518518, "Validation loss ": 0.38242810380908365, "Validation accuracy ": 0.6575, "Testing loss ": 0.3881874504670878, "Testing accuracy ": 0.658, "_timestamp": 1709402216.3362238, "_runtime": 27.758968830108643, "_step": 9, "confusion_matrix_table": {"_type": "table-file", "sha256": "48e548b81d63ba63d46686bd7acb731e408b0b86c9859e3f4507cd409e4f01b8", "size": 3180, "artifact_path": "wandb-client-artifact://uirdgsri9uh9ukkm3bd7tajgcc8hoqgv2wpnpt6mh1cbogl4py5p4k1iaa4we3eb1ng44t4zi8r21863jv5fn0yir2mv5isp27awp0yyjbph4idpt39od2r7y08q81tl:latest/confusion_matrix_table.table.json", "_latest_artifact_path": "wandb-client-artifact://uirdgsri9uh9ukkm3bd7tajgcc8hoqgv2wpnpt6mh1cbogl4py5p4k1iaa4we3eb1ng44t4zi8r21863jv5fn0yir2mv5isp27awp0yyjbph4idpt39od2r7y08q81tl:latest/confusion_matrix_table.table.json", "path": "media/table/confusion_matrix_table_9_48e548b81d63ba63d466.table.json", "ncols": 3, "nrows": 100}, "_wandb": {"runtime": 26}}