{"Epoch ": 19, "Training loss ": 0.15752024006533186, "Training accuracy ": 0.8891481481481481, "Validation loss ": 0.1948364377502177, "Validation accuracy ": 0.8645, "Testing loss ": 0.20244606689131714, "Testing accuracy ": 0.8597, "_timestamp": 1709559632.2359433, "_runtime": 106.97684931755066, "_step": 39, "confusion_matrix_table": {"_type": "table-file", "sha256": "e2b4de7a046ae110ce1f4dbe6818b876ae4081a1cc89de7b93898c80d625bffa", "size": 3176, "artifact_path": "wandb-client-artifact://13p6hp0riuc9spa57pvw0m8vsa9i5dx3ydxji3fxw2v47l4yrp4xsq4ptsjtj8emsp0nz0fq95b1t7ta8t103fqbvmrgnvd6yhuhsuokj5zn7nj3wdrvu34xnjl4oler:latest/confusion_matrix_table.table.json", "_latest_artifact_path": "wandb-client-artifact://13p6hp0riuc9spa57pvw0m8vsa9i5dx3ydxji3fxw2v47l4yrp4xsq4ptsjtj8emsp0nz0fq95b1t7ta8t103fqbvmrgnvd6yhuhsuokj5zn7nj3wdrvu34xnjl4oler:latest/confusion_matrix_table.table.json", "path": "media/table/confusion_matrix_table_39_e2b4de7a046ae110ce1f.table.json", "ncols": 3, "nrows": 100}, "_wandb": {"runtime": 106}}