{"Epoch ": 4, "Training loss ": 0.20161999954519752, "Training accuracy ": 0.8579814814814815, "Validation loss ": 0.21752068207217026, "Validation accuracy ": 0.8495, "Testing loss ": 0.2259393189038162, "Testing accuracy ": 0.8415, "_timestamp": 1709399737.8902926, "_runtime": 17.157505750656128, "_step": 9, "confusion_matrix_table": {"_type": "table-file", "sha256": "6232038b68aa4a70067c1ed8f89b2488dc5667442b44cd6b8363dc168bcd2163", "size": 3171, "artifact_path": "wandb-client-artifact://nq0ch8x2ucng86apq2vb9t6s2hnfcvvr4mzq6kpnq9o7dbhre1whp4ekpr45vnh0apr8wytdbkl5f1vylqk5508tatwy5cc348lgkndus0pm7t8kajfpmxsb60lcislh:latest/confusion_matrix_table.table.json", "_latest_artifact_path": "wandb-client-artifact://nq0ch8x2ucng86apq2vb9t6s2hnfcvvr4mzq6kpnq9o7dbhre1whp4ekpr45vnh0apr8wytdbkl5f1vylqk5508tatwy5cc348lgkndus0pm7t8kajfpmxsb60lcislh:latest/confusion_matrix_table.table.json", "path": "media/table/confusion_matrix_table_9_6232038b68aa4a70067c.table.json", "ncols": 3, "nrows": 100}, "_wandb": {"runtime": 16}}