{"Epoch ": 14, "Training loss ": 0.5488748718715929, "Training accuracy ": 0.537537037037037, "Validation loss ": 0.5514543737671268, "Validation accuracy ": 0.531, "Testing loss ": 0.551277437273377, "Testing accuracy ": 0.5351, "_timestamp": 1709150486.60301, "_runtime": 25.474156856536865, "_step": 29, "confusion_matrix_table": {"_type": "table-file", "sha256": "ea0398f9bb632e48e75ac9ea1284f6b12281295d5a9303e04fbb3d251cdf7899", "size": 3183, "artifact_path": "wandb-client-artifact://znu6dx9ddhiqysn4g2e86fprrzzzp4lt9c8a73ihetotqqusbkyjsyowj83ac2j78v4pvicqj3j7rttxkapo8nkcxwh2nh6xu97g1fs8mu8wo4xxd2ny7z78d0a6inf7:latest/confusion_matrix_table.table.json", "_latest_artifact_path": "wandb-client-artifact://znu6dx9ddhiqysn4g2e86fprrzzzp4lt9c8a73ihetotqqusbkyjsyowj83ac2j78v4pvicqj3j7rttxkapo8nkcxwh2nh6xu97g1fs8mu8wo4xxd2ny7z78d0a6inf7:latest/confusion_matrix_table.table.json", "path": "media/table/confusion_matrix_table_29_ea0398f9bb632e48e75a.table.json", "ncols": 3, "nrows": 100}, "_wandb": {"runtime": 24}}