{"Epoch ": 29, "Training loss ": 0.1766263768651994, "Training accuracy ": 0.8807222222222222, "Validation loss ": 0.1955710573837724, "Validation accuracy ": 0.8651666666666666, "Testing loss ": 0.20986810482047102, "Testing accuracy ": 0.8572, "_timestamp": 1709530894.9198163, "_runtime": 198.3013951778412, "_step": 59, "confusion_matrix_table": {"_type": "table-file", "sha256": "1aeea24fbff5077dc7c286c3fd51570b93c2e0402ca7299b424545d5758d2dea", "size": 3173, "artifact_path": "wandb-client-artifact://zcjle3r68bx425rnqqir5a2x0kcx1i910xdlh0dkvaee24lo9e5p9t8w60vkyox87ezmzz8xfwvgbkj55msbdl8q2lkwr4szzjszumgrz3gh1t7e8lliya9aaxz705fi:latest/confusion_matrix_table.table.json", "_latest_artifact_path": "wandb-client-artifact://zcjle3r68bx425rnqqir5a2x0kcx1i910xdlh0dkvaee24lo9e5p9t8w60vkyox87ezmzz8xfwvgbkj55msbdl8q2lkwr4szzjszumgrz3gh1t7e8lliya9aaxz705fi:latest/confusion_matrix_table.table.json", "path": "media/table/confusion_matrix_table_59_1aeea24fbff5077dc7c2.table.json", "ncols": 3, "nrows": 100}, "_wandb": {"runtime": 197}}