{"Epoch ": 29, "Training loss ": 0.23650608129939182, "Training accuracy ": 0.9143333333333333, "Validation loss ": 0.3294713724892883, "Validation accuracy ": 0.8806666666666667, "Testing loss ": 0.34523362140932434, "Testing accuracy ": 0.8772, "_timestamp": 1709289182.2746801, "_runtime": 62.829570055007935, "_step": 59, "confusion_matrix_table": {"_type": "table-file", "sha256": "53299af732a05aca6a5e6bcb0e4296daac673d17e2c2bb1fc2904ff06edf71ad", "size": 3173, "artifact_path": "wandb-client-artifact://5f994fmo0eud9177ituuswq40bsnxyw6gyhpxfsd3ihv1d2gvski6a1brgmsscangog7ck1axpfolhkcm3o76tmwq81ndphisw6a2vyikwsr4dzh9duxaxzgdaxe473u:latest/confusion_matrix_table.table.json", "_latest_artifact_path": "wandb-client-artifact://5f994fmo0eud9177ituuswq40bsnxyw6gyhpxfsd3ihv1d2gvski6a1brgmsscangog7ck1axpfolhkcm3o76tmwq81ndphisw6a2vyikwsr4dzh9duxaxzgdaxe473u:latest/confusion_matrix_table.table.json", "path": "media/table/confusion_matrix_table_59_53299af732a05aca6a5e.table.json", "ncols": 3, "nrows": 100}, "_wandb": {"runtime": 62}}