{"Epoch ": 19, "Training loss ": 2.237647739990761e-05, "Training accuracy ": 0.5623888888888889, "Validation loss ": 0.00020401094766677174, "Validation accuracy ": 0.5638333333333333, "Testing loss ": 0.00012544532732117092, "Testing accuracy ": 0.5538, "_timestamp": 1709005765.4403245, "_runtime": 40.81148552894592, "_step": 39, "confusion_matrix_table": {"_type": "table-file", "sha256": "636828f5193350e11b4e73c3eab799f7184c2377b237c87d6dad405f8839343b", "size": 3156, "artifact_path": "wandb-client-artifact://vwctiy2495lzbjbtpodcgh4a1xwafhfydz8435ie4wxhdaphxjchkj0w47fx7luom3irkxa1kj523uo1hizfxrpk0mruw4o1eswuoesjsiibrpu7v2bjq7s2zl90eg3b:latest/confusion_matrix_table.table.json", "_latest_artifact_path": "wandb-client-artifact://vwctiy2495lzbjbtpodcgh4a1xwafhfydz8435ie4wxhdaphxjchkj0w47fx7luom3irkxa1kj523uo1hizfxrpk0mruw4o1eswuoesjsiibrpu7v2bjq7s2zl90eg3b:latest/confusion_matrix_table.table.json", "path": "media/table/confusion_matrix_table_39_636828f5193350e11b4e.table.json", "ncols": 3, "nrows": 100}, "_wandb": {"runtime": 40}}