{"Epoch ": 4, "Training loss ": 0.40482365050461744, "Training accuracy ": 0.8548703703703704, "Validation loss ": 0.4257102068369638, "Validation accuracy ": 0.848, "Testing loss ": 0.45095764914026915, "Testing accuracy ": 0.8391, "_timestamp": 1709128757.0865495, "_runtime": 29.351840496063232, "_step": 9, "confusion_matrix_table": {"_type": "table-file", "sha256": "da7f7e2024af2f7b39c6b3d649075443546ab077e55b4fee0497795430d1c016", "size": 3172, "artifact_path": "wandb-client-artifact://63s6wxk9lga63lpureuvv81b2vtryzxr4ww9ieuk4xxzp8nh9ghsdey5nmc372j3p920ux8rtehanec90qtjuzsw23oibj67ux5244tw9xlnah1vmcfrn52prfl92ig5:latest/confusion_matrix_table.table.json", "_latest_artifact_path": "wandb-client-artifact://63s6wxk9lga63lpureuvv81b2vtryzxr4ww9ieuk4xxzp8nh9ghsdey5nmc372j3p920ux8rtehanec90qtjuzsw23oibj67ux5244tw9xlnah1vmcfrn52prfl92ig5:latest/confusion_matrix_table.table.json", "path": "media/table/confusion_matrix_table_9_da7f7e2024af2f7b39c6.table.json", "ncols": 3, "nrows": 100}, "_wandb": {"runtime": 28}}