{"Epoch ": 24, "Training loss ": 0.161391152967886, "Training accuracy ": 0.8876481481481482, "Validation loss ": 0.18496160742615655, "Validation accuracy ": 0.8698333333333333, "Testing loss ": 0.1899093370922809, "Testing accuracy ": 0.8678, "_timestamp": 1709534110.9929433, "_runtime": 118.63183927536011, "_step": 49, "confusion_matrix_table": {"_type": "table-file", "sha256": "dd13fb53cae202ee824c7dcd74ea2128f7dbd43f7cfb079c2a5bdc8b18c5c28f", "size": 3170, "artifact_path": "wandb-client-artifact://ehqncbaeo4fr73yhqtfn2ud9gro7wlya1s0hrygl1n5p0f5hhbet1lmdkubyrnns8a1ebv1fxi26ubl1r5w70qxjkmugpt9ex9iz3fh0tusz8vgq1arvi8958ujvfnv2:latest/confusion_matrix_table.table.json", "_latest_artifact_path": "wandb-client-artifact://ehqncbaeo4fr73yhqtfn2ud9gro7wlya1s0hrygl1n5p0f5hhbet1lmdkubyrnns8a1ebv1fxi26ubl1r5w70qxjkmugpt9ex9iz3fh0tusz8vgq1arvi8958ujvfnv2:latest/confusion_matrix_table.table.json", "path": "media/table/confusion_matrix_table_49_dd13fb53cae202ee824c.table.json", "ncols": 3, "nrows": 100}, "_wandb": {"runtime": 117}}