{"Epoch ": 14, "Training loss ": 0.3338314606370917, "Training accuracy ": 0.8806296296296297, "Validation loss ": 0.36037817380724085, "Validation accuracy ": 0.8735, "Testing loss ": 0.3827229514925655, "Testing accuracy ": 0.8658, "_timestamp": 1709487866.079795, "_runtime": 144.06848287582397, "_step": 29, "confusion_matrix_table": {"_type": "table-file", "sha256": "a40f6e47706f7448ba7918573ec47f53465dfee16a17edcc5d50274a9eaf91c1", "size": 3173, "artifact_path": "wandb-client-artifact://69v676qhd204g9egmf3sdapaqi90moqgycezshronjikvy5ioj7bia8jd6wtk97rvjuoebnzn7kpjb3m9ul657rx0ysp8u36xi4tfbb4qu1o9i8gxirg37hccs7ia7v3:latest/confusion_matrix_table.table.json", "_latest_artifact_path": "wandb-client-artifact://69v676qhd204g9egmf3sdapaqi90moqgycezshronjikvy5ioj7bia8jd6wtk97rvjuoebnzn7kpjb3m9ul657rx0ysp8u36xi4tfbb4qu1o9i8gxirg37hccs7ia7v3:latest/confusion_matrix_table.table.json", "path": "media/table/confusion_matrix_table_29_a40f6e47706f7448ba79.table.json", "ncols": 3, "nrows": 100}, "_wandb": {"runtime": 143}}