{"Epoch ": 14, "Training loss ": 0.2182325380301248, "Training accuracy ": 0.8505555555555555, "Validation loss ": 0.21952519382837682, "Validation accuracy ": 0.8485, "Testing loss ": 0.23493448157920901, "Testing accuracy ": 0.836, "_timestamp": 1709146207.089725, "_runtime": 103.29296803474426, "_step": 29, "confusion_matrix_table": {"_type": "table-file", "sha256": "d406d074913c4f6c969c4fa0a2f7b27311d1c95787d3d5b54ae6e9a0bec53a1a", "size": 3176, "artifact_path": "wandb-client-artifact://jjjavmyoilluqwj65368bnhn77a4bqdobaarchx6a3if42ze3uf26mm19nbyzm35cdjfwq5ozjq4q9a093cqtstb3zen19kfya74bgs852ap9gw3ivfb751mhpme43ha:latest/confusion_matrix_table.table.json", "_latest_artifact_path": "wandb-client-artifact://jjjavmyoilluqwj65368bnhn77a4bqdobaarchx6a3if42ze3uf26mm19nbyzm35cdjfwq5ozjq4q9a093cqtstb3zen19kfya74bgs852ap9gw3ivfb751mhpme43ha:latest/confusion_matrix_table.table.json", "path": "media/table/confusion_matrix_table_29_d406d074913c4f6c969c.table.json", "ncols": 3, "nrows": 100}, "_wandb": {"runtime": 102}}