{"Epoch ": 19, "Training loss ": 0.20969969839103705, "Training accuracy ": 0.856574074074074, "Validation loss ": 0.21674465178004854, "Validation accuracy ": 0.8505, "Testing loss ": 0.2273523766493607, "Testing accuracy ": 0.8425, "_timestamp": 1709539168.3632576, "_runtime": 49.44917368888855, "_step": 39, "confusion_matrix_table": {"_type": "table-file", "sha256": "2b4859d15902d6df72f96625078310d488ef62b87827ee4fd7445fcfdae4874e", "size": 3173, "artifact_path": "wandb-client-artifact://lr2rdurdtlvotwk1e86hosjvblynvxhijko1x2eb06elyg17vupvmc9eukj6md05wsbj0is1q7mhx299m98z1kg9c4l6aeqv321xrdi8zcyhf8o20j2xjoormh38nzyd:latest/confusion_matrix_table.table.json", "_latest_artifact_path": "wandb-client-artifact://lr2rdurdtlvotwk1e86hosjvblynvxhijko1x2eb06elyg17vupvmc9eukj6md05wsbj0is1q7mhx299m98z1kg9c4l6aeqv321xrdi8zcyhf8o20j2xjoormh38nzyd:latest/confusion_matrix_table.table.json", "path": "media/table/confusion_matrix_table_39_2b4859d15902d6df72f9.table.json", "ncols": 3, "nrows": 100}, "_wandb": {"runtime": 48}}