{"Epoch ": 29, "Training loss ": 0.5496784439731159, "Training accuracy ": 0.543074074074074, "Validation loss ": 0.5600280214193211, "Validation accuracy ": 0.5371666666666667, "Testing loss ": 0.5617379884286017, "Testing accuracy ": 0.5365, "_timestamp": 1709301220.1579, "_runtime": 136.9307382106781, "_step": 59, "confusion_matrix_table": {"_type": "table-file", "sha256": "e115f71c7140a9ba9a69221a49b6c9cb48db570df690854bacba1c1b730ce6f8", "size": 3173, "artifact_path": "wandb-client-artifact://gqmxjiqvwhpybigglv2thjdjg7qcls3u86anjh3y9jmxh3hp6cpg87jkl9cs7yiqnr4a0hbahndhfcmh7u53ar0y4lvxkinpxqh41p3qjla82mcbjtrmown3bv577g9z:latest/confusion_matrix_table.table.json", "_latest_artifact_path": "wandb-client-artifact://gqmxjiqvwhpybigglv2thjdjg7qcls3u86anjh3y9jmxh3hp6cpg87jkl9cs7yiqnr4a0hbahndhfcmh7u53ar0y4lvxkinpxqh41p3qjla82mcbjtrmown3bv577g9z:latest/confusion_matrix_table.table.json", "path": "media/table/confusion_matrix_table_59_e115f71c7140a9ba9a69.table.json", "ncols": 3, "nrows": 100}, "_wandb": {"runtime": 136}}