{"Epoch ": 29, "Training loss ": 0.12176702708735994, "Training accuracy ": 0.9181111111111111, "Validation loss ": 0.1653232775204268, "Validation accuracy ": 0.8846666666666667, "Testing loss ": 0.17923621375840917, "Testing accuracy ": 0.8754, "_timestamp": 1709303250.1704545, "_runtime": 892.5196015834808, "_step": 59, "confusion_matrix_table": {"_type": "table-file", "sha256": "63f7861b2c2eac144a63f55fa591982d948f2fceafa899ee05afa46b583ec244", "size": 3174, "artifact_path": "wandb-client-artifact://tex97wafss3x3egfj5jyiptdym7wrrgf1k1i8u37sz67x7bv1d9xyfkc2ugx2nwf74dtz3pnx176ew7n21ft9fx4mjo3sgbbxg77js52g6m19alc87ikbnfo2og5cf1g:latest/confusion_matrix_table.table.json", "_latest_artifact_path": "wandb-client-artifact://tex97wafss3x3egfj5jyiptdym7wrrgf1k1i8u37sz67x7bv1d9xyfkc2ugx2nwf74dtz3pnx176ew7n21ft9fx4mjo3sgbbxg77js52g6m19alc87ikbnfo2og5cf1g:latest/confusion_matrix_table.table.json", "path": "media/table/confusion_matrix_table_59_63f7861b2c2eac144a63.table.json", "ncols": 3, "nrows": 100}, "_wandb": {"runtime": 891}}