{"Epoch ": 19, "Training loss ": 0.056472720506673596, "Training accuracy ": 0.9843703703703703, "Validation loss ": 0.18214409405217552, "Validation accuracy ": 0.9581666666666667, "Testing loss ": 0.18901129743141035, "Testing accuracy ": 0.9604, "_timestamp": 1709495945.241626, "_runtime": 189.83542799949646, "_step": 39, "confusion_matrix_table": {"_type": "table-file", "sha256": "7272f807e7c7f7ad29217c685e2935b7fb8d0e977c115b958257616f3c3a4bd2", "size": 3153, "artifact_path": "wandb-client-artifact://4sv8i227zocxc6x77j5s6txx9wac6uwsi76a8vqwy5m6vtm0vjwp36sripax5bt6vcmwsig9rgrn07a0tvao2to486qe7plx17p1dljy53v1608i71am8mfky1obgnf9:latest/confusion_matrix_table.table.json", "_latest_artifact_path": "wandb-client-artifact://4sv8i227zocxc6x77j5s6txx9wac6uwsi76a8vqwy5m6vtm0vjwp36sripax5bt6vcmwsig9rgrn07a0tvao2to486qe7plx17p1dljy53v1608i71am8mfky1obgnf9:latest/confusion_matrix_table.table.json", "path": "media/table/confusion_matrix_table_39_7272f807e7c7f7ad2921.table.json", "ncols": 3, "nrows": 100}, "_wandb": {"runtime": 189}}