{"Epoch ": 9, "Training loss ": 1.0604033467430998, "Training accuracy ": 0.09277777777777778, "Validation loss ": 1.0603127157114245, "Validation accuracy ": 0.09233333333333334, "Testing loss ": 1.061677985512418, "Testing accuracy ": 0.0935, "_timestamp": 1709312817.1341832, "_runtime": 206.20353412628174, "_step": 19, "confusion_matrix_table": {"_type": "table-file", "sha256": "2a755609098ae100209b422764416dddddb1f1fd94dae5a6a0b2b993a613ceeb", "size": 3156, "artifact_path": "wandb-client-artifact://skxm9gnwd2dlk4tsajlaeeg9amncedgw97o610rzycrp57f4z7h1blmkywuz5lqhsn8j55bzlaxjd0463vkx67qd8jnsu1nktchg06fdr29od0g5ufu1ttqb9z9ihffi:latest/confusion_matrix_table.table.json", "_latest_artifact_path": "wandb-client-artifact://skxm9gnwd2dlk4tsajlaeeg9amncedgw97o610rzycrp57f4z7h1blmkywuz5lqhsn8j55bzlaxjd0463vkx67qd8jnsu1nktchg06fdr29od0g5ufu1ttqb9z9ihffi:latest/confusion_matrix_table.table.json", "path": "media/table/confusion_matrix_table_19_2a755609098ae100209b.table.json", "ncols": 3, "nrows": 100}, "_wandb": {"runtime": 205}}