{"Epoch ": 24, "Training loss ": 1.0194083305252692, "Training accuracy ": 0.6885, "Validation loss ": 1.016255325492314, "Validation accuracy ": 0.6875, "Testing loss ": 1.031230579125231, "Testing accuracy ": 0.6837, "_timestamp": 1709448502.2069669, "_runtime": 39.420777797698975, "_step": 49, "confusion_matrix_table": {"_type": "table-file", "sha256": "7ecd7598ab8025555cb098155d033cc84b05be598c6a9ec441f9d3a2f0853d44", "size": 3187, "artifact_path": "wandb-client-artifact://ia1uqo6ca59ys50t5b32gp61l9lhotzf2bkzf38ock2q7ir0ddmcabsqh9q5srm5ojsby0ub2pheeqerdwsnt1b95w7stokt5kn49tgc25xbweppp2idjb3irmj03agb:latest/confusion_matrix_table.table.json", "_latest_artifact_path": "wandb-client-artifact://ia1uqo6ca59ys50t5b32gp61l9lhotzf2bkzf38ock2q7ir0ddmcabsqh9q5srm5ojsby0ub2pheeqerdwsnt1b95w7stokt5kn49tgc25xbweppp2idjb3irmj03agb:latest/confusion_matrix_table.table.json", "path": "media/table/confusion_matrix_table_49_7ecd7598ab8025555cb0.table.json", "ncols": 3, "nrows": 100}, "_wandb": {"runtime": 35}}