{"Epoch ": 19, "Training loss ": 0.6657645274953725, "Training accuracy ": 0.43403703703703705, "Validation loss ": 0.6799673299159802, "Validation accuracy ": 0.43183333333333335, "Testing loss ": 0.6796383764933527, "Testing accuracy ": 0.4247, "_timestamp": 1709705808.0304227, "_runtime": 69.00476670265198, "_step": 39, "confusion_matrix_table": {"_type": "table-file", "sha256": "150ff7b8ab2f39b380351cfadcaf115d1fc7ea4cd60766c4f532a45d33b0a1c4", "size": 3183, "artifact_path": "wandb-client-artifact://3dgkd9ga46bv6il13521u04pxnrxfyr7h73wzlj5gkxzya49u9f0d6xke0ri5irry77wpzqncxs7obkiwhwoswmfx6juu20bac2m17kcn33nmco2erec2f4kks45dwfb:latest/confusion_matrix_table.table.json", "_latest_artifact_path": "wandb-client-artifact://3dgkd9ga46bv6il13521u04pxnrxfyr7h73wzlj5gkxzya49u9f0d6xke0ri5irry77wpzqncxs7obkiwhwoswmfx6juu20bac2m17kcn33nmco2erec2f4kks45dwfb:latest/confusion_matrix_table.table.json", "path": "media/table/confusion_matrix_table_39_150ff7b8ab2f39b38035.table.json", "ncols": 3, "nrows": 100}, "_wandb": {"runtime": 68}}