{"Epoch ": 9, "Training loss ": 0.3127994338701743, "Training accuracy ": 0.889425925925926, "Validation loss ": 0.35824213996989335, "Validation accuracy ": 0.8768333333333334, "Testing loss ": 0.3692936343299334, "Testing accuracy ": 0.8695, "_timestamp": 1709450205.5895243, "_runtime": 49.09101438522339, "_step": 19, "confusion_matrix_table": {"_type": "table-file", "sha256": "f1b97af5002bf7e88dcfe961f3a35c356105d9639c4c595801503a5cb4c91cf3", "size": 3173, "artifact_path": "wandb-client-artifact://98b7w37y05i1b5ucbffp2a8j6iav6tbmm8zq86vylptjpm0y7xve0jd0k76dw8pb824u4hjlkzvjiafjtj3kqfo4od58oqxh87igisruwkn9ua35wke2qcnz9nuoj2zy:latest/confusion_matrix_table.table.json", "_latest_artifact_path": "wandb-client-artifact://98b7w37y05i1b5ucbffp2a8j6iav6tbmm8zq86vylptjpm0y7xve0jd0k76dw8pb824u4hjlkzvjiafjtj3kqfo4od58oqxh87igisruwkn9ua35wke2qcnz9nuoj2zy:latest/confusion_matrix_table.table.json", "path": "media/table/confusion_matrix_table_19_f1b97af5002bf7e88dcf.table.json", "ncols": 3, "nrows": 100}, "_wandb": {"runtime": 48}}