{"Epoch ": 14, "Training loss ": 0.2264029104793293, "Training accuracy ": 0.8435555555555555, "Validation loss ": 0.23799486832530226, "Validation accuracy ": 0.8363333333333334, "Testing loss ": 0.2473545448348503, "Testing accuracy ": 0.8298, "_timestamp": 1709150597.787721, "_runtime": 18.753286838531494, "_step": 29, "confusion_matrix_table": {"_type": "table-file", "sha256": "1e77f424d1245272333f879cfc5f4cd4310574a2488fe5aa2a0e74e035c2125a", "size": 3180, "artifact_path": "wandb-client-artifact://g1mhjgoqh7ktsnfw23b8sin2la925qc3jc0105awiyrcub2glfr3jlw9b2er19whrbwovnudurk14keavj27x92ac7d2m7bcpdtkx26ejiyts98vqxyiycytlnn48cfw:latest/confusion_matrix_table.table.json", "_latest_artifact_path": "wandb-client-artifact://g1mhjgoqh7ktsnfw23b8sin2la925qc3jc0105awiyrcub2glfr3jlw9b2er19whrbwovnudurk14keavj27x92ac7d2m7bcpdtkx26ejiyts98vqxyiycytlnn48cfw:latest/confusion_matrix_table.table.json", "path": "media/table/confusion_matrix_table_29_1e77f424d1245272333f.table.json", "ncols": 3, "nrows": 100}, "_wandb": {"runtime": 18}}