{"Epoch ": 29, "Training loss ": 0.27940738171038704, "Training accuracy ": 0.889962962962963, "Validation loss ": 0.28745854117023395, "Validation accuracy ": 0.8865, "Testing loss ": 0.2759912512329823, "Testing accuracy ": 0.8943, "_timestamp": 1709534485.3138342, "_runtime": 39.963980197906494, "_step": 59, "confusion_matrix_table": {"_type": "table-file", "sha256": "b8a98760ed667525310f84491fe3ef96abec456e357fc6e97c8a85d6027abe7a", "size": 3184, "artifact_path": "wandb-client-artifact://v7obkn1k8mibyp845rvufye6ae92j7a8zsmn5i5kpq27my0ia7zbeulrmupljvxhaihflk2pcbhdjggi9lrm5vgjzvnfgqb85oeylks8hov83oz7i3wu6qm7oeei4pb2:latest/confusion_matrix_table.table.json", "_latest_artifact_path": "wandb-client-artifact://v7obkn1k8mibyp845rvufye6ae92j7a8zsmn5i5kpq27my0ia7zbeulrmupljvxhaihflk2pcbhdjggi9lrm5vgjzvnfgqb85oeylks8hov83oz7i3wu6qm7oeei4pb2:latest/confusion_matrix_table.table.json", "path": "media/table/confusion_matrix_table_59_b8a98760ed667525310f.table.json", "ncols": 3, "nrows": 100}, "_wandb": {"runtime": 39}}