{"Epoch ": 24, "Training loss ": 0.20326169759654, "Training accuracy ": 0.9270925925925926, "Validation loss ": 0.37360948933284854, "Validation accuracy ": 0.8851666666666667, "Testing loss ": 0.408135800148476, "Testing accuracy ": 0.8731, "_timestamp": 1709481485.1499572, "_runtime": 374.247346162796, "_step": 49, "confusion_matrix_table": {"_type": "table-file", "sha256": "c75986869b77bd1bf925a3b6c4b5330bac8b3807817106228f86277397f91245", "size": 3170, "artifact_path": "wandb-client-artifact://idcjnnhvnqrphej0lhniihdwfn58907d7bwsydlvvgsayiscm4y7al4w9q3a4uypfvfyrw6mfxji51wl8ji41x8s0xtrdwetyl4sksx5f9k42p9chdmderc5zngvrmf7:latest/confusion_matrix_table.table.json", "_latest_artifact_path": "wandb-client-artifact://idcjnnhvnqrphej0lhniihdwfn58907d7bwsydlvvgsayiscm4y7al4w9q3a4uypfvfyrw6mfxji51wl8ji41x8s0xtrdwetyl4sksx5f9k42p9chdmderc5zngvrmf7:latest/confusion_matrix_table.table.json", "path": "media/table/confusion_matrix_table_49_c75986869b77bd1bf925.table.json", "ncols": 3, "nrows": 100}, "_wandb": {"runtime": 373}}