{"Epoch ": 24, "Training loss ": 0.9280073619781452, "Training accuracy ": 0.7517777777777778, "Validation loss ": 0.9300144245152608, "Validation accuracy ": 0.749, "Testing loss ": 0.9452787813040681, "Testing accuracy ": 0.7424, "_timestamp": 1709485993.7755928, "_runtime": 40.95332980155945, "_step": 49, "confusion_matrix_table": {"_type": "table-file", "sha256": "489a980f28c6e3c873a8e53696f47a3f4f2cd586d6062c222d5af39e514eaa4f", "size": 3185, "artifact_path": "wandb-client-artifact://w9c69od0ociwuh0dhy8o2cm47ndjgcpnxte3dae4lgeatk7p3oykc7ppwz5ao3kbzhzvndskc0144yqstd9t3kftoclb0hkc861ti7gehmv2hikla0gxc1trtrnlw5y3:latest/confusion_matrix_table.table.json", "_latest_artifact_path": "wandb-client-artifact://w9c69od0ociwuh0dhy8o2cm47ndjgcpnxte3dae4lgeatk7p3oykc7ppwz5ao3kbzhzvndskc0144yqstd9t3kftoclb0hkc861ti7gehmv2hikla0gxc1trtrnlw5y3:latest/confusion_matrix_table.table.json", "path": "media/table/confusion_matrix_table_49_489a980f28c6e3c873a8.table.json", "ncols": 3, "nrows": 100}, "_wandb": {"runtime": 39}}