{"Epoch ": 4, "Training loss ": 1.1285575927963116, "Training accuracy ": 0.5767407407407408, "Validation loss ": 1.1623587235701849, "Validation accuracy ": 0.5738333333333333, "Testing loss ": 1.204442879003502, "Testing accuracy ": 0.5662, "_timestamp": 1709402411.4676516, "_runtime": 21.954200506210327, "_step": 9, "confusion_matrix_table": {"_type": "table-file", "sha256": "3f1478d4e3508e1a7aa34b92eb12669beab843d819ab61bce0b6d3e6e59002f5", "size": 3161, "artifact_path": "wandb-client-artifact://be2pop2olhpzalwqkue44qm4f1pm7k6onyoo36tprl3e5rmnxu2j2h3tbdav2xy6optxeo0l6mv3rn0rk00p5bravzl510m7pa8e0zlooe2nwcqus6na3g5lx6aaw8g8:latest/confusion_matrix_table.table.json", "_latest_artifact_path": "wandb-client-artifact://be2pop2olhpzalwqkue44qm4f1pm7k6onyoo36tprl3e5rmnxu2j2h3tbdav2xy6optxeo0l6mv3rn0rk00p5bravzl510m7pa8e0zlooe2nwcqus6na3g5lx6aaw8g8:latest/confusion_matrix_table.table.json", "path": "media/table/confusion_matrix_table_9_3f1478d4e3508e1a7aa3.table.json", "ncols": 3, "nrows": 100}, "_wandb": {"runtime": 21}}