{"Epoch ": 19, "Training loss ": 0.4783288278930174, "Training accuracy ": 0.840037037037037, "Validation loss ": 0.4933608710836555, "Validation accuracy ": 0.8371666666666666, "Testing loss ": 0.5098863141953976, "Testing accuracy ": 0.8242, "_timestamp": 1709133038.6266208, "_runtime": 38.399147748947144, "_step": 39, "confusion_matrix_table": {"_type": "table-file", "sha256": "22e4ef87efd0dfe2204f86cef5eb5a7b485e15c245e837bcbad67812e994e5a1", "size": 3177, "artifact_path": "wandb-client-artifact://x9b644ydo8atmnk0ttwyda94bq26g3pt1pj9sianwtuuer8064suqqi6k439s3p1og3f3xuvpgh43xkppsuo5ynto5qsvv3q2lu1aaj56xow5lknzn9de96btfgz7lva:latest/confusion_matrix_table.table.json", "_latest_artifact_path": "wandb-client-artifact://x9b644ydo8atmnk0ttwyda94bq26g3pt1pj9sianwtuuer8064suqqi6k439s3p1og3f3xuvpgh43xkppsuo5ynto5qsvv3q2lu1aaj56xow5lknzn9de96btfgz7lva:latest/confusion_matrix_table.table.json", "path": "media/table/confusion_matrix_table_39_22e4ef87efd0dfe2204f.table.json", "ncols": 3, "nrows": 100}, "_wandb": {"runtime": 37}}