{"Epoch ": 4, "Training loss ": 0.4005303987932571, "Training accuracy ": 0.8585555555555555, "Validation loss ": 0.4232196554957491, "Validation accuracy ": 0.8563333333333333, "Testing loss ": 0.4422919517282904, "Testing accuracy ": 0.8435, "_timestamp": 1709401412.5309167, "_runtime": 26.410600662231445, "_step": 9, "confusion_matrix_table": {"_type": "table-file", "sha256": "51bd66a41d79d797f3e3990315550d4c393e732c0ea7f1e38d5f5600812e6adb", "size": 3169, "artifact_path": "wandb-client-artifact://a46gsf0550waag3xbcg865n68dvblnythjvr9mu6zejeezycp3fvl4dozwdy35x5p4m6nel93a2o2t5guv1irvint8njf8v3apblyxmli9q7zqtnxzqdkwrhd2f9ppb6:latest/confusion_matrix_table.table.json", "_latest_artifact_path": "wandb-client-artifact://a46gsf0550waag3xbcg865n68dvblnythjvr9mu6zejeezycp3fvl4dozwdy35x5p4m6nel93a2o2t5guv1irvint8njf8v3apblyxmli9q7zqtnxzqdkwrhd2f9ppb6:latest/confusion_matrix_table.table.json", "path": "media/table/confusion_matrix_table_9_51bd66a41d79d797f3e3.table.json", "ncols": 3, "nrows": 100}, "_wandb": {"runtime": 25}}