{"Epoch ": 29, "Training loss ": 0.4542236716984547, "Training accuracy ": 0.8477962962962963, "Validation loss ": 0.45487019679896706, "Validation accuracy ": 0.8446666666666667, "Testing loss ": 0.48548171326668915, "Testing accuracy ": 0.8341, "_timestamp": 1709288696.6217756, "_runtime": 57.92971873283386, "_step": 59, "confusion_matrix_table": {"_type": "table-file", "sha256": "07edfceb40452808b8e5f8c63c565aebe8688251e45d284e42c273f318213207", "size": 3177, "artifact_path": "wandb-client-artifact://sa252g144liejgqmtl4lhz9b6b5xhle2fznnaxdokyfyleuh7mmwcrg24aqzve70gq248zd1nn0rkctvfb076atblbkxjaybfocyx0fp0gkqnne6n4gijfgf7yqgg90z:latest/confusion_matrix_table.table.json", "_latest_artifact_path": "wandb-client-artifact://sa252g144liejgqmtl4lhz9b6b5xhle2fznnaxdokyfyleuh7mmwcrg24aqzve70gq248zd1nn0rkctvfb076atblbkxjaybfocyx0fp0gkqnne6n4gijfgf7yqgg90z:latest/confusion_matrix_table.table.json", "path": "media/table/confusion_matrix_table_59_07edfceb40452808b8e5.table.json", "ncols": 3, "nrows": 100}, "_wandb": {"runtime": 57}}