{"Epoch ": 4, "Training loss ": 2.302575196663007, "Training accuracy ": 0.1, "Validation loss ": 2.3025752011005554, "Validation accuracy ": 0.1, "Testing loss ": 2.3025751997427504, "Testing accuracy ": 0.1, "_timestamp": 1709099654.4038692, "_runtime": 70.18253016471863, "_step": 4, "_wandb": {"runtime": 69}}