{"Epoch ": 4, "Training loss ": 0.437275789512978, "Training accuracy ": 0.8516666666666667, "Validation loss ": 0.46533855809708724, "Validation accuracy ": 0.8385, "Testing loss ": 0.4855159842456455, "Testing accuracy ": 0.8308, "_timestamp": 1709126710.9144688, "_runtime": 15.588470697402954, "_step": 9, "confusion_matrix_table": {"_type": "table-file", "sha256": "b2a27e7978f6b4d82a40b05a41acb9b67bb2182bde76a44a83492fd83505800d", "size": 3180, "artifact_path": "wandb-client-artifact://cm4sq5ub0iu33bwo00yvoyyd3jypuju4nkl1n0ruow4yob7hpn7q2noyo7ue41829vcvq3krs5egnn1w5xnr4nopuyy0ra7ermhbotj461q5d4wzgo8onlomqafolt87:latest/confusion_matrix_table.table.json", "_latest_artifact_path": "wandb-client-artifact://cm4sq5ub0iu33bwo00yvoyyd3jypuju4nkl1n0ruow4yob7hpn7q2noyo7ue41829vcvq3krs5egnn1w5xnr4nopuyy0ra7ermhbotj461q5d4wzgo8onlomqafolt87:latest/confusion_matrix_table.table.json", "path": "media/table/confusion_matrix_table_9_b2a27e7978f6b4d82a40.table.json", "ncols": 3, "nrows": 100}, "_wandb": {"runtime": 14}}