{"Epoch ": 4, "Training loss ": 0.30758030766714217, "Training accuracy ": 0.884, "Validation loss ": 0.33918024868165475, "Validation accuracy ": 0.8766666666666667, "Testing loss ": 0.38532638485375237, "Testing accuracy ": 0.8609, "_timestamp": 1709297784.5685434, "_runtime": 44.923680543899536, "_step": 9, "confusion_matrix_table": {"_type": "table-file", "sha256": "c57e203b090fbd1d3c86ca07b54f042a4f6214cafb0bf00a9344d63262f929ce", "size": 3170, "artifact_path": "wandb-client-artifact://4aemcu7x7eu4nisd6eyo1085qldvqd1rklsdekcoi05kvupehxv4q3bke4cj0l56pxjwu1dal3wc2p79iv8ksz6y6jl5ofgawioxdgqzc95fular0j0o9rw22mw1ib6u:latest/confusion_matrix_table.table.json", "_latest_artifact_path": "wandb-client-artifact://4aemcu7x7eu4nisd6eyo1085qldvqd1rklsdekcoi05kvupehxv4q3bke4cj0l56pxjwu1dal3wc2p79iv8ksz6y6jl5ofgawioxdgqzc95fular0j0o9rw22mw1ib6u:latest/confusion_matrix_table.table.json", "path": "media/table/confusion_matrix_table_9_c57e203b090fbd1d3c86.table.json", "ncols": 3, "nrows": 100}, "_wandb": {"runtime": 44}}