{"Epoch ": 19, "Training loss ": 0.12817683833348587, "Training accuracy ": 0.9113333333333333, "Validation loss ": 0.16296684076405946, "Validation accuracy ": 0.8866666666666667, "Testing loss ": 0.17546747969637186, "Testing accuracy ": 0.8779, "_timestamp": 1709307745.7040176, "_runtime": 223.02531170845032, "_step": 39, "confusion_matrix_table": {"_type": "table-file", "sha256": "3720d933ef135513746738f59d1113be40f0767a705b5f152f5d8858861ee897", "size": 3169, "artifact_path": "wandb-client-artifact://sypbtviavyq9pu9eqqxifoctgxhjwx8dns39vldze4lxnjm69oxfxynihifdk9omhh5ftq9mqvb1slafwpoq5a7pozcn3cowndu1pxemu9ss2lk222i454cq8ndlrtpw:latest/confusion_matrix_table.table.json", "_latest_artifact_path": "wandb-client-artifact://sypbtviavyq9pu9eqqxifoctgxhjwx8dns39vldze4lxnjm69oxfxynihifdk9omhh5ftq9mqvb1slafwpoq5a7pozcn3cowndu1pxemu9ss2lk222i454cq8ndlrtpw:latest/confusion_matrix_table.table.json", "path": "media/table/confusion_matrix_table_39_3720d933ef1355137467.table.json", "ncols": 3, "nrows": 100}, "_wandb": {"runtime": 222}}