{"Epoch ": 24, "Training loss ": 0.22489520142955882, "Training accuracy ": 0.9174444444444444, "Validation loss ": 0.3265207773448364, "Validation accuracy ": 0.888, "Testing loss ": 0.36213900679810657, "Testing accuracy ": 0.8747, "_timestamp": 1709292804.4578125, "_runtime": 61.47220158576965, "_step": 49, "confusion_matrix_table": {"_type": "table-file", "sha256": "701e068a7fa216ae904b0c2ed4f520376527c98303d41d3cf6ed25aa0a6e236a", "size": 3169, "artifact_path": "wandb-client-artifact://5vov0400h0q9y4j5ffslnvn1gstrsxccx1q6enq84ab3ms6bxbr53qzvbmfldny8entfqklipuwm0iohec1bei7m28owbblee9n5cs0926pemgxjdyuypy1qkiwk4an0:latest/confusion_matrix_table.table.json", "_latest_artifact_path": "wandb-client-artifact://5vov0400h0q9y4j5ffslnvn1gstrsxccx1q6enq84ab3ms6bxbr53qzvbmfldny8entfqklipuwm0iohec1bei7m28owbblee9n5cs0926pemgxjdyuypy1qkiwk4an0:latest/confusion_matrix_table.table.json", "path": "media/table/confusion_matrix_table_49_701e068a7fa216ae904b.table.json", "ncols": 3, "nrows": 100}, "_wandb": {"runtime": 60}}