{"Epoch ": 24, "Training loss ": 0.16214327960372396, "Training accuracy ": 0.8869074074074074, "Validation loss ": 0.1889415664249135, "Validation accuracy ": 0.8698333333333333, "Testing loss ": 0.21043175221433658, "Testing accuracy ": 0.8559, "_timestamp": 1709531326.8399675, "_runtime": 65.95926451683044, "_step": 49, "confusion_matrix_table": {"_type": "table-file", "sha256": "809601913c2da6b1dd1d3ea8b75c71bc037c1ec1af40f99b3aa28756b9baaf2a", "size": 3173, "artifact_path": "wandb-client-artifact://981j57qdp5nzpr2jcs6imgut1b8j8y79loz72gfy6vesl4po1ripwfk384fitoh10xc8ug4szzsonwt1yygupdlyp52ykvcczgzueroqax9ysv2hv4aibx8x4ilwvsu2:latest/confusion_matrix_table.table.json", "_latest_artifact_path": "wandb-client-artifact://981j57qdp5nzpr2jcs6imgut1b8j8y79loz72gfy6vesl4po1ripwfk384fitoh10xc8ug4szzsonwt1yygupdlyp52ykvcczgzueroqax9ysv2hv4aibx8x4ilwvsu2:latest/confusion_matrix_table.table.json", "path": "media/table/confusion_matrix_table_49_809601913c2da6b1dd1d.table.json", "ncols": 3, "nrows": 100}, "_wandb": {"runtime": 65}}