{"Epoch ": 29, "Training loss ": 0.18353961354176682, "Training accuracy ": 0.9325185185185185, "Validation loss ": 0.40405507064132956, "Validation accuracy ": 0.888, "Testing loss ": 0.42672537750135864, "Testing accuracy ": 0.8802, "_timestamp": 1709411584.186721, "_runtime": 73.30597519874573, "_step": 59, "confusion_matrix_table": {"_type": "table-file", "sha256": "203845d2b21556ed48070e29a2ff9807690f71389ed8f1da6566b3680c4b9d72", "size": 3169, "artifact_path": "wandb-client-artifact://1hibk8mrom0p5s2ihbkag2k4nqzrzm3g626gulztoe7tuoln9yle5qeua6v2muc04v8i67r778kds00iymh0xj510tqvsq75nhenojxj0as9qli4o34pbk7a8o4h73hv:latest/confusion_matrix_table.table.json", "_latest_artifact_path": "wandb-client-artifact://1hibk8mrom0p5s2ihbkag2k4nqzrzm3g626gulztoe7tuoln9yle5qeua6v2muc04v8i67r778kds00iymh0xj510tqvsq75nhenojxj0as9qli4o34pbk7a8o4h73hv:latest/confusion_matrix_table.table.json", "path": "media/table/confusion_matrix_table_59_203845d2b21556ed4807.table.json", "ncols": 3, "nrows": 100}, "_wandb": {"runtime": 72}}