{"Epoch ": 24, "Training loss ": 1.0597096479327544, "Training accuracy ": 0.037814814814814815, "Validation loss ": 1.0604892186869694, "Validation accuracy ": 0.03883333333333333, "Testing loss ": 1.061279372384721, "Testing accuracy ": 0.0378, "_timestamp": 1709313938.2928731, "_runtime": 60.95258617401123, "_step": 49, "confusion_matrix_table": {"_type": "table-file", "sha256": "97921fba96a44bf5126c44d4015190c8b1a6be3cd75b13d71ed1fcd8a58cbeed", "size": 3155, "artifact_path": "wandb-client-artifact://n7jb28xukc72hy8ezojb5fcn8u2omsr1ehouso3b40rma7wm3tw0atfctszqm8i2eeriw19eciumnz304iy1q4m2vizx4e0rzzxicjsyz06t0vql0xk9ruqfnk1hs6pt:latest/confusion_matrix_table.table.json", "_latest_artifact_path": "wandb-client-artifact://n7jb28xukc72hy8ezojb5fcn8u2omsr1ehouso3b40rma7wm3tw0atfctszqm8i2eeriw19eciumnz304iy1q4m2vizx4e0rzzxicjsyz06t0vql0xk9ruqfnk1hs6pt:latest/confusion_matrix_table.table.json", "path": "media/table/confusion_matrix_table_49_97921fba96a44bf5126c.table.json", "ncols": 3, "nrows": 100}, "_wandb": {"runtime": 60}}