{"Epoch ": 24, "Training loss ": 0.24591491609956978, "Training accuracy ": 0.8363703703703703, "Validation loss ": 0.24955591216358486, "Validation accuracy ": 0.8315, "Testing loss ": 0.2593604187865591, "Testing accuracy ": 0.8257, "_timestamp": 1709150103.7288258, "_runtime": 119.53782677650452, "_step": 49, "confusion_matrix_table": {"_type": "table-file", "sha256": "b5cf4af5d3bed2334b54b6d6cf0ad864b028a328f7792c6c45a3579d3ce4e446", "size": 3175, "artifact_path": "wandb-client-artifact://1elne28p5nergwhlnq41v8qrzuup90wn03wvaxl969gxj52r32oneptnswyumsci3x7odll27rvgapq6ivayfp8se1b8fbovrv17k2yyuwmv7h79rvl22zac0bi6gmgs:latest/confusion_matrix_table.table.json", "_latest_artifact_path": "wandb-client-artifact://1elne28p5nergwhlnq41v8qrzuup90wn03wvaxl969gxj52r32oneptnswyumsci3x7odll27rvgapq6ivayfp8se1b8fbovrv17k2yyuwmv7h79rvl22zac0bi6gmgs:latest/confusion_matrix_table.table.json", "path": "media/table/confusion_matrix_table_49_b5cf4af5d3bed2334b54.table.json", "ncols": 3, "nrows": 100}, "_wandb": {"runtime": 118}}