{"Epoch ": 9, "Training loss ": 0.2827471348389135, "Training accuracy ": 0.8973148148148148, "Validation loss ": 0.3370664174947671, "Validation accuracy ": 0.8821666666666667, "Testing loss ": 0.37037265045870454, "Testing accuracy ": 0.8667, "_timestamp": 1709147300.4577506, "_runtime": 109.39345359802246, "_step": 19, "confusion_matrix_table": {"_type": "table-file", "sha256": "855e499e6da54a7f895e54f2a3c5c0a7d4689015121600e3121a521780455958", "size": 3171, "artifact_path": "wandb-client-artifact://yoqxfncnksv70zaxmorgp5fa0yxz5d62xp4utdeeqjolv1t66j00ykxslzp2pcw8gvcvxtke34yhhcc5l640f62q3alq50ordffuzhjdacxwh0oz8v4twuc9ene1z8wj:latest/confusion_matrix_table.table.json", "_latest_artifact_path": "wandb-client-artifact://yoqxfncnksv70zaxmorgp5fa0yxz5d62xp4utdeeqjolv1t66j00ykxslzp2pcw8gvcvxtke34yhhcc5l640f62q3alq50ordffuzhjdacxwh0oz8v4twuc9ene1z8wj:latest/confusion_matrix_table.table.json", "path": "media/table/confusion_matrix_table_19_855e499e6da54a7f895e.table.json", "ncols": 3, "nrows": 100}, "_wandb": {"runtime": 108}}