{"Epoch ": 19, "Training loss ": 3.2455688269696824e-05, "Training accuracy ": 0.6032037037037037, "Validation loss ": 0.0002923175235602473, "Validation accuracy ": 0.5998333333333333, "Testing loss ": 0.00017565445653312868, "Testing accuracy ": 0.6048, "_timestamp": 1708925483.7026067, "_runtime": 25.428677558898926, "_step": 39, "confusion_matrix_table": {"_type": "table-file", "sha256": "de124c6d2fd958b718651df79d37b5aefd412dc319fbf528a68f8f0757d46f80", "size": 3187, "artifact_path": "wandb-client-artifact://qrtt6r91sw5trjhbkftxl0tvbajbr7ol5qdwu0vo7krxi1x1mk13f0y6m1aws2o226bvmdxj6vv8bgzmj4euaimwfcxsrogefsyam902ojamg501mv0rndqkdx3yliny:latest/confusion_matrix_table.table.json", "_latest_artifact_path": "wandb-client-artifact://qrtt6r91sw5trjhbkftxl0tvbajbr7ol5qdwu0vo7krxi1x1mk13f0y6m1aws2o226bvmdxj6vv8bgzmj4euaimwfcxsrogefsyam902ojamg501mv0rndqkdx3yliny:latest/confusion_matrix_table.table.json", "path": "media/table/confusion_matrix_table_39_de124c6d2fd958b71865.table.json", "ncols": 3, "nrows": 100}, "_wandb": {"runtime": 24}}