{"Epoch ": 14, "Training loss ": 0.11120916688492336, "Training accuracy ": 0.9780925925925926, "Validation loss ": 0.23979575491740626, "Validation accuracy ": 0.9658333333333333, "Testing loss ": 0.2010030486707947, "Testing accuracy ": 0.9677, "_timestamp": 1709495684.621251, "_runtime": 75.39886403083801, "_step": 29, "confusion_matrix_table": {"_type": "table-file", "sha256": "28e7d4cff45b389d9ad0ea79b133fe17867d098dea406461a6c80df6ae5c1f15", "size": 3154, "artifact_path": "wandb-client-artifact://4d8sae4bbdmsy4i74s3gc9w85aecdebvodtm3zfc346yvxb1emluq7qrzqa9nnwxj0o6grxwhth1uxoa8geq9vdq8cmgm259iajaa8s5csyzxybogmrqfmzzhic1aa2j:latest/confusion_matrix_table.table.json", "_latest_artifact_path": "wandb-client-artifact://4d8sae4bbdmsy4i74s3gc9w85aecdebvodtm3zfc346yvxb1emluq7qrzqa9nnwxj0o6grxwhth1uxoa8geq9vdq8cmgm259iajaa8s5csyzxybogmrqfmzzhic1aa2j:latest/confusion_matrix_table.table.json", "path": "media/table/confusion_matrix_table_29_28e7d4cff45b389d9ad0.table.json", "ncols": 3, "nrows": 100}, "_wandb": {"runtime": 74}}