{"Epoch ": 24, "Training loss ": 0.27431563804696996, "Training accuracy ": 0.8108888888888889, "Validation loss ": 0.2848135441927098, "Validation accuracy ": 0.8043333333333333, "Testing loss ": 0.295150773964066, "Testing accuracy ": 0.7972, "_timestamp": 1709528299.5770547, "_runtime": 55.582974672317505, "_step": 49, "confusion_matrix_table": {"_type": "table-file", "sha256": "760f7dc79c828a692aeaf5d335b887239867890005a27db8adfae54472324d22", "size": 3183, "artifact_path": "wandb-client-artifact://m5wzx47laky4vjq3mdmy0eytyhlfvi6wsn9agygaf1g638t80pmoatvxy2fylrbhoeexs9sddc642ug237z5ntwlvsh8kmsz1p8t8prn7ec1qkvf3ihpfcfhdnnzgn1m:latest/confusion_matrix_table.table.json", "_latest_artifact_path": "wandb-client-artifact://m5wzx47laky4vjq3mdmy0eytyhlfvi6wsn9agygaf1g638t80pmoatvxy2fylrbhoeexs9sddc642ug237z5ntwlvsh8kmsz1p8t8prn7ec1qkvf3ihpfcfhdnnzgn1m:latest/confusion_matrix_table.table.json", "path": "media/table/confusion_matrix_table_49_760f7dc79c828a692aea.table.json", "ncols": 3, "nrows": 100}, "_wandb": {"runtime": 54}}