{"Epoch ": 4, "Training loss ": 2.302680321069781, "Training accuracy ": 0.1, "Validation loss ": 2.3026803210697806, "Validation accuracy ": 0.1, "Testing loss ": 2.302680321069781, "Testing accuracy ": 0.1, "_timestamp": 1709129382.2488968, "_runtime": 20.377216815948486, "_step": 9, "confusion_matrix_table": {"_type": "table-file", "sha256": "14aba07669112483f4c4ff17d067555ba1f0fe451130bd585ffc3d5776033d9c", "size": 3152, "artifact_path": "wandb-client-artifact://36eai5gcyiaj96b3ncrlexi2pm0u6va365dtrzhz4b8txzrbdmvuy5il9y4sw6mm2yza7tvwzebs0w88bwuaod9kss7avh9y0qo7909fj85acxm0c6egslrzv9epkf1u:latest/confusion_matrix_table.table.json", "_latest_artifact_path": "wandb-client-artifact://36eai5gcyiaj96b3ncrlexi2pm0u6va365dtrzhz4b8txzrbdmvuy5il9y4sw6mm2yza7tvwzebs0w88bwuaod9kss7avh9y0qo7909fj85acxm0c6egslrzv9epkf1u:latest/confusion_matrix_table.table.json", "path": "media/table/confusion_matrix_table_9_14aba07669112483f4c4.table.json", "ncols": 3, "nrows": 100}, "_wandb": {"runtime": 19}}