{"Epoch ": 29, "Training loss ": 0.2745482904052775, "Training accuracy ": 0.8984629629629629, "Validation loss ": 0.39440129201366897, "Validation accuracy ": 0.8641666666666666, "Testing loss ": 0.4149372966262024, "Testing accuracy ": 0.8587, "_timestamp": 1709302551.0240831, "_runtime": 141.27693819999695, "_step": 59, "confusion_matrix_table": {"_type": "table-file", "sha256": "ebfbd0fe4400f628606ff6c01f518c4b1b55891cddb22e21e61e16607185def5", "size": 3176, "artifact_path": "wandb-client-artifact://4ec8itqukvxt91g7ktc8xrg14xkhkaw8m05dmm6idhhm4mivbomqr0j5gs8avywn7p8f5rb9mp3myofa034klae3nq70pvi6wgob5a2le0wwnuukvyo1ljqqdu374qgs:latest/confusion_matrix_table.table.json", "_latest_artifact_path": "wandb-client-artifact://4ec8itqukvxt91g7ktc8xrg14xkhkaw8m05dmm6idhhm4mivbomqr0j5gs8avywn7p8f5rb9mp3myofa034klae3nq70pvi6wgob5a2le0wwnuukvyo1ljqqdu374qgs:latest/confusion_matrix_table.table.json", "path": "media/table/confusion_matrix_table_59_ebfbd0fe4400f628606f.table.json", "ncols": 3, "nrows": 100}, "_wandb": {"runtime": 140}}