{"Epoch ": 29, "Training loss ": 0.20308430166351202, "Training accuracy ": 0.923037037037037, "Validation loss ": 0.3558658619088871, "Validation accuracy ": 0.8833333333333333, "Testing loss ": 0.39007454567525796, "Testing accuracy ": 0.8744, "_timestamp": 1709450315.9277036, "_runtime": 96.79601073265076, "_step": 59, "confusion_matrix_table": {"_type": "table-file", "sha256": "5a00fcc7bbfb939f24760cb97a767b23a3a26273a311134aef4c4f17f297e5ee", "size": 3171, "artifact_path": "wandb-client-artifact://dv6i8bf2o2lq4u3oxeuedk7nb9wr5ikb3cw23n4aw1jaogelh2l2snzc6fnssqlcauvgjrs00pcpcvewq68ah0qa2c485poolh46uj613xu53v3swgv5xbbsurh690sx:latest/confusion_matrix_table.table.json", "_latest_artifact_path": "wandb-client-artifact://dv6i8bf2o2lq4u3oxeuedk7nb9wr5ikb3cw23n4aw1jaogelh2l2snzc6fnssqlcauvgjrs00pcpcvewq68ah0qa2c485poolh46uj613xu53v3swgv5xbbsurh690sx:latest/confusion_matrix_table.table.json", "path": "media/table/confusion_matrix_table_59_5a00fcc7bbfb939f2476.table.json", "ncols": 3, "nrows": 100}, "_wandb": {"runtime": 96}}