{"Epoch ": 9, "Training loss ": 2.3025795780717906, "Training accuracy ": 0.1, "Validation loss ": 2.3025795777851226, "Validation accuracy ": 0.1, "Testing loss ": 2.302579579664434, "Testing accuracy ": 0.1, "_timestamp": 1709096879.1393342, "_runtime": 17.9312801361084, "_step": 9, "_wandb": {"runtime": 17}}