{"Epoch ": 29, "Training loss ": 0.3920592134381681, "Training accuracy ": 0.7210925925925926, "Validation loss ": 0.41368024025909844, "Validation accuracy ": 0.7073333333333334, "Testing loss ": 0.41573742307574285, "Testing accuracy ": 0.7077, "_timestamp": 1709560851.6233344, "_runtime": 758.6408104896545, "_step": 59, "confusion_matrix_table": {"_type": "table-file", "sha256": "fe186c52b9450239f77656a5a954841c1e26e22bd9acf25d2363678a6ccd95de", "size": 3169, "artifact_path": "wandb-client-artifact://69dlni1u1vxp4sqo7he4les8e24ud9lvndmus8flor996nbn4wcy5kyrdbv28q2jhymkpe8yxlfb8vdwq80y87sy0a29ml67kc1bf6t4thlcqgt8j39szgrzedsddlc1:latest/confusion_matrix_table.table.json", "_latest_artifact_path": "wandb-client-artifact://69dlni1u1vxp4sqo7he4les8e24ud9lvndmus8flor996nbn4wcy5kyrdbv28q2jhymkpe8yxlfb8vdwq80y87sy0a29ml67kc1bf6t4thlcqgt8j39szgrzedsddlc1:latest/confusion_matrix_table.table.json", "path": "media/table/confusion_matrix_table_59_fe186c52b9450239f776.table.json", "ncols": 3, "nrows": 100}, "_wandb": {"runtime": 757}}