{"Epoch ": 24, "Training loss ": 0.05424298481202313, "Training accuracy ": 0.9852777777777778, "Validation loss ": 0.15709483279790842, "Validation accuracy ": 0.954, "Testing loss ": 0.14648455839713015, "Testing accuracy ": 0.9579, "_timestamp": 1709503804.1992257, "_runtime": 26.073609590530396, "_step": 49, "confusion_matrix_table": {"_type": "table-file", "sha256": "634a6f3ef5a3ea492edd9c6aee4fa4595667fda586a4af275144bb826201bb1d", "size": 3155, "artifact_path": "wandb-client-artifact://y58t98bc0xvt296qwl1ade812nas581ptd7z1m4e0ngryqjii6gp35qm0nlcv7qrg6u5relyztk5iznnm507otxpura2jopzx7cg9l08igfvervznv2tjx628towyiof:latest/confusion_matrix_table.table.json", "_latest_artifact_path": "wandb-client-artifact://y58t98bc0xvt296qwl1ade812nas581ptd7z1m4e0ngryqjii6gp35qm0nlcv7qrg6u5relyztk5iznnm507otxpura2jopzx7cg9l08igfvervznv2tjx628towyiof:latest/confusion_matrix_table.table.json", "path": "media/table/confusion_matrix_table_49_634a6f3ef5a3ea492edd.table.json", "ncols": 3, "nrows": 100}, "_wandb": {"runtime": 25}}