{"Epoch ": 4, "Training loss ": 0.3877176227934799, "Training accuracy ": 0.8593148148148149, "Validation loss ": 0.40222005314586945, "Validation accuracy ": 0.8521666666666666, "Testing loss ": 0.44402883405209914, "Testing accuracy ": 0.8392, "_timestamp": 1709129149.832749, "_runtime": 20.521612882614136, "_step": 9, "confusion_matrix_table": {"_type": "table-file", "sha256": "11fe968f58a085442801f1bcd738c83b6e8d63cc5c7130ad055ae6efe34f1a26", "size": 3176, "artifact_path": "wandb-client-artifact://6jg8l55wacih8uxzdue3fz00vj0s1m1de6bpg5bvz3ayiwgxgf17ud61wqix835h1cfo31j4d3bf9i1562nvhtueqota3bu9x3v43itzb2kyjpb55uik0i322z85snq9:latest/confusion_matrix_table.table.json", "_latest_artifact_path": "wandb-client-artifact://6jg8l55wacih8uxzdue3fz00vj0s1m1de6bpg5bvz3ayiwgxgf17ud61wqix835h1cfo31j4d3bf9i1562nvhtueqota3bu9x3v43itzb2kyjpb55uik0i322z85snq9:latest/confusion_matrix_table.table.json", "path": "media/table/confusion_matrix_table_9_11fe968f58a085442801.table.json", "ncols": 3, "nrows": 100}, "_wandb": {"runtime": 19}}