{"Epoch ": 29, "Training loss ": 0.06715833953323709, "Training accuracy ": 0.980925925925926, "Validation loss ": 0.10680435887970284, "Validation accuracy ": 0.9673333333333334, "Testing loss ": 0.1081974215356476, "Testing accuracy ": 0.9669, "_timestamp": 1709498393.3047822, "_runtime": 121.20469117164612, "_step": 59, "confusion_matrix_table": {"_type": "table-file", "sha256": "35cc5d826efb150b8b14568ee7a135118628c412d5046a8d8531d6abd57e899b", "size": 3151, "artifact_path": "wandb-client-artifact://c6pxk5fm37pstupab4z8p41qnj0rreaix03nuh2p0bk8dfv6seghpuudvpwaukvjoyaq9vl5cdn83vrf5s9uy16wrl038onrtpprs8ygoo927l00snfhsxvrpnpuw05c:latest/confusion_matrix_table.table.json", "_latest_artifact_path": "wandb-client-artifact://c6pxk5fm37pstupab4z8p41qnj0rreaix03nuh2p0bk8dfv6seghpuudvpwaukvjoyaq9vl5cdn83vrf5s9uy16wrl038onrtpprs8ygoo927l00snfhsxvrpnpuw05c:latest/confusion_matrix_table.table.json", "path": "media/table/confusion_matrix_table_59_35cc5d826efb150b8b14.table.json", "ncols": 3, "nrows": 100}, "_wandb": {"runtime": 120}}