{"Epoch ": 29, "Training loss ": 0.8640511254079065, "Training accuracy ": 0.38037037037037036, "Validation loss ": 0.8817303799066875, "Validation accuracy ": 0.37266666666666665, "Testing loss ": 0.884576164588452, "Testing accuracy ": 0.3725, "_timestamp": 1709183921.1270204, "_runtime": 58.31182932853699, "_step": 59, "confusion_matrix_table": {"_type": "table-file", "sha256": "f0df95ac210f19f2ff33001cbc92cf36c353238fdd9f89314fcc8122fb3c5443", "size": 3155, "artifact_path": "wandb-client-artifact://2a59o3gsrnsm4vkcvw88am9uxolfzppnm4k7dgu9389vx5avyxfo65m9ss9wvuumu2lmgcyzmo2510fmxf21azhgey3klm1qixn73ih0gy0271g73zr9jy3zv236eip2:latest/confusion_matrix_table.table.json", "_latest_artifact_path": "wandb-client-artifact://2a59o3gsrnsm4vkcvw88am9uxolfzppnm4k7dgu9389vx5avyxfo65m9ss9wvuumu2lmgcyzmo2510fmxf21azhgey3klm1qixn73ih0gy0271g73zr9jy3zv236eip2:latest/confusion_matrix_table.table.json", "path": "media/table/confusion_matrix_table_59_f0df95ac210f19f2ff33.table.json", "ncols": 3, "nrows": 100}, "_wandb": {"runtime": 57}}