{"Epoch ": 19, "Training loss ": 0.36522740044397767, "Training accuracy ": 0.7415555555555555, "Validation loss ": 0.3657465630270727, "Validation accuracy ": 0.742, "Testing loss ": 0.3800670074037783, "Testing accuracy ": 0.7294, "_timestamp": 1709181899.4213293, "_runtime": 22.485108375549316, "_step": 39, "confusion_matrix_table": {"_type": "table-file", "sha256": "8f44d12baf3ffe23ee71af62cb94c4177854474fd21a626b7d3f688f1e421991", "size": 3185, "artifact_path": "wandb-client-artifact://in0w8ajb31ybww5zg9vdjteq2k9bq5vhroid6e0riqq86hq2g35pvxl77f83ilih9z7m17mxzvsf0n6wrb8tgawjzzqzgivvxhq3hks8gdynricjcd0z8h5bgg0rwlqk:latest/confusion_matrix_table.table.json", "_latest_artifact_path": "wandb-client-artifact://in0w8ajb31ybww5zg9vdjteq2k9bq5vhroid6e0riqq86hq2g35pvxl77f83ilih9z7m17mxzvsf0n6wrb8tgawjzzqzgivvxhq3hks8gdynricjcd0z8h5bgg0rwlqk:latest/confusion_matrix_table.table.json", "path": "media/table/confusion_matrix_table_39_8f44d12baf3ffe23ee71.table.json", "ncols": 3, "nrows": 100}, "_wandb": {"runtime": 21}}