{"Epoch ": 4, "Training loss ": 0.9185151194495192, "Training accuracy ": 0.12861111111111112, "Validation loss ": 0.9189519552394836, "Validation accuracy ": 0.13, "Testing loss ": 0.9192739659886247, "Testing accuracy ": 0.1267, "_timestamp": 1709142929.4236667, "_runtime": 18.870620727539062, "_step": 9, "confusion_matrix_table": {"_type": "table-file", "sha256": "24d7e1dbd6a86228fbfe7d05c3c74ebcbef0e3b943130c79fd3b946ab7358296", "size": 3156, "artifact_path": "wandb-client-artifact://3k0v0ydix1dxdvlusjjhoh923thbn8mwme26aowe2svy34wyxlrllpe71nats60g6r79r2qowus8zh516y6xilax5i9d8rwsdquuq6te4yorn2m267ki0tsgyib988hf:latest/confusion_matrix_table.table.json", "_latest_artifact_path": "wandb-client-artifact://3k0v0ydix1dxdvlusjjhoh923thbn8mwme26aowe2svy34wyxlrllpe71nats60g6r79r2qowus8zh516y6xilax5i9d8rwsdquuq6te4yorn2m267ki0tsgyib988hf:latest/confusion_matrix_table.table.json", "path": "media/table/confusion_matrix_table_9_24d7e1dbd6a86228fbfe.table.json", "ncols": 3, "nrows": 100}, "_wandb": {"runtime": 18}}