{"Epoch ": 29, "Training loss ": 0.2605517377221879, "Training accuracy ": 0.9063518518518519, "Validation loss ": 0.32738963920611874, "Validation accuracy ": 0.8888333333333334, "Testing loss ": 0.34460021896138493, "Testing accuracy ": 0.8785, "_timestamp": 1709454547.7786615, "_runtime": 126.02599453926086, "_step": 59, "confusion_matrix_table": {"_type": "table-file", "sha256": "f150a9a3a9963cae1aeacec361341872d23ce90cad6ed3983857e4aeb0c3dce4", "size": 3173, "artifact_path": "wandb-client-artifact://21tp8mr7s6bf94q9ualqp42sbdrhkvwu1yg1tp6ryj7eoxdzo17fxbuiy6izyb87nmc4hkfifkv5x7lvzslz9ia6ovychfm2u43hp7pdutjn08pijsd6ewrnzs8u2hfz:latest/confusion_matrix_table.table.json", "_latest_artifact_path": "wandb-client-artifact://21tp8mr7s6bf94q9ualqp42sbdrhkvwu1yg1tp6ryj7eoxdzo17fxbuiy6izyb87nmc4hkfifkv5x7lvzslz9ia6ovychfm2u43hp7pdutjn08pijsd6ewrnzs8u2hfz:latest/confusion_matrix_table.table.json", "path": "media/table/confusion_matrix_table_59_f150a9a3a9963cae1aea.table.json", "ncols": 3, "nrows": 100}, "_wandb": {"runtime": 125}}