{"Epoch ": 9, "Training loss ": 0.3551697368846431, "Training accuracy ": 0.8744259259259259, "Validation loss ": 0.35958252038816046, "Validation accuracy ": 0.8711666666666666, "Testing loss ": 0.40405905591104135, "Testing accuracy ": 0.8568, "_timestamp": 1709127859.7913554, "_runtime": 44.299867391586304, "_step": 19, "confusion_matrix_table": {"_type": "table-file", "sha256": "bbbbfc5702c82ebdfd302efeaaab7100aef0d67c4752abbdd36c2a4c6903ebc5", "size": 3172, "artifact_path": "wandb-client-artifact://mcmlohhn8i2ap06chqoc2m37u250kulzf1xi04eosquc580xfnu8ubl5dcj1scxfrbgafwyzfzi9cbapxouetfd62g8p29mvh7xefcp63ox8q41hobwicmb8km47bede:latest/confusion_matrix_table.table.json", "_latest_artifact_path": "wandb-client-artifact://mcmlohhn8i2ap06chqoc2m37u250kulzf1xi04eosquc580xfnu8ubl5dcj1scxfrbgafwyzfzi9cbapxouetfd62g8p29mvh7xefcp63ox8q41hobwicmb8km47bede:latest/confusion_matrix_table.table.json", "path": "media/table/confusion_matrix_table_19_bbbbfc5702c82ebdfd30.table.json", "ncols": 3, "nrows": 100}, "_wandb": {"runtime": 43}}