{"Epoch ": 4, "Training loss ": 0.6131649840008467, "Training accuracy ": 0.7839814814814815, "Validation loss ": 0.615203213420763, "Validation accuracy ": 0.7813333333333333, "Testing loss ": 0.643001780532855, "Testing accuracy ": 0.7707, "_timestamp": 1709402969.4616084, "_runtime": 37.518861293792725, "_step": 9, "confusion_matrix_table": {"_type": "table-file", "sha256": "0b0672377ba9dead845e957f42c2f8daaabc575e5d401408cd45ebe87c84a6db", "size": 3183, "artifact_path": "wandb-client-artifact://0w85tx2tdn0nlfmn519jqgr02ypq3m38cfylddkjdtpd9y298zpvylg95u3mxwga399o4mqizi7ik7a618h7v9pe9g5kl771cfwnansbe1jw782lkmyili9t3trrdngt:latest/confusion_matrix_table.table.json", "_latest_artifact_path": "wandb-client-artifact://0w85tx2tdn0nlfmn519jqgr02ypq3m38cfylddkjdtpd9y298zpvylg95u3mxwga399o4mqizi7ik7a618h7v9pe9g5kl771cfwnansbe1jw782lkmyili9t3trrdngt:latest/confusion_matrix_table.table.json", "path": "media/table/confusion_matrix_table_9_0b0672377ba9dead845e.table.json", "ncols": 3, "nrows": 100}, "_wandb": {"runtime": 36}}