{"Epoch ": 29, "Training loss ": 0.2114626951072921, "Training accuracy ": 0.8556111111111111, "Validation loss ": 0.22301559923765546, "Validation accuracy ": 0.8478333333333333, "Testing loss ": 0.22880065176751035, "Testing accuracy ": 0.8414, "_timestamp": 1709185179.2193117, "_runtime": 276.1021466255188, "_step": 59, "confusion_matrix_table": {"_type": "table-file", "sha256": "ccccd93a7560ba7b8319670d31a6990d92cd91677d2270fea6621c4fe0f25141", "size": 3174, "artifact_path": "wandb-client-artifact://a1u0zy2ptd0m1calhx903h88w6ku3sv5m47c102u7gvewlhdjygnaqrtvw41bzuc1yl81vd8ohjuv7dpu1dj2wygte57ejxucb6n7k0mxg64f1i0tsc22g8a1epf9vor:latest/confusion_matrix_table.table.json", "_latest_artifact_path": "wandb-client-artifact://a1u0zy2ptd0m1calhx903h88w6ku3sv5m47c102u7gvewlhdjygnaqrtvw41bzuc1yl81vd8ohjuv7dpu1dj2wygte57ejxucb6n7k0mxg64f1i0tsc22g8a1epf9vor:latest/confusion_matrix_table.table.json", "path": "media/table/confusion_matrix_table_59_ccccd93a7560ba7b8319.table.json", "ncols": 3, "nrows": 100}, "_wandb": {"runtime": 275}}