{"Epoch ": 9, "Training loss ": 0.25144577642112703, "Training accuracy ": 0.9092037037037037, "Validation loss ": 0.32049887670312976, "Validation accuracy ": 0.8825, "Testing loss ": 0.33945233826359533, "Testing accuracy ": 0.8779, "_timestamp": 1709484208.2362554, "_runtime": 318.8514745235443, "_step": 19, "confusion_matrix_table": {"_type": "table-file", "sha256": "fe6ff2602529d9d25bd77d1684a1916311195d235e95ad152a9f633932d3a514", "size": 3170, "artifact_path": "wandb-client-artifact://up0yurvova2k22vejbaklhejolv3o8h5eh5ihgr8lgtnsyv1a4x4vqbf9admzps7y3hszam5fve90s53t02w3shq2vc5p472g8wrttj99fhlp43oolq1a712wo0y3i0a:latest/confusion_matrix_table.table.json", "_latest_artifact_path": "wandb-client-artifact://up0yurvova2k22vejbaklhejolv3o8h5eh5ihgr8lgtnsyv1a4x4vqbf9admzps7y3hszam5fve90s53t02w3shq2vc5p472g8wrttj99fhlp43oolq1a712wo0y3i0a:latest/confusion_matrix_table.table.json", "path": "media/table/confusion_matrix_table_19_fe6ff2602529d9d25bd7.table.json", "ncols": 3, "nrows": 100}, "_wandb": {"runtime": 318}}