{"Epoch ": 29, "Training loss ": 0.21585219015449106, "Training accuracy ": 0.9205740740740741, "Validation loss ": 0.5134343697349152, "Validation accuracy ": 0.8683333333333333, "Testing loss ": 0.5051123996768226, "Testing accuracy ": 0.8695, "_timestamp": 1709304957.1437175, "_runtime": 1313.8227515220642, "_step": 59, "confusion_matrix_table": {"_type": "table-file", "sha256": "d4125432fcdfba48c2096b7ffed65e0165cf1e3fafdb4ac57059b64a336affbc", "size": 3176, "artifact_path": "wandb-client-artifact://zs9octng32xkyy25gl3m1k83d6592fx44cf83ee549q5chzffwjjczuvdljj53w22s5r45jtb1kf0l8ysi7kqvfn1xqvrzhyhlamd5xejqwi3ijkr6k5m50l53a1uuhr:latest/confusion_matrix_table.table.json", "_latest_artifact_path": "wandb-client-artifact://zs9octng32xkyy25gl3m1k83d6592fx44cf83ee549q5chzffwjjczuvdljj53w22s5r45jtb1kf0l8ysi7kqvfn1xqvrzhyhlamd5xejqwi3ijkr6k5m50l53a1uuhr:latest/confusion_matrix_table.table.json", "path": "media/table/confusion_matrix_table_59_d4125432fcdfba48c209.table.json", "ncols": 3, "nrows": 100}, "_wandb": {"runtime": 1312}}