{"Epoch ": 4, "Training loss ": 0.38005619114107064, "Training accuracy ": 0.8662037037037037, "Validation loss ": 0.407003412231995, "Validation accuracy ": 0.8555, "Testing loss ": 0.4328947897880472, "Testing accuracy ": 0.8462, "_timestamp": 1709401678.340768, "_runtime": 20.510825157165527, "_step": 9, "confusion_matrix_table": {"_type": "table-file", "sha256": "4b4f6e87824b718e3c242644dd23f44ff732fee853239c2dfe51bc280206cfee", "size": 3178, "artifact_path": "wandb-client-artifact://84m6354ngljrldmp49cavg3tj25sudhe47et8cgsm8i14kw96oajs0d593a1dp0nbr5ot2zgk4q557igie8b1v2616dr6eujvf22gyltzq6n4kg42bpjbjkee3iri9us:latest/confusion_matrix_table.table.json", "_latest_artifact_path": "wandb-client-artifact://84m6354ngljrldmp49cavg3tj25sudhe47et8cgsm8i14kw96oajs0d593a1dp0nbr5ot2zgk4q557igie8b1v2616dr6eujvf22gyltzq6n4kg42bpjbjkee3iri9us:latest/confusion_matrix_table.table.json", "path": "media/table/confusion_matrix_table_9_4b4f6e87824b718e3c24.table.json", "ncols": 3, "nrows": 100}, "_wandb": {"runtime": 19}}