{"Epoch ": 29, "Training loss ": 0.015028914691431897, "Training accuracy ": 0.995462962962963, "Validation loss ": 0.12335954074122768, "Validation accuracy ": 0.9685, "Testing loss ": 0.11088661784603121, "Testing accuracy ": 0.9733, "_timestamp": 1709491216.4346125, "_runtime": 571.7868025302887, "_step": 59, "confusion_matrix_table": {"_type": "table-file", "sha256": "d96b0e0cdcf335c8d34b744334696a66e47f37504d12b207938ca1946fd37227", "size": 3148, "artifact_path": "wandb-client-artifact://lo2gkv2ql0qzzi1fd67h44eycw7w9m45240azu4ae6fb7o42wxwe5qbb3kr0bmz9ckildp16u8vtobw4q436elvt25iui9lgjnkfjmtsploauimfhklzlcbekck336po:latest/confusion_matrix_table.table.json", "_latest_artifact_path": "wandb-client-artifact://lo2gkv2ql0qzzi1fd67h44eycw7w9m45240azu4ae6fb7o42wxwe5qbb3kr0bmz9ckildp16u8vtobw4q436elvt25iui9lgjnkfjmtsploauimfhklzlcbekck336po:latest/confusion_matrix_table.table.json", "path": "media/table/confusion_matrix_table_59_d96b0e0cdcf335c8d34b.table.json", "ncols": 3, "nrows": 100}, "_wandb": {"runtime": 570}}