{"Epoch ": 4, "Training loss ": 1.3545809162330706, "Training accuracy ": 0.5864074074074074, "Validation loss ": 1.358463083989998, "Validation accuracy ": 0.588, "Testing loss ": 1.3577491866045683, "Testing accuracy ": 0.5817, "_timestamp": 1709103942.088707, "_runtime": 12.378583908081055, "_step": 4, "_wandb": {"runtime": 11}}