{"Epoch ": 14, "Training loss ": 0.38629754241305847, "Training accuracy ": 0.8665555555555555, "Validation loss ": 0.4020092440534582, "Validation accuracy ": 0.8595, "Testing loss ": 0.43187733892915475, "Testing accuracy ": 0.8501, "_timestamp": 1709132983.7418692, "_runtime": 53.05660319328308, "_step": 29, "confusion_matrix_table": {"_type": "table-file", "sha256": "fe58f5c2602170ec7ca9168b1d5a532ac63b86aa65c26c00bf3d4dc5026a7787", "size": 3170, "artifact_path": "wandb-client-artifact://jldv9l0iu7gp23uey9lwhvrln6bghcjk63aarv6xeng1die1k5d1iqvueu8x6kee672q6eh0s07o2eor2cybsv8gnwh9wf40xtkwxxq7xe1w9x4z7gcsr9ge198385jq:latest/confusion_matrix_table.table.json", "_latest_artifact_path": "wandb-client-artifact://jldv9l0iu7gp23uey9lwhvrln6bghcjk63aarv6xeng1die1k5d1iqvueu8x6kee672q6eh0s07o2eor2cybsv8gnwh9wf40xtkwxxq7xe1w9x4z7gcsr9ge198385jq:latest/confusion_matrix_table.table.json", "path": "media/table/confusion_matrix_table_29_fe58f5c2602170ec7ca9.table.json", "ncols": 3, "nrows": 100}, "_wandb": {"runtime": 52}}