{"Epoch ": 19, "Training loss ": 0.21499597548691232, "Training accuracy ": 0.8508888888888889, "Validation loss ": 0.22513675190292978, "Validation accuracy ": 0.8441666666666666, "Testing loss ": 0.23621229392441645, "Testing accuracy ": 0.8323, "_timestamp": 1709305698.8747146, "_runtime": 322.33995366096497, "_step": 39, "confusion_matrix_table": {"_type": "table-file", "sha256": "01156a5a8439fec793a7dd7dc2e5ddd3cd69d62ef627b86aa2f13f2354291251", "size": 3176, "artifact_path": "wandb-client-artifact://cmbuhazc29y9dsrwqh82h7e65sot7s5bdk427y818g78zsc0xvv8zqj2bipyx7vzolrcnib4pez0m5y665nxzzxsmbw9crk96noriwxouc2oi7wajq2bfshlopwqtqvf:latest/confusion_matrix_table.table.json", "_latest_artifact_path": "wandb-client-artifact://cmbuhazc29y9dsrwqh82h7e65sot7s5bdk427y818g78zsc0xvv8zqj2bipyx7vzolrcnib4pez0m5y665nxzzxsmbw9crk96noriwxouc2oi7wajq2bfshlopwqtqvf:latest/confusion_matrix_table.table.json", "path": "media/table/confusion_matrix_table_39_01156a5a8439fec793a7.table.json", "ncols": 3, "nrows": 100}, "_wandb": {"runtime": 321}}