{"Epoch ": 19, "Training loss ": 0.552931225169217, "Training accuracy ": 0.5804074074074074, "Validation loss ": 0.5697317030001134, "Validation accuracy ": 0.5718333333333333, "Testing loss ": 0.566853658180477, "Testing accuracy ": 0.5753, "_timestamp": 1709706039.9573622, "_runtime": 76.67353820800781, "_step": 39, "confusion_matrix_table": {"_type": "table-file", "sha256": "e4b38f45f66d6c50533cd7b8e8dc35035249674918d52964a3c98bd1abead603", "size": 3177, "artifact_path": "wandb-client-artifact://k82fp73bce5s1sb1j551ffqapp1v9pxjl6yy6j6r0y0e7ysbotp7ecyy4snciieqj9lfroswquhnbgle306tn43ikbv1rdmvgtl6xhpdezab3p85vbaqfrk03gslgh5l:latest/confusion_matrix_table.table.json", "_latest_artifact_path": "wandb-client-artifact://k82fp73bce5s1sb1j551ffqapp1v9pxjl6yy6j6r0y0e7ysbotp7ecyy4snciieqj9lfroswquhnbgle306tn43ikbv1rdmvgtl6xhpdezab3p85vbaqfrk03gslgh5l:latest/confusion_matrix_table.table.json", "path": "media/table/confusion_matrix_table_39_e4b38f45f66d6c50533c.table.json", "ncols": 3, "nrows": 100}, "_wandb": {"runtime": 74}}