{"Epoch ": 4, "Training loss ": 0.04043660553260865, "Training accuracy ": 0.9883333333333333, "Validation loss ": 0.10410302422885184, "Validation accuracy ": 0.9696666666666667, "Testing loss ": 0.09749151736491943, "Testing accuracy ": 0.9697, "_timestamp": 1709493064.9026139, "_runtime": 50.09279990196228, "_step": 9, "confusion_matrix_table": {"_type": "table-file", "sha256": "901422a23f09ffe4150606eabdccba8abfa8def31098089abe857eb402ca35c3", "size": 3150, "artifact_path": "wandb-client-artifact://gdxt0majldr6qjrlmc6a9ncwgyrrdj8ee4i19tftvylcgys0h3zjrvp1ver450ffecwj6x5o86ns3vpre88i7qzd3773kvcc5wofpkmhcl2prwwtluzgt4pt8l1z0xgm:latest/confusion_matrix_table.table.json", "_latest_artifact_path": "wandb-client-artifact://gdxt0majldr6qjrlmc6a9ncwgyrrdj8ee4i19tftvylcgys0h3zjrvp1ver450ffecwj6x5o86ns3vpre88i7qzd3773kvcc5wofpkmhcl2prwwtluzgt4pt8l1z0xgm:latest/confusion_matrix_table.table.json", "path": "media/table/confusion_matrix_table_9_901422a23f09ffe41506.table.json", "ncols": 3, "nrows": 100}, "_wandb": {"runtime": 49}}