{"Epoch ": 9, "Training loss ": 0.5188536404875195, "Training accuracy ": 0.8913888888888889, "Validation loss ": 0.533133284031864, "Validation accuracy ": 0.8856666666666667, "Testing loss ": 0.5001192359298587, "Testing accuracy ": 0.898, "_timestamp": 1709493466.943054, "_runtime": 44.49123406410217, "_step": 19, "confusion_matrix_table": {"_type": "table-file", "sha256": "a06153efd2206a7563736968935c332a3d4f5d963d4b7fb3fe97e0bf87d02feb", "size": 3187, "artifact_path": "wandb-client-artifact://dgdeihcslfll5ysptvxxu45udeoe8oiwjkjyz4q2ryqrnl9s096ruq8vl314jrfwmx6jzqg0qxeouadskiwensv208mje3mb5gjq2fui5etty4o1ktbn7kw6t784ocip:latest/confusion_matrix_table.table.json", "_latest_artifact_path": "wandb-client-artifact://dgdeihcslfll5ysptvxxu45udeoe8oiwjkjyz4q2ryqrnl9s096ruq8vl314jrfwmx6jzqg0qxeouadskiwensv208mje3mb5gjq2fui5etty4o1ktbn7kw6t784ocip:latest/confusion_matrix_table.table.json", "path": "media/table/confusion_matrix_table_19_a06153efd2206a756373.table.json", "ncols": 3, "nrows": 100}, "_wandb": {"runtime": 43}}