{"Epoch ": 19, "Training loss ": 2.3003267651981028, "Training accuracy ": 0.11374074074074074, "Validation loss ": 2.30374841518504, "Validation accuracy ": 0.1, "Testing loss ": 2.3005288255953937, "Testing accuracy ": 0.1135, "_timestamp": 1709501670.8619854, "_runtime": 78.79012036323547, "_step": 39, "confusion_matrix_table": {"_type": "table-file", "sha256": "d1569761db429b76055faeaf2e107bee2147105aec334a738d9337d7991aa86c", "size": 3147, "artifact_path": "wandb-client-artifact://7tng89jk35vp1ezxljx0idlvdty79kicpitt3u7h0grz69qsbwq0yaqon75w0j9k5d4cz3517ji50u0f0nsgz7ycyduh7pfbgu88ns5riirjqjxbitdtzkkbt125kwmf:latest/confusion_matrix_table.table.json", "_latest_artifact_path": "wandb-client-artifact://7tng89jk35vp1ezxljx0idlvdty79kicpitt3u7h0grz69qsbwq0yaqon75w0j9k5d4cz3517ji50u0f0nsgz7ycyduh7pfbgu88ns5riirjqjxbitdtzkkbt125kwmf:latest/confusion_matrix_table.table.json", "path": "media/table/confusion_matrix_table_39_d1569761db429b76055f.table.json", "ncols": 3, "nrows": 100}, "_wandb": {"runtime": 78}}