{"Epoch ": 19, "Training loss ": 0.31487586267665163, "Training accuracy ": 0.8081481481481482, "Validation loss ": 0.3206658336378466, "Validation accuracy ": 0.8001666666666667, "Testing loss ": 0.3296161378450937, "Testing accuracy ": 0.7889, "_timestamp": 1709147864.6372592, "_runtime": 48.489978313446045, "_step": 39, "confusion_matrix_table": {"_type": "table-file", "sha256": "178f04030b7655a82b067ceb4523c76c440bf0071acf2c1e1150c36ca90814ae", "size": 3179, "artifact_path": "wandb-client-artifact://jslpgsw1d9xvwkdhdbp35bl6lxeo41damh7d3nhn7w50gmt53kmq22mtdiwf4e2lfdlcsagnag4dt14wtkoaep4cm73mftb2cjfx4gvo82vh4dlm9a033g8vdboukis1:latest/confusion_matrix_table.table.json", "_latest_artifact_path": "wandb-client-artifact://jslpgsw1d9xvwkdhdbp35bl6lxeo41damh7d3nhn7w50gmt53kmq22mtdiwf4e2lfdlcsagnag4dt14wtkoaep4cm73mftb2cjfx4gvo82vh4dlm9a033g8vdboukis1:latest/confusion_matrix_table.table.json", "path": "media/table/confusion_matrix_table_39_178f04030b7655a82b06.table.json", "ncols": 3, "nrows": 100}, "_wandb": {"runtime": 47}}