{"Epoch ": 24, "Training loss ": 0.2162285709366144, "Training accuracy ": 0.8976666666666666, "Validation loss ": 0.22543076929172623, "Validation accuracy ": 0.8891666666666667, "Testing loss ": 0.2131223794014793, "Testing accuracy ": 0.9008, "_timestamp": 1709531756.5582654, "_runtime": 106.3239734172821, "_step": 49, "confusion_matrix_table": {"_type": "table-file", "sha256": "103ab1b9ba3a26d542b0f9a67a629bb1f325ce08c71f36786bdd10aacef1f1d2", "size": 3177, "artifact_path": "wandb-client-artifact://iodizle4kadt9rsjtibnh4nrqjxg6a3umbdyu6qyl87p9t3xhrqrbl1lnql0ng7txx6izk05nt7m51kjykar6xsbx92oaurbtf3ovamxdztcmxuldayk742o99u1rnm5:latest/confusion_matrix_table.table.json", "_latest_artifact_path": "wandb-client-artifact://iodizle4kadt9rsjtibnh4nrqjxg6a3umbdyu6qyl87p9t3xhrqrbl1lnql0ng7txx6izk05nt7m51kjykar6xsbx92oaurbtf3ovamxdztcmxuldayk742o99u1rnm5:latest/confusion_matrix_table.table.json", "path": "media/table/confusion_matrix_table_49_103ab1b9ba3a26d542b0.table.json", "ncols": 3, "nrows": 100}, "_wandb": {"runtime": 105}}