{"Epoch ": 29, "Training loss ": 0.7409480714361426, "Training accuracy ": 0.27175925925925926, "Validation loss ": 0.7421144590980937, "Validation accuracy ": 0.27016666666666667, "Testing loss ": 0.745275858940857, "Testing accuracy ": 0.2686, "_timestamp": 1709308465.6710157, "_runtime": 70.74835681915283, "_step": 59, "confusion_matrix_table": {"_type": "table-file", "sha256": "b5e4c20beec3e9186d576e44427f572ccad1ee8ff6294c0f12ca35b6b265a3f1", "size": 3161, "artifact_path": "wandb-client-artifact://1y9grsfpwbjcdbs5rv64mb166wj4xvhku51uuf5ik3n01v7x8fqobi4rkbpcw8zvod93tpzoki0fx9oulvk4fw5dfmqnyhmpp7vdq313g5yzbysw47ijcma3lmrp8rja:latest/confusion_matrix_table.table.json", "_latest_artifact_path": "wandb-client-artifact://1y9grsfpwbjcdbs5rv64mb166wj4xvhku51uuf5ik3n01v7x8fqobi4rkbpcw8zvod93tpzoki0fx9oulvk4fw5dfmqnyhmpp7vdq313g5yzbysw47ijcma3lmrp8rja:latest/confusion_matrix_table.table.json", "path": "media/table/confusion_matrix_table_59_b5e4c20beec3e9186d57.table.json", "ncols": 3, "nrows": 100}, "_wandb": {"runtime": 69}}