{"Epoch ": 24, "Training loss ": 0.21431031976206924, "Training accuracy ": 0.9189074074074074, "Validation loss ": 0.3582969509659914, "Validation accuracy ": 0.8756666666666667, "Testing loss ": 0.3687109580927192, "Testing accuracy ": 0.8759, "_timestamp": 1709446001.7758658, "_runtime": 63.882439851760864, "_step": 49, "confusion_matrix_table": {"_type": "table-file", "sha256": "aa5a1655dbcf6bfe7954cef640d1e5b40d98ad08d4a99f8ab61b7560dbb729d9", "size": 3170, "artifact_path": "wandb-client-artifact://ph4hvrs61krqo1m7fchrdaa04eiipurrodwg9m34ftntffp6p98531c440uxs6foeia3gesgalywwr2ve27s8vphjeux0w2rioymm9p5e58zpfopahzvlfxw1j57h9xs:latest/confusion_matrix_table.table.json", "_latest_artifact_path": "wandb-client-artifact://ph4hvrs61krqo1m7fchrdaa04eiipurrodwg9m34ftntffp6p98531c440uxs6foeia3gesgalywwr2ve27s8vphjeux0w2rioymm9p5e58zpfopahzvlfxw1j57h9xs:latest/confusion_matrix_table.table.json", "path": "media/table/confusion_matrix_table_49_aa5a1655dbcf6bfe7954.table.json", "ncols": 3, "nrows": 100}, "_wandb": {"runtime": 63}}