{"Epoch ": 4, "Training loss ": 0.2161294432562407, "Training accuracy ": 0.8506666666666667, "Validation loss ": 0.22694827855373362, "Validation accuracy ": 0.8431666666666666, "Testing loss ": 0.23837232069180786, "Testing accuracy ": 0.8343, "_timestamp": 1709142481.5455341, "_runtime": 15.456631183624268, "_step": 9, "confusion_matrix_table": {"_type": "table-file", "sha256": "402c6267460b30e970afb3b712d11f88b3b24bbcab4eaa6dfb22f456d025780a", "size": 3177, "artifact_path": "wandb-client-artifact://t90zgkcjyvgtfyli302pe39pvlyf7vi21ul3rc7t5mrm1atu1so8qjex023x483pdjn9733ru51sn8e09ba9i1nep44cqadydi9ywd8qh19xug15704f49teo4wj2exo:latest/confusion_matrix_table.table.json", "_latest_artifact_path": "wandb-client-artifact://t90zgkcjyvgtfyli302pe39pvlyf7vi21ul3rc7t5mrm1atu1so8qjex023x483pdjn9733ru51sn8e09ba9i1nep44cqadydi9ywd8qh19xug15704f49teo4wj2exo:latest/confusion_matrix_table.table.json", "path": "media/table/confusion_matrix_table_9_402c6267460b30e970af.table.json", "ncols": 3, "nrows": 100}, "_wandb": {"runtime": 14}}