{"Epoch ": 9, "Training loss ": 2.296614820096404, "Training accuracy ": 0.20846296296296296, "Validation loss ": 2.29647019977404, "Validation accuracy ": 0.20916666666666667, "Testing loss ": 2.2966847438453337, "Testing accuracy ": 0.2026, "_timestamp": 1709286411.7706845, "_runtime": 42.294737577438354, "_step": 19, "confusion_matrix_table": {"_type": "table-file", "sha256": "9079c029bfd09e2ca5b4a83f202cba590cafb68a50c8953064c714179179e87a", "size": 3223, "artifact_path": "wandb-client-artifact://vnh5ieol9jmrucmpg5uzlhz04h9zk2y2ka32n593n5wu1647klqb0cwzand9teltxfc1c373hzu51vdckkg971vtby2bddwe03dgly61ky38qcro7nq6wowqkc3ajsw1:latest/confusion_matrix_table.table.json", "_latest_artifact_path": "wandb-client-artifact://vnh5ieol9jmrucmpg5uzlhz04h9zk2y2ka32n593n5wu1647klqb0cwzand9teltxfc1c373hzu51vdckkg971vtby2bddwe03dgly61ky38qcro7nq6wowqkc3ajsw1:latest/confusion_matrix_table.table.json", "path": "media/table/confusion_matrix_table_19_9079c029bfd09e2ca5b4.table.json", "ncols": 3, "nrows": 100}, "_wandb": {"runtime": 41}}