{"Epoch ": 9, "Training loss ": 0.6422648999413535, "Training accuracy ": 0.7865740740740741, "Validation loss ": 0.645046085031857, "Validation accuracy ": 0.7905, "Testing loss ": 0.6657188193728721, "Testing accuracy ": 0.7736, "_timestamp": 1709096443.4649835, "_runtime": 28.22778844833374, "_step": 9, "_wandb": {"runtime": 27}}