{"Epoch ": 24, "Training loss ": 0.19272163144053464, "Training accuracy ": 0.9276851851851852, "Validation loss ": 0.3433784873703846, "Validation accuracy ": 0.8885, "Testing loss ": 0.3884396249434704, "Testing accuracy ": 0.8789, "_timestamp": 1709297297.632347, "_runtime": 284.2641851902008, "_step": 49, "confusion_matrix_table": {"_type": "table-file", "sha256": "041e31252de6f8d7241beeedb567a6a483cb4d18a890c2c65e89c1883db3717c", "size": 3167, "artifact_path": "wandb-client-artifact://kh5vz2awifm1nn2o5nficxjwejcfthoh60x2dk40n76zmy8j005b2iehpbblmuiyi7uprf2qjgmdc9smkq2ie9jushr7qndkfkkmlbuy95ak23eyztaxk1b06dtw76y7:latest/confusion_matrix_table.table.json", "_latest_artifact_path": "wandb-client-artifact://kh5vz2awifm1nn2o5nficxjwejcfthoh60x2dk40n76zmy8j005b2iehpbblmuiyi7uprf2qjgmdc9smkq2ie9jushr7qndkfkkmlbuy95ak23eyztaxk1b06dtw76y7:latest/confusion_matrix_table.table.json", "path": "media/table/confusion_matrix_table_49_041e31252de6f8d7241b.table.json", "ncols": 3, "nrows": 100}, "_wandb": {"runtime": 283}}