{"Epoch ": 24, "Training loss ": 0.23324468364323256, "Training accuracy ": 0.9178518518518518, "Validation loss ": 0.42557364672794035, "Validation accuracy ": 0.884, "Testing loss ": 0.46157022085356475, "Testing accuracy ": 0.8728, "_timestamp": 1709492775.5047307, "_runtime": 589.5136516094208, "_step": 49, "confusion_matrix_table": {"_type": "table-file", "sha256": "1292de6f7322eaafa71463fbff5ff2c2d166a04d26881455423e444b381ad221", "size": 3170, "artifact_path": "wandb-client-artifact://14j0b9b0t7x8jpzrd9bf234ow0xx75gxijedjnuhjlnvkww4amm5i6g5k4rxymwiqwqzt54qw28u7x2hvwu3l7ifycn78j6lfdlsdic3xecpbdg1bw3x1oomdlripqhc:latest/confusion_matrix_table.table.json", "_latest_artifact_path": "wandb-client-artifact://14j0b9b0t7x8jpzrd9bf234ow0xx75gxijedjnuhjlnvkww4amm5i6g5k4rxymwiqwqzt54qw28u7x2hvwu3l7ifycn78j6lfdlsdic3xecpbdg1bw3x1oomdlripqhc:latest/confusion_matrix_table.table.json", "path": "media/table/confusion_matrix_table_49_1292de6f7322eaafa714.table.json", "ncols": 3, "nrows": 100}, "_wandb": {"runtime": 588}}