{"Epoch ": 14, "Training loss ": 0.3275029426587983, "Training accuracy ": 0.8153888888888889, "Validation loss ": 0.3337150923683808, "Validation accuracy ": 0.8095, "Testing loss ": 0.33877832872170605, "Testing accuracy ": 0.8043, "_timestamp": 1709183318.4697793, "_runtime": 22.848867177963257, "_step": 29, "confusion_matrix_table": {"_type": "table-file", "sha256": "36d7f1ab76f090a352221acd845c26fbecc815fd6e0c5d834e6f8d99ae028ec1", "size": 3179, "artifact_path": "wandb-client-artifact://yp15l4m3iq70ypc0xbaqskte2i6ohe7yrnt74tl54owk9xufd8ygdz8dy06usx1vp8r08sng1jgqv4z9rgtmkrfvqsnk71v4s3rf6gv9xqd07r5aannl84i96oqcoc37:latest/confusion_matrix_table.table.json", "_latest_artifact_path": "wandb-client-artifact://yp15l4m3iq70ypc0xbaqskte2i6ohe7yrnt74tl54owk9xufd8ygdz8dy06usx1vp8r08sng1jgqv4z9rgtmkrfvqsnk71v4s3rf6gv9xqd07r5aannl84i96oqcoc37:latest/confusion_matrix_table.table.json", "path": "media/table/confusion_matrix_table_29_36d7f1ab76f090a35222.table.json", "ncols": 3, "nrows": 100}, "_wandb": {"runtime": 22}}