{"Epoch ": 24, "Training loss ": 0.1836907928942409, "Training accuracy ": 0.9341111111111111, "Validation loss ": 0.2906045907297199, "Validation accuracy ": 0.8958333333333334, "Testing loss ": 0.31902699217646985, "Testing accuracy ": 0.8862, "_timestamp": 1709484315.7260666, "_runtime": 95.46394062042236, "_step": 49, "confusion_matrix_table": {"_type": "table-file", "sha256": "35aed5ff3450aec39182a389e787cfaded69b705aecf2f86961d812ac854c82a", "size": 3171, "artifact_path": "wandb-client-artifact://xd5g2r164gqy0lkxeocnm306eyc2xzr0qxmvstq8j3lax5zk79zc5edotbdlseotbk0dicrspp4xak4a2hfno9zw8m3lly0brjx1k9ekkfq1r860hyjqrmkcxl25ja35:latest/confusion_matrix_table.table.json", "_latest_artifact_path": "wandb-client-artifact://xd5g2r164gqy0lkxeocnm306eyc2xzr0qxmvstq8j3lax5zk79zc5edotbdlseotbk0dicrspp4xak4a2hfno9zw8m3lly0brjx1k9ekkfq1r860hyjqrmkcxl25ja35:latest/confusion_matrix_table.table.json", "path": "media/table/confusion_matrix_table_49_35aed5ff3450aec39182.table.json", "ncols": 3, "nrows": 100}, "_wandb": {"runtime": 94}}