{"Epoch ": 9, "Training loss ": 0.4790279108769678, "Training accuracy ": 0.8427962962962963, "Validation loss ": 0.4822097227756995, "Validation accuracy ": 0.8411666666666666, "Testing loss ": 0.5113624944017625, "Testing accuracy ": 0.8298, "_timestamp": 1709286724.858348, "_runtime": 18.698144912719727, "_step": 19, "confusion_matrix_table": {"_type": "table-file", "sha256": "0815e994470b644a16462f113196f63daa03a7acdb640e9b2e72126d2a7ddaca", "size": 3177, "artifact_path": "wandb-client-artifact://i5llyin270ehos44ge3s2xis8wsr7fka7rfdlq46ga4773owsex0mr0blp9tlugdovqtc57f47q6mrz8bnqn5p5tghnpmbxst1o42i6lu9o4m5hc1khns70hntkgbnj8:latest/confusion_matrix_table.table.json", "_latest_artifact_path": "wandb-client-artifact://i5llyin270ehos44ge3s2xis8wsr7fka7rfdlq46ga4773owsex0mr0blp9tlugdovqtc57f47q6mrz8bnqn5p5tghnpmbxst1o42i6lu9o4m5hc1khns70hntkgbnj8:latest/confusion_matrix_table.table.json", "path": "media/table/confusion_matrix_table_19_0815e994470b644a1646.table.json", "ncols": 3, "nrows": 100}, "_wandb": {"runtime": 17}}