{"Epoch ": 29, "Training loss ": 0.7799173376925812, "Training accuracy ": 0.4487407407407407, "Validation loss ": 0.7750612717942024, "Validation accuracy ": 0.452, "Testing loss ": 0.7863490765435558, "Testing accuracy ": 0.444, "_timestamp": 1709307251.6776361, "_runtime": 86.6929841041565, "_step": 59, "confusion_matrix_table": {"_type": "table-file", "sha256": "95e74157aebd48acea2518d0cbc6f1e4b5defc68f09ed5142b65a0a8219d0a32", "size": 3172, "artifact_path": "wandb-client-artifact://yk3jdgkfuzoo09tdr19eohtmr7ps6xnatwkc3jfb4p0tnxzy3tv1q2wbsq9da8ry2pjg5wo8jv7fd06kpax2y9e0oerxe2xb7z1ms0rtndnloifnoks2e2k73g62iawv:latest/confusion_matrix_table.table.json", "_latest_artifact_path": "wandb-client-artifact://yk3jdgkfuzoo09tdr19eohtmr7ps6xnatwkc3jfb4p0tnxzy3tv1q2wbsq9da8ry2pjg5wo8jv7fd06kpax2y9e0oerxe2xb7z1ms0rtndnloifnoks2e2k73g62iawv:latest/confusion_matrix_table.table.json", "path": "media/table/confusion_matrix_table_59_95e74157aebd48acea25.table.json", "ncols": 3, "nrows": 100}, "_wandb": {"runtime": 85}}