{"Epoch ": 19, "Training loss ": 0.0284190972903145, "Training accuracy ": 0.9943148148148148, "Validation loss ": 0.0856889588217377, "Validation accuracy ": 0.976, "Testing loss ": 0.0841037384142067, "Testing accuracy ": 0.9732, "_timestamp": 1709489987.9289117, "_runtime": 365.690842628479, "_step": 39, "confusion_matrix_table": {"_type": "table-file", "sha256": "df07964e9043cbc5efb383f62d5b4b158305293bf32b6d65d4e390b717e4e3a5", "size": 3147, "artifact_path": "wandb-client-artifact://3yr70ccdzwyrebdfz3pciptkahiq5w4pm05krdfjl9dw6ik8zrgr73cc4h859gtebby81or85crqdgqt0ifrznc7g7jqnxisi6pk6crn2971qli003qiq2gb1102xhya:latest/confusion_matrix_table.table.json", "_latest_artifact_path": "wandb-client-artifact://3yr70ccdzwyrebdfz3pciptkahiq5w4pm05krdfjl9dw6ik8zrgr73cc4h859gtebby81or85crqdgqt0ifrznc7g7jqnxisi6pk6crn2971qli003qiq2gb1102xhya:latest/confusion_matrix_table.table.json", "path": "media/table/confusion_matrix_table_39_df07964e9043cbc5efb3.table.json", "ncols": 3, "nrows": 100}, "_wandb": {"runtime": 364}}