{"Epoch ": 29, "Training loss ": 0.25032742201532326, "Training accuracy ": 0.9083518518518519, "Validation loss ": 0.3261830010201795, "Validation accuracy ": 0.8865, "Testing loss ": 0.35121970024569643, "Testing accuracy ": 0.8802, "_timestamp": 1709455656.7757435, "_runtime": 48.209322452545166, "_step": 59, "confusion_matrix_table": {"_type": "table-file", "sha256": "602d02339633776f5f44f1ff1f1201cfcf4f820262fdba68ba24a500572e19c9", "size": 3168, "artifact_path": "wandb-client-artifact://y3jjf3v38xozjvq664mkbnqfg7wg389oh9iz8v69v88runx9iecrjicu8gfx0q1ln2wd9dii9fxt1c7p54gfbm4waiz8juwm829bjrzuuc86dha90a7r9ns62xq43si0:latest/confusion_matrix_table.table.json", "_latest_artifact_path": "wandb-client-artifact://y3jjf3v38xozjvq664mkbnqfg7wg389oh9iz8v69v88runx9iecrjicu8gfx0q1ln2wd9dii9fxt1c7p54gfbm4waiz8juwm829bjrzuuc86dha90a7r9ns62xq43si0:latest/confusion_matrix_table.table.json", "path": "media/table/confusion_matrix_table_59_602d02339633776f5f44.table.json", "ncols": 3, "nrows": 100}, "_wandb": {"runtime": 47}}