{"Epoch ": 4, "Training loss ": 0.20170002992506744, "Training accuracy ": 0.8603703703703703, "Validation loss ": 0.21025015565584426, "Validation accuracy ": 0.8545, "Testing loss ": 0.2247819760723683, "Testing accuracy ": 0.8415, "_timestamp": 1709401540.165773, "_runtime": 20.224812030792236, "_step": 9, "confusion_matrix_table": {"_type": "table-file", "sha256": "bac626f03175d24ade8ed94934b8cc7b4de46083a884201dce20ab0500eed2e4", "size": 3174, "artifact_path": "wandb-client-artifact://2ej9o8uwuoqx9h8r8zgatn7m7etl9qb8toyxgyd6tgytucwaql5umpv4hqbv9vcqrqic7oajt3wx6oklfmu2c8a19c734qlcb5g8txn4clc8hkrmbtipd2ypj7g6v437:latest/confusion_matrix_table.table.json", "_latest_artifact_path": "wandb-client-artifact://2ej9o8uwuoqx9h8r8zgatn7m7etl9qb8toyxgyd6tgytucwaql5umpv4hqbv9vcqrqic7oajt3wx6oklfmu2c8a19c734qlcb5g8txn4clc8hkrmbtipd2ypj7g6v437:latest/confusion_matrix_table.table.json", "path": "media/table/confusion_matrix_table_9_bac626f03175d24ade8e.table.json", "ncols": 3, "nrows": 100}, "_wandb": {"runtime": 19}}