{"Epoch ": 14, "Training loss ": 0.08289441986247671, "Training accuracy ": 0.9742407407407407, "Validation loss ": 0.17105776385015437, "Validation accuracy ": 0.9546666666666667, "Testing loss ": 0.17055477032862248, "Testing accuracy ": 0.9562, "_timestamp": 1709502421.1112971, "_runtime": 23.27414321899414, "_step": 29, "confusion_matrix_table": {"_type": "table-file", "sha256": "b237765d459c22b973941c6ef2fc894c99b501c3cf46b7ad4d28b7e361ad54dc", "size": 3159, "artifact_path": "wandb-client-artifact://e57dfwqnjone2eniwm0c7qctimmacc37qgt0qs4nnursapqy0udb1sark4d8khi60vaqu88vf6c9i2x81llh117vv7kzs663zawz0mlkgieg28swm3xv1tbx5pgbx033:latest/confusion_matrix_table.table.json", "_latest_artifact_path": "wandb-client-artifact://e57dfwqnjone2eniwm0c7qctimmacc37qgt0qs4nnursapqy0udb1sark4d8khi60vaqu88vf6c9i2x81llh117vv7kzs663zawz0mlkgieg28swm3xv1tbx5pgbx033:latest/confusion_matrix_table.table.json", "path": "media/table/confusion_matrix_table_29_b237765d459c22b97394.table.json", "ncols": 3, "nrows": 100}, "_wandb": {"runtime": 22}}