{"Epoch ": 4, "Training loss ": 0.29591819226801613, "Training accuracy ": 0.8916481481481482, "Validation loss ": 0.32708291968916237, "Validation accuracy ": 0.881, "Testing loss ": 0.36820442932924236, "Testing accuracy ": 0.8674, "_timestamp": 1709143093.2198558, "_runtime": 65.92039489746094, "_step": 9, "confusion_matrix_table": {"_type": "table-file", "sha256": "0fd7439fa0c57c8e19981dc287ec6ce96ac55561480b6b8e7ceb14c6e2b95ac4", "size": 3169, "artifact_path": "wandb-client-artifact://4yzw9qdzqo6ahtoli7370om8lzs5pyoafp66b1yd2k7lx5lcr0dgp8prkalr3ae1s9ugd7eu52jvnffrplx5s7ym762z30uxcn1o287iiquevmnzs05ohxxlr6w082pg:latest/confusion_matrix_table.table.json", "_latest_artifact_path": "wandb-client-artifact://4yzw9qdzqo6ahtoli7370om8lzs5pyoafp66b1yd2k7lx5lcr0dgp8prkalr3ae1s9ugd7eu52jvnffrplx5s7ym762z30uxcn1o287iiquevmnzs05ohxxlr6w082pg:latest/confusion_matrix_table.table.json", "path": "media/table/confusion_matrix_table_9_0fd7439fa0c57c8e1998.table.json", "ncols": 3, "nrows": 100}, "_wandb": {"runtime": 65}}