{"Epoch ": 29, "Training loss ": 0.09514607846524262, "Training accuracy ": 0.9723703703703703, "Validation loss ": 0.14217829157975617, "Validation accuracy ": 0.9593333333333334, "Testing loss ": 0.1213265635779309, "Testing accuracy ": 0.963, "_timestamp": 1709495033.7747571, "_runtime": 265.37722516059875, "_step": 59, "confusion_matrix_table": {"_type": "table-file", "sha256": "ce4429d16f6d022ab768b1e8dde96a13a59b8fc8f9353325c2348caf570bdb49", "size": 3153, "artifact_path": "wandb-client-artifact://n5205v9s5o1ws6rpc06vs3sd65165fq9oy5zdjzfcmybjhjeksp8y8b4uxtyx1i1pf6d6kutzj1ydtygehhz4nut296yim37fk3ljmoib9ebf3mjk29wj6zt1gapsidx:latest/confusion_matrix_table.table.json", "_latest_artifact_path": "wandb-client-artifact://n5205v9s5o1ws6rpc06vs3sd65165fq9oy5zdjzfcmybjhjeksp8y8b4uxtyx1i1pf6d6kutzj1ydtygehhz4nut296yim37fk3ljmoib9ebf3mjk29wj6zt1gapsidx:latest/confusion_matrix_table.table.json", "path": "media/table/confusion_matrix_table_59_ce4429d16f6d022ab768.table.json", "ncols": 3, "nrows": 100}, "_wandb": {"runtime": 264}}