{"Epoch ": 4, "Training loss ": 0.8804609261535459, "Training accuracy ": 0.7190555555555556, "Validation loss ": 0.8643045472164715, "Validation accuracy ": 0.7213333333333334, "Testing loss ": 0.8925643459682733, "Testing accuracy ": 0.7079, "_timestamp": 1709308118.7054174, "_runtime": 14.055089473724365, "_step": 9, "confusion_matrix_table": {"_type": "table-file", "sha256": "b965a4437f41d18225f0703bc1a69ce1f21003df0ac0586f986d78848c05dafb", "size": 3189, "artifact_path": "wandb-client-artifact://00pqlt0acj6mngu56e3eviewmwfwl0txxocef8wbtzxc22gd9a6pckqerw0uvxw1stkz8eos5v52wfd6hm88qk9a4mhr6yy0obn1czztae7feoocggcyd6sepl9mbk8p:latest/confusion_matrix_table.table.json", "_latest_artifact_path": "wandb-client-artifact://00pqlt0acj6mngu56e3eviewmwfwl0txxocef8wbtzxc22gd9a6pckqerw0uvxw1stkz8eos5v52wfd6hm88qk9a4mhr6yy0obn1czztae7feoocggcyd6sepl9mbk8p:latest/confusion_matrix_table.table.json", "path": "media/table/confusion_matrix_table_9_b965a4437f41d18225f0.table.json", "ncols": 3, "nrows": 100}, "_wandb": {"runtime": 13}}