{"Epoch ": 29, "Training loss ": 1.0217547957562974, "Training accuracy ": 0.21035185185185185, "Validation loss ": 1.0213041488502816, "Validation accuracy ": 0.21266666666666667, "Testing loss ": 1.0242450769818163, "Testing accuracy ": 0.2087, "_timestamp": 1709301208.633552, "_runtime": 199.9963641166687, "_step": 59, "confusion_matrix_table": {"_type": "table-file", "sha256": "5fb30bc796d97b5941b9a8dbfd8357b00479594315aa8bce5c3ed778798daa9c", "size": 3153, "artifact_path": "wandb-client-artifact://ejutndddep0p7aglyu6ixysnk8m2pq3z27agnkjymqya35nngmohgdbbvbkt0dlaqg1xh35rcuesqquulv56m6gs2fy1qmqmne6vxk5u0tvfjqvftty18zoklpmr7e17:latest/confusion_matrix_table.table.json", "_latest_artifact_path": "wandb-client-artifact://ejutndddep0p7aglyu6ixysnk8m2pq3z27agnkjymqya35nngmohgdbbvbkt0dlaqg1xh35rcuesqquulv56m6gs2fy1qmqmne6vxk5u0tvfjqvftty18zoklpmr7e17:latest/confusion_matrix_table.table.json", "path": "media/table/confusion_matrix_table_59_5fb30bc796d97b5941b9.table.json", "ncols": 3, "nrows": 100}, "_wandb": {"runtime": 199}}