{"Epoch ": 29, "Training loss ": 0.3020150310022865, "Training accuracy ": 0.8893148148148148, "Validation loss ": 0.4301092276764815, "Validation accuracy ": 0.8628333333333333, "Testing loss ": 0.4391096324943601, "Testing accuracy ": 0.8547, "_timestamp": 1709447410.191766, "_runtime": 673.5677409172058, "_step": 59, "confusion_matrix_table": {"_type": "table-file", "sha256": "07dbbd9a3a763bb225c2069f65f7a72f8c3d18b81e5d871fabb628f448525f4e", "size": 3172, "artifact_path": "wandb-client-artifact://qu2cd9rmv0celrigndwmruq1dc3twwkhicsfe1whky9mtkaknx3wcct9uzuf8o6rz05ozr6z7g3u2fyxxwbpgitr38ia4pslho4disgb2zin76j4ovu6w7sxxdc4ujx0:latest/confusion_matrix_table.table.json", "_latest_artifact_path": "wandb-client-artifact://qu2cd9rmv0celrigndwmruq1dc3twwkhicsfe1whky9mtkaknx3wcct9uzuf8o6rz05ozr6z7g3u2fyxxwbpgitr38ia4pslho4disgb2zin76j4ovu6w7sxxdc4ujx0:latest/confusion_matrix_table.table.json", "path": "media/table/confusion_matrix_table_59_07dbbd9a3a763bb225c2.table.json", "ncols": 3, "nrows": 100}, "_wandb": {"runtime": 672}}