{"Epoch ": 2, "Training loss ": 0.3324102649691655, "Training accuracy ": 0.8808333333333334, "Validation loss ": 0.34169111376790456, "Validation accuracy ": 0.8746666666666667, "Testing loss ": 0.38243966719751216, "Testing accuracy ": 0.864, "_timestamp": 1709733221.882045, "_runtime": 14.456740140914917, "_step": 5, "confusion_matrix_table": {"_type": "table-file", "sha256": "37d5172977470e92fdb73139169061b52fc02793372a207abe74112f73300d5a", "size": 3172, "artifact_path": "wandb-client-artifact://ckey2pwc02ncgpiz1rox6aqutfshjyref8ca4a6s8ki36b0jz8aq8chsnc5hanbenq1s2rvgvubwlhs7ho6j7zuxs4zpux4g78f55i7i2oq42b4x01k5ih0ojt3j3h5n:latest/confusion_matrix_table.table.json", "_latest_artifact_path": "wandb-client-artifact://ckey2pwc02ncgpiz1rox6aqutfshjyref8ca4a6s8ki36b0jz8aq8chsnc5hanbenq1s2rvgvubwlhs7ho6j7zuxs4zpux4g78f55i7i2oq42b4x01k5ih0ojt3j3h5n:latest/confusion_matrix_table.table.json", "path": "media/table/confusion_matrix_table_5_37d5172977470e92fdb7.table.json", "ncols": 3, "nrows": 100}, "_wandb": {"runtime": 15}}