{"Epoch ": 4, "Training loss ": 1.7912591733952188, "Training accuracy ": 0.2701851851851852, "Validation loss ": 1.7899280807876006, "Validation accuracy ": 0.27016666666666667, "Testing loss ": 1.7926700865644438, "Testing accuracy ": 0.2718, "_timestamp": 1709481754.4333594, "_runtime": 18.480918407440186, "_step": 9, "confusion_matrix_table": {"_type": "table-file", "sha256": "0f60369b75933c7c39c1da30a3b1026dcd1f63e8d76f98a5488416f58226e3b5", "size": 3185, "artifact_path": "wandb-client-artifact://etdw8jbh0e3pinmsac7iebbn3b84zpk0jrlbigc4nfqtiufhmrfqyl8ts6q01xmhigavknyofc52992wdhnwagbv6u3r71ffhbmdbqlksgq83v7p2xlrfm8t2tvdnra9:latest/confusion_matrix_table.table.json", "_latest_artifact_path": "wandb-client-artifact://etdw8jbh0e3pinmsac7iebbn3b84zpk0jrlbigc4nfqtiufhmrfqyl8ts6q01xmhigavknyofc52992wdhnwagbv6u3r71ffhbmdbqlksgq83v7p2xlrfm8t2tvdnra9:latest/confusion_matrix_table.table.json", "path": "media/table/confusion_matrix_table_9_0f60369b75933c7c39c1.table.json", "ncols": 3, "nrows": 100}, "_wandb": {"runtime": 17}}