{"Epoch ": 24, "Training loss ": 0.003716810517203217, "Training accuracy ": 0.9989074074074074, "Validation loss ": 0.15222579926620688, "Validation accuracy ": 0.9713333333333334, "Testing loss ": 0.1414038489527094, "Testing accuracy ": 0.9742, "_timestamp": 1709503624.1761274, "_runtime": 68.24365234375, "_step": 49, "confusion_matrix_table": {"_type": "table-file", "sha256": "54ad68bc8a918797bb2abfccfaeb4a95bc8db582aa5f54058a116637313e2178", "size": 3149, "artifact_path": "wandb-client-artifact://b3ud50t9aph09clg6gy0c7se5nwl7ca8bmkhj8ydamegbk2y4nsldf27l0wleuvh90rfmmfjiwurkwqzj22zebimci26z3c3b5ytngikc7pnymh2q003yvick44gbypt:latest/confusion_matrix_table.table.json", "_latest_artifact_path": "wandb-client-artifact://b3ud50t9aph09clg6gy0c7se5nwl7ca8bmkhj8ydamegbk2y4nsldf27l0wleuvh90rfmmfjiwurkwqzj22zebimci26z3c3b5ytngikc7pnymh2q003yvick44gbypt:latest/confusion_matrix_table.table.json", "path": "media/table/confusion_matrix_table_49_54ad68bc8a918797bb2a.table.json", "ncols": 3, "nrows": 100}, "_wandb": {"runtime": 67}}