{"Epoch ": 19, "Training loss ": 0.9977935100369753, "Training accuracy ": 0.38337037037037036, "Validation loss ": 1.001528063627328, "Validation accuracy ": 0.38233333333333336, "Testing loss ": 1.0030959228397829, "Testing accuracy ": 0.3814, "_timestamp": 1709714084.0094767, "_runtime": 72.48089671134949, "_step": 39, "confusion_matrix_table": {"_type": "table-file", "sha256": "a860d04dea0466542329c33be45638d1b243173eeafa5827a1839d84fcdeb3d6", "size": 3152, "artifact_path": "wandb-client-artifact://hyma3swzm0de1nksecu6rj6e8rkx1olq4ovxayginsd6hk3l69e49my82a1664e1zumbfpy0i9gmytcu04ooc4sahkjnziwnx1ymanwq1g6zpbfd7m0tmyoveb7wygqa:latest/confusion_matrix_table.table.json", "_latest_artifact_path": "wandb-client-artifact://hyma3swzm0de1nksecu6rj6e8rkx1olq4ovxayginsd6hk3l69e49my82a1664e1zumbfpy0i9gmytcu04ooc4sahkjnziwnx1ymanwq1g6zpbfd7m0tmyoveb7wygqa:latest/confusion_matrix_table.table.json", "path": "media/table/confusion_matrix_table_39_a860d04dea0466542329.table.json", "ncols": 3, "nrows": 100}, "_wandb": {"runtime": 71}}