{"Epoch ": 19, "Training loss ": 0.23307331841720733, "Training accuracy ": 0.9147777777777778, "Validation loss ": 0.3121121649839444, "Validation accuracy ": 0.8863333333333333, "Testing loss ": 0.34025767229072323, "Testing accuracy ": 0.8803, "_timestamp": 1709447751.256452, "_runtime": 167.82420706748962, "_step": 39, "confusion_matrix_table": {"_type": "table-file", "sha256": "938d145cf8361f26680af84fee202b1833dac7f312ce0a9207a4c292a1e475b2", "size": 3171, "artifact_path": "wandb-client-artifact://i18g5u1w8hho32fplmd036gx3harckhdyqq1acs6mri7h84udf3r69ogk13u7t7fimz4tawdatlr9y4wakjgiorhc0vv0svzbcfldie5f4dt7uwer3inm9s0lcffpiek:latest/confusion_matrix_table.table.json", "_latest_artifact_path": "wandb-client-artifact://i18g5u1w8hho32fplmd036gx3harckhdyqq1acs6mri7h84udf3r69ogk13u7t7fimz4tawdatlr9y4wakjgiorhc0vv0svzbcfldie5f4dt7uwer3inm9s0lcffpiek:latest/confusion_matrix_table.table.json", "path": "media/table/confusion_matrix_table_39_938d145cf8361f26680a.table.json", "ncols": 3, "nrows": 100}, "_wandb": {"runtime": 166}}