{"Epoch ": 19, "Training loss ": 0.23776598848255315, "Training accuracy ": 0.8373333333333334, "Validation loss ": 0.23338262897743664, "Validation accuracy ": 0.8425, "Testing loss ": 0.25141864153014515, "Testing accuracy ": 0.8254, "_timestamp": 1709530683.2969632, "_runtime": 281.900758266449, "_step": 39, "confusion_matrix_table": {"_type": "table-file", "sha256": "082787ce3b31777f9ced85a6dfd003ce370764f65d78acc4f074d2b535c86aea", "size": 3177, "artifact_path": "wandb-client-artifact://yl6i2vem9g2m21sl20fpjur2ngfq5he7am2avjcrjly44fk284nocfkx0belm54n8tgbbe17u27uho79c83poxam44ebqqygghgcj7brzyocdhqih1zkuylypxig9fhg:latest/confusion_matrix_table.table.json", "_latest_artifact_path": "wandb-client-artifact://yl6i2vem9g2m21sl20fpjur2ngfq5he7am2avjcrjly44fk284nocfkx0belm54n8tgbbe17u27uho79c83poxam44ebqqygghgcj7brzyocdhqih1zkuylypxig9fhg:latest/confusion_matrix_table.table.json", "path": "media/table/confusion_matrix_table_39_082787ce3b31777f9ced.table.json", "ncols": 3, "nrows": 100}, "_wandb": {"runtime": 281}}