{"Epoch ": 24, "Training loss ": 0.1489272470495095, "Training accuracy ": 0.916425925925926, "Validation loss ": 0.1546696381381805, "Validation accuracy ": 0.909, "Testing loss ": 0.1458286074028759, "Testing accuracy ": 0.9161, "_timestamp": 1709534421.3600845, "_runtime": 49.659486532211304, "_step": 49, "confusion_matrix_table": {"_type": "table-file", "sha256": "69f4fa09a53ef9e322ecb728a0b13a6fb90903e2086d21fd4b945a122c1ad5c6", "size": 3177, "artifact_path": "wandb-client-artifact://cmx69djiiuyfp6kccg1pgnn9w8ix2hfzybd6pxmdoz0tig2grc7jgj12vnci0pt27h5g5j3eohaypkzfavshwb277maz8oije1mw2d4q82k9jh0ytchn6sjgonelnrl2:latest/confusion_matrix_table.table.json", "_latest_artifact_path": "wandb-client-artifact://cmx69djiiuyfp6kccg1pgnn9w8ix2hfzybd6pxmdoz0tig2grc7jgj12vnci0pt27h5g5j3eohaypkzfavshwb277maz8oije1mw2d4q82k9jh0ytchn6sjgonelnrl2:latest/confusion_matrix_table.table.json", "path": "media/table/confusion_matrix_table_49_69f4fa09a53ef9e322ec.table.json", "ncols": 3, "nrows": 100}, "_wandb": {"runtime": 48}}