{"Epoch ": 9, "Training loss ": 0.2518231336841722, "Training accuracy ": 0.9065925925925926, "Validation loss ": 0.32351867806777646, "Validation accuracy ": 0.887, "Testing loss ": 0.33986278778841766, "Testing accuracy ": 0.8786, "_timestamp": 1709453568.453742, "_runtime": 34.49599003791809, "_step": 19, "confusion_matrix_table": {"_type": "table-file", "sha256": "4b8c62c78334d4a1f3d21c8614170daa4b085441023194da6f64a3a07236f6be", "size": 3167, "artifact_path": "wandb-client-artifact://ptka87l5slqttut3u2jsz247f3vfih1526u15nfcvl2mx6g2diqb7t6o2i9dv9ymk847tvwt5zw5nxng5xz3wmeavpdp0co61pf2tu6hijtnmtdnpifobo8fimuphe3c:latest/confusion_matrix_table.table.json", "_latest_artifact_path": "wandb-client-artifact://ptka87l5slqttut3u2jsz247f3vfih1526u15nfcvl2mx6g2diqb7t6o2i9dv9ymk847tvwt5zw5nxng5xz3wmeavpdp0co61pf2tu6hijtnmtdnpifobo8fimuphe3c:latest/confusion_matrix_table.table.json", "path": "media/table/confusion_matrix_table_19_4b8c62c78334d4a1f3d2.table.json", "ncols": 3, "nrows": 100}, "_wandb": {"runtime": 33}}