{"Epoch ": 29, "Training loss ": 1.0487090846885092, "Training accuracy ": 0.5873703703703703, "Validation loss ": 1.0575586667430736, "Validation accuracy ": 0.5891666666666666, "Testing loss ": 1.065968091286117, "Testing accuracy ": 0.5755, "_timestamp": 1709306581.1451492, "_runtime": 101.00076031684875, "_step": 59, "confusion_matrix_table": {"_type": "table-file", "sha256": "24493137ce06eca075824cd16820f002cf39939fd9e8cb48938558f52d04a533", "size": 3188, "artifact_path": "wandb-client-artifact://ea2otz3q6kazzod2440a8vqbgpxzqiftdgzkgerprlx0fh6tor9t94amw64ix9t67ei47nf2r9dv35wfxqf0fed5u9n4bazb3xl2pz4m7acqenmrtjavzuzvpvt9rb0u:latest/confusion_matrix_table.table.json", "_latest_artifact_path": "wandb-client-artifact://ea2otz3q6kazzod2440a8vqbgpxzqiftdgzkgerprlx0fh6tor9t94amw64ix9t67ei47nf2r9dv35wfxqf0fed5u9n4bazb3xl2pz4m7acqenmrtjavzuzvpvt9rb0u:latest/confusion_matrix_table.table.json", "path": "media/table/confusion_matrix_table_59_24493137ce06eca07582.table.json", "ncols": 3, "nrows": 100}, "_wandb": {"runtime": 100}}