{"Epoch ": 9, "Training loss ": 0.1999447937439439, "Training accuracy ": 0.8618333333333333, "Validation loss ": 0.21150373555631513, "Validation accuracy ": 0.8515, "Testing loss ": 0.22326047609386845, "Testing accuracy ": 0.8439, "_timestamp": 1709142473.6999617, "_runtime": 32.29584264755249, "_step": 19, "confusion_matrix_table": {"_type": "table-file", "sha256": "4da0603b85338866055d9084b615454352d002cbc347ec299ef83818412cd310", "size": 3175, "artifact_path": "wandb-client-artifact://gqlf7qnxg1fvy5j6kveiav1kmbtr3jgt1a0vjy3znvamo9wyd2j2aqg5lyt7kr71o1wjey0u73cq3xoeg7fsrx6zk2155d5or6u3s6swekao5dmeysxho654w00oj2jr:latest/confusion_matrix_table.table.json", "_latest_artifact_path": "wandb-client-artifact://gqlf7qnxg1fvy5j6kveiav1kmbtr3jgt1a0vjy3znvamo9wyd2j2aqg5lyt7kr71o1wjey0u73cq3xoeg7fsrx6zk2155d5or6u3s6swekao5dmeysxho654w00oj2jr:latest/confusion_matrix_table.table.json", "path": "media/table/confusion_matrix_table_19_4da0603b85338866055d.table.json", "ncols": 3, "nrows": 100}, "_wandb": {"runtime": 31}}