{"Epoch ": 29, "Training loss ": 0.40477318949287616, "Training accuracy ": 0.8577222222222223, "Validation loss ": 0.3895831785749175, "Validation accuracy ": 0.8681666666666666, "Testing loss ": 0.43779741628584934, "Testing accuracy ": 0.8422, "_timestamp": 1709289092.9821863, "_runtime": 83.94738626480103, "_step": 59, "confusion_matrix_table": {"_type": "table-file", "sha256": "bdc705a1d9e28bc69ef790a752623c52d13b0c4f2e901f13f3f0535965d75500", "size": 3174, "artifact_path": "wandb-client-artifact://46eejfd5wqpxvyicp1ceas7qmhqb1sxro0m3z9kashk8uuy1sjxg3h4b9a0qjhs3nwnhz91p2q3b1k3cj8cswb9hogtzim4ojsuffkrko8eiftqxds3a12d6i0bbrddb:latest/confusion_matrix_table.table.json", "_latest_artifact_path": "wandb-client-artifact://46eejfd5wqpxvyicp1ceas7qmhqb1sxro0m3z9kashk8uuy1sjxg3h4b9a0qjhs3nwnhz91p2q3b1k3cj8cswb9hogtzim4ojsuffkrko8eiftqxds3a12d6i0bbrddb:latest/confusion_matrix_table.table.json", "path": "media/table/confusion_matrix_table_59_bdc705a1d9e28bc69ef7.table.json", "ncols": 3, "nrows": 100}, "_wandb": {"runtime": 77}}