{"Epoch ": 9, "Training loss ": 0.36305423784228563, "Training accuracy ": 0.8705, "Validation loss ": 0.3843973512616449, "Validation accuracy ": 0.8596666666666667, "Testing loss ": 0.40614161927215814, "Testing accuracy ": 0.853, "_timestamp": 1709627600.695751, "_runtime": 51.519999980926514, "_step": 19, "confusion_matrix_table": {"_type": "table-file", "sha256": "a0ffc89773b91c774469742d71d760436369eac8072fbd632a9d6a6600e472e6", "size": 3171, "artifact_path": "wandb-client-artifact://d0f5wbwpnecd1gv3s32i2v6evfwer1ggip9080o8jja6e41tj9te3ty54d9lf1678tn7ukulvwzapws2fmopknsbllh9qxk8zlo0ma8eh5c26pywnrim6wi8wjv2gpn4:latest/confusion_matrix_table.table.json", "_latest_artifact_path": "wandb-client-artifact://d0f5wbwpnecd1gv3s32i2v6evfwer1ggip9080o8jja6e41tj9te3ty54d9lf1678tn7ukulvwzapws2fmopknsbllh9qxk8zlo0ma8eh5c26pywnrim6wi8wjv2gpn4:latest/confusion_matrix_table.table.json", "path": "media/table/confusion_matrix_table_19_a0ffc89773b91c774469.table.json", "ncols": 3, "nrows": 100}, "_wandb": {"runtime": 50}}