{"Epoch ": 24, "Training loss ": 0.004004519532351086, "Training accuracy ": 0.9998148148148148, "Validation loss ": 0.10431431103344077, "Validation accuracy ": 0.9713333333333334, "Testing loss ": 0.10038848304564074, "Testing accuracy ": 0.9731, "_timestamp": 1709502026.6197784, "_runtime": 44.5032114982605, "_step": 49, "confusion_matrix_table": {"_type": "table-file", "sha256": "c1d185761b83c9ad0700c7accc96f00bd294628e83af3e7f900c13b801935591", "size": 3149, "artifact_path": "wandb-client-artifact://t1su7u3j6b076taq4uc1ksce6q5d0g9bvlgcmfwcrxodifzfxqmcaziwemw2arh3fg8uallqghvak90b7w4y1as5oh3qhu72or7ibjnkukuwpi0j5xpllx1krqdoij4u:latest/confusion_matrix_table.table.json", "_latest_artifact_path": "wandb-client-artifact://t1su7u3j6b076taq4uc1ksce6q5d0g9bvlgcmfwcrxodifzfxqmcaziwemw2arh3fg8uallqghvak90b7w4y1as5oh3qhu72or7ibjnkukuwpi0j5xpllx1krqdoij4u:latest/confusion_matrix_table.table.json", "path": "media/table/confusion_matrix_table_49_c1d185761b83c9ad0700.table.json", "ncols": 3, "nrows": 100}, "_wandb": {"runtime": 43}}