{"Epoch ": 29, "Training loss ": 0.3006176984655005, "Training accuracy ": 0.9017592592592593, "Validation loss ": 0.4468115671232195, "Validation accuracy ": 0.8605, "Testing loss ": 0.470248531005574, "Testing accuracy ": 0.8593, "_timestamp": 1709476097.4072535, "_runtime": 344.0657305717468, "_step": 59, "confusion_matrix_table": {"_type": "table-file", "sha256": "4303bf6c8e03e6823a35ab3d88bfd2f1be143492433fb885c3cd1baea5941c07", "size": 3174, "artifact_path": "wandb-client-artifact://hafune90knba2idcsiptr8k4ekbg647cuqqfolu85ns7c0n2spt071mi9s8npl0xxlyxiemci11qi0q9v7140epbkflpjj5y566sucd0df3hmmicsg8bb54ygw7gwxnq:latest/confusion_matrix_table.table.json", "_latest_artifact_path": "wandb-client-artifact://hafune90knba2idcsiptr8k4ekbg647cuqqfolu85ns7c0n2spt071mi9s8npl0xxlyxiemci11qi0q9v7140epbkflpjj5y566sucd0df3hmmicsg8bb54ygw7gwxnq:latest/confusion_matrix_table.table.json", "path": "media/table/confusion_matrix_table_59_4303bf6c8e03e6823a35.table.json", "ncols": 3, "nrows": 100}, "_wandb": {"runtime": 343}}