{"Epoch ": 29, "Training loss ": 0.2910135017773834, "Training accuracy ": 0.8927037037037037, "Validation loss ": 0.38608459642733217, "Validation accuracy ": 0.8715, "Testing loss ": 0.4138757227605153, "Testing accuracy ": 0.8586, "_timestamp": 1709454818.2458177, "_runtime": 42.524303674697876, "_step": 59, "confusion_matrix_table": {"_type": "table-file", "sha256": "757956c8f1f51701169275e96645ef7c3db5db922c3b7bfa1e541539b57f385a", "size": 3171, "artifact_path": "wandb-client-artifact://h95tra1hhu9akg2gsnyisocik24u6g6m86p236rtfur3jslrzq5cknp33jcslb8c5g97babr2m7zctqax36htmeu1vrmxtmiriw80bo98vogjei0g42d3qwif01099gj:latest/confusion_matrix_table.table.json", "_latest_artifact_path": "wandb-client-artifact://h95tra1hhu9akg2gsnyisocik24u6g6m86p236rtfur3jslrzq5cknp33jcslb8c5g97babr2m7zctqax36htmeu1vrmxtmiriw80bo98vogjei0g42d3qwif01099gj:latest/confusion_matrix_table.table.json", "path": "media/table/confusion_matrix_table_59_757956c8f1f517011692.table.json", "ncols": 3, "nrows": 100}, "_wandb": {"runtime": 41}}