{"Epoch ": 4, "Training loss ": 0.6739272366778923, "Training accuracy ": 0.42603703703703705, "Validation loss ": 0.6755902828637885, "Validation accuracy ": 0.42766666666666664, "Testing loss ": 0.6797299163310947, "Testing accuracy ": 0.4207, "_timestamp": 1709313524.526242, "_runtime": 32.6854031085968, "_step": 9, "confusion_matrix_table": {"_type": "table-file", "sha256": "bb7f39df64d37d66d53ac908752840768e75286d7c1cf4b622c3cd24d0bcb3c5", "size": 3173, "artifact_path": "wandb-client-artifact://upr4vg46gmzhu1ix41nxok785syxb9alhaai9sqo5rmfdqop2ygzsn58gfg3eh3x8kclwgfckj7yfyay3wqmx4zo5jm5dpt657ji2d4nmtspoa51icdg1v0m9n804ura:latest/confusion_matrix_table.table.json", "_latest_artifact_path": "wandb-client-artifact://upr4vg46gmzhu1ix41nxok785syxb9alhaai9sqo5rmfdqop2ygzsn58gfg3eh3x8kclwgfckj7yfyay3wqmx4zo5jm5dpt657ji2d4nmtspoa51icdg1v0m9n804ura:latest/confusion_matrix_table.table.json", "path": "media/table/confusion_matrix_table_9_bb7f39df64d37d66d53a.table.json", "ncols": 3, "nrows": 100}, "_wandb": {"runtime": 31}}