{"Epoch ": 4, "Training loss ": 0.41653371993046434, "Training accuracy ": 0.8532777777777778, "Validation loss ": 0.43295330885809913, "Validation accuracy ": 0.847, "Testing loss ": 0.4629053660246597, "Testing accuracy ": 0.8354, "_timestamp": 1709400112.8295364, "_runtime": 19.174396514892578, "_step": 9, "confusion_matrix_table": {"_type": "table-file", "sha256": "41df1c357976888c5c62100bc6e5bc19422f88b264a4cb29bd71c6b315229af5", "size": 3176, "artifact_path": "wandb-client-artifact://q73pvtlr3yo7mzjv8rvc0p1o6bv3nyiqkt227tecqy61ur6wvexb0zmhn8xha50c9rgtriy1co8yn3niq0tfj7l6eb6qzfx5ywlzaz48evpd00la83vrr5zpecx2o36v:latest/confusion_matrix_table.table.json", "_latest_artifact_path": "wandb-client-artifact://q73pvtlr3yo7mzjv8rvc0p1o6bv3nyiqkt227tecqy61ur6wvexb0zmhn8xha50c9rgtriy1co8yn3niq0tfj7l6eb6qzfx5ywlzaz48evpd00la83vrr5zpecx2o36v:latest/confusion_matrix_table.table.json", "path": "media/table/confusion_matrix_table_9_41df1c357976888c5c62.table.json", "ncols": 3, "nrows": 100}, "_wandb": {"runtime": 18}}