{"Epoch ": 4, "Training loss ": 0.47779625473005655, "Training accuracy ": 0.8247592592592593, "Validation loss ": 0.4892410245522354, "Validation accuracy ": 0.8205, "Testing loss ": 0.5388720205243351, "Testing accuracy ": 0.803, "_timestamp": 1709402869.9638867, "_runtime": 32.4170036315918, "_step": 9, "confusion_matrix_table": {"_type": "table-file", "sha256": "8b25fbe12d765f5b924459b8b07a48d68f2c5542db8d88bd777be83a539bb382", "size": 3176, "artifact_path": "wandb-client-artifact://u7tmcshb9xkgb8un7fajru9uzxya1g61ka0o3icnqrfxzh36u7myaa29ugvmusbvcr4umn8am2rbovmdsl9zw75g204fiehwfkmqw2kihllk8te36dqahxl5b014h2as:latest/confusion_matrix_table.table.json", "_latest_artifact_path": "wandb-client-artifact://u7tmcshb9xkgb8un7fajru9uzxya1g61ka0o3icnqrfxzh36u7myaa29ugvmusbvcr4umn8am2rbovmdsl9zw75g204fiehwfkmqw2kihllk8te36dqahxl5b014h2as:latest/confusion_matrix_table.table.json", "path": "media/table/confusion_matrix_table_9_8b25fbe12d765f5b9244.table.json", "ncols": 3, "nrows": 100}, "_wandb": {"runtime": 31}}