{"Epoch ": 24, "Training loss ": 0.10613822193647442, "Training accuracy ": 0.9686111111111111, "Validation loss ": 0.21301308125914162, "Validation accuracy ": 0.943, "Testing loss ": 0.18492982824331483, "Testing accuracy ": 0.948, "_timestamp": 1709504047.19167, "_runtime": 30.537986040115356, "_step": 49, "confusion_matrix_table": {"_type": "table-file", "sha256": "40f6e6d106ea516c8e73c4f1b6eb4e955c0d822c60367288d73ab38890ee3d46", "size": 3158, "artifact_path": "wandb-client-artifact://mu1ggentm8nkz2ci1uqtxgmvxr50wg3jee1g4e9b4zxtxo66jmbfnk9xn99dkxbbffti7et5buyvy7ugy9x7m44nih78sxqjiyz47vra4ye4dbwdngj13zn0uegp67l9:latest/confusion_matrix_table.table.json", "_latest_artifact_path": "wandb-client-artifact://mu1ggentm8nkz2ci1uqtxgmvxr50wg3jee1g4e9b4zxtxo66jmbfnk9xn99dkxbbffti7et5buyvy7ugy9x7m44nih78sxqjiyz47vra4ye4dbwdngj13zn0uegp67l9:latest/confusion_matrix_table.table.json", "path": "media/table/confusion_matrix_table_49_40f6e6d106ea516c8e73.table.json", "ncols": 3, "nrows": 100}, "_wandb": {"runtime": 29}}