{"Epoch ": 24, "Training loss ": 0.4400298323590242, "Training accuracy ": 0.8477777777777777, "Validation loss ": 0.4467822127537873, "Validation accuracy ": 0.852, "Testing loss ": 0.4734590516619999, "Testing accuracy ": 0.8334, "_timestamp": 1709292003.8121047, "_runtime": 59.488797664642334, "_step": 49, "confusion_matrix_table": {"_type": "table-file", "sha256": "2153f2b1972fcc9080f7d48c419e93048f9a4d2355ee561a8501dea355b63a62", "size": 3176, "artifact_path": "wandb-client-artifact://hx15immmi9prmrqcnzxftuy0luv5qy32z15xdi858mnr9gdy65xlf0bh6ocawiyavezp951b2e30c9i16ycc7ckbzt8gzavs82p19uurwjw6y29tbk46k04otpcvvq1a:latest/confusion_matrix_table.table.json", "_latest_artifact_path": "wandb-client-artifact://hx15immmi9prmrqcnzxftuy0luv5qy32z15xdi858mnr9gdy65xlf0bh6ocawiyavezp951b2e30c9i16ycc7ckbzt8gzavs82p19uurwjw6y29tbk46k04otpcvvq1a:latest/confusion_matrix_table.table.json", "path": "media/table/confusion_matrix_table_49_2153f2b1972fcc9080f7.table.json", "ncols": 3, "nrows": 100}, "_wandb": {"runtime": 58}}