{"Epoch ": 19, "Training loss ": 2.2602802804642055, "Training accuracy ": 0.20594444444444446, "Validation loss ": 2.2602389707243367, "Validation accuracy ": 0.20866666666666667, "Testing loss ": 2.2604398484572497, "Testing accuracy ": 0.2073, "_timestamp": 1709132175.7823045, "_runtime": 274.57315158843994, "_step": 39, "confusion_matrix_table": {"_type": "table-file", "sha256": "6c5eecefc2b84b180426e0496fb0e990ec178590534958aa6f4568b8de48f6da", "size": 3153, "artifact_path": "wandb-client-artifact://ddirr4kxpz007inih0377rxrphvdlk215uniymg920xz4kxcxxziecsq6tojqagbv9b6je5hgm5nojwxslfwv3724pjqhrikgd59mwri5u8gz6ou7ce93fewkvlyvfyp:latest/confusion_matrix_table.table.json", "_latest_artifact_path": "wandb-client-artifact://ddirr4kxpz007inih0377rxrphvdlk215uniymg920xz4kxcxxziecsq6tojqagbv9b6je5hgm5nojwxslfwv3724pjqhrikgd59mwri5u8gz6ou7ce93fewkvlyvfyp:latest/confusion_matrix_table.table.json", "path": "media/table/confusion_matrix_table_39_6c5eecefc2b84b180426.table.json", "ncols": 3, "nrows": 100}, "_wandb": {"runtime": 273}}