{"Epoch ": 29, "Training loss ": 0.37142182005760244, "Training accuracy ": 0.8688888888888889, "Validation loss ": 0.3994840357002039, "Validation accuracy ": 0.8616666666666667, "Testing loss ": 0.41990170872238003, "Testing accuracy ": 0.852, "_timestamp": 1709313047.9495065, "_runtime": 68.90988349914551, "_step": 59, "confusion_matrix_table": {"_type": "table-file", "sha256": "62d646ac3d00e918940935cf2a70a522b715be6de18ab07aed2cd42da3db49f6", "size": 3176, "artifact_path": "wandb-client-artifact://nbul6i12y7qlqiltl3qtg5mdruor4bfujzglmywufd59z1ixffre0bd9x5luvo63ft5euijrl8ad3vn3fdmvyolxn8t01prqmufv2a4vpssznxz4jtzzt58spvdteuel:latest/confusion_matrix_table.table.json", "_latest_artifact_path": "wandb-client-artifact://nbul6i12y7qlqiltl3qtg5mdruor4bfujzglmywufd59z1ixffre0bd9x5luvo63ft5euijrl8ad3vn3fdmvyolxn8t01prqmufv2a4vpssznxz4jtzzt58spvdteuel:latest/confusion_matrix_table.table.json", "path": "media/table/confusion_matrix_table_59_62d646ac3d00e9189409.table.json", "ncols": 3, "nrows": 100}, "_wandb": {"runtime": 68}}