{"Epoch ": 14, "Training loss ": 0.1517549873562968, "Training accuracy ": 0.8970925925925926, "Validation loss ": 0.176727025891472, "Validation accuracy ": 0.8775, "Testing loss ": 0.1926814901203305, "Testing accuracy ": 0.8666, "_timestamp": 1709146803.7924445, "_runtime": 63.285863399505615, "_step": 29, "confusion_matrix_table": {"_type": "table-file", "sha256": "216f2dc5afc9709d1b2dbaf7db34a860736e80e058b617e49e2974bf4eda3290", "size": 3171, "artifact_path": "wandb-client-artifact://s27fd48zru9rgfgaxzld080f66bkt55ri9oz7a5gvzl82szg5vq9ysao82r2bsugwp56wbadc9je28fbva6hh6jz1or2rltemil1ugq4v0d3ilo08tbqfdy1mtv9fs14:latest/confusion_matrix_table.table.json", "_latest_artifact_path": "wandb-client-artifact://s27fd48zru9rgfgaxzld080f66bkt55ri9oz7a5gvzl82szg5vq9ysao82r2bsugwp56wbadc9je28fbva6hh6jz1or2rltemil1ugq4v0d3ilo08tbqfdy1mtv9fs14:latest/confusion_matrix_table.table.json", "path": "media/table/confusion_matrix_table_29_216f2dc5afc9709d1b2d.table.json", "ncols": 3, "nrows": 100}, "_wandb": {"runtime": 62}}