{"Epoch ": 29, "Training loss ": 0.08451524009371061, "Training accuracy ": 0.9537777777777777, "Validation loss ": 0.10586962230174586, "Validation accuracy ": 0.934, "Testing loss ": 0.09474429431325014, "Testing accuracy ": 0.9426, "_timestamp": 1709534188.0178792, "_runtime": 63.05295133590698, "_step": 59, "confusion_matrix_table": {"_type": "table-file", "sha256": "737c134a177e4afa1ac91e8b1c07641a4199e696854f2f823a75cc1e9ea61a08", "size": 3167, "artifact_path": "wandb-client-artifact://wbbhro3mr3waeyp1dr7uijt8f0doej7py4fyo8e3r4zp5mgfb9yeyhtfa2e6ahapmzpcsxl309q3mv3a16f7a0dypkcyr1yaycdlq90ipzwnzrh3jpye1cdzsflxvgi3:latest/confusion_matrix_table.table.json", "_latest_artifact_path": "wandb-client-artifact://wbbhro3mr3waeyp1dr7uijt8f0doej7py4fyo8e3r4zp5mgfb9yeyhtfa2e6ahapmzpcsxl309q3mv3a16f7a0dypkcyr1yaycdlq90ipzwnzrh3jpye1cdzsflxvgi3:latest/confusion_matrix_table.table.json", "path": "media/table/confusion_matrix_table_59_737c134a177e4afa1ac9.table.json", "ncols": 3, "nrows": 100}, "_wandb": {"runtime": 62}}