{"Epoch ": 29, "Training loss ": 0.44634388261019653, "Training accuracy ": 0.8698333333333333, "Validation loss ": 0.4587055844693888, "Validation accuracy ": 0.865, "Testing loss ": 0.4202937449337468, "Testing accuracy ": 0.8811, "_timestamp": 1709498011.2378614, "_runtime": 87.70836448669434, "_step": 59, "confusion_matrix_table": {"_type": "table-file", "sha256": "75a5b801cc5f1972acf96643c6b036c079e20763e25fb0e424c304be396dccda", "size": 3181, "artifact_path": "wandb-client-artifact://spjhqoviz3v7qu7ca3iemv2cz2j7oz1s97xc1i5sj03uv0v4agrpgw029gmigjtyewj7q72qkv38l7uii0v6zayuonm6ak7fnlz4a0a0sw5vehiiwq8qzaonk3e48t9n:latest/confusion_matrix_table.table.json", "_latest_artifact_path": "wandb-client-artifact://spjhqoviz3v7qu7ca3iemv2cz2j7oz1s97xc1i5sj03uv0v4agrpgw029gmigjtyewj7q72qkv38l7uii0v6zayuonm6ak7fnlz4a0a0sw5vehiiwq8qzaonk3e48t9n:latest/confusion_matrix_table.table.json", "path": "media/table/confusion_matrix_table_59_75a5b801cc5f1972acf9.table.json", "ncols": 3, "nrows": 100}, "_wandb": {"runtime": 86}}