{"Epoch ": 29, "Training loss ": 0.4182023392538662, "Training accuracy ": 0.6791296296296296, "Validation loss ": 0.42133256234703104, "Validation accuracy ": 0.67, "Testing loss ": 0.4266411326443862, "Testing accuracy ": 0.6689, "_timestamp": 1709304886.0107222, "_runtime": 224.475239276886, "_step": 59, "confusion_matrix_table": {"_type": "table-file", "sha256": "9ddbd6ff51d24babdae05553b1fe8cc8a463b4694b39f6751ea7777b4356122e", "size": 3183, "artifact_path": "wandb-client-artifact://y844ghvph8drqa1mkhahl70w5u1icrex5xpch50mh8xd7nsaar18m9ag56k3qfwwa3rzu2cj4h5yhfyeuhbxwwk3n6rox91p9wt8z5y9acf5nkc5zmbitgr65h8kwf1d:latest/confusion_matrix_table.table.json", "_latest_artifact_path": "wandb-client-artifact://y844ghvph8drqa1mkhahl70w5u1icrex5xpch50mh8xd7nsaar18m9ag56k3qfwwa3rzu2cj4h5yhfyeuhbxwwk3n6rox91p9wt8z5y9acf5nkc5zmbitgr65h8kwf1d:latest/confusion_matrix_table.table.json", "path": "media/table/confusion_matrix_table_59_9ddbd6ff51d24babdae0.table.json", "ncols": 3, "nrows": 100}, "_wandb": {"runtime": 223}}