{"Epoch ": 24, "Training loss ": 0.3907593724260988, "Training accuracy ": 0.7151481481481482, "Validation loss ": 0.39587702281886833, "Validation accuracy ": 0.7091666666666666, "Testing loss ": 0.3861960875051081, "Testing accuracy ": 0.7176, "_timestamp": 1709531969.537864, "_runtime": 28.563080072402954, "_step": 49, "confusion_matrix_table": {"_type": "table-file", "sha256": "3104de93e64094e14dd023fb3108c44b8fb77e84e62ad772cb919ca7e026afe3", "size": 3188, "artifact_path": "wandb-client-artifact://i0o5wyh5u4gytoabfnyba2uwmy7o5mcui1megd9n9ar95gaqzvc8cf5xcdkus52e9yky7sjtmndflc5wyv5k11qrfrk1dnyb52kjyw9v4or17a03gjlug9mn1dn522f7:latest/confusion_matrix_table.table.json", "_latest_artifact_path": "wandb-client-artifact://i0o5wyh5u4gytoabfnyba2uwmy7o5mcui1megd9n9ar95gaqzvc8cf5xcdkus52e9yky7sjtmndflc5wyv5k11qrfrk1dnyb52kjyw9v4or17a03gjlug9mn1dn522f7:latest/confusion_matrix_table.table.json", "path": "media/table/confusion_matrix_table_49_3104de93e64094e14dd0.table.json", "ncols": 3, "nrows": 100}, "_wandb": {"runtime": 27}}