{"Epoch ": 24, "Training loss ": 2.3019595905960197, "Training accuracy ": 0.11374074074074074, "Validation loss ": 2.30264055907043, "Validation accuracy ": 0.1, "Testing loss ": 2.3019943535136593, "Testing accuracy ": 0.1135, "_timestamp": 1709494742.1312962, "_runtime": 367.8978681564331, "_step": 49, "confusion_matrix_table": {"_type": "table-file", "sha256": "d1569761db429b76055faeaf2e107bee2147105aec334a738d9337d7991aa86c", "size": 3147, "artifact_path": "wandb-client-artifact://rkscu2qx0cjdeizzgegtas4h00bvpf2x9hu1vk4p5r4mf0y4ti6w9ng8xlc6aaqi7lfbs61955ketsewtyimtrteuoju74q7mrm9hvtt43vztqdqb6qjplemks5v0biw:latest/confusion_matrix_table.table.json", "_latest_artifact_path": "wandb-client-artifact://rkscu2qx0cjdeizzgegtas4h00bvpf2x9hu1vk4p5r4mf0y4ti6w9ng8xlc6aaqi7lfbs61955ketsewtyimtrteuoju74q7mrm9hvtt43vztqdqb6qjplemks5v0biw:latest/confusion_matrix_table.table.json", "path": "media/table/confusion_matrix_table_49_d1569761db429b76055f.table.json", "ncols": 3, "nrows": 100}, "_wandb": {"runtime": 367}}