{"Epoch ": 4, "Training loss ": 0.369148805655396, "Training accuracy ": 0.8667592592592592, "Validation loss ": 0.3892437487341983, "Validation accuracy ": 0.8596666666666667, "Testing loss ": 0.42096454477720635, "Testing accuracy ": 0.8497, "_timestamp": 1709402023.4610295, "_runtime": 19.959794521331787, "_step": 9, "confusion_matrix_table": {"_type": "table-file", "sha256": "8f205834001b3c4c251bafeddac610b873f25de9d292c93a0c40a2b1006c4a2d", "size": 3174, "artifact_path": "wandb-client-artifact://xsl25z8uvkrrelhgk0aldmiqgaj6yd15gbqbiqhns67wo6q2301qzim5xsaxxar0g757ueprgreh64jv0ub9u5evrdo2wua8bf2jb92b2rqj4ihep8vo6fsduv2k1sj1:latest/confusion_matrix_table.table.json", "_latest_artifact_path": "wandb-client-artifact://xsl25z8uvkrrelhgk0aldmiqgaj6yd15gbqbiqhns67wo6q2301qzim5xsaxxar0g757ueprgreh64jv0ub9u5evrdo2wua8bf2jb92b2rqj4ihep8vo6fsduv2k1sj1:latest/confusion_matrix_table.table.json", "path": "media/table/confusion_matrix_table_9_8f205834001b3c4c251b.table.json", "ncols": 3, "nrows": 100}, "_wandb": {"runtime": 18}}