{"Epoch ": 4, "Training loss ": 2.327852240383762, "Training accuracy ": 0.14057407407407407, "Validation loss ": 2.327659106194474, "Validation accuracy ": 0.14116666666666666, "Testing loss ": 2.3280849455705757, "Testing accuracy ": 0.1418, "_timestamp": 1709131462.3487744, "_runtime": 22.11039638519287, "_step": 9, "confusion_matrix_table": {"_type": "table-file", "sha256": "c7feb1a1144ab14bb095fdcbf4526527490513b00d071768cf3ad9de1421f939", "size": 3154, "artifact_path": "wandb-client-artifact://bq6xok17dy1lclk5h9dmhnce33e9dvoypcdtato2yqqxowtywwmt49rw2imygzox22v77c7d0pkamomrpe7sytfs236vzpx4gqowj0kylvhujedxfz34hzirgggg0eqk:latest/confusion_matrix_table.table.json", "_latest_artifact_path": "wandb-client-artifact://bq6xok17dy1lclk5h9dmhnce33e9dvoypcdtato2yqqxowtywwmt49rw2imygzox22v77c7d0pkamomrpe7sytfs236vzpx4gqowj0kylvhujedxfz34hzirgggg0eqk:latest/confusion_matrix_table.table.json", "path": "media/table/confusion_matrix_table_9_c7feb1a1144ab14bb095.table.json", "ncols": 3, "nrows": 100}, "_wandb": {"runtime": 21}}