{"Epoch ": 9, "Training loss ": 2.3025747375963834, "Training accuracy ": 0.1, "Validation loss ": 2.3025747452296974, "Validation accuracy ": 0.1, "Testing loss ": 2.3025747452005683, "Testing accuracy ": 0.1, "_timestamp": 1709096296.0321846, "_runtime": 33.402968645095825, "_step": 9, "_wandb": {"runtime": 32}}