{"Epoch ": 9, "Training loss ": 0.2454237430046021, "Training accuracy ": 0.9054629629629629, "Validation loss ": 0.33054644840841235, "Validation accuracy ": 0.885, "Testing loss ": 0.3596661371082741, "Testing accuracy ": 0.8744, "_timestamp": 1709451678.3777733, "_runtime": 119.61336016654968, "_step": 19, "confusion_matrix_table": {"_type": "table-file", "sha256": "9ed07e1d4c52e7c5a7bbba159354a9a2203a936f966206d6d1ef788dfa12325a", "size": 3169, "artifact_path": "wandb-client-artifact://7pu8hse7an6rgx1ev19tnxw7pwx3bcg45qqtqv7sueldc7wcc0p7wxh2oulf8n9rw9qzmu7vz003za132800ftzukykp75jr9ar06p359ds11nzp9hkscc7pfvlf2fui:latest/confusion_matrix_table.table.json", "_latest_artifact_path": "wandb-client-artifact://7pu8hse7an6rgx1ev19tnxw7pwx3bcg45qqtqv7sueldc7wcc0p7wxh2oulf8n9rw9qzmu7vz003za132800ftzukykp75jr9ar06p359ds11nzp9hkscc7pfvlf2fui:latest/confusion_matrix_table.table.json", "path": "media/table/confusion_matrix_table_19_9ed07e1d4c52e7c5a7bb.table.json", "ncols": 3, "nrows": 100}, "_wandb": {"runtime": 118}}