{"Epoch ": 0, "Training loss ": 2.30278541712339, "Training accuracy ": 0.1, "Validation loss ": 2.3027854172077857, "Validation accuracy ": 0.1, "Testing loss ": 2.302785417129859, "Testing accuracy ": 0.1, "_timestamp": 1709043131.3166595, "_runtime": 10.461044549942017, "_step": 0, "_wandb": {"runtime": 9}}