{"Epoch ": 19, "Training loss ": 0.49306780576924547, "Training accuracy ": 0.6293148148148148, "Validation loss ": 0.5042165073868323, "Validation accuracy ": 0.6255, "Testing loss ": 0.515214785186687, "Testing accuracy ": 0.617, "_timestamp": 1709181715.8821678, "_runtime": 39.171923875808716, "_step": 39, "confusion_matrix_table": {"_type": "table-file", "sha256": "6ec9579a1a42820562977a6e62e3bf6057a8744b1236404014d61bf3813b893b", "size": 3182, "artifact_path": "wandb-client-artifact://yauy43ara8ryvrhddn5l6ldlwgka6s8i9fd5ghkz2hcx96gpdilaox9pdbwmunwtcqcklw4a6hizyhgb8ki2hsphx3dxk4hs1hfle7ur3rabuhoy4r9bcqbyqqekgv72:latest/confusion_matrix_table.table.json", "_latest_artifact_path": "wandb-client-artifact://yauy43ara8ryvrhddn5l6ldlwgka6s8i9fd5ghkz2hcx96gpdilaox9pdbwmunwtcqcklw4a6hizyhgb8ki2hsphx3dxk4hs1hfle7ur3rabuhoy4r9bcqbyqqekgv72:latest/confusion_matrix_table.table.json", "path": "media/table/confusion_matrix_table_39_6ec9579a1a4282056297.table.json", "ncols": 3, "nrows": 100}, "_wandb": {"runtime": 38}}