{"Epoch ": 4, "Training loss ": 0.9781153119320406, "Training accuracy ": 0.6839444444444445, "Validation loss ": 0.965553539144814, "Validation accuracy ": 0.687, "Testing loss ": 1.0335510724267238, "Testing accuracy ": 0.6796, "_timestamp": 1709129936.7820556, "_runtime": 27.661284685134888, "_step": 9, "confusion_matrix_table": {"_type": "table-file", "sha256": "d28cf461883e43c6c36766adb95e66e5a5f43e14b75bb9233a41e7f8a963b0e3", "size": 3180, "artifact_path": "wandb-client-artifact://17kv8a7eb9q98dr7n6mbrxfj43t8sxfng61bl2mqqc8w3hvku3x1v7eezz125a66uv56qwc5ikeway3j29wgta0fom47u20w3k7m6cbeegyk5pfhq40ncwnljmqkpxsf:latest/confusion_matrix_table.table.json", "_latest_artifact_path": "wandb-client-artifact://17kv8a7eb9q98dr7n6mbrxfj43t8sxfng61bl2mqqc8w3hvku3x1v7eezz125a66uv56qwc5ikeway3j29wgta0fom47u20w3k7m6cbeegyk5pfhq40ncwnljmqkpxsf:latest/confusion_matrix_table.table.json", "path": "media/table/confusion_matrix_table_9_d28cf461883e43c6c367.table.json", "ncols": 3, "nrows": 100}, "_wandb": {"runtime": 26}}