{"Epoch ": 24, "Training loss ": 2.302121500940893, "Training accuracy ": 0.10311111111111111, "Validation loss ": 2.3021631731226075, "Validation accuracy ": 0.103, "Testing loss ": 2.302116181729195, "Testing accuracy ": 0.102, "_timestamp": 1709306434.1806476, "_runtime": 114.13831162452698, "_step": 49, "confusion_matrix_table": {"_type": "table-file", "sha256": "de5109120cadcf15c1414c6e89eae51c2910f61c3cff0cb2744b478c08546422", "size": 3176, "artifact_path": "wandb-client-artifact://6jkursasvi27ap7e7pbual1f7soi2s05e1fp5bv485nx1v5c9gjgw1b0r9h1d5psl9f1r9280wkyk6c0ixyq8l0s3ll8kr4y2fmyy25fmrzer920jweabq622nes8ntr:latest/confusion_matrix_table.table.json", "_latest_artifact_path": "wandb-client-artifact://6jkursasvi27ap7e7pbual1f7soi2s05e1fp5bv485nx1v5c9gjgw1b0r9h1d5psl9f1r9280wkyk6c0ixyq8l0s3ll8kr4y2fmyy25fmrzer920jweabq622nes8ntr:latest/confusion_matrix_table.table.json", "path": "media/table/confusion_matrix_table_49_de5109120cadcf15c141.table.json", "ncols": 3, "nrows": 100}, "_wandb": {"runtime": 113}}