{"Epoch ": 29, "Training loss ": 0.1459250214564933, "Training accuracy ": 0.8987592592592593, "Validation loss ": 0.17903669383958945, "Validation accuracy ": 0.874, "Testing loss ": 0.18546976092678277, "Testing accuracy ": 0.8718, "_timestamp": 1709181508.8023922, "_runtime": 51.508137226104736, "_step": 59, "confusion_matrix_table": {"_type": "table-file", "sha256": "6ec84c14c513923a3a914c2c394dc02895d6939bb5479402f03e0c929e75f63a", "size": 3172, "artifact_path": "wandb-client-artifact://4m97dwpb04bvehfte67bwsy5388jy9ekop6em4w0ignwg259zzz01pjxf8nfhf6sk82c2cf0jvjbl5ktp41y2aczt4v5hi4mmoh41bszedmwjeqmqdvgm9dm86aqmqv7:latest/confusion_matrix_table.table.json", "_latest_artifact_path": "wandb-client-artifact://4m97dwpb04bvehfte67bwsy5388jy9ekop6em4w0ignwg259zzz01pjxf8nfhf6sk82c2cf0jvjbl5ktp41y2aczt4v5hi4mmoh41bszedmwjeqmqdvgm9dm86aqmqv7:latest/confusion_matrix_table.table.json", "path": "media/table/confusion_matrix_table_59_6ec84c14c513923a3a91.table.json", "ncols": 3, "nrows": 100}, "_wandb": {"runtime": 50}}