{"Epoch ": 14, "Training loss ": 0.39673019585062747, "Training accuracy ": 0.8603148148148149, "Validation loss ": 0.4100220416950636, "Validation accuracy ": 0.8566666666666667, "Testing loss ": 0.43344794917829715, "Testing accuracy ": 0.8453, "_timestamp": 1709480476.2216103, "_runtime": 74.12680125236511, "_step": 29, "confusion_matrix_table": {"_type": "table-file", "sha256": "6624fb141b2a0169e6fd20b2b13bc790373524dd1560bdd558bc873fd4ffd4ba", "size": 3176, "artifact_path": "wandb-client-artifact://tglpyktcu9svqwvkyuhoq00dojma6ei24hj1j4n9ikdwwmrmlt97qo2ky5m819hf8p0d2w61gdjs4uxghzh05faflggorwndggtumsfoh0inxx1ktlkjp6ux1tw99cg1:latest/confusion_matrix_table.table.json", "_latest_artifact_path": "wandb-client-artifact://tglpyktcu9svqwvkyuhoq00dojma6ei24hj1j4n9ikdwwmrmlt97qo2ky5m819hf8p0d2w61gdjs4uxghzh05faflggorwndggtumsfoh0inxx1ktlkjp6ux1tw99cg1:latest/confusion_matrix_table.table.json", "path": "media/table/confusion_matrix_table_29_6624fb141b2a0169e6fd.table.json", "ncols": 3, "nrows": 100}, "_wandb": {"runtime": 73}}