{"Epoch ": 19, "Training loss ": 0.2449117125311619, "Training accuracy ": 0.8300185185185185, "Validation loss ": 0.2864742450139311, "Validation accuracy ": 0.8003333333333333, "Testing loss ": 0.2824575331037057, "Testing accuracy ": 0.8044, "_timestamp": 1709149064.5945988, "_runtime": 58.99072265625, "_step": 39, "confusion_matrix_table": {"_type": "table-file", "sha256": "0ec6f335192f5099a1a7bb0f7143a332a26cea4e80bc28ff31cf4aabbde7d2db", "size": 3179, "artifact_path": "wandb-client-artifact://n85xv15qu817uj21acwj416hh352vggej6z53nweb5lrmacgq45sj8683tgypqopgltj017hdtin07xn8s2spaunndo1tolof42pf5e7jpcgxsixrc8sn1f6gwlt3k73:latest/confusion_matrix_table.table.json", "_latest_artifact_path": "wandb-client-artifact://n85xv15qu817uj21acwj416hh352vggej6z53nweb5lrmacgq45sj8683tgypqopgltj017hdtin07xn8s2spaunndo1tolof42pf5e7jpcgxsixrc8sn1f6gwlt3k73:latest/confusion_matrix_table.table.json", "path": "media/table/confusion_matrix_table_39_0ec6f335192f5099a1a7.table.json", "ncols": 3, "nrows": 100}, "_wandb": {"runtime": 58}}