{"Epoch ": 9, "Training loss ": 1.1604264241787685, "Training accuracy ": 0.13574074074074075, "Validation loss ": 1.1607200798754098, "Validation accuracy ": 0.134, "Testing loss ": 1.1618854667686471, "Testing accuracy ": 0.1315, "_timestamp": 1709145017.4061346, "_runtime": 46.39527249336243, "_step": 19, "confusion_matrix_table": {"_type": "table-file", "sha256": "67dd7d946d45512c847ca5fbc800c749e5af1b1816a099c4856e6cb17a5fab15", "size": 3151, "artifact_path": "wandb-client-artifact://k5xpj1xuqsvoy7jwdsvrqje3597bxu62g5e56muxmhzif6p555532z2ljkk2l8tqrbtjm3ufhdkk4h3pvps1ffk2aj22dwsbkc77u9csyldiwhdz56marx96fglkhu36:latest/confusion_matrix_table.table.json", "_latest_artifact_path": "wandb-client-artifact://k5xpj1xuqsvoy7jwdsvrqje3597bxu62g5e56muxmhzif6p555532z2ljkk2l8tqrbtjm3ufhdkk4h3pvps1ffk2aj22dwsbkc77u9csyldiwhdz56marx96fglkhu36:latest/confusion_matrix_table.table.json", "path": "media/table/confusion_matrix_table_19_67dd7d946d45512c847c.table.json", "ncols": 3, "nrows": 100}, "_wandb": {"runtime": 45}}