{"Epoch ": 4, "Training loss ": 0.4246350242770542, "Training accuracy ": 0.8491666666666666, "Validation loss ": 0.44368210499921434, "Validation accuracy ": 0.845, "Testing loss ": 0.4662223677682041, "Testing accuracy ": 0.8338, "_timestamp": 1709399362.503539, "_runtime": 19.33106517791748, "_step": 9, "confusion_matrix_table": {"_type": "table-file", "sha256": "9d3cf5ea979de0eb571311ebe5470d4f61c7cffab3604533b7c91b4d1046a391", "size": 3175, "artifact_path": "wandb-client-artifact://j6y20ocbg42112a787w1teqgwov7zeb4ys47jbpf0xepw4fbl5m50a08az6ao6k1cd3blw22i4x2f9odsyqtkkjm9j70rtjfgvo59tge2bop4l0h2hs33prfyto12210:latest/confusion_matrix_table.table.json", "_latest_artifact_path": "wandb-client-artifact://j6y20ocbg42112a787w1teqgwov7zeb4ys47jbpf0xepw4fbl5m50a08az6ao6k1cd3blw22i4x2f9odsyqtkkjm9j70rtjfgvo59tge2bop4l0h2hs33prfyto12210:latest/confusion_matrix_table.table.json", "path": "media/table/confusion_matrix_table_9_9d3cf5ea979de0eb5713.table.json", "ncols": 3, "nrows": 100}, "_wandb": {"runtime": 18}}