{"Epoch ": 19, "Training loss ": 0.6167988677911586, "Training accuracy ": 0.7836296296296297, "Validation loss ": 0.6210873112833489, "Validation accuracy ": 0.7773333333333333, "Testing loss ": 0.6465632999565373, "Testing accuracy ": 0.7752, "_timestamp": 1709111429.8536677, "_runtime": 111.84010672569275, "_step": 39, "confusion_matrix_table": {"_type": "table-file", "sha256": "913cbbbfb945181981638dd377e98a094d03751b37e433fba44a82e67a407fc6", "size": 3177, "artifact_path": "wandb-client-artifact://909l2j2hb1v8ytctwx2fwk6cc9gvc7d03d5hfloj54wx78cmn2s41kn3v5ro4qbef5g97qukx4jyakzwuz8hwg9ksnvesd1ldo8ax4wev0djkzfklow79yv2jxfsstf8:latest/confusion_matrix_table.table.json", "_latest_artifact_path": "wandb-client-artifact://909l2j2hb1v8ytctwx2fwk6cc9gvc7d03d5hfloj54wx78cmn2s41kn3v5ro4qbef5g97qukx4jyakzwuz8hwg9ksnvesd1ldo8ax4wev0djkzfklow79yv2jxfsstf8:latest/confusion_matrix_table.table.json", "path": "media/table/confusion_matrix_table_39_913cbbbfb94518198163.table.json", "ncols": 3, "nrows": 100}, "_wandb": {"runtime": 111}}