{"Epoch ": 4, "Training loss ": 0.3897791030980246, "Training accuracy ": 0.8639444444444444, "Validation loss ": 0.42458468093559326, "Validation accuracy ": 0.8446666666666667, "Testing loss ": 0.44273139012684015, "Testing accuracy ": 0.8419, "_timestamp": 1709399655.470908, "_runtime": 24.268252849578857, "_step": 9, "confusion_matrix_table": {"_type": "table-file", "sha256": "40e07b4328ee94d7d98c323df623c648433fbf0219b88c19cb7f9e40f8648740", "size": 3176, "artifact_path": "wandb-client-artifact://j1ycfwft5abmd7bkcxj4hcau6wz2f4jw56dik67uyk6zdw15fgh2i8442j92d1ql30gwvqgcgd90w589jv5qh3772bqzdbbxeu4xi8lq5r98hymqk34up97fxn5vmg3c:latest/confusion_matrix_table.table.json", "_latest_artifact_path": "wandb-client-artifact://j1ycfwft5abmd7bkcxj4hcau6wz2f4jw56dik67uyk6zdw15fgh2i8442j92d1ql30gwvqgcgd90w589jv5qh3772bqzdbbxeu4xi8lq5r98hymqk34up97fxn5vmg3c:latest/confusion_matrix_table.table.json", "path": "media/table/confusion_matrix_table_9_40e07b4328ee94d7d98c.table.json", "ncols": 3, "nrows": 100}, "_wandb": {"runtime": 23}}