{"Epoch ": 14, "Training loss ": 1.5387718583875856, "Training accuracy ": 0.5555740740740741, "Validation loss ": 1.538482135155547, "Validation accuracy ": 0.5608333333333333, "Testing loss ": 1.5470641924544233, "Testing accuracy ": 0.547, "_timestamp": 1709126569.5305288, "_runtime": 65.35559582710266, "_step": 29, "confusion_matrix_table": {"_type": "table-file", "sha256": "d6bdbf603b4fcf8373fbf98ff6bc8389cdc4c407ce963f84695456833e67a850", "size": 3208, "artifact_path": "wandb-client-artifact://aow89oja1f8u53yd0d1vm1y5z6y3wrcpm99vsseyctxnuklctcikyhi5fdbgadl6sqk6dzo0voh3afabrko6w79d06zb414kgsnljigdzbqdhxs88k7nt1v74yzwvv3n:latest/confusion_matrix_table.table.json", "_latest_artifact_path": "wandb-client-artifact://aow89oja1f8u53yd0d1vm1y5z6y3wrcpm99vsseyctxnuklctcikyhi5fdbgadl6sqk6dzo0voh3afabrko6w79d06zb414kgsnljigdzbqdhxs88k7nt1v74yzwvv3n:latest/confusion_matrix_table.table.json", "path": "media/table/confusion_matrix_table_29_d6bdbf603b4fcf8373fb.table.json", "ncols": 3, "nrows": 100}, "_wandb": {"runtime": 64}}