{"Epoch ": 24, "Training loss ": 0.17901053622654053, "Training accuracy ": 0.8775185185185185, "Validation loss ": 0.20148750755347006, "Validation accuracy ": 0.8631666666666666, "Testing loss ": 0.21905019999265438, "Testing accuracy ": 0.8522, "_timestamp": 1709309151.0883315, "_runtime": 132.51790738105774, "_step": 49, "confusion_matrix_table": {"_type": "table-file", "sha256": "898c15744bf86a27a5c318f31eb1ca98eb144823ae93d170b79456786995b8ec", "size": 3175, "artifact_path": "wandb-client-artifact://v7k0qqx1l38ofew3mlbzk86l724y24lq5m1401n64u6wbabx5tf74p4wk03su89exz505zwk20bbyhxaa9x8g55w6ibq7ryizqmr32ls5lk9n68sqiavovtg8yjxashw:latest/confusion_matrix_table.table.json", "_latest_artifact_path": "wandb-client-artifact://v7k0qqx1l38ofew3mlbzk86l724y24lq5m1401n64u6wbabx5tf74p4wk03su89exz505zwk20bbyhxaa9x8g55w6ibq7ryizqmr32ls5lk9n68sqiavovtg8yjxashw:latest/confusion_matrix_table.table.json", "path": "media/table/confusion_matrix_table_49_898c15744bf86a27a5c3.table.json", "ncols": 3, "nrows": 100}, "_wandb": {"runtime": 131}}