{"Epoch ": 4, "Training loss ": 0.4144585116545592, "Training accuracy ": 0.8532592592592593, "Validation loss ": 0.42824954947347565, "Validation accuracy ": 0.8491666666666666, "Testing loss ": 0.45273050203435794, "Testing accuracy ": 0.8363, "_timestamp": 1709102127.3345492, "_runtime": 55.69005823135376, "_step": 4, "_wandb": {"runtime": 54}}