{"Epoch ": 29, "Training loss ": 0.21651783189610768, "Training accuracy ": 0.931037037037037, "Validation loss ": 0.5180861165171466, "Validation accuracy ": 0.8788333333333334, "Testing loss ": 0.5691388161070016, "Testing accuracy ": 0.8698, "_timestamp": 1709485415.6404905, "_runtime": 305.5661745071411, "_step": 59, "confusion_matrix_table": {"_type": "table-file", "sha256": "5d80ebd9ef2659abc22b1b713d07620a72cf2ea01d8caba9beda17d8c1038f87", "size": 3170, "artifact_path": "wandb-client-artifact://b7vcff0575oy8q1or2s2ah9k1pgoje5ylf0j09fv030mvmxgyvsp9h49jkn582lcijx3agqox22tmowv6m1csij4xaeqb83f8euzurmoqoab05jnmv3t81y701p05a8u:latest/confusion_matrix_table.table.json", "_latest_artifact_path": "wandb-client-artifact://b7vcff0575oy8q1or2s2ah9k1pgoje5ylf0j09fv030mvmxgyvsp9h49jkn582lcijx3agqox22tmowv6m1csij4xaeqb83f8euzurmoqoab05jnmv3t81y701p05a8u:latest/confusion_matrix_table.table.json", "path": "media/table/confusion_matrix_table_59_5d80ebd9ef2659abc22b.table.json", "ncols": 3, "nrows": 100}, "_wandb": {"runtime": 304}}