{"Epoch ": 4, "Training loss ": 0.679537564209176, "Training accuracy ": 0.770074074074074, "Validation loss ": 0.6772101432035426, "Validation accuracy ": 0.7666666666666667, "Testing loss ": 0.6928700919447806, "Testing accuracy ": 0.769, "_timestamp": 1709128135.5193424, "_runtime": 27.455949306488037, "_step": 9, "confusion_matrix_table": {"_type": "table-file", "sha256": "57145ae3584353c98a30c750714e2d521a36583f6b15bef28d0a39b860f6d643", "size": 3184, "artifact_path": "wandb-client-artifact://yy60kv5kra9j2i5o6pzsavxn794b30ieoajhuwhj7mpe50tajzfm5ywwhobqfbv61pvxxojpiqvrekk2vn160n8c0si8oy4v22m191vwy0cbqr89j1q9a1ytjxekr7qg:latest/confusion_matrix_table.table.json", "_latest_artifact_path": "wandb-client-artifact://yy60kv5kra9j2i5o6pzsavxn794b30ieoajhuwhj7mpe50tajzfm5ywwhobqfbv61pvxxojpiqvrekk2vn160n8c0si8oy4v22m191vwy0cbqr89j1q9a1ytjxekr7qg:latest/confusion_matrix_table.table.json", "path": "media/table/confusion_matrix_table_9_57145ae3584353c98a30.table.json", "ncols": 3, "nrows": 100}, "_wandb": {"runtime": 26}}