{"Epoch ": 4, "Training loss ": 0.2042010645713512, "Training accuracy ": 0.8586296296296296, "Validation loss ": 0.2049992016830616, "Validation accuracy ": 0.8553333333333333, "Testing loss ": 0.22304816274840372, "Testing accuracy ": 0.8446, "_timestamp": 1709534417.0674634, "_runtime": 161.57421350479126, "_step": 9, "confusion_matrix_table": {"_type": "table-file", "sha256": "5f0908a8e7c9d6d8ad9545a2bae3b1822780c0610033541951ca9caa6cf18355", "size": 3175, "artifact_path": "wandb-client-artifact://c1067ytrxjdg4niq0z45evbr92e66qw5xmk9nv6tht3w1vn1xojltboyacfassfpmnftzii3s9vn7eujx96wd53l75b38x47yj6cwxglr785pqn2lbefgy3nnbv3seks:latest/confusion_matrix_table.table.json", "_latest_artifact_path": "wandb-client-artifact://c1067ytrxjdg4niq0z45evbr92e66qw5xmk9nv6tht3w1vn1xojltboyacfassfpmnftzii3s9vn7eujx96wd53l75b38x47yj6cwxglr785pqn2lbefgy3nnbv3seks:latest/confusion_matrix_table.table.json", "path": "media/table/confusion_matrix_table_9_5f0908a8e7c9d6d8ad95.table.json", "ncols": 3, "nrows": 100}, "_wandb": {"runtime": 160}}