{"Epoch ": 19, "Training loss ": 0.3306322859810068, "Training accuracy ": 0.8782592592592593, "Validation loss ": 0.38790125694916444, "Validation accuracy ": 0.8648333333333333, "Testing loss ": 0.4312616746075196, "Testing accuracy ": 0.8514, "_timestamp": 1709125666.1751678, "_runtime": 42.1495897769928, "_step": 39, "confusion_matrix_table": {"_type": "table-file", "sha256": "0ed4082e57cc14d751ee70f7a8c806d9c794ace363e3ba01d1ff8b553e41e69c", "size": 3175, "artifact_path": "wandb-client-artifact://3oe7oflk1p46q95w2hbm02zuxcuu5t2zk80gobrvnw1r8due1y6jnjqmo5avmtr5c5feva6sq4j0akjcd2bb7c4ykz6rofvw91ohxrynn4paxabzr6wdyuaq2d4wa2ee:latest/confusion_matrix_table.table.json", "_latest_artifact_path": "wandb-client-artifact://3oe7oflk1p46q95w2hbm02zuxcuu5t2zk80gobrvnw1r8due1y6jnjqmo5avmtr5c5feva6sq4j0akjcd2bb7c4ykz6rofvw91ohxrynn4paxabzr6wdyuaq2d4wa2ee:latest/confusion_matrix_table.table.json", "path": "media/table/confusion_matrix_table_39_0ed4082e57cc14d751ee.table.json", "ncols": 3, "nrows": 100}, "_wandb": {"runtime": 41}}