{"Epoch ": 19, "Training loss ": 0.21281029105757618, "Training accuracy ": 0.9243333333333333, "Validation loss ": 0.3264198301453976, "Validation accuracy ": 0.8858333333333334, "Testing loss ": 0.3467133377369306, "Testing accuracy ": 0.8802, "_timestamp": 1709296993.2907703, "_runtime": 79.63029932975769, "_step": 39, "confusion_matrix_table": {"_type": "table-file", "sha256": "1833072aa460ad7bb555080df53eb0c7168b12b3850bb0497dfdc981244642d1", "size": 3172, "artifact_path": "wandb-client-artifact://lwre0nz2eeobppe12jdo9h08kwbe9fvakydupj2u3uyg7h9e4czqb6vl7to1tjtnvg5b9hfoffx59x68z252kqaazva6qqmh005qrg5la18ruhk82ix9k5mym1k84ea9:latest/confusion_matrix_table.table.json", "_latest_artifact_path": "wandb-client-artifact://lwre0nz2eeobppe12jdo9h08kwbe9fvakydupj2u3uyg7h9e4czqb6vl7to1tjtnvg5b9hfoffx59x68z252kqaazva6qqmh005qrg5la18ruhk82ix9k5mym1k84ea9:latest/confusion_matrix_table.table.json", "path": "media/table/confusion_matrix_table_39_1833072aa460ad7bb555.table.json", "ncols": 3, "nrows": 100}, "_wandb": {"runtime": 78}}