{"Epoch ": 29, "Training loss ": 0.006332318928044204, "Training accuracy ": 0.9992962962962963, "Validation loss ": 0.0970366632766316, "Validation accuracy ": 0.9756666666666667, "Testing loss ": 0.0953337857468668, "Testing accuracy ": 0.9751, "_timestamp": 1709725281.4519339, "_runtime": 109.74915981292725, "_step": 59, "confusion_matrix_table": {"_type": "table-file", "sha256": "688b70f348d9014a695e102629559708c623fbfb199ada701ca9ee9aba0029bb", "size": 3150, "artifact_path": "wandb-client-artifact://fqgf30o3va6x9tx9yrgtae5wtahp6so7nw3wu174pon0b0laxazn7ov5rrktzw2hhgf8xmmshsec1ilbu42vhaf049bjyiwntyvbsf6gfcdolxlmn5w5n6y145vijoje:latest/confusion_matrix_table.table.json", "_latest_artifact_path": "wandb-client-artifact://fqgf30o3va6x9tx9yrgtae5wtahp6so7nw3wu174pon0b0laxazn7ov5rrktzw2hhgf8xmmshsec1ilbu42vhaf049bjyiwntyvbsf6gfcdolxlmn5w5n6y145vijoje:latest/confusion_matrix_table.table.json", "path": "media/table/confusion_matrix_table_59_688b70f348d9014a695e.table.json", "ncols": 3, "nrows": 100}, "_wandb": {"runtime": 109}}