{"Epoch ": 14, "Training loss ": 0.4048446364344804, "Training accuracy ": 0.8563333333333333, "Validation loss ": 0.4144276969481276, "Validation accuracy ": 0.8531666666666666, "Testing loss ": 0.44527760049761245, "Testing accuracy ": 0.842, "_timestamp": 1709473993.1276035, "_runtime": 71.11323761940002, "_step": 29, "confusion_matrix_table": {"_type": "table-file", "sha256": "6b675725276b759d6b0cdb791c5fb055d23900b52c43a3942a151808065b62e3", "size": 3177, "artifact_path": "wandb-client-artifact://2r0xhl44ccjmvsjie7d0ywmh2g9w1ddmkz2rdkc2jylo74viaoamm8mw3550ymxfakz6hpsoxtcv85ar0mv4igxy2u0cb99bywyzxp85qg5vihb8k6c981td45c9opgx:latest/confusion_matrix_table.table.json", "_latest_artifact_path": "wandb-client-artifact://2r0xhl44ccjmvsjie7d0ywmh2g9w1ddmkz2rdkc2jylo74viaoamm8mw3550ymxfakz6hpsoxtcv85ar0mv4igxy2u0cb99bywyzxp85qg5vihb8k6c981td45c9opgx:latest/confusion_matrix_table.table.json", "path": "media/table/confusion_matrix_table_29_6b675725276b759d6b0c.table.json", "ncols": 3, "nrows": 100}, "_wandb": {"runtime": 70}}