{"Epoch ": 19, "Training loss ": 2.267066748136676, "Training accuracy ": 0.1406851851851852, "Validation loss ": 2.2717932756305306, "Validation accuracy ": 0.12666666666666668, "Testing loss ": 2.2665532131523314, "Testing accuracy ": 0.1416, "_timestamp": 1709490633.0805228, "_runtime": 514.2934126853943, "_step": 39, "confusion_matrix_table": {"_type": "table-file", "sha256": "dc22a030b63b50e9ae21e06429dbe9850eb0d58d65aa2062f04bf3f47100d4d8", "size": 3154, "artifact_path": "wandb-client-artifact://1oomeo89b9gbsbjbkr7q7dxd0xg6huz7huimn33cw7sb81q8senhgfwc7sh67zb5lwdl2gvthjx2dzxw95swhongi3nn1ebuqhn1bv44l1i7b5vx17sqtird37b80tq2:latest/confusion_matrix_table.table.json", "_latest_artifact_path": "wandb-client-artifact://1oomeo89b9gbsbjbkr7q7dxd0xg6huz7huimn33cw7sb81q8senhgfwc7sh67zb5lwdl2gvthjx2dzxw95swhongi3nn1ebuqhn1bv44l1i7b5vx17sqtird37b80tq2:latest/confusion_matrix_table.table.json", "path": "media/table/confusion_matrix_table_39_dc22a030b63b50e9ae21.table.json", "ncols": 3, "nrows": 100}, "_wandb": {"runtime": 513}}