{"Epoch ": 14, "Training loss ": 0.22136104193187114, "Training accuracy ": 0.8569814814814815, "Validation loss ": 0.23222988671333175, "Validation accuracy ": 0.8443333333333334, "Testing loss ": 0.2383508258100631, "Testing accuracy ": 0.8406, "_timestamp": 1709526115.3136086, "_runtime": 76.48283076286316, "_step": 29, "confusion_matrix_table": {"_type": "table-file", "sha256": "d300a78576fa11ed5ff1d8ea99ce43a0026fc02e182589ffbce50e13d8edc2db", "size": 3176, "artifact_path": "wandb-client-artifact://e4f1i8vt08t58jq50z4aoxej4fjacict6h7nd5gvvbf8dj6pu7jdroujib4eymq5h2q8vcv5zcp653tehv5cxywrll2gy9q49u3asl2h39uifmzh0xu1q7v3e8tefs23:latest/confusion_matrix_table.table.json", "_latest_artifact_path": "wandb-client-artifact://e4f1i8vt08t58jq50z4aoxej4fjacict6h7nd5gvvbf8dj6pu7jdroujib4eymq5h2q8vcv5zcp653tehv5cxywrll2gy9q49u3asl2h39uifmzh0xu1q7v3e8tefs23:latest/confusion_matrix_table.table.json", "path": "media/table/confusion_matrix_table_29_d300a78576fa11ed5ff1.table.json", "ncols": 3, "nrows": 100}, "_wandb": {"runtime": 75}}