{"Epoch ": 4, "Training loss ": 0.4464475164025199, "Training accuracy ": 0.842574074074074, "Validation loss ": 0.43798284544697474, "Validation accuracy ": 0.8518333333333333, "Testing loss ": 0.47885453437283143, "Testing accuracy ": 0.8299, "_timestamp": 1709102540.244612, "_runtime": 44.27423906326294, "_step": 4, "_wandb": {"runtime": 43}}