{"Epoch ": 14, "Training loss ": 2.8819259790921563e-05, "Training accuracy ": 0.5934259259259259, "Validation loss ": 0.0002586907442802377, "Validation accuracy ": 0.5916666666666667, "Testing loss ": 0.00015597711276875168, "Testing accuracy ": 0.5912, "_timestamp": 1708923242.617303, "_runtime": 17.831864833831787, "_step": 14, "_wandb": {"runtime": 17}}