{"Epoch ": 4, "Training loss ": 0.26836166129918526, "Training accuracy ": 0.8197962962962962, "Validation loss ": 0.27748434908616565, "Validation accuracy ": 0.8136666666666666, "Testing loss ": 0.29121818397748256, "Testing accuracy ": 0.8044, "_timestamp": 1709189077.7103775, "_runtime": 66.82358455657959, "_step": 9, "confusion_matrix_table": {"_type": "table-file", "sha256": "009ec26121265598192d478ac52e647f73c8f9e8d86521fd215739eda9a4532e", "size": 3171, "artifact_path": "wandb-client-artifact://fgf2eqmuz8h3ixj029pmakya5xovulk7kby0jzruwya7b7se0kg65et0rl9m5pjd8s0n4j7ce813w7681d4j40z5qupiwl52w4qhfrw17p0r0l3tmblzj22qt9qz1058:latest/confusion_matrix_table.table.json", "_latest_artifact_path": "wandb-client-artifact://fgf2eqmuz8h3ixj029pmakya5xovulk7kby0jzruwya7b7se0kg65et0rl9m5pjd8s0n4j7ce813w7681d4j40z5qupiwl52w4qhfrw17p0r0l3tmblzj22qt9qz1058:latest/confusion_matrix_table.table.json", "path": "media/table/confusion_matrix_table_9_009ec26121265598192d.table.json", "ncols": 3, "nrows": 100}, "_wandb": {"runtime": 66}}