{"Epoch ": 14, "Training loss ": 1.520251043585466, "Training accuracy ": 0.5023148148148148, "Validation loss ": 1.5206891522700592, "Validation accuracy ": 0.5005, "Testing loss ": 1.526200437210407, "Testing accuracy ": 0.4996, "_timestamp": 1709129463.4299064, "_runtime": 28.56920838356018, "_step": 29, "confusion_matrix_table": {"_type": "table-file", "sha256": "3d96089a4e09b7e06b502701f6befa53e1dd94697404ec80863b28c21770ece3", "size": 3196, "artifact_path": "wandb-client-artifact://5pb0jizkm6v23utlvmj89xnwzzar4k9w357mqvds3uldl76sjk5sn118zzbkdwgvhitlzjlkqn6pccono3hs74nxk7fvd1286t31d2yxkevnnwm1knea2g6axcbxdgt4:latest/confusion_matrix_table.table.json", "_latest_artifact_path": "wandb-client-artifact://5pb0jizkm6v23utlvmj89xnwzzar4k9w357mqvds3uldl76sjk5sn118zzbkdwgvhitlzjlkqn6pccono3hs74nxk7fvd1286t31d2yxkevnnwm1knea2g6axcbxdgt4:latest/confusion_matrix_table.table.json", "path": "media/table/confusion_matrix_table_29_3d96089a4e09b7e06b50.table.json", "ncols": 3, "nrows": 100}, "_wandb": {"runtime": 27}}