{"Epoch ": 14, "Training loss ": 0.1376552374297674, "Training accuracy ": 0.904537037037037, "Validation loss ": 0.17762812841848602, "Validation accuracy ": 0.8801666666666667, "Testing loss ": 0.18812988088499308, "Testing accuracy ": 0.8701, "_timestamp": 1709149467.9330313, "_runtime": 68.4811863899231, "_step": 29, "confusion_matrix_table": {"_type": "table-file", "sha256": "751ff5241fc3a05e2654690479f0c07ee84ec9c591eb8bf954b15749b3a9a5c6", "size": 3172, "artifact_path": "wandb-client-artifact://ediv3h8coigkep9zz48b9wq6kv2hisos19l1fau4z6i18iav1sfwlvsk8ur9pailmlxnxyp25z23aq5ghfh6zdrv8honx8gvdy7vg3zwcwcl774yu5a1nsb424rebqnu:latest/confusion_matrix_table.table.json", "_latest_artifact_path": "wandb-client-artifact://ediv3h8coigkep9zz48b9wq6kv2hisos19l1fau4z6i18iav1sfwlvsk8ur9pailmlxnxyp25z23aq5ghfh6zdrv8honx8gvdy7vg3zwcwcl774yu5a1nsb424rebqnu:latest/confusion_matrix_table.table.json", "path": "media/table/confusion_matrix_table_29_751ff5241fc3a05e2654.table.json", "ncols": 3, "nrows": 100}, "_wandb": {"runtime": 67}}