{"Epoch ": 29, "Training loss ": 0.3187916687881163, "Training accuracy ": 0.8879259259259259, "Validation loss ": 0.33696718203150033, "Validation accuracy ": 0.8776666666666667, "Testing loss ": 0.375805266633939, "Testing accuracy ": 0.8697, "_timestamp": 1709288406.3421102, "_runtime": 83.47982025146484, "_step": 59, "confusion_matrix_table": {"_type": "table-file", "sha256": "29577651d414818be9f2329b0b4074880c4b031950405008a10ce1375e5360b2", "size": 3170, "artifact_path": "wandb-client-artifact://g4y4uqdkhm8582srukoviwwwcotkntffe4nx9eiek5crov0gx1sl08qrwq1gqvftt8wbdmpovcox45rr95ncval8dmwbcbu8zf8wflmpn78oh6a1cargokbz0omv28ri:latest/confusion_matrix_table.table.json", "_latest_artifact_path": "wandb-client-artifact://g4y4uqdkhm8582srukoviwwwcotkntffe4nx9eiek5crov0gx1sl08qrwq1gqvftt8wbdmpovcox45rr95ncval8dmwbcbu8zf8wflmpn78oh6a1cargokbz0omv28ri:latest/confusion_matrix_table.table.json", "path": "media/table/confusion_matrix_table_59_29577651d414818be9f2.table.json", "ncols": 3, "nrows": 100}, "_wandb": {"runtime": 82}}