{"Epoch ": 4, "Training loss ": 0.24112507797116783, "Training accuracy ": 0.8386666666666667, "Validation loss ": 0.24732778287815968, "Validation accuracy ": 0.8333333333333334, "Testing loss ": 0.2549330063712833, "Testing accuracy ": 0.827, "_timestamp": 1709312844.76256, "_runtime": 18.104397773742676, "_step": 9, "confusion_matrix_table": {"_type": "table-file", "sha256": "6f94663ff95f2b6aa79a909999f9d0e9625bba2bcf44b36bce25cd697ed1c1a2", "size": 3176, "artifact_path": "wandb-client-artifact://u0c29gu3zl2d577czt2t5mddkgk58eaqbuhh3c6lirhz3cwnl9pyniqnfr2w2o71k5kmfp0zrr977789uif4p6tvgfxeiwveldvni5csr2f0v7ayw316jikmw0dnq9jc:latest/confusion_matrix_table.table.json", "_latest_artifact_path": "wandb-client-artifact://u0c29gu3zl2d577czt2t5mddkgk58eaqbuhh3c6lirhz3cwnl9pyniqnfr2w2o71k5kmfp0zrr977789uif4p6tvgfxeiwveldvni5csr2f0v7ayw316jikmw0dnq9jc:latest/confusion_matrix_table.table.json", "path": "media/table/confusion_matrix_table_9_6f94663ff95f2b6aa79a.table.json", "ncols": 3, "nrows": 100}, "_wandb": {"runtime": 17}}