{"Epoch ": 14, "Training loss ": 0.37020067533602513, "Training accuracy ": 0.7391851851851852, "Validation loss ": 0.3701595616188946, "Validation accuracy ": 0.7441666666666666, "Testing loss ": 0.38137779943369315, "Testing accuracy ": 0.7302, "_timestamp": 1709301661.501395, "_runtime": 184.71217608451843, "_step": 29, "confusion_matrix_table": {"_type": "table-file", "sha256": "04004d21290e970ae48aa47bb3b72590cf290c543493447f1c49580dccfa4c8d", "size": 3178, "artifact_path": "wandb-client-artifact://mzs9iccydw6ba7mdg161f8zj1q0kfcm5wutwcdjcwc2jqwxembi9vrsyux3cxvt6r7lkzxr73x3orx3ptou9gfkt8rcxcjcepbppvju0no9typu61jxt6hakrkozyovi:latest/confusion_matrix_table.table.json", "_latest_artifact_path": "wandb-client-artifact://mzs9iccydw6ba7mdg161f8zj1q0kfcm5wutwcdjcwc2jqwxembi9vrsyux3cxvt6r7lkzxr73x3orx3ptou9gfkt8rcxcjcepbppvju0no9typu61jxt6hakrkozyovi:latest/confusion_matrix_table.table.json", "path": "media/table/confusion_matrix_table_29_04004d21290e970ae48a.table.json", "ncols": 3, "nrows": 100}, "_wandb": {"runtime": 183}}