{"Epoch ": 19, "Training loss ": 0.052684958296975094, "Training accuracy ": 0.9841851851851852, "Validation loss ": 0.14864868531615583, "Validation accuracy ": 0.9585, "Testing loss ": 0.1378677195427616, "Testing accuracy ": 0.9622, "_timestamp": 1709495085.9273062, "_runtime": 39.985594272613525, "_step": 39, "confusion_matrix_table": {"_type": "table-file", "sha256": "5fc8bdc8e743828acfaaeeec4da02ec414884213d3e95e75e1a80a04d0f18b6f", "size": 3153, "artifact_path": "wandb-client-artifact://3jg26f1n0mk2mgl7fy5gsajben5fbm1wquwxdcw1khad2e4lz7y20k0nwug0pvejmn6d6b0mmlu9tvik682n6cfuvxr4i4jx272zvze3qwo8dgg5zk1gdr65th2a4f5u:latest/confusion_matrix_table.table.json", "_latest_artifact_path": "wandb-client-artifact://3jg26f1n0mk2mgl7fy5gsajben5fbm1wquwxdcw1khad2e4lz7y20k0nwug0pvejmn6d6b0mmlu9tvik682n6cfuvxr4i4jx272zvze3qwo8dgg5zk1gdr65th2a4f5u:latest/confusion_matrix_table.table.json", "path": "media/table/confusion_matrix_table_39_5fc8bdc8e743828acfaa.table.json", "ncols": 3, "nrows": 100}, "_wandb": {"runtime": 39}}