{"Epoch ": 24, "Training loss ": 0.8392429650896028, "Training accuracy ": 0.19803703703703704, "Validation loss ": 0.8392679430201325, "Validation accuracy ": 0.19616666666666666, "Testing loss ": 0.8394386887805358, "Testing accuracy ": 0.1966, "_timestamp": 1709306778.4145277, "_runtime": 72.30558466911316, "_step": 49, "confusion_matrix_table": {"_type": "table-file", "sha256": "11492763cb51326f5df77042bd5df113a0111ac0516fa670994338b16384d805", "size": 3150, "artifact_path": "wandb-client-artifact://twsx02zm6kak8qwl1q5jc5wt9i6412blzaxukrgr0zjzj4f2obfl1zfgo586nlvjtwr8kvbr2r9428s0cixls8lruw0nloqg8qj9tc7hslluufzlalgm1osokqipi690:latest/confusion_matrix_table.table.json", "_latest_artifact_path": "wandb-client-artifact://twsx02zm6kak8qwl1q5jc5wt9i6412blzaxukrgr0zjzj4f2obfl1zfgo586nlvjtwr8kvbr2r9428s0cixls8lruw0nloqg8qj9tc7hslluufzlalgm1osokqipi690:latest/confusion_matrix_table.table.json", "path": "media/table/confusion_matrix_table_49_11492763cb51326f5df7.table.json", "ncols": 3, "nrows": 100}, "_wandb": {"runtime": 71}}