{"Epoch ": 19, "Training loss ": 0.5046008527287937, "Training accuracy ": 0.668962962962963, "Validation loss ": 0.5225959336616964, "Validation accuracy ": 0.6583333333333333, "Testing loss ": 0.5297664412997477, "Testing accuracy ": 0.6554, "_timestamp": 1709633792.227203, "_runtime": 90.09735298156738, "_step": 39, "confusion_matrix_table": {"_type": "table-file", "sha256": "5b04cb54ba40650f8ec0b949f58a1e5a9498f935f0af21c56aef2b430200ce63", "size": 3168, "artifact_path": "wandb-client-artifact://72wdskkk4aixpeizvidgmqw3fu3l34boa5awzixmqhkjruu3zx9r5c8jwgh05ukjvz1nwlb1qdjt56q8c1ua2cmo0pyz7vo4z9m6h4j74rl8n9ibo9kmokt91tj3uxsm:latest/confusion_matrix_table.table.json", "_latest_artifact_path": "wandb-client-artifact://72wdskkk4aixpeizvidgmqw3fu3l34boa5awzixmqhkjruu3zx9r5c8jwgh05ukjvz1nwlb1qdjt56q8c1ua2cmo0pyz7vo4z9m6h4j74rl8n9ibo9kmokt91tj3uxsm:latest/confusion_matrix_table.table.json", "path": "media/table/confusion_matrix_table_39_5b04cb54ba40650f8ec0.table.json", "ncols": 3, "nrows": 100}, "_wandb": {"runtime": 89}}