{"Epoch ": 4, "Training loss ": 0.8845254846209395, "Training accuracy ": 0.693925925925926, "Validation loss ": 0.8864600548116209, "Validation accuracy ": 0.6923333333333334, "Testing loss ": 0.8988547305854667, "Testing accuracy ": 0.6882, "_timestamp": 1709111209.2461312, "_runtime": 15.070698261260986, "_step": 9, "confusion_matrix_table": {"_type": "table-file", "sha256": "cfe419071c4dd0939c4b548902a619596cefe8ed2cf036e497c6b6d6fb993782", "size": 3188, "artifact_path": "wandb-client-artifact://rk88jhtkdtg3mqirliaff98woun9fwkfn6aa0zdw0lb4eo9myciitw872r2a4d9mmlvjcr247j978l85ar41v7cyylqju18ldb3hq94mgwf85rcyuywyizuzph72gbdc:latest/confusion_matrix_table.table.json", "_latest_artifact_path": "wandb-client-artifact://rk88jhtkdtg3mqirliaff98woun9fwkfn6aa0zdw0lb4eo9myciitw872r2a4d9mmlvjcr247j978l85ar41v7cyylqju18ldb3hq94mgwf85rcyuywyizuzph72gbdc:latest/confusion_matrix_table.table.json", "path": "media/table/confusion_matrix_table_9_cfe419071c4dd0939c4b.table.json", "ncols": 3, "nrows": 100}, "_wandb": {"runtime": 14}}