{"Epoch ": 24, "Training loss ": 0.3250749193348368, "Training accuracy ": 0.8854814814814815, "Validation loss ": 0.34055937071940123, "Validation accuracy ": 0.877, "Testing loss ": 0.38046356784196494, "Testing accuracy ": 0.8639, "_timestamp": 1709290209.0303369, "_runtime": 33.7560179233551, "_step": 49, "confusion_matrix_table": {"_type": "table-file", "sha256": "b347abed1ce354184c3ec3e8f83e454203555efffb14fa12874995c8a71289b5", "size": 3175, "artifact_path": "wandb-client-artifact://x0amnlxzgdx0la6uhzqvbqzlx7xeihm21129sicxdwfk7rb9uu4t5ptuq2fdr0ea5o1gb7xnwuarp8nc2huyd40l8kjlap6e2iaplcqiis4lr7e7qrzxqukhd39778ld:latest/confusion_matrix_table.table.json", "_latest_artifact_path": "wandb-client-artifact://x0amnlxzgdx0la6uhzqvbqzlx7xeihm21129sicxdwfk7rb9uu4t5ptuq2fdr0ea5o1gb7xnwuarp8nc2huyd40l8kjlap6e2iaplcqiis4lr7e7qrzxqukhd39778ld:latest/confusion_matrix_table.table.json", "path": "media/table/confusion_matrix_table_49_b347abed1ce354184c3e.table.json", "ncols": 3, "nrows": 100}, "_wandb": {"runtime": 33}}