{"Epoch ": 29, "Training loss ": 0.21654420530480986, "Training accuracy ": 0.9207962962962963, "Validation loss ": 0.31189980421564684, "Validation accuracy ": 0.8901666666666667, "Testing loss ": 0.3400599711587414, "Testing accuracy ": 0.8802, "_timestamp": 1709489679.6359668, "_runtime": 208.10923981666565, "_step": 59, "confusion_matrix_table": {"_type": "table-file", "sha256": "17df6eb1ce4a6fbfd093d02aa7d6eb08092ca2577fd2e7cd97fd520d91a0abf4", "size": 3169, "artifact_path": "wandb-client-artifact://je54ooisctses7w4gsin7ilbj3oqd1z9gqft1jgf92mhp7ieki2vokm3cw9zal7j6lozqehf2ly7qqnhazabm98jnp7oe55olp9fhkh4sigc41gizfvv6mnrpz5ywlqo:latest/confusion_matrix_table.table.json", "_latest_artifact_path": "wandb-client-artifact://je54ooisctses7w4gsin7ilbj3oqd1z9gqft1jgf92mhp7ieki2vokm3cw9zal7j6lozqehf2ly7qqnhazabm98jnp7oe55olp9fhkh4sigc41gizfvv6mnrpz5ywlqo:latest/confusion_matrix_table.table.json", "path": "media/table/confusion_matrix_table_59_17df6eb1ce4a6fbfd093.table.json", "ncols": 3, "nrows": 100}, "_wandb": {"runtime": 203}}