{"Epoch ": 24, "Training loss ": 2.223835554649567, "Training accuracy ": 0.44001851851851853, "Validation loss ": 2.2248567476822028, "Validation accuracy ": 0.44, "Testing loss ": 2.22450019859282, "Testing accuracy ": 0.4307, "_timestamp": 1709445521.0739024, "_runtime": 89.85960841178894, "_step": 49, "confusion_matrix_table": {"_type": "table-file", "sha256": "50affd94dfbf2be9b178fe95861fed421c8c4ea68a30796a6703259224fb4ff7", "size": 3209, "artifact_path": "wandb-client-artifact://kv2b55vq5djplxyi5n783s6n5064rigy2ji8v0vergfvf5rn0ox0qm559qp6an5cfsxlvar8repva0idunew9ppi2scb1lkwiru8m3a4q1udmnr5dsb2t1lovd4ry609:latest/confusion_matrix_table.table.json", "_latest_artifact_path": "wandb-client-artifact://kv2b55vq5djplxyi5n783s6n5064rigy2ji8v0vergfvf5rn0ox0qm559qp6an5cfsxlvar8repva0idunew9ppi2scb1lkwiru8m3a4q1udmnr5dsb2t1lovd4ry609:latest/confusion_matrix_table.table.json", "path": "media/table/confusion_matrix_table_49_50affd94dfbf2be9b178.table.json", "ncols": 3, "nrows": 100}, "_wandb": {"runtime": 89}}