{"Epoch ": 24, "Training loss ": 0.3416254390336442, "Training accuracy ": 0.8795, "Validation loss ": 0.3807610249483579, "Validation accuracy ": 0.86, "Testing loss ": 0.40880255699043666, "Testing accuracy ": 0.8543, "_timestamp": 1709300976.0232055, "_runtime": 79.4403486251831, "_step": 49, "confusion_matrix_table": {"_type": "table-file", "sha256": "3a247111531f5c3b0e18b246e97496211dfa75d1c92d56a365ae53e48f86055d", "size": 3171, "artifact_path": "wandb-client-artifact://zvkc58tikm9qogj3ktmpmwayh3qj9pzusg03afmssepc0525swbe064wst065yymllz0fmnu8aeqoelvs4flc0pyk3jpeh9py0k7lv7tdwak7q44dj9br3n6fxbuiswf:latest/confusion_matrix_table.table.json", "_latest_artifact_path": "wandb-client-artifact://zvkc58tikm9qogj3ktmpmwayh3qj9pzusg03afmssepc0525swbe064wst065yymllz0fmnu8aeqoelvs4flc0pyk3jpeh9py0k7lv7tdwak7q44dj9br3n6fxbuiswf:latest/confusion_matrix_table.table.json", "path": "media/table/confusion_matrix_table_49_3a247111531f5c3b0e18.table.json", "ncols": 3, "nrows": 100}, "_wandb": {"runtime": 78}}