{"Epoch ": 14, "Training loss ": 0.509463843887623, "Training accuracy ": 0.5979814814814814, "Validation loss ": 0.5188532120434609, "Validation accuracy ": 0.5906666666666667, "Testing loss ": 0.5203749379925995, "Testing accuracy ": 0.5916, "_timestamp": 1709631708.1038144, "_runtime": 76.14670825004578, "_step": 29, "confusion_matrix_table": {"_type": "table-file", "sha256": "54b1fcbdd5d7ba5f74bd866cc2b46ea77dfd8d1ffa1c97f190df92453b639347", "size": 3175, "artifact_path": "wandb-client-artifact://17jo5im15g9enitxm77lx8nxmtuhs8ekrq6e8wd9vovva42wehu2fzuqeputj48i8z2ubfrc69mip8f9sykk2grcim0y9rydlisa9xr6ja2jwu63somenyyynychtigf:latest/confusion_matrix_table.table.json", "_latest_artifact_path": "wandb-client-artifact://17jo5im15g9enitxm77lx8nxmtuhs8ekrq6e8wd9vovva42wehu2fzuqeputj48i8z2ubfrc69mip8f9sykk2grcim0y9rydlisa9xr6ja2jwu63somenyyynychtigf:latest/confusion_matrix_table.table.json", "path": "media/table/confusion_matrix_table_29_54b1fcbdd5d7ba5f74bd.table.json", "ncols": 3, "nrows": 100}, "_wandb": {"runtime": 75}}