{"Epoch ": 14, "Training loss ": 0.1437709082344236, "Training accuracy ": 0.9017962962962963, "Validation loss ": 0.1691661366690916, "Validation accuracy ": 0.8836666666666667, "Testing loss ": 0.17713764765484663, "Testing accuracy ": 0.8757, "_timestamp": 1709535094.5399601, "_runtime": 243.03793907165527, "_step": 29, "confusion_matrix_table": {"_type": "table-file", "sha256": "ae4ea4c7ef2f6ee72c5a956b65f98c5465c959085876c65163ce1a6e0489e579", "size": 3169, "artifact_path": "wandb-client-artifact://vswl7wsu6r1mzb2nmtrlt6li0a2ntth1yailvcdfi8myzcqmxl09tnxn9dcgbjrttuinhiuclcetu2hnncwsl1hkwv704vq7f12amxrgco1o1ngxg6p4vmrsamoq214o:latest/confusion_matrix_table.table.json", "_latest_artifact_path": "wandb-client-artifact://vswl7wsu6r1mzb2nmtrlt6li0a2ntth1yailvcdfi8myzcqmxl09tnxn9dcgbjrttuinhiuclcetu2hnncwsl1hkwv704vq7f12amxrgco1o1ngxg6p4vmrsamoq214o:latest/confusion_matrix_table.table.json", "path": "media/table/confusion_matrix_table_29_ae4ea4c7ef2f6ee72c5a.table.json", "ncols": 3, "nrows": 100}, "_wandb": {"runtime": 242}}