{"Epoch ": 24, "Training loss ": 0.35471662051205266, "Training accuracy ": 0.8758333333333334, "Validation loss ": 0.3855983382032759, "Validation accuracy ": 0.8658333333333333, "Testing loss ": 0.41080843295243, "Testing accuracy ": 0.8579, "_timestamp": 1709311908.8167987, "_runtime": 78.60083961486816, "_step": 49, "confusion_matrix_table": {"_type": "table-file", "sha256": "35011422157e97a331f3039b2d7c4e771df646f8f90e4127b8a8e9a65bc32cb9", "size": 3171, "artifact_path": "wandb-client-artifact://l1eld9ecj9suthv4vdqqnpy5pmzhbyc2jv5uywe69h8p145feyxywuayxvw8g953alq9ktatkx7ncws7eoxzbwt6jhxjk1kiv0ownirducpuzawemakm5n72dhqx8725:latest/confusion_matrix_table.table.json", "_latest_artifact_path": "wandb-client-artifact://l1eld9ecj9suthv4vdqqnpy5pmzhbyc2jv5uywe69h8p145feyxywuayxvw8g953alq9ktatkx7ncws7eoxzbwt6jhxjk1kiv0ownirducpuzawemakm5n72dhqx8725:latest/confusion_matrix_table.table.json", "path": "media/table/confusion_matrix_table_49_35011422157e97a331f3.table.json", "ncols": 3, "nrows": 100}, "_wandb": {"runtime": 77}}