{"Epoch ": 24, "Training loss ": 0.34596348345341726, "Training accuracy ": 0.6962592592592592, "Validation loss ": 0.3492602808708057, "Validation accuracy ": 0.6993333333333334, "Testing loss ": 0.3577397183591426, "Testing accuracy ": 0.6902, "_timestamp": 1709301461.1657436, "_runtime": 126.25763654708862, "_step": 49, "confusion_matrix_table": {"_type": "table-file", "sha256": "c796aa653ba8f300d9432d4e64159e2d574a7f6e83134ac2959715769f13deed", "size": 3170, "artifact_path": "wandb-client-artifact://2asfxm937vg3ow6kad7glavgd38nn9wilnezww9aq2oj7kq7nhmqcs5s6dxxwvzypeju6urqvgi9ip220hlr5w0asi9u2so2qi7v5gxkc9r08g65ylzrwroes0fwrxxn:latest/confusion_matrix_table.table.json", "_latest_artifact_path": "wandb-client-artifact://2asfxm937vg3ow6kad7glavgd38nn9wilnezww9aq2oj7kq7nhmqcs5s6dxxwvzypeju6urqvgi9ip220hlr5w0asi9u2so2qi7v5gxkc9r08g65ylzrwroes0fwrxxn:latest/confusion_matrix_table.table.json", "path": "media/table/confusion_matrix_table_49_c796aa653ba8f300d943.table.json", "ncols": 3, "nrows": 100}, "_wandb": {"runtime": 125}}