{"Epoch ": 4, "Training loss ": 0.9000017417455439, "Training accuracy ": 0.1, "Validation loss ": 0.9000017417455439, "Validation accuracy ": 0.1, "Testing loss ": 0.9000017417455439, "Testing accuracy ": 0.1, "_timestamp": 1709402317.4679894, "_runtime": 23.87362837791443, "_step": 9, "confusion_matrix_table": {"_type": "table-file", "sha256": "2f7474a661d21516977465101eafdd215990604da38f9e6f7cc0b40feda92165", "size": 3152, "artifact_path": "wandb-client-artifact://p67w82lz6aekp84qe0sf820atjxltu41jwbb4w7d6jcvao4y4p2h5iwe25fzictn080qpetf26rf9h8ebalr0t4li1jriyjqv83s0eyww2if96kfsvd0rnbvmo6tswp7:latest/confusion_matrix_table.table.json", "_latest_artifact_path": "wandb-client-artifact://p67w82lz6aekp84qe0sf820atjxltu41jwbb4w7d6jcvao4y4p2h5iwe25fzictn080qpetf26rf9h8ebalr0t4li1jriyjqv83s0eyww2if96kfsvd0rnbvmo6tswp7:latest/confusion_matrix_table.table.json", "path": "media/table/confusion_matrix_table_9_2f7474a661d215169774.table.json", "ncols": 3, "nrows": 100}, "_wandb": {"runtime": 21}}