{"Epoch ": 4, "Training loss ": 1.3894344734497615, "Training accuracy ": 0.2586851851851852, "Validation loss ": 1.3871163523634762, "Validation accuracy ": 0.26, "Testing loss ": 1.3937398884975314, "Testing accuracy ": 0.2595, "_timestamp": 1709402386.2675297, "_runtime": 23.338798761367798, "_step": 9, "confusion_matrix_table": {"_type": "table-file", "sha256": "74a89db407b83b0d5814a795486927f373bd1621e174f46d6f33867332edae09", "size": 3164, "artifact_path": "wandb-client-artifact://p6eamtenytb7s9nje2j87ny28zzzfp3kchlmw1cnwoxzfdvq5xi7118zxt91x0ppm3d7d34d4ypbfnfxr8qhpe1y6ibusznmpir32f07yz91niozqzmy9eery9g66ltb:latest/confusion_matrix_table.table.json", "_latest_artifact_path": "wandb-client-artifact://p6eamtenytb7s9nje2j87ny28zzzfp3kchlmw1cnwoxzfdvq5xi7118zxt91x0ppm3d7d34d4ypbfnfxr8qhpe1y6ibusznmpir32f07yz91niozqzmy9eery9g66ltb:latest/confusion_matrix_table.table.json", "path": "media/table/confusion_matrix_table_9_74a89db407b83b0d5814.table.json", "ncols": 3, "nrows": 100}, "_wandb": {"runtime": 22}}