{"Epoch ": 29, "Training loss ": 0.11672099557870282, "Training accuracy ": 0.9209444444444445, "Validation loss ": 0.15901096816784258, "Validation accuracy ": 0.8901666666666667, "Testing loss ": 0.1715291672413887, "Testing accuracy ": 0.8805, "_timestamp": 1709188911.475736, "_runtime": 90.28663182258606, "_step": 59, "confusion_matrix_table": {"_type": "table-file", "sha256": "2e3c092df2613d5c73cc3026a165618210611e970e3b0b6c36a37c489a7bcec3", "size": 3171, "artifact_path": "wandb-client-artifact://ibhbh9xxodmmx8oe6okuy812qwnxhobouu2mbjknpmjsxiqbzc7o2uwot0el0c54bdcoc3hsiwck60dar1kkm1g94g3h1w42hsla9dmx5ntucb3v8t8kx24g3f64fhbm:latest/confusion_matrix_table.table.json", "_latest_artifact_path": "wandb-client-artifact://ibhbh9xxodmmx8oe6okuy812qwnxhobouu2mbjknpmjsxiqbzc7o2uwot0el0c54bdcoc3hsiwck60dar1kkm1g94g3h1w42hsla9dmx5ntucb3v8t8kx24g3f64fhbm:latest/confusion_matrix_table.table.json", "path": "media/table/confusion_matrix_table_59_2e3c092df2613d5c73cc.table.json", "ncols": 3, "nrows": 100}, "_wandb": {"runtime": 89}}