{"Epoch ": 4, "Training loss ": 0.5904041862747154, "Training accuracy ": 0.8116481481481481, "Validation loss ": 0.596749807200666, "Validation accuracy ": 0.8128333333333333, "Testing loss ": 0.6139483868437683, "Testing accuracy ": 0.7994, "_timestamp": 1709447711.922413, "_runtime": 45.629913091659546, "_step": 9, "confusion_matrix_table": {"_type": "table-file", "sha256": "82971a01a71bab0751ad85bcc19f7c3ebb380f396ca9aedeb4d5ab9e88bb506a", "size": 3180, "artifact_path": "wandb-client-artifact://i8pvfo18vwv0hpky1dw21zs985ubzf8ttfqa623e5a80lizeln089ssz64mciw1xdh2eunm9pltzarzf8aobeg504u5n8s91kl5c8jhuvqmkc6n9hm70irzudra13vpj:latest/confusion_matrix_table.table.json", "_latest_artifact_path": "wandb-client-artifact://i8pvfo18vwv0hpky1dw21zs985ubzf8ttfqa623e5a80lizeln089ssz64mciw1xdh2eunm9pltzarzf8aobeg504u5n8s91kl5c8jhuvqmkc6n9hm70irzudra13vpj:latest/confusion_matrix_table.table.json", "path": "media/table/confusion_matrix_table_9_82971a01a71bab0751ad.table.json", "ncols": 3, "nrows": 100}, "_wandb": {"runtime": 44}}