{"Epoch ": 14, "Training loss ": 0.05534882938543286, "Training accuracy ": 0.9657592592592592, "Validation loss ": 0.08313120468216381, "Validation accuracy ": 0.9438333333333333, "Testing loss ": 0.0790482102249733, "Testing accuracy ": 0.9499, "_timestamp": 1709528490.8023272, "_runtime": 34.56199407577515, "_step": 29, "confusion_matrix_table": {"_type": "table-file", "sha256": "a945f8b69dd524d348fd9f5745ba4e4ac281376099bb6b9ff9fdfc979dd1790c", "size": 3163, "artifact_path": "wandb-client-artifact://ccoddzo9r85v60era3b3j1n0texk60r5b7j4qc9i5e29ut2cto1ibv7dbtrtva38ot05lz6lg2r2bhhi6tmu70yife6sbtxpqaw811lb3nwkk55wao3havm8pop2ry6d:latest/confusion_matrix_table.table.json", "_latest_artifact_path": "wandb-client-artifact://ccoddzo9r85v60era3b3j1n0texk60r5b7j4qc9i5e29ut2cto1ibv7dbtrtva38ot05lz6lg2r2bhhi6tmu70yife6sbtxpqaw811lb3nwkk55wao3havm8pop2ry6d:latest/confusion_matrix_table.table.json", "path": "media/table/confusion_matrix_table_29_a945f8b69dd524d348fd.table.json", "ncols": 3, "nrows": 100}, "_wandb": {"runtime": 33}}