{"Epoch ": 29, "Training loss ": 0.3601172668396779, "Training accuracy ": 0.8715555555555555, "Validation loss ": 0.3841853067591468, "Validation accuracy ": 0.865, "Testing loss ": 0.4088234781954331, "Testing accuracy ": 0.8536, "_timestamp": 1709305879.8336358, "_runtime": 524.7830367088318, "_step": 59, "confusion_matrix_table": {"_type": "table-file", "sha256": "d08182fb49f28a17382edb293366434675ef6a7adaf02dd294a8ea6399c68578", "size": 3174, "artifact_path": "wandb-client-artifact://330dn8yiwnbo1xwxsvmi7yxi86l5osxlvbhg5ozopck7om2sl5m4vyg12ox8is5vawi1c0ety4mnkvian5oa0zywhy01vn1dumi7ldo7cdku3xflzbyqx0sfyjx15ovf:latest/confusion_matrix_table.table.json", "_latest_artifact_path": "wandb-client-artifact://330dn8yiwnbo1xwxsvmi7yxi86l5osxlvbhg5ozopck7om2sl5m4vyg12ox8is5vawi1c0ety4mnkvian5oa0zywhy01vn1dumi7ldo7cdku3xflzbyqx0sfyjx15ovf:latest/confusion_matrix_table.table.json", "path": "media/table/confusion_matrix_table_59_d08182fb49f28a17382e.table.json", "ncols": 3, "nrows": 100}, "_wandb": {"runtime": 523}}