{"Epoch ": 19, "Training loss ": 0.48193664241066647, "Training accuracy ": 0.8395925925925926, "Validation loss ": 0.4831003805939156, "Validation accuracy ": 0.8353333333333334, "Testing loss ": 0.53174356233704, "Testing accuracy ": 0.8235, "_timestamp": 1709447894.483856, "_runtime": 132.91051602363586, "_step": 39, "confusion_matrix_table": {"_type": "table-file", "sha256": "d915562dd9585726c5b8f867ce8db1e73371b6b85a1bd4dc0e606623c7de8b13", "size": 3176, "artifact_path": "wandb-client-artifact://wgm8xwnjpf1wfvckwfpr4y413wr9px0z1sbe3q2exfc1n9714qrgbp0txddy226nhasu4esbj0vhhn3de8r74j30mj9wyex68x4pa1pkqastr7v5ub6o2viksll4u2xf:latest/confusion_matrix_table.table.json", "_latest_artifact_path": "wandb-client-artifact://wgm8xwnjpf1wfvckwfpr4y413wr9px0z1sbe3q2exfc1n9714qrgbp0txddy226nhasu4esbj0vhhn3de8r74j30mj9wyex68x4pa1pkqastr7v5ub6o2viksll4u2xf:latest/confusion_matrix_table.table.json", "path": "media/table/confusion_matrix_table_39_d915562dd9585726c5b8.table.json", "ncols": 3, "nrows": 100}, "_wandb": {"runtime": 132}}