{"Epoch ": 4, "Training loss ": 0.28731917618865954, "Training accuracy ": 0.8176111111111111, "Validation loss ": 0.2860960342028156, "Validation accuracy ": 0.8145, "Testing loss ": 0.29821332766983405, "Testing accuracy ": 0.8053, "_timestamp": 1709629428.870552, "_runtime": 15.625343084335327, "_step": 9, "confusion_matrix_table": {"_type": "table-file", "sha256": "54424efcfe4e362d8017b1f926ea36ce6e3db21a741596d15b56e4465cb06bef", "size": 3179, "artifact_path": "wandb-client-artifact://jsedf6z5ed1027szsbwpx6nke353ttn6ne3gpk5psowr6gkfigd51vg18fkk6h0wzgleqk2d20mwm6j5yvfzpf1jv31rn15t5wai6ikdwl37hsfiy3wupoi3o5suj4pp:latest/confusion_matrix_table.table.json", "_latest_artifact_path": "wandb-client-artifact://jsedf6z5ed1027szsbwpx6nke353ttn6ne3gpk5psowr6gkfigd51vg18fkk6h0wzgleqk2d20mwm6j5yvfzpf1jv31rn15t5wai6ikdwl37hsfiy3wupoi3o5suj4pp:latest/confusion_matrix_table.table.json", "path": "media/table/confusion_matrix_table_9_54424efcfe4e362d8017.table.json", "ncols": 3, "nrows": 100}, "_wandb": {"runtime": 14}}