{"Epoch ": 1, "Training loss ": 2.3030348772969482, "Training accuracy ": 0.1, "Validation loss ": 2.303034877297309, "Validation accuracy ": 0.1, "Testing loss ": 2.3030348772976277, "Testing accuracy ": 0.1, "_timestamp": 1709096910.1245332, "_runtime": 17.101107120513916, "_step": 1, "_wandb": {"runtime": 14}}