{"Epoch ": 24, "Training loss ": 2.3022882369405853, "Training accuracy ": 0.1335, "Validation loss ": 2.3022850312239136, "Validation accuracy ": 0.13683333333333333, "Testing loss ": 2.302288887593032, "Testing accuracy ": 0.1356, "_timestamp": 1709304832.9212797, "_runtime": 488.58329463005066, "_step": 49, "confusion_matrix_table": {"_type": "table-file", "sha256": "c1ab6e317477cb7755454c43830d9e072b75c053646a5a681d129a2aade898ce", "size": 3159, "artifact_path": "wandb-client-artifact://iprehmaih1e9f2zmui3cna9f9ixbr7kv843haa4zxmsdx719poeqob3mbbbrx16y5h6ayr8t2jh6zt6p5udlq2amunblj4t3nmthw8wleuoygu25c36bni31wbmcdzgd:latest/confusion_matrix_table.table.json", "_latest_artifact_path": "wandb-client-artifact://iprehmaih1e9f2zmui3cna9f9ixbr7kv843haa4zxmsdx719poeqob3mbbbrx16y5h6ayr8t2jh6zt6p5udlq2amunblj4t3nmthw8wleuoygu25c36bni31wbmcdzgd:latest/confusion_matrix_table.table.json", "path": "media/table/confusion_matrix_table_49_c1ab6e317477cb775545.table.json", "ncols": 3, "nrows": 100}, "_wandb": {"runtime": 487}}