{"Epoch ": 29, "Training loss ": 0.016558052721366474, "Training accuracy ": 0.9966666666666667, "Validation loss ": 0.0921605168054324, "Validation accuracy ": 0.9715, "Testing loss ": 0.08187511992355163, "Testing accuracy ": 0.9756, "_timestamp": 1709502281.909788, "_runtime": 109.20973181724548, "_step": 59, "confusion_matrix_table": {"_type": "table-file", "sha256": "3e0e0774f2ee38365c2744427e62156d7e13a2e9ef3af3451572db961e2ef48e", "size": 3146, "artifact_path": "wandb-client-artifact://neepbjljmwa1q9wp82tb9f8ffesyw165b5ax1zkir8fpy2k5h4uwjaz2cwks5pb7ikxx0aoj2a3mssirpyfrk83wgcvvm6j9wbfhmt22ii1kptvxfswmv7svek78xwnf:latest/confusion_matrix_table.table.json", "_latest_artifact_path": "wandb-client-artifact://neepbjljmwa1q9wp82tb9f8ffesyw165b5ax1zkir8fpy2k5h4uwjaz2cwks5pb7ikxx0aoj2a3mssirpyfrk83wgcvvm6j9wbfhmt22ii1kptvxfswmv7svek78xwnf:latest/confusion_matrix_table.table.json", "path": "media/table/confusion_matrix_table_59_3e0e0774f2ee38365c27.table.json", "ncols": 3, "nrows": 100}, "_wandb": {"runtime": 107}}