{"Epoch ": 9, "Training loss ": 0.6669236000929603, "Training accuracy ": 0.7757962962962963, "Validation loss ": 0.6642981640065686, "Validation accuracy ": 0.7756666666666666, "Testing loss ": 0.6882998146901625, "Testing accuracy ": 0.7677, "_timestamp": 1709628410.255868, "_runtime": 43.341935873031616, "_step": 19, "confusion_matrix_table": {"_type": "table-file", "sha256": "127928d4c3dbb7db45495bc63201170bf1e1e1e5160e47463d52c479daa23404", "size": 3176, "artifact_path": "wandb-client-artifact://gmdzribjjogtcmmag4hc38ku9yjefxfudyp40l4r2gfh8eaagd7k7lqyo050uzbtykj5a6ty1llc1wf7fd6qm6ikcjoqxlsmjo0m7ww5hlrr9xbc40k6ve347oq61j3q:latest/confusion_matrix_table.table.json", "_latest_artifact_path": "wandb-client-artifact://gmdzribjjogtcmmag4hc38ku9yjefxfudyp40l4r2gfh8eaagd7k7lqyo050uzbtykj5a6ty1llc1wf7fd6qm6ikcjoqxlsmjo0m7ww5hlrr9xbc40k6ve347oq61j3q:latest/confusion_matrix_table.table.json", "path": "media/table/confusion_matrix_table_19_127928d4c3dbb7db4549.table.json", "ncols": 3, "nrows": 100}, "_wandb": {"runtime": 42}}