{"Epoch ": 24, "Training loss ": 0.14030093839540633, "Training accuracy ": 0.9256481481481481, "Validation loss ": 0.14455070528596134, "Validation accuracy ": 0.9241666666666667, "Testing loss ": 0.1393417546735502, "Testing accuracy ": 0.9252, "_timestamp": 1709535502.5148726, "_runtime": 79.04210662841797, "_step": 49, "confusion_matrix_table": {"_type": "table-file", "sha256": "2c09f4810ce10c03b4f2c494b14517c03c5bf6ae800ab6d3704f905fc6066c8e", "size": 3173, "artifact_path": "wandb-client-artifact://e5h2kw9t79fnbi2gcuk7ida96lriibewkalej2eoj447x6c72meu74298p04rzcsgfdb3bzkrpix2rqbbnclsm4mo0ihz4p3naqbdz40zv5hi75vmw22mf6zhzi7qfia:latest/confusion_matrix_table.table.json", "_latest_artifact_path": "wandb-client-artifact://e5h2kw9t79fnbi2gcuk7ida96lriibewkalej2eoj447x6c72meu74298p04rzcsgfdb3bzkrpix2rqbbnclsm4mo0ihz4p3naqbdz40zv5hi75vmw22mf6zhzi7qfia:latest/confusion_matrix_table.table.json", "path": "media/table/confusion_matrix_table_49_2c09f4810ce10c03b4f2.table.json", "ncols": 3, "nrows": 100}, "_wandb": {"runtime": 78}}