{"Epoch ": 19, "Training loss ": 1.8212662669250188, "Training accuracy ": 0.4192222222222222, "Validation loss ": 1.8230378163779177, "Validation accuracy ": 0.41483333333333333, "Testing loss ": 1.8224944536895689, "Testing accuracy ": 0.4222, "_timestamp": 1709474656.3102303, "_runtime": 43.01790118217468, "_step": 39, "confusion_matrix_table": {"_type": "table-file", "sha256": "d0fc74b9d6d86bc281a0a5d31f085d4eee0a247a5f277855018c58adc305ef02", "size": 3198, "artifact_path": "wandb-client-artifact://nbwi6vdcb2fajs4ibi8ksizjr78sgy28yhr1nmini7w0pbtbgj01yjjladw6pjnobyq8gp9lqxri0f77cy3xis4mbtne0ejeun8rtp1lihrct0coxpn2fnzv4yfm201d:latest/confusion_matrix_table.table.json", "_latest_artifact_path": "wandb-client-artifact://nbwi6vdcb2fajs4ibi8ksizjr78sgy28yhr1nmini7w0pbtbgj01yjjladw6pjnobyq8gp9lqxri0f77cy3xis4mbtne0ejeun8rtp1lihrct0coxpn2fnzv4yfm201d:latest/confusion_matrix_table.table.json", "path": "media/table/confusion_matrix_table_39_d0fc74b9d6d86bc281a0.table.json", "ncols": 3, "nrows": 100}, "_wandb": {"runtime": 42}}