{"Epoch ": 4, "Training loss ": 0.18790847383931422, "Training accuracy ": 0.8699629629629629, "Validation loss ": 0.19649803180189088, "Validation accuracy ": 0.8645, "Testing loss ": 0.21358607389793952, "Testing accuracy ": 0.8493, "_timestamp": 1709146917.3739603, "_runtime": 46.66544818878174, "_step": 9, "confusion_matrix_table": {"_type": "table-file", "sha256": "a395a379a9fc27fe80063d494a441da42f30cebdfd24753b8c4322bca3d0976a", "size": 3174, "artifact_path": "wandb-client-artifact://vnkmbwct115m366m0hkb4u6rdgfvfifa4fyeno4rp6spcu5oxl7nh07t1b4zp0ybmhtt3nwgtrhrnsm07lxrnbauyj7me73tydkmytz2yehp8ad09ti9bu4wlcpbyxax:latest/confusion_matrix_table.table.json", "_latest_artifact_path": "wandb-client-artifact://vnkmbwct115m366m0hkb4u6rdgfvfifa4fyeno4rp6spcu5oxl7nh07t1b4zp0ybmhtt3nwgtrhrnsm07lxrnbauyj7me73tydkmytz2yehp8ad09ti9bu4wlcpbyxax:latest/confusion_matrix_table.table.json", "path": "media/table/confusion_matrix_table_9_a395a379a9fc27fe8006.table.json", "ncols": 3, "nrows": 100}, "_wandb": {"runtime": 45}}