{"Epoch ": 4, "Training loss ": 0.44765279780636497, "Training accuracy ": 0.7396296296296296, "Validation loss ": 0.44988712447476426, "Validation accuracy ": 0.738, "Testing loss ": 0.45324701282168106, "Testing accuracy ": 0.7306, "_timestamp": 1709150872.0428765, "_runtime": 36.175275564193726, "_step": 9, "confusion_matrix_table": {"_type": "table-file", "sha256": "ab253b7f53888cab08fed47c4aa5faf644001472807bf885654b9d53bceb6b61", "size": 3189, "artifact_path": "wandb-client-artifact://ruw7hu37ndtrt57zwpl5ld5s1wf3ud333822f7dw6xrosrncbrrqkqaqwfkwxjule12ix0gdkmmdarynue06e8gjyfpvpsvm3ilx54xh8dy9hst95tvq36goor2i3xtb:latest/confusion_matrix_table.table.json", "_latest_artifact_path": "wandb-client-artifact://ruw7hu37ndtrt57zwpl5ld5s1wf3ud333822f7dw6xrosrncbrrqkqaqwfkwxjule12ix0gdkmmdarynue06e8gjyfpvpsvm3ilx54xh8dy9hst95tvq36goor2i3xtb:latest/confusion_matrix_table.table.json", "path": "media/table/confusion_matrix_table_9_ab253b7f53888cab08fe.table.json", "ncols": 3, "nrows": 100}, "_wandb": {"runtime": 35}}