{"Epoch ": 29, "Training loss ": 0.30345564443079476, "Training accuracy ": 0.8868333333333334, "Validation loss ": 0.39831666458548404, "Validation accuracy ": 0.8585, "Testing loss ": 0.42876238349812745, "Testing accuracy ": 0.8523, "_timestamp": 1709408998.9118764, "_runtime": 41.26090335845947, "_step": 59, "confusion_matrix_table": {"_type": "table-file", "sha256": "94e9e5e20d16f1adc9ab637e89e78d3c72f7ee8b389d9ea2772e19c2e2637b7e", "size": 3171, "artifact_path": "wandb-client-artifact://dzysf3618ivbbcr07rdcdn0onbypzk6xvi3pnmnctdzoxxy5xenq3gofrqsl926j2b5shdiuidi2rimn6o516lok5z3acq3k7oj26mf25k9n97v43704ynpdv1vw7z5e:latest/confusion_matrix_table.table.json", "_latest_artifact_path": "wandb-client-artifact://dzysf3618ivbbcr07rdcdn0onbypzk6xvi3pnmnctdzoxxy5xenq3gofrqsl926j2b5shdiuidi2rimn6o516lok5z3acq3k7oj26mf25k9n97v43704ynpdv1vw7z5e:latest/confusion_matrix_table.table.json", "path": "media/table/confusion_matrix_table_59_94e9e5e20d16f1adc9ab.table.json", "ncols": 3, "nrows": 100}, "_wandb": {"runtime": 40}}