{"Epoch ": 19, "Training loss ": 0.2902847383423105, "Training accuracy ": 0.8956666666666667, "Validation loss ": 0.34018565892970737, "Validation accuracy ": 0.8803333333333333, "Testing loss ": 0.36350248836876575, "Testing accuracy ": 0.8688, "_timestamp": 1709450135.9145305, "_runtime": 65.83629560470581, "_step": 39, "confusion_matrix_table": {"_type": "table-file", "sha256": "e6b5eb6396539de3f26da6fe105febb31cb8992d391346fff82871c9d8b2e7ac", "size": 3173, "artifact_path": "wandb-client-artifact://x6hkxcvte23n2iagmros9lhcwcukj0lv7velhhnlski1lyhqgjfjrk71ii3kp7069pmn5rg9zli633jwfstzb47no4chh4qz5w5638pgeawijkrl4wba88jrx3f7wsc8:latest/confusion_matrix_table.table.json", "_latest_artifact_path": "wandb-client-artifact://x6hkxcvte23n2iagmros9lhcwcukj0lv7velhhnlski1lyhqgjfjrk71ii3kp7069pmn5rg9zli633jwfstzb47no4chh4qz5w5638pgeawijkrl4wba88jrx3f7wsc8:latest/confusion_matrix_table.table.json", "path": "media/table/confusion_matrix_table_39_e6b5eb6396539de3f26d.table.json", "ncols": 3, "nrows": 100}, "_wandb": {"runtime": 65}}