{"Epoch ": 19, "Training loss ": 0.21191531432540506, "Training accuracy ": 0.9206666666666666, "Validation loss ": 0.41823431651994275, "Validation accuracy ": 0.876, "Testing loss ": 0.42010861992691334, "Testing accuracy ": 0.8737, "_timestamp": 1709298405.8095183, "_runtime": 655.9234254360199, "_step": 39, "confusion_matrix_table": {"_type": "table-file", "sha256": "72c5a18da37d53aca32789906e19253a0f2badffb6c9a59803698781903bd679", "size": 3172, "artifact_path": "wandb-client-artifact://74a8xvlefzbnwvtc4volnujgir082ag3ugfmzzoxt8a0o9qzzpa1mumdlzgdmzfj0x1ndm859cmf4eo2p5rhldha19vu1osh4mtxd9fttrknaqstbgld5qp0mjq41qvm:latest/confusion_matrix_table.table.json", "_latest_artifact_path": "wandb-client-artifact://74a8xvlefzbnwvtc4volnujgir082ag3ugfmzzoxt8a0o9qzzpa1mumdlzgdmzfj0x1ndm859cmf4eo2p5rhldha19vu1osh4mtxd9fttrknaqstbgld5qp0mjq41qvm:latest/confusion_matrix_table.table.json", "path": "media/table/confusion_matrix_table_39_72c5a18da37d53aca327.table.json", "ncols": 3, "nrows": 100}, "_wandb": {"runtime": 655}}