{"Epoch ": 29, "Training loss ": 0.21122631125029268, "Training accuracy ": 0.8533518518518518, "Validation loss ": 0.21771011649384134, "Validation accuracy ": 0.8498333333333333, "Testing loss ": 0.22943531712056242, "Testing accuracy ": 0.8398, "_timestamp": 1709149366.271445, "_runtime": 127.0838770866394, "_step": 59, "confusion_matrix_table": {"_type": "table-file", "sha256": "1d9f6fd76690d056775cf463562fc71d463ac80a20c1ac2a50dd27c5ddc4d482", "size": 3177, "artifact_path": "wandb-client-artifact://1u68f7c5cghtv3k4x91qkg3ty0tie1kz3sm41jmv71wfgmlmjn92rrq4of5ap26l6lueds506zms8vstzk8b9eh9950ekwwovdysm0123ure920rend8pljvk2ivejgb:latest/confusion_matrix_table.table.json", "_latest_artifact_path": "wandb-client-artifact://1u68f7c5cghtv3k4x91qkg3ty0tie1kz3sm41jmv71wfgmlmjn92rrq4of5ap26l6lueds506zms8vstzk8b9eh9950ekwwovdysm0123ure920rend8pljvk2ivejgb:latest/confusion_matrix_table.table.json", "path": "media/table/confusion_matrix_table_59_1d9f6fd76690d056775c.table.json", "ncols": 3, "nrows": 100}, "_wandb": {"runtime": 126}}