{"Epoch ": 4, "Training loss ": 0.8964833095145931, "Training accuracy ": 0.31474074074074077, "Validation loss ": 0.8964331337920353, "Validation accuracy ": 0.32166666666666666, "Testing loss ": 0.8964922167000663, "Testing accuracy ": 0.3141, "_timestamp": 1709149306.1410224, "_runtime": 12.306396484375, "_step": 9, "confusion_matrix_table": {"_type": "table-file", "sha256": "8ddfa10ff4c2066a7cd7081fe6eb44c70fbad9cfcbfd0c683eeeb21501b65b9b", "size": 3187, "artifact_path": "wandb-client-artifact://gnldlq6p1rm2j752efti2pb8fdpvqa2rlr61pxh2x4wzesw6ibf87ebxlhqhy2z3uy1kavb12ycmk364u15fnhl1zafznszb20qlccj4yldcjwtttk4gp4t6uyroa2yn:latest/confusion_matrix_table.table.json", "_latest_artifact_path": "wandb-client-artifact://gnldlq6p1rm2j752efti2pb8fdpvqa2rlr61pxh2x4wzesw6ibf87ebxlhqhy2z3uy1kavb12ycmk364u15fnhl1zafznszb20qlccj4yldcjwtttk4gp4t6uyroa2yn:latest/confusion_matrix_table.table.json", "path": "media/table/confusion_matrix_table_9_8ddfa10ff4c2066a7cd7.table.json", "ncols": 3, "nrows": 100}, "_wandb": {"runtime": 11}}