{"Epoch ": 19, "Training loss ": 0.8999731769721386, "Training accuracy ": 0.10118518518518518, "Validation loss ": 0.8999709279894996, "Validation accuracy ": 0.09983333333333333, "Testing loss ": 0.8999721408425905, "Testing accuracy ": 0.1002, "_timestamp": 1709151569.7749376, "_runtime": 29.15918755531311, "_step": 39, "confusion_matrix_table": {"_type": "table-file", "sha256": "acd9a6563170b6cb894da58a65e53fd4326feb5f645e99b060e44235b29a348f", "size": 3153, "artifact_path": "wandb-client-artifact://sl710if9xdvz7f8luxmiu9n3j28xe4xs0aq5sbqx1ihv9xtue7bgltrnxceahyozj7il7wln4gg4ugkitkbn8le3gj1rbv4jk93j2re9spxdgznaa72blol8e3iun220:latest/confusion_matrix_table.table.json", "_latest_artifact_path": "wandb-client-artifact://sl710if9xdvz7f8luxmiu9n3j28xe4xs0aq5sbqx1ihv9xtue7bgltrnxceahyozj7il7wln4gg4ugkitkbn8le3gj1rbv4jk93j2re9spxdgznaa72blol8e3iun220:latest/confusion_matrix_table.table.json", "path": "media/table/confusion_matrix_table_39_acd9a6563170b6cb894d.table.json", "ncols": 3, "nrows": 100}, "_wandb": {"runtime": 28}}