{"Epoch ": 24, "Training loss ": 0.6527486178477531, "Training accuracy ": 0.4415, "Validation loss ": 0.6610730568346738, "Validation accuracy ": 0.43666666666666665, "Testing loss ": 0.6538525446580977, "Testing accuracy ": 0.4414, "_timestamp": 1709527320.8687537, "_runtime": 1075.4880676269531, "_step": 49, "confusion_matrix_table": {"_type": "table-file", "sha256": "78911a30438cb5af207a852398795c83e617d9aba89c5a63f6fe5a36536bffb7", "size": 3164, "artifact_path": "wandb-client-artifact://z0q7od8pyk6202yk3vrr012ejem371rtoknf9si1mxzun600llzmqd7t2gxcheweozs6jo3azgf4kmias5h7lhfazrtbfm4zufnhw3pwhs0z3tbacy1vaj21ceinwmb0:latest/confusion_matrix_table.table.json", "_latest_artifact_path": "wandb-client-artifact://z0q7od8pyk6202yk3vrr012ejem371rtoknf9si1mxzun600llzmqd7t2gxcheweozs6jo3azgf4kmias5h7lhfazrtbfm4zufnhw3pwhs0z3tbacy1vaj21ceinwmb0:latest/confusion_matrix_table.table.json", "path": "media/table/confusion_matrix_table_49_78911a30438cb5af207a.table.json", "ncols": 3, "nrows": 100}, "_wandb": {"runtime": 1074}}