{"Epoch ": 19, "Training loss ": 0.17289463005140057, "Training accuracy ": 0.8825925925925926, "Validation loss ": 0.18708937736447376, "Validation accuracy ": 0.8701666666666666, "Testing loss ": 0.1978217760104816, "Testing accuracy ": 0.8648, "_timestamp": 1709143915.8942301, "_runtime": 159.3808572292328, "_step": 39, "confusion_matrix_table": {"_type": "table-file", "sha256": "1ad9f2d3d4de17db59dd8491b9781e207cd5706de1b2cc605bda954856886b5d", "size": 3172, "artifact_path": "wandb-client-artifact://q0ff2xbe713r2hsdvm2rexpkwdo1b94ytn9fi6em8zuh9h473mnt1i3w3srq67stotndh4htw63erz4aurj5r0p7dnb7ef93q6k999fclnn7onjvn6t1ml3we2dftygc:latest/confusion_matrix_table.table.json", "_latest_artifact_path": "wandb-client-artifact://q0ff2xbe713r2hsdvm2rexpkwdo1b94ytn9fi6em8zuh9h473mnt1i3w3srq67stotndh4htw63erz4aurj5r0p7dnb7ef93q6k999fclnn7onjvn6t1ml3we2dftygc:latest/confusion_matrix_table.table.json", "path": "media/table/confusion_matrix_table_39_1ad9f2d3d4de17db59dd.table.json", "ncols": 3, "nrows": 100}, "_wandb": {"runtime": 158}}