{"Epoch ": 14, "Training loss ": 0.22632173625784446, "Training accuracy ": 0.8524259259259259, "Validation loss ": 0.24057664454835728, "Validation accuracy ": 0.8396666666666667, "Testing loss ": 0.24544907235590718, "Testing accuracy ": 0.8344, "_timestamp": 1709309557.1166112, "_runtime": 72.5038583278656, "_step": 29, "confusion_matrix_table": {"_type": "table-file", "sha256": "c58e79009f150ba0f60d46363a8a084ea2ece6a23915977cc47d49392a10c008", "size": 3178, "artifact_path": "wandb-client-artifact://40mltsgeghwx21jlb475z6q1e1skcuail35gahc8apa68719ce47mqrhuhaqgyuly7ksfc39l8oxs79yi4249w4vx4qkfvtpp2aw6a86yxxgdykb6cud6v51fw9dl2ja:latest/confusion_matrix_table.table.json", "_latest_artifact_path": "wandb-client-artifact://40mltsgeghwx21jlb475z6q1e1skcuail35gahc8apa68719ce47mqrhuhaqgyuly7ksfc39l8oxs79yi4249w4vx4qkfvtpp2aw6a86yxxgdykb6cud6v51fw9dl2ja:latest/confusion_matrix_table.table.json", "path": "media/table/confusion_matrix_table_29_c58e79009f150ba0f60d.table.json", "ncols": 3, "nrows": 100}, "_wandb": {"runtime": 71}}