{"Epoch": 14, "Training loss": 0.2782042135192548, "Training accuracy": 0.8976481481481482, "Validation loss": 0.39135340282404635, "Validation accuracy": 0.8636666666666667, "Testing loss": 0.3992204823905066, "Testing accuracy": 0.8614, "_timestamp": 1709120926.9516366, "_runtime": 143.53889846801758, "_step": 29, "confusion_matrix_table": {"_type": "table-file", "sha256": "a6741c7d36a2d1dc7f1a901e7a0a04614c0463909577072352ce27a62b637622", "size": 3173, "artifact_path": "wandb-client-artifact://cnftqxb7big8fl2as3uehz8omzmmsrm5gpuxz50wizdif5f8xavntoa0r7t55b9o2arlriz9de66xbyw6e8qlvdy64tole8xg8kldsf40xwmzy5cwqyzp6wxeb63ofu8:latest/confusion_matrix_table.table.json", "_latest_artifact_path": "wandb-client-artifact://cnftqxb7big8fl2as3uehz8omzmmsrm5gpuxz50wizdif5f8xavntoa0r7t55b9o2arlriz9de66xbyw6e8qlvdy64tole8xg8kldsf40xwmzy5cwqyzp6wxeb63ofu8:latest/confusion_matrix_table.table.json", "path": "media/table/confusion_matrix_table_29_a6741c7d36a2d1dc7f1a.table.json", "ncols": 3, "nrows": 100}, "_wandb": {"runtime": 142}}