{"Epoch ": 24, "Training loss ": 0.12216920578511722, "Training accuracy ": 0.9186851851851852, "Validation loss ": 0.1559125927216067, "Validation accuracy ": 0.8921666666666667, "Testing loss ": 0.16931738642236568, "Testing accuracy ": 0.8817, "_timestamp": 1709531615.4931583, "_runtime": 172.15808629989624, "_step": 49, "confusion_matrix_table": {"_type": "table-file", "sha256": "c2fe3fee881e28bdd9cb09506430d5a0f5bb772249c04eb1886c618e2c14f489", "size": 3172, "artifact_path": "wandb-client-artifact://mn5kf5t6bp5awxqm46ltd8aufm2bh6ee21iixkn299nspim4umrv6ecum9cpqnm9bl07gj2m52xh6pfadlzg4g9nh2fzunqn75747jraxl8bkkt3ur8ueozebcebcvpu:latest/confusion_matrix_table.table.json", "_latest_artifact_path": "wandb-client-artifact://mn5kf5t6bp5awxqm46ltd8aufm2bh6ee21iixkn299nspim4umrv6ecum9cpqnm9bl07gj2m52xh6pfadlzg4g9nh2fzunqn75747jraxl8bkkt3ur8ueozebcebcvpu:latest/confusion_matrix_table.table.json", "path": "media/table/confusion_matrix_table_49_c2fe3fee881e28bdd9cb.table.json", "ncols": 3, "nrows": 100}, "_wandb": {"runtime": 171}}