{"Epoch ": 24, "Training loss ": 0.27382191550292684, "Training accuracy ": 0.9005740740740741, "Validation loss ": 0.3320408320180799, "Validation accuracy ": 0.8788333333333334, "Testing loss ": 0.36570965583062764, "Testing accuracy ": 0.869, "_timestamp": 1709308260.627198, "_runtime": 66.71387696266174, "_step": 49, "confusion_matrix_table": {"_type": "table-file", "sha256": "51ae07df5bb5f5fbedf6a0419a94cda1c1a65e579fe51e84b37063937685442b", "size": 3172, "artifact_path": "wandb-client-artifact://n6mcyvixpz9enly2d2m2cdv994isdua8se7no7sfhkh90jjfwgyp0uoqordcig21b1rsfq84nio070omdr3891kudu6lo7ltoz0xuezd85a99srkpi5l10j7wlln3u7m:latest/confusion_matrix_table.table.json", "_latest_artifact_path": "wandb-client-artifact://n6mcyvixpz9enly2d2m2cdv994isdua8se7no7sfhkh90jjfwgyp0uoqordcig21b1rsfq84nio070omdr3891kudu6lo7ltoz0xuezd85a99srkpi5l10j7wlln3u7m:latest/confusion_matrix_table.table.json", "path": "media/table/confusion_matrix_table_49_51ae07df5bb5f5fbedf6.table.json", "ncols": 3, "nrows": 100}, "_wandb": {"runtime": 65}}