{"Epoch ": 4, "Training loss ": 2.3206711114987884, "Training accuracy ": 0.09998148148148148, "Validation loss ": 2.320679040823904, "Validation accuracy ": 0.1, "Testing loss ": 2.320675044782192, "Testing accuracy ": 0.1, "_timestamp": 1709105595.7222533, "_runtime": 17.057631254196167, "_step": 9, "confusion_matrix_table": {"_type": "table-file", "sha256": "e0e2d9bb9b23abb18e5cfd5a8be5c82e31387d0aeabb4ec751d6ff5e011526be", "size": 3150, "artifact_path": "wandb-client-artifact://6px4em0t27zljjk6adfq8hcmftssd4xn6rf7ow58r7h4jfq5rzc4ax51820dqnu694xaifkmgpc1n7t2tt7rhg5eoarui29ze6z26waacc7pj8301vlzmtlmld4qgs7m:latest/confusion_matrix_table.table.json", "_latest_artifact_path": "wandb-client-artifact://6px4em0t27zljjk6adfq8hcmftssd4xn6rf7ow58r7h4jfq5rzc4ax51820dqnu694xaifkmgpc1n7t2tt7rhg5eoarui29ze6z26waacc7pj8301vlzmtlmld4qgs7m:latest/confusion_matrix_table.table.json", "path": "media/table/confusion_matrix_table_9_e0e2d9bb9b23abb18e5c.table.json", "ncols": 3, "nrows": 100}, "_wandb": {"runtime": 16}}