{"Epoch ": 24, "Training loss ": 0.9000014521303255, "Training accuracy ": 0.1, "Validation loss ": 0.9000014521303251, "Validation accuracy ": 0.1, "Testing loss ": 0.9000014521303252, "Testing accuracy ": 0.1, "_timestamp": 1709304525.7368581, "_runtime": 107.10947918891907, "_step": 49, "confusion_matrix_table": {"_type": "table-file", "sha256": "2f7474a661d21516977465101eafdd215990604da38f9e6f7cc0b40feda92165", "size": 3152, "artifact_path": "wandb-client-artifact://2lr3zaueezut5ys0p7051g41x3tgptdzal3qv31f0xlnydnmhnz55jxlulmbfbtll4djm3ng1wtyl8mx2ix6gugdulupp52rcx4boey6l8d4r9wm3hwrtst6yxjfl7ys:latest/confusion_matrix_table.table.json", "_latest_artifact_path": "wandb-client-artifact://2lr3zaueezut5ys0p7051g41x3tgptdzal3qv31f0xlnydnmhnz55jxlulmbfbtll4djm3ng1wtyl8mx2ix6gugdulupp52rcx4boey6l8d4r9wm3hwrtst6yxjfl7ys:latest/confusion_matrix_table.table.json", "path": "media/table/confusion_matrix_table_49_2f7474a661d215169774.table.json", "ncols": 3, "nrows": 100}, "_wandb": {"runtime": 106}}