{"Epoch ": 19, "Training loss ": 0.37266806389055185, "Training accuracy ": 0.8717592592592592, "Validation loss ": 0.405409477693532, "Validation accuracy ": 0.858, "Testing loss ": 0.4222303650291742, "Testing accuracy ": 0.8524, "_timestamp": 1709453726.1666741, "_runtime": 44.707322120666504, "_step": 39, "confusion_matrix_table": {"_type": "table-file", "sha256": "cb85b50a5b664007ac94c2a449a22b416147fc08d07bf1e17255b649dc28acd1", "size": 3173, "artifact_path": "wandb-client-artifact://8v0kyw4r525lzxnqodihbakx79gm4mf8lz6univqejwunk17ilv009hph3ikvnybne4dyuzs7hgkadrqc580e9knat4yk96jw2v3yer92r3f23v8xrfpwippo6pd0sn0:latest/confusion_matrix_table.table.json", "_latest_artifact_path": "wandb-client-artifact://8v0kyw4r525lzxnqodihbakx79gm4mf8lz6univqejwunk17ilv009hph3ikvnybne4dyuzs7hgkadrqc580e9knat4yk96jw2v3yer92r3f23v8xrfpwippo6pd0sn0:latest/confusion_matrix_table.table.json", "path": "media/table/confusion_matrix_table_39_cb85b50a5b664007ac94.table.json", "ncols": 3, "nrows": 100}, "_wandb": {"runtime": 39}}