{"Epoch ": 4, "Training loss ": 0.2309773973600747, "Training accuracy ": 0.9398148148148148, "Validation loss ": 0.2733041840154114, "Validation accuracy ": 0.9276666666666666, "Testing loss ": 0.24922574387457466, "Testing accuracy ": 0.9356, "_timestamp": 1709488418.6839185, "_runtime": 270.0661463737488, "_step": 9, "confusion_matrix_table": {"_type": "table-file", "sha256": "94cb3582ea68c4e1db51ee10772ea31a2bd09c981fde11ddb94381cb97f4cd9a", "size": 3163, "artifact_path": "wandb-client-artifact://bwiz6t2dpf1b6fnwrd3uqs5hbykjityz2tguj3osd764n6ai9lfe0jkomr9h6slgxff6uoag5uuc2bpwpx5mc76rxnd6b22jgzsa16cote766zfgbr9lil71lzph0bbs:latest/confusion_matrix_table.table.json", "_latest_artifact_path": "wandb-client-artifact://bwiz6t2dpf1b6fnwrd3uqs5hbykjityz2tguj3osd764n6ai9lfe0jkomr9h6slgxff6uoag5uuc2bpwpx5mc76rxnd6b22jgzsa16cote766zfgbr9lil71lzph0bbs:latest/confusion_matrix_table.table.json", "path": "media/table/confusion_matrix_table_9_94cb3582ea68c4e1db51.table.json", "ncols": 3, "nrows": 100}, "_wandb": {"runtime": 269}}