{"Epoch ": 4, "Training loss ": 0.5165761583172529, "Training accuracy ": 0.8296666666666667, "Validation loss ": 0.5336647545565181, "Validation accuracy ": 0.8183333333333334, "Testing loss ": 0.5416286705406893, "Testing accuracy ": 0.8178, "_timestamp": 1709631448.6362784, "_runtime": 21.854284286499023, "_step": 9, "confusion_matrix_table": {"_type": "table-file", "sha256": "c3edd9f2fb4b157d304f900dd9b8322395c88703f5a303e057e4a01aea501b4a", "size": 3178, "artifact_path": "wandb-client-artifact://1scfhnm5rhzy42mg2eo731y35i4yv80nlpxmytf1qb5i6mi25a9sgay4krx1isusveihaajy3uusymhzne13ymdilvu0hd42fjy625a7vvdyowimiuz54f1ybw6uxgea:latest/confusion_matrix_table.table.json", "_latest_artifact_path": "wandb-client-artifact://1scfhnm5rhzy42mg2eo731y35i4yv80nlpxmytf1qb5i6mi25a9sgay4krx1isusveihaajy3uusymhzne13ymdilvu0hd42fjy625a7vvdyowimiuz54f1ybw6uxgea:latest/confusion_matrix_table.table.json", "path": "media/table/confusion_matrix_table_9_c3edd9f2fb4b157d304f.table.json", "ncols": 3, "nrows": 100}, "_wandb": {"runtime": 21}}