{"Epoch ": 4, "Training loss ": 0.5771037662388048, "Training accuracy ": 0.6650185185185186, "Validation loss ": 0.5794233896214017, "Validation accuracy ": 0.6658333333333334, "Testing loss ": 0.5809472919869954, "Testing accuracy ": 0.6572, "_timestamp": 1709570373.9530506, "_runtime": 19.123108625411987, "_step": 9, "confusion_matrix_table": {"_type": "table-file", "sha256": "d1c8f76b597adebd7fe038182d2c3620fe54b03b159090e591963c0302b9a508", "size": 3184, "artifact_path": "wandb-client-artifact://30ulpjkeporzo5f7p3dzsduhhbvnzwnvzb3rv1ls3lmprrmo9c9s4vc3fxrcxrf9pc6mnt835704k7c3bp43kzsgwjjer9k8jrswupm2iwppkluhr6tjeoo86fh1mpmq:latest/confusion_matrix_table.table.json", "_latest_artifact_path": "wandb-client-artifact://30ulpjkeporzo5f7p3dzsduhhbvnzwnvzb3rv1ls3lmprrmo9c9s4vc3fxrcxrf9pc6mnt835704k7c3bp43kzsgwjjer9k8jrswupm2iwppkluhr6tjeoo86fh1mpmq:latest/confusion_matrix_table.table.json", "path": "media/table/confusion_matrix_table_9_d1c8f76b597adebd7fe0.table.json", "ncols": 3, "nrows": 100}, "_wandb": {"runtime": 18}}