{"Epoch ": 29, "Training loss ": 0.15271477457478197, "Training accuracy ": 0.8943148148148148, "Validation loss ": 0.17398275656292003, "Validation accuracy ": 0.8788333333333334, "Testing loss ": 0.1838261359847884, "Testing accuracy ": 0.8723, "_timestamp": 1709628119.7415724, "_runtime": 82.1464033126831, "_step": 59, "confusion_matrix_table": {"_type": "table-file", "sha256": "3368f29555ec57d06671f79f085d4e31d33b8f6339fa5d925bae884484c4fd84", "size": 3170, "artifact_path": "wandb-client-artifact://c9kgugvnf0gww0zzf2x2l7f7y65akgsx4lzupmrwu9nzp9mjltyzq6jt2ftucn13s0utu3ugiocpoiigycxcrasf4xae6bw857c91rs9qabav93amtxs42clu9xhtva4:latest/confusion_matrix_table.table.json", "_latest_artifact_path": "wandb-client-artifact://c9kgugvnf0gww0zzf2x2l7f7y65akgsx4lzupmrwu9nzp9mjltyzq6jt2ftucn13s0utu3ugiocpoiigycxcrasf4xae6bw857c91rs9qabav93amtxs42clu9xhtva4:latest/confusion_matrix_table.table.json", "path": "media/table/confusion_matrix_table_59_3368f29555ec57d06671.table.json", "ncols": 3, "nrows": 100}, "_wandb": {"runtime": 81}}