{"Epoch ": 19, "Training loss ": 0.2632586156932048, "Training accuracy ": 0.9007222222222222, "Validation loss ": 0.39902278195434177, "Validation accuracy ": 0.8675, "Testing loss ": 0.43369812951039804, "Testing accuracy ": 0.858, "_timestamp": 1709287594.582524, "_runtime": 246.04621195793152, "_step": 39, "confusion_matrix_table": {"_type": "table-file", "sha256": "67b98c792920fbcda645ac48c4723b8c512195df0a96a5b339f3b0117a42e1ac", "size": 3171, "artifact_path": "wandb-client-artifact://ld3t7lv6nurun1wvl7w7oqfx0lauh2cd0d3op1kg67oce602fhwody8fv803v14w2umwaw9pm8e1rzqounjwp6nhmkln9o5olfp8ru51g82dtvjbofznrnnv9e2sodgh:latest/confusion_matrix_table.table.json", "_latest_artifact_path": "wandb-client-artifact://ld3t7lv6nurun1wvl7w7oqfx0lauh2cd0d3op1kg67oce602fhwody8fv803v14w2umwaw9pm8e1rzqounjwp6nhmkln9o5olfp8ru51g82dtvjbofznrnnv9e2sodgh:latest/confusion_matrix_table.table.json", "path": "media/table/confusion_matrix_table_39_67b98c792920fbcda645.table.json", "ncols": 3, "nrows": 100}, "_wandb": {"runtime": 245}}