{"Epoch ": 4, "Training loss ": 0.5284317160377722, "Training accuracy ": 0.8062407407407407, "Validation loss ": 0.5370409758802213, "Validation accuracy ": 0.8016666666666666, "Testing loss ": 0.5781810336065448, "Testing accuracy ": 0.7895, "_timestamp": 1709128420.740442, "_runtime": 41.54540514945984, "_step": 9, "confusion_matrix_table": {"_type": "table-file", "sha256": "32e9b8b7bf70a76dd13e180abe1516294eac74b12c0912966c02e16f5ce3125e", "size": 3178, "artifact_path": "wandb-client-artifact://rfsz27w2ainsoy7tj0oshbr2m8rp4b01uh53lhqcwldft6scea1ufnesu2y3a2fjvadrqzyufivdc8trboody3n9r4drdm2kqvabih60s43fd38cgukgpcwvo2lg3uof:latest/confusion_matrix_table.table.json", "_latest_artifact_path": "wandb-client-artifact://rfsz27w2ainsoy7tj0oshbr2m8rp4b01uh53lhqcwldft6scea1ufnesu2y3a2fjvadrqzyufivdc8trboody3n9r4drdm2kqvabih60s43fd38cgukgpcwvo2lg3uof:latest/confusion_matrix_table.table.json", "path": "media/table/confusion_matrix_table_9_32e9b8b7bf70a76dd13e.table.json", "ncols": 3, "nrows": 100}, "_wandb": {"runtime": 40}}