{"Epoch ": 4, "Training loss ": 0.8227715826004526, "Training accuracy ": 0.18285185185185185, "Validation loss ": 0.8264800618901461, "Validation accuracy ": 0.17966666666666667, "Testing loss ": 0.8240153238171941, "Testing accuracy ": 0.1815, "_timestamp": 1709402569.0966778, "_runtime": 26.17204189300537, "_step": 9, "confusion_matrix_table": {"_type": "table-file", "sha256": "8f7658a798d00b228006ca007ccb7cb8091cd6ade25367a5ef84149c7e454ae6", "size": 3149, "artifact_path": "wandb-client-artifact://zjzad575xg0nzzsujju8a4sl60w3eonh6keqegg56p6cbuc6r7ro26wveamq7e0w7w3rkoomj30bszuycqkd522eoo5d0l8o08ijlqm5czhdzp358bs7tu59whqyg3at:latest/confusion_matrix_table.table.json", "_latest_artifact_path": "wandb-client-artifact://zjzad575xg0nzzsujju8a4sl60w3eonh6keqegg56p6cbuc6r7ro26wveamq7e0w7w3rkoomj30bszuycqkd522eoo5d0l8o08ijlqm5czhdzp358bs7tu59whqyg3at:latest/confusion_matrix_table.table.json", "path": "media/table/confusion_matrix_table_9_8f7658a798d00b228006.table.json", "ncols": 3, "nrows": 100}, "_wandb": {"runtime": 25}}