{"Epoch ": 9, "Training loss ": 0.38542100429140547, "Training accuracy ": 0.8636481481481482, "Validation loss ": 0.40929293543111445, "Validation accuracy ": 0.8556666666666667, "Testing loss ": 0.42892136656189506, "Testing accuracy ": 0.8489, "_timestamp": 1709308171.3751545, "_runtime": 29.761983394622803, "_step": 19, "confusion_matrix_table": {"_type": "table-file", "sha256": "cee2f37fb70d7a8845f32126207e8e2e7aeb31b53fdc4ffcaca47b616e330a2c", "size": 3174, "artifact_path": "wandb-client-artifact://tvnkcewvysoyhojer508t1qiv3vtfn7ubs9roxxyyrdrnvpv3nnnt7grw4xm20ufv7qriqci6u2a7nj6sbnnhei1qas9x2lcrzt7ra6m3betxz2aptpfm963i1ueuzvw:latest/confusion_matrix_table.table.json", "_latest_artifact_path": "wandb-client-artifact://tvnkcewvysoyhojer508t1qiv3vtfn7ubs9roxxyyrdrnvpv3nnnt7grw4xm20ufv7qriqci6u2a7nj6sbnnhei1qas9x2lcrzt7ra6m3betxz2aptpfm963i1ueuzvw:latest/confusion_matrix_table.table.json", "path": "media/table/confusion_matrix_table_19_cee2f37fb70d7a8845f3.table.json", "ncols": 3, "nrows": 100}, "_wandb": {"runtime": 28}}