{"Epoch ": 29, "Training loss ": 0.004521939934613341, "Training accuracy ": 0.9988518518518519, "Validation loss ": 0.09870137276492062, "Validation accuracy ": 0.9778333333333333, "Testing loss ": 0.09986780975906091, "Testing accuracy ": 0.9772, "_timestamp": 1709496851.9716225, "_runtime": 441.17611050605774, "_step": 59, "confusion_matrix_table": {"_type": "table-file", "sha256": "7913c775ee9d0356b522a12cfaba95dbbe1d869443ded25904837fa559adc178", "size": 3148, "artifact_path": "wandb-client-artifact://ak6w72hnn526vwhwpiamdotd1adnxawfkawutbxlzor383yu9u6vdbg5e7x511wcvid0fzjua1djgui9dbzkkaozv5erqu37rpy3ac4i0zyy988ld1wi3olus7kxf1b3:latest/confusion_matrix_table.table.json", "_latest_artifact_path": "wandb-client-artifact://ak6w72hnn526vwhwpiamdotd1adnxawfkawutbxlzor383yu9u6vdbg5e7x511wcvid0fzjua1djgui9dbzkkaozv5erqu37rpy3ac4i0zyy988ld1wi3olus7kxf1b3:latest/confusion_matrix_table.table.json", "path": "media/table/confusion_matrix_table_59_7913c775ee9d0356b522.table.json", "ncols": 3, "nrows": 100}, "_wandb": {"runtime": 440}}