{"Epoch ": 19, "Training loss ": 0.8230932156032106, "Training accuracy ": 0.32511111111111113, "Validation loss ": 0.8322536062139679, "Validation accuracy ": 0.32116666666666666, "Testing loss ": 0.8321710561376132, "Testing accuracy ": 0.3205, "_timestamp": 1709305798.0539684, "_runtime": 103.68106341362, "_step": 39, "confusion_matrix_table": {"_type": "table-file", "sha256": "9d7b64c887ddea0c94c7750267bc15144f77d257e90586dee1ca994709eb575b", "size": 3158, "artifact_path": "wandb-client-artifact://3svpthkc6ikna9jeopvk7qz8aektkbs4g0tz8ms6qb48dr7rawy4s33u60fvbp77t05dh9nsxbpfaoqf74k51c8zgub2l8zy4pe2byrt5k2z28q2khzv7dtpd7pmgxsl:latest/confusion_matrix_table.table.json", "_latest_artifact_path": "wandb-client-artifact://3svpthkc6ikna9jeopvk7qz8aektkbs4g0tz8ms6qb48dr7rawy4s33u60fvbp77t05dh9nsxbpfaoqf74k51c8zgub2l8zy4pe2byrt5k2z28q2khzv7dtpd7pmgxsl:latest/confusion_matrix_table.table.json", "path": "media/table/confusion_matrix_table_39_9d7b64c887ddea0c94c7.table.json", "ncols": 3, "nrows": 100}, "_wandb": {"runtime": 102}}