{"Epoch ": 4, "Training loss ": 1.2611153538171784, "Training accuracy ": 0.5888148148148148, "Validation loss ": 1.256501755952185, "Validation accuracy ": 0.5925, "Testing loss ": 1.2683028179098428, "Testing accuracy ": 0.5825, "_timestamp": 1709104008.565669, "_runtime": 11.090909957885742, "_step": 4, "_wandb": {"runtime": 10}}