{"Epoch ": 19, "Training loss ": 2.297049995337203, "Training accuracy ": 0.22744444444444445, "Validation loss ": 2.297124615521038, "Validation accuracy ": 0.22933333333333333, "Testing loss ": 2.297061033645151, "Testing accuracy ": 0.2274, "_timestamp": 1709301588.6425889, "_runtime": 332.5546579360962, "_step": 39, "confusion_matrix_table": {"_type": "table-file", "sha256": "c0dcb6913836518b3d8da29d5f2dc6b8d6839c13f5d815d0f0d098a8b4806bcb", "size": 3174, "artifact_path": "wandb-client-artifact://6yds2e7i8hcg0vv41kkpz5tawsxim9y929evv2rznfctk1yw7cja0g0echdw94f6ecgn142w70uul43ip6p3w7bsdfdb1sj7r9c4me4fr48uho7mz2dqy7mzej7odqc7:latest/confusion_matrix_table.table.json", "_latest_artifact_path": "wandb-client-artifact://6yds2e7i8hcg0vv41kkpz5tawsxim9y929evv2rznfctk1yw7cja0g0echdw94f6ecgn142w70uul43ip6p3w7bsdfdb1sj7r9c4me4fr48uho7mz2dqy7mzej7odqc7:latest/confusion_matrix_table.table.json", "path": "media/table/confusion_matrix_table_39_c0dcb6913836518b3d8d.table.json", "ncols": 3, "nrows": 100}, "_wandb": {"runtime": 331}}