{"Epoch ": 4, "Training loss ": 0.5275733464661284, "Training accuracy ": 0.6849444444444445, "Validation loss ": 0.5289916084390301, "Validation accuracy ": 0.687, "Testing loss ": 0.5330328069811038, "Testing accuracy ": 0.6728, "_timestamp": 1709151528.6227765, "_runtime": 20.31092858314514, "_step": 9, "confusion_matrix_table": {"_type": "table-file", "sha256": "a509e93dc72fd80d1ddf461bc67f7d56b557bbb69c93eb12d8a86424c8ea3e79", "size": 3189, "artifact_path": "wandb-client-artifact://knc9b51yq67jni1krphmw2s32w5qmmhg87vd5brj4j6yxw9ourxrwu7vyg3n83i9vtu7m29qn3edmwrhak6083k2vcmx9dhaz720v3epovu7rcxnx3mo5mr7ivj0qek0:latest/confusion_matrix_table.table.json", "_latest_artifact_path": "wandb-client-artifact://knc9b51yq67jni1krphmw2s32w5qmmhg87vd5brj4j6yxw9ourxrwu7vyg3n83i9vtu7m29qn3edmwrhak6083k2vcmx9dhaz720v3epovu7rcxnx3mo5mr7ivj0qek0:latest/confusion_matrix_table.table.json", "path": "media/table/confusion_matrix_table_9_a509e93dc72fd80d1ddf.table.json", "ncols": 3, "nrows": 100}, "_wandb": {"runtime": 19}}