{"Epoch ": 9, "Training loss ": 0.14428403458253997, "Training accuracy ": 0.9005185185185185, "Validation loss ": 0.17451559608198353, "Validation accuracy ": 0.8806666666666667, "Testing loss ": 0.19038583638762233, "Testing accuracy ": 0.8693, "_timestamp": 1709147745.207782, "_runtime": 94.5900809764862, "_step": 19, "confusion_matrix_table": {"_type": "table-file", "sha256": "39eb38b8b77bd3f9ae191d26507edb7f73c8e3f0b18cba557e7c7c5de50f86bb", "size": 3172, "artifact_path": "wandb-client-artifact://latlal4214l2r1u92qof8ftf8233drrlyoo45nsl56l54946nnbb6jwpkv71u02zohponvba2yasn7453rcspmh76yo329mtkdy5lgc4n36ogz3dihqaurioh4fv9sjt:latest/confusion_matrix_table.table.json", "_latest_artifact_path": "wandb-client-artifact://latlal4214l2r1u92qof8ftf8233drrlyoo45nsl56l54946nnbb6jwpkv71u02zohponvba2yasn7453rcspmh76yo329mtkdy5lgc4n36ogz3dihqaurioh4fv9sjt:latest/confusion_matrix_table.table.json", "path": "media/table/confusion_matrix_table_19_39eb38b8b77bd3f9ae19.table.json", "ncols": 3, "nrows": 100}, "_wandb": {"runtime": 88}}