{"Epoch ": 19, "Training loss ": 0.23304686987333786, "Training accuracy ": 0.9135185185185185, "Validation loss ": 0.29619697587865995, "Validation accuracy ": 0.8958333333333334, "Testing loss ": 0.34447464457316046, "Testing accuracy ": 0.8817, "_timestamp": 1709133722.9739711, "_runtime": 237.82162523269653, "_step": 39, "confusion_matrix_table": {"_type": "table-file", "sha256": "9b4dfb303b1eef27d8c8ea1b3f3a4a0e53b5d33095e360d535f223f26c767127", "size": 3170, "artifact_path": "wandb-client-artifact://cg8yk9f5mz9tyzg40vvd51lz1cv62jl9muzhzyypi8ev7waucfmrd9y2tr57tsmjq5wt147k61ty7vozjkae0crkzq9rakfu1eqiv8hwn67s17n477rmad8pgsenoekh:latest/confusion_matrix_table.table.json", "_latest_artifact_path": "wandb-client-artifact://cg8yk9f5mz9tyzg40vvd51lz1cv62jl9muzhzyypi8ev7waucfmrd9y2tr57tsmjq5wt147k61ty7vozjkae0crkzq9rakfu1eqiv8hwn67s17n477rmad8pgsenoekh:latest/confusion_matrix_table.table.json", "path": "media/table/confusion_matrix_table_39_9b4dfb303b1eef27d8c8.table.json", "ncols": 3, "nrows": 100}, "_wandb": {"runtime": 236}}