{"Epoch ": 14, "Training loss ": 0.4077417693305775, "Training accuracy ": 0.8635, "Validation loss ": 0.4269390678694186, "Validation accuracy ": 0.8551666666666666, "Testing loss ": 0.4498432403017122, "Testing accuracy ": 0.8478, "_timestamp": 1709446587.953596, "_runtime": 51.027756214141846, "_step": 29, "confusion_matrix_table": {"_type": "table-file", "sha256": "e4e0c721a53134aa2dedbcf26736b50ebd3c4bfc5a96558ebf6290495a14299e", "size": 3176, "artifact_path": "wandb-client-artifact://x59has259n2nr0ttw614t0srmnxdd8y65s3cs19j8mz1tf7lxsgemyrgyw5a4mtx1zzsz83zl2vj95p840uijgmyi8b0qe5f6goor3j2nh08lw2lin892z9cehbfno0c:latest/confusion_matrix_table.table.json", "_latest_artifact_path": "wandb-client-artifact://x59has259n2nr0ttw614t0srmnxdd8y65s3cs19j8mz1tf7lxsgemyrgyw5a4mtx1zzsz83zl2vj95p840uijgmyi8b0qe5f6goor3j2nh08lw2lin892z9cehbfno0c:latest/confusion_matrix_table.table.json", "path": "media/table/confusion_matrix_table_29_e4e0c721a53134aa2ded.table.json", "ncols": 3, "nrows": 100}, "_wandb": {"runtime": 50}}