{"Epoch ": 24, "Training loss ": 0.07346778209909555, "Training accuracy ": 0.955462962962963, "Validation loss ": 0.08466787317101107, "Validation accuracy ": 0.9468333333333333, "Testing loss ": 0.08739020981199573, "Testing accuracy ": 0.9447, "_timestamp": 1709534701.2876506, "_runtime": 75.65033864974976, "_step": 49, "confusion_matrix_table": {"_type": "table-file", "sha256": "7f5c6f0a0b4d35ea0f3e9f1036df5ff7e1cf36860e0c4117e72e845d3689ca1e", "size": 3164, "artifact_path": "wandb-client-artifact://dzdlbsgx7vp3oqurxicr54sj020587xfnsyr5uvfk72e6krjiwd6xwr0jwe9wnbakveqbfcgkcd4vtf9zgd8xfwxw9ooy0g9bhnsxw8ttgrdo56qgubv9009ad91cb6t:latest/confusion_matrix_table.table.json", "_latest_artifact_path": "wandb-client-artifact://dzdlbsgx7vp3oqurxicr54sj020587xfnsyr5uvfk72e6krjiwd6xwr0jwe9wnbakveqbfcgkcd4vtf9zgd8xfwxw9ooy0g9bhnsxw8ttgrdo56qgubv9009ad91cb6t:latest/confusion_matrix_table.table.json", "path": "media/table/confusion_matrix_table_49_7f5c6f0a0b4d35ea0f3e.table.json", "ncols": 3, "nrows": 100}, "_wandb": {"runtime": 74}}