{"Epoch ": 9, "Training loss ": 0.418317085479741, "Training accuracy ": 0.6875925925925926, "Validation loss ": 0.43012502480620524, "Validation accuracy ": 0.6815, "Testing loss ": 0.4433208435632061, "Testing accuracy ": 0.6721, "_timestamp": 1709313469.9397106, "_runtime": 20.751020669937134, "_step": 19, "confusion_matrix_table": {"_type": "table-file", "sha256": "f97947af1b450afc6ce8b8d024b27725bac30cc46c0e56f14720af925aee4e7e", "size": 3176, "artifact_path": "wandb-client-artifact://bafbz2wsp6cwtrd8img23sqecp9ahw9u6v242a1uyl2yytxy0ypbzv5o7v344c8nz9x6n6n9k0l3eq7qhl8oha2r6sjoabrkhgjua47h62sxpek343qct23iayyflhyg:latest/confusion_matrix_table.table.json", "_latest_artifact_path": "wandb-client-artifact://bafbz2wsp6cwtrd8img23sqecp9ahw9u6v242a1uyl2yytxy0ypbzv5o7v344c8nz9x6n6n9k0l3eq7qhl8oha2r6sjoabrkhgjua47h62sxpek343qct23iayyflhyg:latest/confusion_matrix_table.table.json", "path": "media/table/confusion_matrix_table_19_f97947af1b450afc6ce8.table.json", "ncols": 3, "nrows": 100}, "_wandb": {"runtime": 20}}