{"Epoch ": 4, "Training loss ": 0.2855285669667477, "Training accuracy ": 0.8974074074074074, "Validation loss ": 0.3406525488868341, "Validation accuracy ": 0.8751666666666666, "Testing loss ": 0.3540009746583235, "Testing accuracy ": 0.8728, "_timestamp": 1709498910.4831183, "_runtime": 27.337185382843018, "_step": 9, "confusion_matrix_table": {"_type": "table-file", "sha256": "f9dbb4c20f37f27f8429ea91f687104033582c81a16caee220a97761627d02ba", "size": 3171, "artifact_path": "wandb-client-artifact://hp23ex8z9ctk162hc56pbprk5qsdsusipa8l9oebrswwxppy2nj073ums5gjtxzp6fstpkcobx62nnqgkjn1ulg0rhfd3nhn14si90gcgbiw04ulwac9u7k8h38o021h:latest/confusion_matrix_table.table.json", "_latest_artifact_path": "wandb-client-artifact://hp23ex8z9ctk162hc56pbprk5qsdsusipa8l9oebrswwxppy2nj073ums5gjtxzp6fstpkcobx62nnqgkjn1ulg0rhfd3nhn14si90gcgbiw04ulwac9u7k8h38o021h:latest/confusion_matrix_table.table.json", "path": "media/table/confusion_matrix_table_9_f9dbb4c20f37f27f8429.table.json", "ncols": 3, "nrows": 100}, "_wandb": {"runtime": 26}}