{"Epoch ": 4, "Training loss ": 0.9000252221394948, "Training accuracy ": 0.1, "Validation loss ": 0.9000252221394949, "Validation accuracy ": 0.1, "Testing loss ": 0.9000252221394949, "Testing accuracy ": 0.1, "_timestamp": 1709401942.190862, "_runtime": 24.182036876678467, "_step": 9, "confusion_matrix_table": {"_type": "table-file", "sha256": "08fe1c64df5b76934b26d06da88d1c97433567816ee39fc4f4fba51d2696f962", "size": 3152, "artifact_path": "wandb-client-artifact://3igw3ceh4y4ptjiwt29a8oiylh6n3hb23c6e8uld5j6tj45b48781pv2ftnss8ds4veyd634jolzdkut870unkdl567u9hqgob5ru53lijkg9d53cz837vxkrc06uw4c:latest/confusion_matrix_table.table.json", "_latest_artifact_path": "wandb-client-artifact://3igw3ceh4y4ptjiwt29a8oiylh6n3hb23c6e8uld5j6tj45b48781pv2ftnss8ds4veyd634jolzdkut870unkdl567u9hqgob5ru53lijkg9d53cz837vxkrc06uw4c:latest/confusion_matrix_table.table.json", "path": "media/table/confusion_matrix_table_9_08fe1c64df5b76934b26.table.json", "ncols": 3, "nrows": 100}, "_wandb": {"runtime": 23}}