{"Epoch ": 4, "Training loss ": 1.0069754295763897, "Training accuracy ": 0.34424074074074074, "Validation loss ": 1.0129993859976165, "Validation accuracy ": 0.3388333333333333, "Testing loss ": 1.0196421521106385, "Testing accuracy ": 0.3364, "_timestamp": 1709400875.7409945, "_runtime": 29.73173236846924, "_step": 9, "confusion_matrix_table": {"_type": "table-file", "sha256": "3f59c0eef0bb19cb830ac02d15cbe8c4c48bc00cd881db09b2d080306d819568", "size": 3170, "artifact_path": "wandb-client-artifact://6xa3cq298hhswbzzcsj8y4u8cl0gpjfr40o89sudhm1vplwsmo0bs7we37v8h3er9t39d73f6si9coym50hvd02dsn36vm9358q77hmek1r9178763gwame0p4ym6ls1:latest/confusion_matrix_table.table.json", "_latest_artifact_path": "wandb-client-artifact://6xa3cq298hhswbzzcsj8y4u8cl0gpjfr40o89sudhm1vplwsmo0bs7we37v8h3er9t39d73f6si9coym50hvd02dsn36vm9358q77hmek1r9178763gwame0p4ym6ls1:latest/confusion_matrix_table.table.json", "path": "media/table/confusion_matrix_table_9_3f59c0eef0bb19cb830a.table.json", "ncols": 3, "nrows": 100}, "_wandb": {"runtime": 28}}