{"Epoch ": 29, "Training loss ": 0.20153550695312156, "Training accuracy ": 0.8612037037037037, "Validation loss ": 0.2144015979002067, "Validation accuracy ": 0.851, "Testing loss ": 0.22283675631167024, "Testing accuracy ": 0.8455, "_timestamp": 1709142988.3858032, "_runtime": 80.7649552822113, "_step": 59, "confusion_matrix_table": {"_type": "table-file", "sha256": "2a8a8da95effa3812e315eaf45eb29a6ad8ec0d4f3b2c852de512820f974adea", "size": 3173, "artifact_path": "wandb-client-artifact://7o600b8t7sxxuh8hok7jboh14ixnvw16p7lsmlg9l7helfhof0s5gxx52kjvdwv25g9xbj4mq7dgnxg61rtcpb13klq7xj0h3n6jo6k0ryp2ek3jp8wu12hybtnwje1b:latest/confusion_matrix_table.table.json", "_latest_artifact_path": "wandb-client-artifact://7o600b8t7sxxuh8hok7jboh14ixnvw16p7lsmlg9l7helfhof0s5gxx52kjvdwv25g9xbj4mq7dgnxg61rtcpb13klq7xj0h3n6jo6k0ryp2ek3jp8wu12hybtnwje1b:latest/confusion_matrix_table.table.json", "path": "media/table/confusion_matrix_table_59_2a8a8da95effa3812e31.table.json", "ncols": 3, "nrows": 100}, "_wandb": {"runtime": 80}}