{"Epoch ": 19, "Training loss ": 0.25412473335007196, "Training accuracy ": 0.9070555555555555, "Validation loss ": 0.3680708212312597, "Validation accuracy ": 0.876, "Testing loss ": 0.38318628313534703, "Testing accuracy ": 0.8663, "_timestamp": 1709133328.025278, "_runtime": 80.06049299240112, "_step": 39, "confusion_matrix_table": {"_type": "table-file", "sha256": "ef6779ec3dc24a586802a46b0b2373719d9dfa74fddc353a3b514297a3eca3d9", "size": 3174, "artifact_path": "wandb-client-artifact://3jchd7rtiq82t750x7x8eoxm8k8jjhvrsuq9l9f6z82ug02f9fgc40lt0tk5a21h0grfl1zdzm2e9rwl23rcmjinhlo862wuztoqiyzfcbdm77s8yqt9szaipnpk9inh:latest/confusion_matrix_table.table.json", "_latest_artifact_path": "wandb-client-artifact://3jchd7rtiq82t750x7x8eoxm8k8jjhvrsuq9l9f6z82ug02f9fgc40lt0tk5a21h0grfl1zdzm2e9rwl23rcmjinhlo862wuztoqiyzfcbdm77s8yqt9szaipnpk9inh:latest/confusion_matrix_table.table.json", "path": "media/table/confusion_matrix_table_39_ef6779ec3dc24a586802.table.json", "ncols": 3, "nrows": 100}, "_wandb": {"runtime": 79}}