{"Epoch ": 19, "Training loss ": 1.6567146266057, "Training accuracy ": 0.1943888888888889, "Validation loss ": 1.6935510480583038, "Validation accuracy ": 0.19766666666666666, "Testing loss ": 1.6975078314236005, "Testing accuracy ": 0.1939, "_timestamp": 1709497421.7787604, "_runtime": 288.27515840530396, "_step": 39, "confusion_matrix_table": {"_type": "table-file", "sha256": "ae792c4e913101cb7e0857435d4fe15ecc53000c209da23d9627333fc51726dc", "size": 3158, "artifact_path": "wandb-client-artifact://xx6kid3zifai22yqklpbe4n46p23gnn9pqlmfb7qnuhfv4c935cr1qrlfcicdcni24vp0mwxl6oy72dwszoxx0whyqvq6ddqy9i86q56etr5vujjfmyzu3gjt8bqcfhq:latest/confusion_matrix_table.table.json", "_latest_artifact_path": "wandb-client-artifact://xx6kid3zifai22yqklpbe4n46p23gnn9pqlmfb7qnuhfv4c935cr1qrlfcicdcni24vp0mwxl6oy72dwszoxx0whyqvq6ddqy9i86q56etr5vujjfmyzu3gjt8bqcfhq:latest/confusion_matrix_table.table.json", "path": "media/table/confusion_matrix_table_39_ae792c4e913101cb7e08.table.json", "ncols": 3, "nrows": 100}, "_wandb": {"runtime": 287}}