{"Epoch ": 19, "Training loss ": 0.5474823737289904, "Training accuracy ": 0.8185555555555556, "Validation loss ": 0.5578203340190855, "Validation accuracy ": 0.8163333333333334, "Testing loss ": 0.5732603526993637, "Testing accuracy ": 0.8062, "_timestamp": 1709105107.9772215, "_runtime": 17.266379594802856, "_step": 19, "_wandb": {"runtime": 16}}