{"Epoch ": 29, "Training loss ": 0.1549729695336287, "Training accuracy ": 0.8929814814814815, "Validation loss ": 0.17245987434628907, "Validation accuracy ": 0.8813333333333333, "Testing loss ": 0.18613818785215472, "Testing accuracy ": 0.8706, "_timestamp": 1709532506.8868012, "_runtime": 572.8997151851654, "_step": 59, "confusion_matrix_table": {"_type": "table-file", "sha256": "de6c21061665826d88f761c3e2ad5bbc7511b68e82aaae9b279465bdec023a85", "size": 3173, "artifact_path": "wandb-client-artifact://3wl5ksi5o2fxy5lwn7swet3ymuwjkimys5s5qk23xvhlnr6zgvu8j31wd0b4bmai40ubnfj3u4mx6jaw914hmodoq3ld7rb0qiknqm89riof1ab525f87vq1pv1ex2rq:latest/confusion_matrix_table.table.json", "_latest_artifact_path": "wandb-client-artifact://3wl5ksi5o2fxy5lwn7swet3ymuwjkimys5s5qk23xvhlnr6zgvu8j31wd0b4bmai40ubnfj3u4mx6jaw914hmodoq3ld7rb0qiknqm89riof1ab525f87vq1pv1ex2rq:latest/confusion_matrix_table.table.json", "path": "media/table/confusion_matrix_table_59_de6c21061665826d88f7.table.json", "ncols": 3, "nrows": 100}, "_wandb": {"runtime": 571}}