{"Epoch ": 9, "Training loss ": 0.31376877487907945, "Training accuracy ": 0.884, "Validation loss ": 0.3747976475461728, "Validation accuracy ": 0.8675, "Testing loss ": 0.4094192518085532, "Testing accuracy ": 0.8598, "_timestamp": 1709308691.0798578, "_runtime": 169.90128183364868, "_step": 19, "confusion_matrix_table": {"_type": "table-file", "sha256": "c877035c2182b85d9fd79f4f7f6813cf898775751b7c347b9340762fb6269f30", "size": 3172, "artifact_path": "wandb-client-artifact://9e84nruruqtoydf05zuyrg3gsd7c0wqxa5qj0u70hf7ec0sdok130mvk9tq9gz66fhmgl19vdyysey1nzup375sr66zxorg6haidlfdvk01m3qhl5x7wy2wnfh6rmqx8:latest/confusion_matrix_table.table.json", "_latest_artifact_path": "wandb-client-artifact://9e84nruruqtoydf05zuyrg3gsd7c0wqxa5qj0u70hf7ec0sdok130mvk9tq9gz66fhmgl19vdyysey1nzup375sr66zxorg6haidlfdvk01m3qhl5x7wy2wnfh6rmqx8:latest/confusion_matrix_table.table.json", "path": "media/table/confusion_matrix_table_19_c877035c2182b85d9fd7.table.json", "ncols": 3, "nrows": 100}, "_wandb": {"runtime": 169}}