{"Epoch ": 4, "Training loss ": 2.302575396742156, "Training accuracy ": 0.1, "Validation loss ": 2.3025753926292896, "Validation accuracy ": 0.1, "Testing loss ": 2.3025753927516233, "Testing accuracy ": 0.1, "_timestamp": 1709098212.4413323, "_runtime": 24.493711233139038, "_step": 4, "_wandb": {"runtime": 23}}