{"Epoch ": 14, "Training loss ": 0.6143157789875971, "Training accuracy ": 0.38725925925925925, "Validation loss ": 0.6242894018964652, "Validation accuracy ": 0.38216666666666665, "Testing loss ": 0.6291878334703234, "Testing accuracy ": 0.3814, "_timestamp": 1709149957.4212523, "_runtime": 45.32951831817627, "_step": 29, "confusion_matrix_table": {"_type": "table-file", "sha256": "2c46018a9cab3a84ec70641cba0028f6b20111684cd44405f02632b19c044992", "size": 3168, "artifact_path": "wandb-client-artifact://0dkx8has8xfvprc86ze3wcwr540bdgd1tbwq2q8jizkmfix2b990c1thpkad3gps94mx1kfjai0k3dcr3gnmecut2pxob8y36zfxudb5vkokdfaadl0nifbq9iyb9yht:latest/confusion_matrix_table.table.json", "_latest_artifact_path": "wandb-client-artifact://0dkx8has8xfvprc86ze3wcwr540bdgd1tbwq2q8jizkmfix2b990c1thpkad3gps94mx1kfjai0k3dcr3gnmecut2pxob8y36zfxudb5vkokdfaadl0nifbq9iyb9yht:latest/confusion_matrix_table.table.json", "path": "media/table/confusion_matrix_table_29_2c46018a9cab3a84ec70.table.json", "ncols": 3, "nrows": 100}, "_wandb": {"runtime": 44}}