{"Epoch ": 24, "Training loss ": 0.40443364765148904, "Training accuracy ": 0.8612037037037037, "Validation loss ": 0.4214743478598225, "Validation accuracy ": 0.8563333333333333, "Testing loss ": 0.45097617694459785, "Testing accuracy ": 0.8447, "_timestamp": 1709286780.6696868, "_runtime": 31.509130716323853, "_step": 49, "confusion_matrix_table": {"_type": "table-file", "sha256": "b50ca9a743dc0cc6dc5cd28bf03f98491375cee6369de26ce0dc953cb3f96ede", "size": 3175, "artifact_path": "wandb-client-artifact://9teom607d6i5tzjwpn3xda19wj30lnnrq8cqe8vvjfhaxuqyqvbcx23b7tqf0gc2w1fa7p62apm1hzf951n1bcsvcu0vvbxnvl5yem7zktryj12gsyhh2k13f1o1j8bz:latest/confusion_matrix_table.table.json", "_latest_artifact_path": "wandb-client-artifact://9teom607d6i5tzjwpn3xda19wj30lnnrq8cqe8vvjfhaxuqyqvbcx23b7tqf0gc2w1fa7p62apm1hzf951n1bcsvcu0vvbxnvl5yem7zktryj12gsyhh2k13f1o1j8bz:latest/confusion_matrix_table.table.json", "path": "media/table/confusion_matrix_table_49_b50ca9a743dc0cc6dc5c.table.json", "ncols": 3, "nrows": 100}, "_wandb": {"runtime": 30}}