{"Epoch ": 9, "Training loss ": 0.24133526492558563, "Training accuracy ": 0.9125185185185185, "Validation loss ": 0.31373689746533184, "Validation accuracy ": 0.8901666666666667, "Testing loss ": 0.3362954069060761, "Testing accuracy ": 0.8799, "_timestamp": 1709488728.395564, "_runtime": 241.85945796966553, "_step": 19, "confusion_matrix_table": {"_type": "table-file", "sha256": "9dad772eb67da32c3eb2847199e5fb47bb8fc164cafc1a7117566c0dea308c8a", "size": 3168, "artifact_path": "wandb-client-artifact://w4za7ap2700e5jqhoe5jx4ciikeeqbrk2wbppym0hsuno3q4ftt83al70axyj8hkbkyv6xuc9pawdxy2ubtijliem1893sz19s8fum4q6wup9uvrr0lj2y30fff5mvh8:latest/confusion_matrix_table.table.json", "_latest_artifact_path": "wandb-client-artifact://w4za7ap2700e5jqhoe5jx4ciikeeqbrk2wbppym0hsuno3q4ftt83al70axyj8hkbkyv6xuc9pawdxy2ubtijliem1893sz19s8fum4q6wup9uvrr0lj2y30fff5mvh8:latest/confusion_matrix_table.table.json", "path": "media/table/confusion_matrix_table_19_9dad772eb67da32c3eb2.table.json", "ncols": 3, "nrows": 100}, "_wandb": {"runtime": 241}}