{"Epoch ": 19, "Training loss ": 5.864485328135748e-06, "Training accuracy ": 0.8848148148148148, "Validation loss ": 5.700790260391424e-05, "Validation accuracy ": 0.8796666666666667, "Testing loss ": 3.856447489149845e-05, "Testing accuracy ": 0.8622, "_timestamp": 1709006766.0102298, "_runtime": 24.80586886405945, "_step": 39, "confusion_matrix_table": {"_type": "table-file", "sha256": "7ec63bcbb02b458b5e3d6553d1c295e3bfc7053d21acc8aa0b5bf80db6112860", "size": 3171, "artifact_path": "wandb-client-artifact://a88k64xi71sm0r2t9pjz3b1fawxigh2cak2wao8kchd7m7cgsupinzqg5f70oyp4bv9wvg92rv3oecr1d32iyghx33oklxeorl9n9ku0ygls1kmgiveilv77446tnw3v:latest/confusion_matrix_table.table.json", "_latest_artifact_path": "wandb-client-artifact://a88k64xi71sm0r2t9pjz3b1fawxigh2cak2wao8kchd7m7cgsupinzqg5f70oyp4bv9wvg92rv3oecr1d32iyghx33oklxeorl9n9ku0ygls1kmgiveilv77446tnw3v:latest/confusion_matrix_table.table.json", "path": "media/table/confusion_matrix_table_39_7ec63bcbb02b458b5e3d.table.json", "ncols": 3, "nrows": 100}, "_wandb": {"runtime": 24}}