{"Epoch ": 19, "Training loss ": 0.8668056312408309, "Training accuracy ": 0.7471666666666666, "Validation loss ": 0.8644788441815348, "Validation accuracy ": 0.7473333333333333, "Testing loss ": 0.8779359008071502, "Testing accuracy ": 0.736, "_timestamp": 1709133338.3943737, "_runtime": 81.91146874427795, "_step": 39, "confusion_matrix_table": {"_type": "table-file", "sha256": "7dc26c73b09cfe187992e2af2395cab9ae065a9601c69bda033fbbe2cbb32c10", "size": 3181, "artifact_path": "wandb-client-artifact://i9j4xl5imofkpfbx4ixowhuv5jfrl0yeo87bbny4540bw28j3q9prkkrlbr26onnr7qtkxb2sni4zjsoo750jz9po44fmyb0vfbriuueocpwr2xt94wazwhgmfaq860v:latest/confusion_matrix_table.table.json", "_latest_artifact_path": "wandb-client-artifact://i9j4xl5imofkpfbx4ixowhuv5jfrl0yeo87bbny4540bw28j3q9prkkrlbr26onnr7qtkxb2sni4zjsoo750jz9po44fmyb0vfbriuueocpwr2xt94wazwhgmfaq860v:latest/confusion_matrix_table.table.json", "path": "media/table/confusion_matrix_table_39_7dc26c73b09cfe187992.table.json", "ncols": 3, "nrows": 100}, "_wandb": {"runtime": 81}}