{"Epoch ": 19, "Training loss ": 0.014102987281848453, "Training accuracy ": 0.9965740740740741, "Validation loss ": 0.20375066240137554, "Validation accuracy ": 0.9765, "Testing loss ": 0.1902054619759712, "Testing accuracy ": 0.9772, "_timestamp": 1709489423.8990893, "_runtime": 290.9146933555603, "_step": 39, "confusion_matrix_table": {"_type": "table-file", "sha256": "72ac06b07b0791dd40a9366af93012dbd505b24b54f1e81452eab6cdec8ded9a", "size": 3146, "artifact_path": "wandb-client-artifact://98nfepgwcvstr4k0wcyce9okb2scl56q22emgzee7g506jzvsvwu743hbkvzg68d4bjk0os6w803vfquoor7fvk224yc0osxao3teil91pvabwqna553194u9sn6o1pa:latest/confusion_matrix_table.table.json", "_latest_artifact_path": "wandb-client-artifact://98nfepgwcvstr4k0wcyce9okb2scl56q22emgzee7g506jzvsvwu743hbkvzg68d4bjk0os6w803vfquoor7fvk224yc0osxao3teil91pvabwqna553194u9sn6o1pa:latest/confusion_matrix_table.table.json", "path": "media/table/confusion_matrix_table_39_72ac06b07b0791dd40a9.table.json", "ncols": 3, "nrows": 100}, "_wandb": {"runtime": 290}}