{"Epoch ": 4, "Training loss ": 2.3025807951317843, "Training accuracy ": 0.1, "Validation loss ": 2.302580795063145, "Validation accuracy ": 0.1, "Testing loss ": 2.3025807951564925, "Testing accuracy ": 0.1, "_timestamp": 1709097607.1522677, "_runtime": 13.209625720977783, "_step": 4, "_wandb": {"runtime": 12}}