{"Epoch ": 14, "Training loss ": 0.06888392596855714, "Training accuracy ": 0.9561851851851851, "Validation loss ": 0.0810009834145583, "Validation accuracy ": 0.9478333333333333, "Testing loss ": 0.08554439806888621, "Testing accuracy ": 0.943, "_timestamp": 1709529636.6584892, "_runtime": 74.85906219482422, "_step": 29, "confusion_matrix_table": {"_type": "table-file", "sha256": "eccee63cf027b9534ba4ae4e1d6d107a6ba3870f2dfc2090f1b456f3df67f600", "size": 3168, "artifact_path": "wandb-client-artifact://1uh1uct1u954h8zyofp9k71pebgrlqbcuhsa6shq3dbup669y0xp4p1l0mq897yf32zfugijh0e7jdospprojv1iln257g7trv4gw1zp8rfmloxb1gzd283m00t4zltx:latest/confusion_matrix_table.table.json", "_latest_artifact_path": "wandb-client-artifact://1uh1uct1u954h8zyofp9k71pebgrlqbcuhsa6shq3dbup669y0xp4p1l0mq897yf32zfugijh0e7jdospprojv1iln257g7trv4gw1zp8rfmloxb1gzd283m00t4zltx:latest/confusion_matrix_table.table.json", "path": "media/table/confusion_matrix_table_29_eccee63cf027b9534ba4.table.json", "ncols": 3, "nrows": 100}, "_wandb": {"runtime": 74}}