{"Epoch ": 4, "Training loss ": 0.5267747389651913, "Training accuracy ": 0.6083703703703703, "Validation loss ": 0.5325235785192948, "Validation accuracy ": 0.6021666666666666, "Testing loss ": 0.5323478914774561, "Testing accuracy ": 0.6026, "_timestamp": 1709152911.3101907, "_runtime": 12.63354778289795, "_step": 9, "confusion_matrix_table": {"_type": "table-file", "sha256": "5d155898521656342d75c0911ae5e44b986b0b0cc5740b9f6138658210c76ea2", "size": 3177, "artifact_path": "wandb-client-artifact://ojjlfy632hrzrx40xni2yzqxi6bumra1uxnb9s2v1ithknfvjrq257u20pbozdo8ikqakzybrehezu0k324mhzm4lybtzqq1y4fbgsh4aerpoojk2fihr7i4r5iagfrf:latest/confusion_matrix_table.table.json", "_latest_artifact_path": "wandb-client-artifact://ojjlfy632hrzrx40xni2yzqxi6bumra1uxnb9s2v1ithknfvjrq257u20pbozdo8ikqakzybrehezu0k324mhzm4lybtzqq1y4fbgsh4aerpoojk2fihr7i4r5iagfrf:latest/confusion_matrix_table.table.json", "path": "media/table/confusion_matrix_table_9_5d155898521656342d75.table.json", "ncols": 3, "nrows": 100}, "_wandb": {"runtime": 11}}