{"Epoch ": 24, "Training loss ": 0.045766961548471354, "Training accuracy ": 0.9875, "Validation loss ": 0.14268267823286918, "Validation accuracy ": 0.9611666666666666, "Testing loss ": 0.14714787284187858, "Testing accuracy ": 0.9624, "_timestamp": 1709502522.3118918, "_runtime": 44.940974712371826, "_step": 49, "confusion_matrix_table": {"_type": "table-file", "sha256": "714e1baba925a44a22326da7c96fc52f1733796cb13be54384564d9924a76435", "size": 3154, "artifact_path": "wandb-client-artifact://qeq77x6pihefz5m3cm6yj1jitgstrlvg06mgrcfykedh0sz03wawb55pd2z99ni1canaj7w51j8izw57vkwwyug4jznzsnawvcympmih0h6lcn33dlskec4ek055pps9:latest/confusion_matrix_table.table.json", "_latest_artifact_path": "wandb-client-artifact://qeq77x6pihefz5m3cm6yj1jitgstrlvg06mgrcfykedh0sz03wawb55pd2z99ni1canaj7w51j8izw57vkwwyug4jznzsnawvcympmih0h6lcn33dlskec4ek055pps9:latest/confusion_matrix_table.table.json", "path": "media/table/confusion_matrix_table_49_714e1baba925a44a2232.table.json", "ncols": 3, "nrows": 100}, "_wandb": {"runtime": 44}}