{"Epoch ": 29, "Training loss ": 0.26263301421145924, "Training accuracy ": 0.9026111111111111, "Validation loss ": 0.38539049252344654, "Validation accuracy ": 0.876, "Testing loss ": 0.4175374539371407, "Testing accuracy ": 0.8631, "_timestamp": 1709291206.8139455, "_runtime": 73.55662560462952, "_step": 59, "confusion_matrix_table": {"_type": "table-file", "sha256": "9395c4854baf580dbb9a12350e602d14694941a6f3396917a4d86f10d9a2888a", "size": 3170, "artifact_path": "wandb-client-artifact://anttazinx4q0i6gpp28gkquylls71h373x7klf5foykjhz5yphm928nbkmvvpbzpimlyfcnvpusgh6hou16knsuj4kz9rrpwleq0gb5uqh47ztusmk4ey8sr5qbtktib:latest/confusion_matrix_table.table.json", "_latest_artifact_path": "wandb-client-artifact://anttazinx4q0i6gpp28gkquylls71h373x7klf5foykjhz5yphm928nbkmvvpbzpimlyfcnvpusgh6hou16knsuj4kz9rrpwleq0gb5uqh47ztusmk4ey8sr5qbtktib:latest/confusion_matrix_table.table.json", "path": "media/table/confusion_matrix_table_59_9395c4854baf580dbb9a.table.json", "ncols": 3, "nrows": 100}, "_wandb": {"runtime": 72}}