{"Epoch ": 29, "Training loss ": 0.7296591121490754, "Training accuracy ": 0.7868703703703703, "Validation loss ": 0.7644766651936777, "Validation accuracy ": 0.7881666666666667, "Testing loss ": 0.8686238573853478, "Testing accuracy ": 0.7703, "_timestamp": 1709309855.924667, "_runtime": 565.8179569244385, "_step": 59, "confusion_matrix_table": {"_type": "table-file", "sha256": "3520395f79b7e2b1596dab4ac8c2284f589089ecca35ced875df164df38823dc", "size": 3176, "artifact_path": "wandb-client-artifact://pqsve7qsi1psuv0pfgl9e4z4g9k68heeo3znxi4c1t13rs5qu0zimoe8bb6odddc5vj2e8br6d8iw8u4s4inm0xu2opznaekn0skdp3ovxgk1xrnp4ay93pr99367oq4:latest/confusion_matrix_table.table.json", "_latest_artifact_path": "wandb-client-artifact://pqsve7qsi1psuv0pfgl9e4z4g9k68heeo3znxi4c1t13rs5qu0zimoe8bb6odddc5vj2e8br6d8iw8u4s4inm0xu2opznaekn0skdp3ovxgk1xrnp4ay93pr99367oq4:latest/confusion_matrix_table.table.json", "path": "media/table/confusion_matrix_table_59_3520395f79b7e2b1596d.table.json", "ncols": 3, "nrows": 100}, "_wandb": {"runtime": 565}}