{"Epoch ": 14, "Training loss ": 0.29061449463278677, "Training accuracy ": 0.898537037037037, "Validation loss ": 0.3761233985346675, "Validation accuracy ": 0.8715, "Testing loss ": 0.38576428997385476, "Testing accuracy ": 0.8668, "_timestamp": 1709445669.6635299, "_runtime": 70.70798683166504, "_step": 29, "confusion_matrix_table": {"_type": "table-file", "sha256": "60dd10a66111b11686456811ea10b5ca22d43ef43f4ad85d75627f16e66d2b0b", "size": 3168, "artifact_path": "wandb-client-artifact://7m3m7mame0oroqyfdgdevsr7a5hf44khs2r6jmjnrqhne6mqe4tmk0rxyv1cjg8vs0lxpz3eu098lfbk2pz7p09nmqh7grykxw10fyftcxxewzp5o0lj5gqr6xwuacm9:latest/confusion_matrix_table.table.json", "_latest_artifact_path": "wandb-client-artifact://7m3m7mame0oroqyfdgdevsr7a5hf44khs2r6jmjnrqhne6mqe4tmk0rxyv1cjg8vs0lxpz3eu098lfbk2pz7p09nmqh7grykxw10fyftcxxewzp5o0lj5gqr6xwuacm9:latest/confusion_matrix_table.table.json", "path": "media/table/confusion_matrix_table_29_60dd10a66111b1168645.table.json", "ncols": 3, "nrows": 100}, "_wandb": {"runtime": 69}}