{"Epoch ": 24, "Training loss ": 0.36528345748978536, "Training accuracy ": 0.8702592592592593, "Validation loss ": 0.3948742114611526, "Validation accuracy ": 0.858, "Testing loss ": 0.4116610805117546, "Testing accuracy ": 0.853, "_timestamp": 1709287763.2940772, "_runtime": 119.8538191318512, "_step": 49, "confusion_matrix_table": {"_type": "table-file", "sha256": "915392b0fb7629ff9e04a7e4282b7f61116f79323eec8da8ab50e0855ca3b7df", "size": 3175, "artifact_path": "wandb-client-artifact://eznd5xr7ay5d8gmy3q14wpgyj4zdibus5ow3y5wc4yagr1cy1v5jka78eym88op4djp9rz23bw36mpz7rt5a7j7k7rvgdnojju7q9deoho0usnql4z9plmpswp2wdxki:latest/confusion_matrix_table.table.json", "_latest_artifact_path": "wandb-client-artifact://eznd5xr7ay5d8gmy3q14wpgyj4zdibus5ow3y5wc4yagr1cy1v5jka78eym88op4djp9rz23bw36mpz7rt5a7j7k7rvgdnojju7q9deoho0usnql4z9plmpswp2wdxki:latest/confusion_matrix_table.table.json", "path": "media/table/confusion_matrix_table_49_915392b0fb7629ff9e04.table.json", "ncols": 3, "nrows": 100}, "_wandb": {"runtime": 119}}