{"Epoch ": 14, "Training loss ": 0.16939379528825352, "Training accuracy ": 0.8826111111111111, "Validation loss ": 0.183279178571187, "Validation accuracy ": 0.8715, "Testing loss ": 0.19622304720444006, "Testing accuracy ": 0.8637, "_timestamp": 1709183283.2751749, "_runtime": 67.223299741745, "_step": 29, "confusion_matrix_table": {"_type": "table-file", "sha256": "22e4d83e44acc020f08f296ee7fdce5554f5bafa09458e134cd7a43792fcd3de", "size": 3173, "artifact_path": "wandb-client-artifact://0ozudsy68zzw9b900o884815g6ddv98ed1ghdbqqj33awzjjag6p4f8pbjgzuzwq1hesk42pweflxjox28sctjc2z2kk2v2m9xe5lrnlmq224nelh68n7fcoib5pv7dz:latest/confusion_matrix_table.table.json", "_latest_artifact_path": "wandb-client-artifact://0ozudsy68zzw9b900o884815g6ddv98ed1ghdbqqj33awzjjag6p4f8pbjgzuzwq1hesk42pweflxjox28sctjc2z2kk2v2m9xe5lrnlmq224nelh68n7fcoib5pv7dz:latest/confusion_matrix_table.table.json", "path": "media/table/confusion_matrix_table_29_22e4d83e44acc020f08f.table.json", "ncols": 3, "nrows": 100}, "_wandb": {"runtime": 66}}