{"Epoch ": 29, "Training loss ": 0.296481519012415, "Training accuracy ": 0.8931111111111111, "Validation loss ": 0.3229585064783927, "Validation accuracy ": 0.8843333333333333, "Testing loss ": 0.3577754701491524, "Testing accuracy ": 0.8728, "_timestamp": 1709485011.3434632, "_runtime": 464.82069516181946, "_step": 59, "confusion_matrix_table": {"_type": "table-file", "sha256": "a37d329498d2cbe1c9d809c3eea64321e278597dabdb641e4f052ae8ca65d72f", "size": 3172, "artifact_path": "wandb-client-artifact://w1c1s0osqvw6n89zbarggac88gp8bo762aunnogf3i16qkvyufz38126tq3j96t90zsfgad8nerxb0btgesnntbucpi9n28leg2e2kri4u5cjw9ogq3nvjihyacavo1z:latest/confusion_matrix_table.table.json", "_latest_artifact_path": "wandb-client-artifact://w1c1s0osqvw6n89zbarggac88gp8bo762aunnogf3i16qkvyufz38126tq3j96t90zsfgad8nerxb0btgesnntbucpi9n28leg2e2kri4u5cjw9ogq3nvjihyacavo1z:latest/confusion_matrix_table.table.json", "path": "media/table/confusion_matrix_table_59_a37d329498d2cbe1c9d8.table.json", "ncols": 3, "nrows": 100}, "_wandb": {"runtime": 464}}