{"Epoch ": 9, "Training loss ": 0.18003748736606665, "Training accuracy ": 0.8742592592592593, "Validation loss ": 0.17988596770972481, "Validation accuracy ": 0.8745, "Testing loss ": 0.20297602253285313, "Testing accuracy ": 0.8575, "_timestamp": 1709144460.1854968, "_runtime": 143.33911180496216, "_step": 19, "confusion_matrix_table": {"_type": "table-file", "sha256": "329afa8f8a06c24d26881c32f50c7b2bf6cdd258c804c27c0415b2d68f7e99a5", "size": 3174, "artifact_path": "wandb-client-artifact://3v4ewpdfixg2olz3jo9weo42gckwt2xxqn3vf4wv9nrjon9fmnutxh6u8zq76t2ywyhnrr7te3xuhd3pe9z3qwsk8bqsfmlr874kzpet8jvhrreuqzfrskxix2qu1qx4:latest/confusion_matrix_table.table.json", "_latest_artifact_path": "wandb-client-artifact://3v4ewpdfixg2olz3jo9weo42gckwt2xxqn3vf4wv9nrjon9fmnutxh6u8zq76t2ywyhnrr7te3xuhd3pe9z3qwsk8bqsfmlr874kzpet8jvhrreuqzfrskxix2qu1qx4:latest/confusion_matrix_table.table.json", "path": "media/table/confusion_matrix_table_19_329afa8f8a06c24d2688.table.json", "ncols": 3, "nrows": 100}, "_wandb": {"runtime": 142}}