{"Epoch ": 24, "Training loss ": 0.16174842508703696, "Training accuracy ": 0.8873703703703704, "Validation loss ": 0.17655947831774715, "Validation accuracy ": 0.8781666666666667, "Testing loss ": 0.19086965669456468, "Testing accuracy ": 0.8676, "_timestamp": 1709184304.6658328, "_runtime": 140.28788876533508, "_step": 49, "confusion_matrix_table": {"_type": "table-file", "sha256": "5b19bb32b65a728c2cd877327d95d39e389cdde55e5d4be7c82878dbce4024aa", "size": 3173, "artifact_path": "wandb-client-artifact://1t0576bnz64lxjs4tfwsvci89vdbvboq5gi21xcnr1j55odb38uokd9dztl2vwrcmmr7uktajef26ylzvw890xtabws3c1s8mkwb5i1l8qx6mytz0vgc7fkxqsr01eeh:latest/confusion_matrix_table.table.json", "_latest_artifact_path": "wandb-client-artifact://1t0576bnz64lxjs4tfwsvci89vdbvboq5gi21xcnr1j55odb38uokd9dztl2vwrcmmr7uktajef26ylzvw890xtabws3c1s8mkwb5i1l8qx6mytz0vgc7fkxqsr01eeh:latest/confusion_matrix_table.table.json", "path": "media/table/confusion_matrix_table_49_5b19bb32b65a728c2cd8.table.json", "ncols": 3, "nrows": 100}, "_wandb": {"runtime": 139}}