{"Epoch ": 24, "Training loss ": 0.35807300219651167, "Training accuracy ": 0.8743518518518518, "Validation loss ": 0.3974265771374233, "Validation accuracy ": 0.8591666666666666, "Testing loss ": 0.40592159802865346, "Testing accuracy ": 0.8553, "_timestamp": 1709456073.3318212, "_runtime": 25.68850326538086, "_step": 49, "confusion_matrix_table": {"_type": "table-file", "sha256": "8d9a58fb064f2bb4507a00cb0eb8cfa2c9b37fced74aa037726af93a504be38e", "size": 3172, "artifact_path": "wandb-client-artifact://putflj65rlythg1zxb5cvfe97r892fdle2sazvr4ia4iqhrsmec5ynewn3ibry65wzy2qnyip1mcvr1dkw8rm7yoclwyufxza7wecxcmmllanb6wg957dksar1m3z308:latest/confusion_matrix_table.table.json", "_latest_artifact_path": "wandb-client-artifact://putflj65rlythg1zxb5cvfe97r892fdle2sazvr4ia4iqhrsmec5ynewn3ibry65wzy2qnyip1mcvr1dkw8rm7yoclwyufxza7wecxcmmllanb6wg957dksar1m3z308:latest/confusion_matrix_table.table.json", "path": "media/table/confusion_matrix_table_49_8d9a58fb064f2bb4507a.table.json", "ncols": 3, "nrows": 100}, "_wandb": {"runtime": 24}}