{"Epoch ": 19, "Training loss ": 0.1813591687345658, "Training accuracy ": 0.8692962962962963, "Validation loss ": 0.20838745382182497, "Validation accuracy ": 0.849, "Testing loss ": 0.2245343275762088, "Testing accuracy ": 0.8396, "_timestamp": 1709186402.2814586, "_runtime": 130.017347574234, "_step": 39, "confusion_matrix_table": {"_type": "table-file", "sha256": "2b543a4266882b978309c44d564e69af041b2e8d04325c9ec8b3537b1ff345cb", "size": 3174, "artifact_path": "wandb-client-artifact://0wjx1pyzif540y3c1ra4ucym03h0geqvjqtplc1m4w8fuojy08by1lm67rv31zha9u8zsmd321sbmpw37jyyx8pkt4skzwke3g76iektg4mi8czwvwh6re3txu3vqc8m:latest/confusion_matrix_table.table.json", "_latest_artifact_path": "wandb-client-artifact://0wjx1pyzif540y3c1ra4ucym03h0geqvjqtplc1m4w8fuojy08by1lm67rv31zha9u8zsmd321sbmpw37jyyx8pkt4skzwke3g76iektg4mi8czwvwh6re3txu3vqc8m:latest/confusion_matrix_table.table.json", "path": "media/table/confusion_matrix_table_39_2b543a4266882b978309.table.json", "ncols": 3, "nrows": 100}, "_wandb": {"runtime": 129}}