{"Epoch ": 4, "Training loss ": 1.9266513468621091, "Training accuracy ": 0.48205555555555557, "Validation loss ": 1.928943496123046, "Validation accuracy ": 0.4871666666666667, "Testing loss ": 1.9276358546249726, "Testing accuracy ": 0.4783, "_timestamp": 1709096850.5990067, "_runtime": 16.014747619628906, "_step": 4, "_wandb": {"runtime": 15}}