{"Epoch ": 24, "Training loss ": 2.227921527388414, "Training accuracy ": 0.1832777777777778, "Validation loss ": 2.227192794925372, "Validation accuracy": 0.182, "Testing loss ": 2.228629908527665, "Testing accuracy ": 0.1858, "_timestamp": 1709125522.0799716, "_runtime": 60.84160256385803, "_step": 49, "confusion_matrix_table": {"_type": "table-file", "sha256": "ae7625b490038a20cf810137e0a724465a1dd820d506d0d8ddead80060c4a41f", "size": 3207, "artifact_path": "wandb-client-artifact://g9spgfngrurlxfqmehv09nxdlwhsocq66d9jno0mr9dw8dzb54urzllzz2k1ff106p315h3998e5pu0a6iwyrrynrlz6cnxlvwqsps6xxyybzmuyjmiirkhbwcp205f9:latest/confusion_matrix_table.table.json", "_latest_artifact_path": "wandb-client-artifact://g9spgfngrurlxfqmehv09nxdlwhsocq66d9jno0mr9dw8dzb54urzllzz2k1ff106p315h3998e5pu0a6iwyrrynrlz6cnxlvwqsps6xxyybzmuyjmiirkhbwcp205f9:latest/confusion_matrix_table.table.json", "path": "media/table/confusion_matrix_table_49_ae7625b490038a20cf81.table.json", "ncols": 3, "nrows": 100}, "_wandb": {"runtime": 60}}