{"Epoch ": 29, "Training loss ": 0.22399578360524175, "Training accuracy ": 0.8466296296296296, "Validation loss ": 0.22266520543753926, "Validation accuracy ": 0.8516666666666667, "Testing loss ": 0.24177625958685572, "Testing accuracy ": 0.8316, "_timestamp": 1709313725.3960438, "_runtime": 64.36653280258179, "_step": 59, "confusion_matrix_table": {"_type": "table-file", "sha256": "03eb191b79354a55b6e42a6fe3744fe8e69a127e1ddf132e81ff142533da4b62", "size": 3177, "artifact_path": "wandb-client-artifact://xkay9xaxwcwx4htb3p75dy9tt8tc0ryxh5glhuskc1rdkri56bj2kk0zwiecxvhdj0np5or8mfnvn4itay2l6m52odh9a6lewqr0atrsqvvr7ogfsjlar66ujl42kes5:latest/confusion_matrix_table.table.json", "_latest_artifact_path": "wandb-client-artifact://xkay9xaxwcwx4htb3p75dy9tt8tc0ryxh5glhuskc1rdkri56bj2kk0zwiecxvhdj0np5or8mfnvn4itay2l6m52odh9a6lewqr0atrsqvvr7ogfsjlar66ujl42kes5:latest/confusion_matrix_table.table.json", "path": "media/table/confusion_matrix_table_59_03eb191b79354a55b6e4.table.json", "ncols": 3, "nrows": 100}, "_wandb": {"runtime": 63}}