{"Epoch ": 14, "Training loss ": 0.17639381971072654, "Training accuracy ": 0.8812222222222222, "Validation loss ": 0.18853866005437275, "Validation accuracy ": 0.8708333333333333, "Testing loss ": 0.20617927673573705, "Testing accuracy ": 0.8596, "_timestamp": 1709535438.716101, "_runtime": 25.71814203262329, "_step": 29, "confusion_matrix_table": {"_type": "table-file", "sha256": "33cb721e0083db1edfde7019a1d705ee47ae98143cf32c9216af38e8088bc344", "size": 3177, "artifact_path": "wandb-client-artifact://q0ybpfaqn1u3eoktjr14had6co196uvytzdj5msdyrb9a15n95p6eddqx2b1yxqn0g0aenzmu36n095nc988zlzgiawd7xftd97q0mk98iy5ikqbpv26xpb03lro5cjj:latest/confusion_matrix_table.table.json", "_latest_artifact_path": "wandb-client-artifact://q0ybpfaqn1u3eoktjr14had6co196uvytzdj5msdyrb9a15n95p6eddqx2b1yxqn0g0aenzmu36n095nc988zlzgiawd7xftd97q0mk98iy5ikqbpv26xpb03lro5cjj:latest/confusion_matrix_table.table.json", "path": "media/table/confusion_matrix_table_29_33cb721e0083db1edfde.table.json", "ncols": 3, "nrows": 100}, "_wandb": {"runtime": 24}}