{"Epoch ": 4, "Training loss ": 0.8451295633831036, "Training accuracy ": 0.7476481481481482, "Validation loss ": 0.8393699452821857, "Validation accuracy ": 0.7503333333333333, "Testing loss ": 0.8564374016200914, "Testing accuracy ": 0.7392, "_timestamp": 1709452375.703823, "_runtime": 20.834614992141724, "_step": 9, "confusion_matrix_table": {"_type": "table-file", "sha256": "7c1f80df739a5a7d3d07c6c9a57fe044c2df2d7503b952e961fea88e545daf20", "size": 3185, "artifact_path": "wandb-client-artifact://gjfkg7391e8d38kzc5el4ssq9uoqaf32dfpqpeiifs1q8immqaqop5q2b20df9o0viosyofkonjdrltcr41rhny97aiqkbg6qdyg15upjd4k1qnebyumb1xj7mgbblii:latest/confusion_matrix_table.table.json", "_latest_artifact_path": "wandb-client-artifact://gjfkg7391e8d38kzc5el4ssq9uoqaf32dfpqpeiifs1q8immqaqop5q2b20df9o0viosyofkonjdrltcr41rhny97aiqkbg6qdyg15upjd4k1qnebyumb1xj7mgbblii:latest/confusion_matrix_table.table.json", "path": "media/table/confusion_matrix_table_9_7c1f80df739a5a7d3d07.table.json", "ncols": 3, "nrows": 100}, "_wandb": {"runtime": 20}}