{"Epoch ": 24, "Training loss ": 0.18660017479043883, "Training accuracy ": 0.8722037037037037, "Validation loss ": 0.2120450305482584, "Validation accuracy ": 0.8525, "Testing loss ": 0.22241811038105233, "Testing accuracy ": 0.8487, "_timestamp": 1709150560.9959147, "_runtime": 61.7423677444458, "_step": 49, "confusion_matrix_table": {"_type": "table-file", "sha256": "69756c20917d6b363cc1afe05d1daf14a3b961486a10a237c65258115a2cf353", "size": 3171, "artifact_path": "wandb-client-artifact://hwton0vng1a9gyk84h54vzqc57nuk17kp9kc7cs87wpvitppz4pbekw0melrhzgevm36mpmds1z6u1qnpnopc2cm0erpmtks1pzudraze35vm49c4aepxcosi75twvpl:latest/confusion_matrix_table.table.json", "_latest_artifact_path": "wandb-client-artifact://hwton0vng1a9gyk84h54vzqc57nuk17kp9kc7cs87wpvitppz4pbekw0melrhzgevm36mpmds1z6u1qnpnopc2cm0erpmtks1pzudraze35vm49c4aepxcosi75twvpl:latest/confusion_matrix_table.table.json", "path": "media/table/confusion_matrix_table_49_69756c20917d6b363cc1.table.json", "ncols": 3, "nrows": 100}, "_wandb": {"runtime": 53}}