{"Epoch ": 29, "Training loss ": 0.029422062694712557, "Training accuracy ": 0.9896111111111111, "Validation loss ": 0.14776552624444134, "Validation accuracy ": 0.9691666666666666, "Testing loss ": 0.14334214042282048, "Testing accuracy ": 0.9681, "_timestamp": 1709492016.1632917, "_runtime": 237.8152997493744, "_step": 59, "confusion_matrix_table": {"_type": "table-file", "sha256": "952ef5b7df6763752ce11f7f2662a1ba82df2f2277e915168b7a57254335d66c", "size": 3152, "artifact_path": "wandb-client-artifact://htpgegcmszfnzfaw77hpgi7npa56zjgnt9ufl2o2ipjqo67cqv86tpci3q3zmklg8x22arj8mdt5hu3bqa6bco8e6z4bql7tv8xorh3xkr5vk53ix1ndh2m54nguaa94:latest/confusion_matrix_table.table.json", "_latest_artifact_path": "wandb-client-artifact://htpgegcmszfnzfaw77hpgi7npa56zjgnt9ufl2o2ipjqo67cqv86tpci3q3zmklg8x22arj8mdt5hu3bqa6bco8e6z4bql7tv8xorh3xkr5vk53ix1ndh2m54nguaa94:latest/confusion_matrix_table.table.json", "path": "media/table/confusion_matrix_table_59_952ef5b7df6763752ce1.table.json", "ncols": 3, "nrows": 100}, "_wandb": {"runtime": 236}}