{"Epoch ": 19, "Training loss ": 0.29128654500725426, "Training accuracy ": 0.7954629629629629, "Validation loss ": 0.29402084062718975, "Validation accuracy ": 0.791, "Testing loss ": 0.3033503557401915, "Testing accuracy ": 0.7866, "_timestamp": 1709570345.0909998, "_runtime": 122.5690667629242, "_step": 39, "confusion_matrix_table": {"_type": "table-file", "sha256": "6f0b5f0db7e96b6f6b67b09c166c7760d985a3b7f092fce8e8c5642542ebd7df", "size": 3174, "artifact_path": "wandb-client-artifact://36cjnepgxarh5dkzfqnb15hkgt5qej7ou16v1lw51qe7uf8cuup5uhdmonw3j144h66vnzf6ymwq01osex3ui4uycfzd00f28aa79lcax16iwoy0vvaqp9vplgbqo4xs:latest/confusion_matrix_table.table.json", "_latest_artifact_path": "wandb-client-artifact://36cjnepgxarh5dkzfqnb15hkgt5qej7ou16v1lw51qe7uf8cuup5uhdmonw3j144h66vnzf6ymwq01osex3ui4uycfzd00f28aa79lcax16iwoy0vvaqp9vplgbqo4xs:latest/confusion_matrix_table.table.json", "path": "media/table/confusion_matrix_table_39_6f0b5f0db7e96b6f6b67.table.json", "ncols": 3, "nrows": 100}, "_wandb": {"runtime": 121}}