{"Epoch ": 4, "Training loss ": 2.302785359524457, "Training accuracy ": 0.1, "Validation loss ": 2.302785359582364, "Validation accuracy ": 0.1, "Testing loss ": 2.3027853595569567, "Testing accuracy ": 0.1, "_timestamp": 1709097204.0258312, "_runtime": 13.719627141952515, "_step": 4, "_wandb": {"runtime": 12}}