{"Epoch ": 29, "Training loss ": 0.26285701288830277, "Training accuracy ": 0.9027777777777778, "Validation loss ": 0.4275832665597203, "Validation accuracy ": 0.8751666666666666, "Testing loss ": 0.445054791652344, "Testing accuracy ": 0.8658, "_timestamp": 1709295259.4586058, "_runtime": 854.1091086864471, "_step": 59, "confusion_matrix_table": {"_type": "table-file", "sha256": "327e7e5d3dc8eac2239b24bfc5885e8c70a026063d17f4dab358952d04a1a594", "size": 3173, "artifact_path": "wandb-client-artifact://vb5x1te3qmmr8g02yopzwdwms8clvi6iysm01eg8ld0qn35kx55ox9ps3dubra1x0lnjyv5i0w0jt1hjjnp09ioe2ikacpx0npkofb3jtk4dhibb88mxai9gl2f4eqpy:latest/confusion_matrix_table.table.json", "_latest_artifact_path": "wandb-client-artifact://vb5x1te3qmmr8g02yopzwdwms8clvi6iysm01eg8ld0qn35kx55ox9ps3dubra1x0lnjyv5i0w0jt1hjjnp09ioe2ikacpx0npkofb3jtk4dhibb88mxai9gl2f4eqpy:latest/confusion_matrix_table.table.json", "path": "media/table/confusion_matrix_table_59_327e7e5d3dc8eac2239b.table.json", "ncols": 3, "nrows": 100}, "_wandb": {"runtime": 853}}