{"Epoch ": 4, "Training loss ": 0.3818142281935354, "Training accuracy ": 0.8581666666666666, "Validation loss ": 0.40884024422115195, "Validation accuracy ": 0.8463333333333334, "Testing loss ": 0.44323718301642895, "Testing accuracy ": 0.8345, "_timestamp": 1709450443.2943575, "_runtime": 56.42535161972046, "_step": 9, "confusion_matrix_table": {"_type": "table-file", "sha256": "6193138e44348895d5710d4ecd4ce98e23c1f39eb08a8db6cdefe5475d07f88d", "size": 3171, "artifact_path": "wandb-client-artifact://3kns91qez3uh1buihh0ahf1d5cl66eyjboqr6iaij82hl7vssl1qs2wldebytjb23c5uemo4k9w8n6dbfzl1fdx1ihftm381lwj3ao8nx4kaorj2ftqekbzsbjgzy01s:latest/confusion_matrix_table.table.json", "_latest_artifact_path": "wandb-client-artifact://3kns91qez3uh1buihh0ahf1d5cl66eyjboqr6iaij82hl7vssl1qs2wldebytjb23c5uemo4k9w8n6dbfzl1fdx1ihftm381lwj3ao8nx4kaorj2ftqekbzsbjgzy01s:latest/confusion_matrix_table.table.json", "path": "media/table/confusion_matrix_table_9_6193138e44348895d571.table.json", "ncols": 3, "nrows": 100}, "_wandb": {"runtime": 55}}