{"Epoch ": 9, "Training loss ": 0.7422642259191821, "Training accuracy ": 0.7547777777777778, "Validation loss ": 0.7304435190297449, "Validation accuracy ": 0.7595, "Testing loss ": 0.7606240997019068, "Testing accuracy ": 0.7455, "_timestamp": 1709301083.3183749, "_runtime": 90.79489088058472, "_step": 19, "confusion_matrix_table": {"_type": "table-file", "sha256": "439ac74e86fea11c31c9fba39b43bb5779b1e4d6ba0709319048c6da0f6962a1", "size": 3186, "artifact_path": "wandb-client-artifact://v1zy28ckpzgzui18ugsz3ye0tvd6ymz1o5frxn4fwhen4r9w22h5y3czj2dwctzvhliyoyickt7kre8hknqpjh1sp0matsxla5psrp4yx4wy89o902j7yyls5emjysra:latest/confusion_matrix_table.table.json", "_latest_artifact_path": "wandb-client-artifact://v1zy28ckpzgzui18ugsz3ye0tvd6ymz1o5frxn4fwhen4r9w22h5y3czj2dwctzvhliyoyickt7kre8hknqpjh1sp0matsxla5psrp4yx4wy89o902j7yyls5emjysra:latest/confusion_matrix_table.table.json", "path": "media/table/confusion_matrix_table_19_439ac74e86fea11c31c9.table.json", "ncols": 3, "nrows": 100}, "_wandb": {"runtime": 89}}