{"Epoch ": 19, "Training loss ": 0.19459672381518317, "Training accuracy ": 0.869537037037037, "Validation loss ": 0.19542763799134763, "Validation accuracy ": 0.8673333333333333, "Testing loss ": 0.21640176219518356, "Testing accuracy ": 0.8526, "_timestamp": 1709313813.2767906, "_runtime": 66.78721857070923, "_step": 39, "confusion_matrix_table": {"_type": "table-file", "sha256": "8441067d6f5cd2838b9aae3d33c83e503ed996d02fab1ba8d834412b01c70aef", "size": 3175, "artifact_path": "wandb-client-artifact://2jom0w6sxu7r8svy2mkkwkmkwzuqdgf7syxxc0v84rtrwwnb0zpbh6da8vjvogpcedjqdadwtb3hb9tdz30gddknpjox9smqs28nnlya49ev9t0f9cmcq8fey1tfw2nc:latest/confusion_matrix_table.table.json", "_latest_artifact_path": "wandb-client-artifact://2jom0w6sxu7r8svy2mkkwkmkwzuqdgf7syxxc0v84rtrwwnb0zpbh6da8vjvogpcedjqdadwtb3hb9tdz30gddknpjox9smqs28nnlya49ev9t0f9cmcq8fey1tfw2nc:latest/confusion_matrix_table.table.json", "path": "media/table/confusion_matrix_table_39_8441067d6f5cd2838b9a.table.json", "ncols": 3, "nrows": 100}, "_wandb": {"runtime": 66}}