{"Epoch ": 29, "Training loss ": 0.3926620091963636, "Training accuracy ": 0.8662592592592593, "Validation loss ": 0.40291192936082737, "Validation accuracy ": 0.8606666666666667, "Testing loss ": 0.43101536861773704, "Testing accuracy ": 0.8494, "_timestamp": 1709131814.7098238, "_runtime": 110.66092681884766, "_step": 59, "confusion_matrix_table": {"_type": "table-file", "sha256": "0feea1c19c4f6966c82cd8d5c96a90141d7e1dac9f7f12cabcdb666fd9edd753", "size": 3175, "artifact_path": "wandb-client-artifact://4bxstl18wnl15m5faqe2ruodebi2j2xpxxyxw2s5y4lp31q4yvlp8k80nni4iam4n022jwlohf6fp59f27jqyyej2kxekc2josp28qwt91xpewnypx9x0f1obiosjk3o:latest/confusion_matrix_table.table.json", "_latest_artifact_path": "wandb-client-artifact://4bxstl18wnl15m5faqe2ruodebi2j2xpxxyxw2s5y4lp31q4yvlp8k80nni4iam4n022jwlohf6fp59f27jqyyej2kxekc2josp28qwt91xpewnypx9x0f1obiosjk3o:latest/confusion_matrix_table.table.json", "path": "media/table/confusion_matrix_table_59_0feea1c19c4f6966c82c.table.json", "ncols": 3, "nrows": 100}, "_wandb": {"runtime": 109}}