{"Epoch ": 24, "Training loss ": 0.16984914827303974, "Training accuracy ": 0.9514259259259259, "Validation loss ": 0.18989610991550188, "Validation accuracy ": 0.9456666666666667, "Testing loss ": 0.17706267843522128, "Testing accuracy ": 0.9488, "_timestamp": 1709495503.6014843, "_runtime": 321.297913312912, "_step": 49, "confusion_matrix_table": {"_type": "table-file", "sha256": "d21af3db48c25d247093318cafc8d0704d8c7f02cd4f75ad75fb08f8085cbab5", "size": 3164, "artifact_path": "wandb-client-artifact://jap4uxq8cmmrikqs0nolfqnfc7n0yxsh65f4hff2y1jxyvkhb7cuawceo18dup2fsdlc509ouhi95fpgjzwu98p7ykkkud0kmbrrs4kor0g3fmtc02hskesko41ytmir:latest/confusion_matrix_table.table.json", "_latest_artifact_path": "wandb-client-artifact://jap4uxq8cmmrikqs0nolfqnfc7n0yxsh65f4hff2y1jxyvkhb7cuawceo18dup2fsdlc509ouhi95fpgjzwu98p7ykkkud0kmbrrs4kor0g3fmtc02hskesko41ytmir:latest/confusion_matrix_table.table.json", "path": "media/table/confusion_matrix_table_49_d21af3db48c25d247093.table.json", "ncols": 3, "nrows": 100}, "_wandb": {"runtime": 320}}