{"Epoch ": 19, "Training loss ": 0.4424202215966403, "Training accuracy ": 0.6550925925925926, "Validation loss ": 0.44770236149381687, "Validation accuracy ": 0.6471666666666667, "Testing loss ": 0.4529753122078042, "Testing accuracy ": 0.6453, "_timestamp": 1709300982.1013784, "_runtime": 47.75965452194214, "_step": 39, "confusion_matrix_table": {"_type": "table-file", "sha256": "ce9e529faa1a8bd5afd8d90f5156634155ce82c24630da3d8353cb8063de8ccb", "size": 3184, "artifact_path": "wandb-client-artifact://ozduki84zh9w8owjjv394vs4r3ozag1v697zcshrt3zusldn2zmmpnf2lqmu1nm216bcq8maok15friz9w38tk5whwt1fhvm20dcfdu03fnanhuyvmnmx62ua2avjn8s:latest/confusion_matrix_table.table.json", "_latest_artifact_path": "wandb-client-artifact://ozduki84zh9w8owjjv394vs4r3ozag1v697zcshrt3zusldn2zmmpnf2lqmu1nm216bcq8maok15friz9w38tk5whwt1fhvm20dcfdu03fnanhuyvmnmx62ua2avjn8s:latest/confusion_matrix_table.table.json", "path": "media/table/confusion_matrix_table_39_ce9e529faa1a8bd5afd8.table.json", "ncols": 3, "nrows": 100}, "_wandb": {"runtime": 46}}