{"Epoch ": 29, "Training loss ": 0.23059634051764638, "Training accuracy ": 0.9143703703703704, "Validation loss ": 0.3705804222174521, "Validation accuracy ": 0.8781666666666667, "Testing loss ": 0.4049326231004559, "Testing accuracy ": 0.8682, "_timestamp": 1709295567.1012392, "_runtime": 92.91563820838928, "_step": 59, "confusion_matrix_table": {"_type": "table-file", "sha256": "de9aca5c8bb4dca2540a23ded12d9ad8593f6d28f05121d6ecf4807dbbd339f6", "size": 3173, "artifact_path": "wandb-client-artifact://nognwxydsfh3zooaynjjbqa73yczqt5deb5pfl4pb7w542nad69m1uwm1lauztgixl54rle3cobll7ugbo2pqnmduxn20t7gai5r1fgo0ycxsy2vyvc9q8iil5h31wqt:latest/confusion_matrix_table.table.json", "_latest_artifact_path": "wandb-client-artifact://nognwxydsfh3zooaynjjbqa73yczqt5deb5pfl4pb7w542nad69m1uwm1lauztgixl54rle3cobll7ugbo2pqnmduxn20t7gai5r1fgo0ycxsy2vyvc9q8iil5h31wqt:latest/confusion_matrix_table.table.json", "path": "media/table/confusion_matrix_table_59_de9aca5c8bb4dca2540a.table.json", "ncols": 3, "nrows": 100}, "_wandb": {"runtime": 92}}