{"Epoch ": 14, "Training loss ": 0.19073108016753476, "Training accuracy ": 0.8748333333333334, "Validation loss ": 0.20025019948104944, "Validation accuracy ": 0.8618333333333333, "Testing loss ": 0.21554064835588438, "Testing accuracy ": 0.8548, "_timestamp": 1709148025.880522, "_runtime": 33.16086506843567, "_step": 29, "confusion_matrix_table": {"_type": "table-file", "sha256": "9d6343351e5bcc45ef63558cf7d4dc27a49d8c161ff02528d493c15ae092bea6", "size": 3173, "artifact_path": "wandb-client-artifact://kh97vy8ojhdjoockpbmzlf6ku03tkcqhjotishi9tp387lvzrtbvmdm62xhn9kpj4mijghbi9pfcmwtk2mi1b7vbx7vbhhyl51a7seiydg79a7g72rbg0m422s8pi847:latest/confusion_matrix_table.table.json", "_latest_artifact_path": "wandb-client-artifact://kh97vy8ojhdjoockpbmzlf6ku03tkcqhjotishi9tp387lvzrtbvmdm62xhn9kpj4mijghbi9pfcmwtk2mi1b7vbx7vbhhyl51a7seiydg79a7g72rbg0m422s8pi847:latest/confusion_matrix_table.table.json", "path": "media/table/confusion_matrix_table_29_9d6343351e5bcc45ef63.table.json", "ncols": 3, "nrows": 100}, "_wandb": {"runtime": 32}}