{"Epoch ": 14, "Training loss ": 0.20953644665000423, "Training accuracy ": 0.8599259259259259, "Validation loss ": 0.22010126022647072, "Validation accuracy ": 0.8503333333333334, "Testing loss ": 0.2283105433235001, "Testing accuracy ": 0.8432, "_timestamp": 1709184505.3862982, "_runtime": 95.54597520828247, "_step": 29, "confusion_matrix_table": {"_type": "table-file", "sha256": "51842d021b9463ecc219d47df38c761f4beaafc495df131d211a9f3b2caa3d9e", "size": 3175, "artifact_path": "wandb-client-artifact://7gqerivj9m06vkjqas712q1r6e18umeokt4zkpun8epwv3m51uc75alfrbf9ka82r6selk1wqrethw4o3byqqba8p3z2mlus96cactp35oypuo9c1pgmyl661wcb2jui:latest/confusion_matrix_table.table.json", "_latest_artifact_path": "wandb-client-artifact://7gqerivj9m06vkjqas712q1r6e18umeokt4zkpun8epwv3m51uc75alfrbf9ka82r6selk1wqrethw4o3byqqba8p3z2mlus96cactp35oypuo9c1pgmyl661wcb2jui:latest/confusion_matrix_table.table.json", "path": "media/table/confusion_matrix_table_29_51842d021b9463ecc219.table.json", "ncols": 3, "nrows": 100}, "_wandb": {"runtime": 94}}