{"Epoch ": 4, "Training loss ": 0.45433503450568313, "Training accuracy ": 0.6137222222222222, "Validation loss ": 0.45911533370876345, "Validation accuracy ": 0.6131666666666666, "Testing loss ": 0.4691106998710443, "Testing accuracy ": 0.605, "_timestamp": 1709400129.5816424, "_runtime": 19.493030309677124, "_step": 9, "confusion_matrix_table": {"_type": "table-file", "sha256": "4011e3c32a92c072e2b46656bf67d0dc1f367186caa9617568aea1a93ecc7410", "size": 3186, "artifact_path": "wandb-client-artifact://tysvdy0t076eznuda06js3tfquir5jhvytxmncgzin83krw1406cvgxqddh32ubf185ult11n3w3nsu8jv64o2nmeci0mhzfx2purijrmex2rxwlarwrjrbfuh7j5o39:latest/confusion_matrix_table.table.json", "_latest_artifact_path": "wandb-client-artifact://tysvdy0t076eznuda06js3tfquir5jhvytxmncgzin83krw1406cvgxqddh32ubf185ult11n3w3nsu8jv64o2nmeci0mhzfx2purijrmex2rxwlarwrjrbfuh7j5o39:latest/confusion_matrix_table.table.json", "path": "media/table/confusion_matrix_table_9_4011e3c32a92c072e2b4.table.json", "ncols": 3, "nrows": 100}, "_wandb": {"runtime": 18}}