{"Epoch ": 4, "Training loss ": 0.5314250899804843, "Training accuracy ": 0.8231296296296297, "Validation loss ": 0.5306139023424312, "Validation accuracy": 0.8161666666666667, "Testing loss ": 0.5533068061358264, "Testing accuracy ": 0.8103, "_timestamp": 1709124301.2631826, "_runtime": 15.031952619552612, "_step": 9, "confusion_matrix_table": {"_type": "table-file", "sha256": "d0aa5eccf42f3cebd6a19b411277e34fa94df5a71f6db4845bc0a8e492205751", "size": 3179, "artifact_path": "wandb-client-artifact://pv639xbf440l378prqqqyhfex5qo95u3z810gmhw0pmddnqaphmer1f5qmbyd0khz73ktqsk92w1uorgos70129aal8biw7b22d279euf5ab2qpab4pjm4kjmpwp6zki:latest/confusion_matrix_table.table.json", "_latest_artifact_path": "wandb-client-artifact://pv639xbf440l378prqqqyhfex5qo95u3z810gmhw0pmddnqaphmer1f5qmbyd0khz73ktqsk92w1uorgos70129aal8biw7b22d279euf5ab2qpab4pjm4kjmpwp6zki:latest/confusion_matrix_table.table.json", "path": "media/table/confusion_matrix_table_9_d0aa5eccf42f3cebd6a1.table.json", "ncols": 3, "nrows": 100}, "_wandb": {"runtime": 13}}