{"Epoch ": 4, "Training loss ": 0.4469649196395714, "Training accuracy ": 0.8425185185185186, "Validation loss ": 0.4373802324029592, "Validation accuracy ": 0.8505, "Testing loss ": 0.4793488558421934, "Testing accuracy ": 0.8312, "_timestamp": 1709311815.986897, "_runtime": 28.35027503967285, "_step": 9, "confusion_matrix_table": {"_type": "table-file", "sha256": "62bb363c1295c7e06130687346ef6bcd7110b27dabd2b68d36118bfa1e4b04c7", "size": 3179, "artifact_path": "wandb-client-artifact://trtnim4sifeudn07lbutbo3u9je17dcsdqwlt0bqt641ivsv2r84fcqy16hrlg3j2q6f8xpis06frgg0k30hrbp0w4axvt2cdlibbezv66a4t5msgl49rvudybvu22rq:latest/confusion_matrix_table.table.json", "_latest_artifact_path": "wandb-client-artifact://trtnim4sifeudn07lbutbo3u9je17dcsdqwlt0bqt641ivsv2r84fcqy16hrlg3j2q6f8xpis06frgg0k30hrbp0w4axvt2cdlibbezv66a4t5msgl49rvudybvu22rq:latest/confusion_matrix_table.table.json", "path": "media/table/confusion_matrix_table_9_62bb363c1295c7e06130.table.json", "ncols": 3, "nrows": 100}, "_wandb": {"runtime": 27}}