{"Epoch ": 4, "Training loss ": 0.814055820491567, "Training accuracy ": 0.4185, "Validation loss ": 0.8148076299286049, "Validation accuracy ": 0.4126666666666667, "Testing loss ": 0.8150744285891617, "Testing accuracy ": 0.4156, "_timestamp": 1709142357.7965338, "_runtime": 19.091323852539062, "_step": 9, "confusion_matrix_table": {"_type": "table-file", "sha256": "225f0071cb0161e047e53cea2485887e9d5035046471853c3bd66a140d3fffa6", "size": 3206, "artifact_path": "wandb-client-artifact://2kho5svhf35ktjfeh8twq0u54yhzlz7lkklot4yfgcx7o6uj79oazx39cij1h96exedpmc6osxmfxcppr2rognmjdkp32lqb7gkwu6t107jxyqvuqtbgej3ngt3ft4a4:latest/confusion_matrix_table.table.json", "_latest_artifact_path": "wandb-client-artifact://2kho5svhf35ktjfeh8twq0u54yhzlz7lkklot4yfgcx7o6uj79oazx39cij1h96exedpmc6osxmfxcppr2rognmjdkp32lqb7gkwu6t107jxyqvuqtbgej3ngt3ft4a4:latest/confusion_matrix_table.table.json", "path": "media/table/confusion_matrix_table_9_225f0071cb0161e047e5.table.json", "ncols": 3, "nrows": 100}, "_wandb": {"runtime": 18}}