{"Epoch": 14, "Training loss": 0.15940630306798068, "Training accuracy": 0.8896851851851851, "Validation loss": 0.18909235828038204, "Validation accuracy": 0.8706666666666667, "Testing loss": 0.19333319795263101, "Testing accuracy": 0.8648, "_timestamp": 1709116387.2423356, "_runtime": 26.443378448486328, "_step": 29, "confusion_matrix_table": {"_type": "table-file", "sha256": "889cc0746f89bc32c1bbec32432f637cc35f2e7c83d2231ab55781344e9fcee2", "size": 3174, "artifact_path": "wandb-client-artifact://5kdy1tiz5j3vyui0ysc38urpbry5205h60svapg477pifcnw67gehmblp7fd09dm7mc3cxakq70qwf92fs76yj430q1bbzpupjmd8juakzwz5gv3bc5lehnszwt6j5q7:latest/confusion_matrix_table.table.json", "_latest_artifact_path": "wandb-client-artifact://5kdy1tiz5j3vyui0ysc38urpbry5205h60svapg477pifcnw67gehmblp7fd09dm7mc3cxakq70qwf92fs76yj430q1bbzpupjmd8juakzwz5gv3bc5lehnszwt6j5q7:latest/confusion_matrix_table.table.json", "path": "media/table/confusion_matrix_table_29_889cc0746f89bc32c1bb.table.json", "ncols": 3, "nrows": 100}, "_wandb": {"runtime": 25}}