{"Epoch ": 9, "Training loss ": 0.4214766609598726, "Training accuracy ": 0.8472962962962963, "Validation loss ": 0.46421525770054145, "Validation accuracy ": 0.8341666666666666, "Testing loss ": 0.48981773231757, "Testing accuracy ": 0.8271, "_timestamp": 1709453938.1707804, "_runtime": 28.602031469345093, "_step": 19, "confusion_matrix_table": {"_type": "table-file", "sha256": "2e7d81199733ad051769d7721f48b30d2fd174052e1c90c1b979a220c8c1cb66", "size": 3176, "artifact_path": "wandb-client-artifact://vxx1d1v3b83zoemam3ox5xzhv7kuojhbjws8ysvbwkvyt5b04coucn4zkc84979y154gv2o06j5kyflis8ut9sjy91rwygup77g2gnx29mgwgv2z3lbw65zgsfh6aj99:latest/confusion_matrix_table.table.json", "_latest_artifact_path": "wandb-client-artifact://vxx1d1v3b83zoemam3ox5xzhv7kuojhbjws8ysvbwkvyt5b04coucn4zkc84979y154gv2o06j5kyflis8ut9sjy91rwygup77g2gnx29mgwgv2z3lbw65zgsfh6aj99:latest/confusion_matrix_table.table.json", "path": "media/table/confusion_matrix_table_19_2e7d81199733ad051769.table.json", "ncols": 3, "nrows": 100}, "_wandb": {"runtime": 27}}