{"Epoch ": 29, "Training loss ": 0.1580099569372343, "Training accuracy ": 0.8906851851851851, "Validation loss ": 0.19776254189460524, "Validation accuracy ": 0.8683333333333333, "Testing loss ": 0.20967560898328652, "Testing accuracy ": 0.8579, "_timestamp": 1709307761.0119693, "_runtime": 213.70318627357483, "_step": 59, "confusion_matrix_table": {"_type": "table-file", "sha256": "2685a71ca6b6562e477e4f5ab427e81ea32fa16c49d7698a1d55a6cc91d8da46", "size": 3174, "artifact_path": "wandb-client-artifact://9hm7ey9kqeu2ti0rqt13nfx4rq6pkzet15cwo5sxpomgp1p8t7ihb5qu83hzpiou0c9v8h72zj78ps80psnp2hgwcuwldh2naggcs29c56blool3gymmksyluynh3kad:latest/confusion_matrix_table.table.json", "_latest_artifact_path": "wandb-client-artifact://9hm7ey9kqeu2ti0rqt13nfx4rq6pkzet15cwo5sxpomgp1p8t7ihb5qu83hzpiou0c9v8h72zj78ps80psnp2hgwcuwldh2naggcs29c56blool3gymmksyluynh3kad:latest/confusion_matrix_table.table.json", "path": "media/table/confusion_matrix_table_59_2685a71ca6b6562e477e.table.json", "ncols": 3, "nrows": 100}, "_wandb": {"runtime": 212}}