{"Epoch ": 4, "Training loss ": 0.4614769318381865, "Training accuracy ": 0.8431111111111111, "Validation loss ": 0.48834512971842803, "Validation accuracy ": 0.837, "Testing loss ": 0.5232794473202365, "Testing accuracy ": 0.8217, "_timestamp": 1709400770.713455, "_runtime": 32.47044587135315, "_step": 9, "confusion_matrix_table": {"_type": "table-file", "sha256": "ba09fae040032d0a5e7e7f3c7f44e8eaa405addc99f8cc491299d888fcf4d05e", "size": 3179, "artifact_path": "wandb-client-artifact://4rxho40bm0qfy1pwug0ks26hvhi03jm2gx2al7xj1pk0ohuajtrwg1m3maun9wzfhg6r2v86xrhpskfg8i22f4itz6snekzv54vo25xca6moqxfxrvlm1apx5d7o7uyv:latest/confusion_matrix_table.table.json", "_latest_artifact_path": "wandb-client-artifact://4rxho40bm0qfy1pwug0ks26hvhi03jm2gx2al7xj1pk0ohuajtrwg1m3maun9wzfhg6r2v86xrhpskfg8i22f4itz6snekzv54vo25xca6moqxfxrvlm1apx5d7o7uyv:latest/confusion_matrix_table.table.json", "path": "media/table/confusion_matrix_table_9_ba09fae040032d0a5e7e.table.json", "ncols": 3, "nrows": 100}, "_wandb": {"runtime": 31}}