{"Epoch ": 24, "Training loss ": 0.1302038822721444, "Training accuracy ": 0.9106851851851852, "Validation loss ": 0.15655746396518658, "Validation accuracy ": 0.8913333333333333, "Testing loss ": 0.1754468580219011, "Testing accuracy ": 0.8777, "_timestamp": 1709627328.7974463, "_runtime": 60.586764335632324, "_step": 49, "confusion_matrix_table": {"_type": "table-file", "sha256": "6f90b916b7699a35b63a2af1d70fc707e6ec13a1f526a01ec9bf80842bfd4558", "size": 3173, "artifact_path": "wandb-client-artifact://c0t691b45cs8kr90jfuh3jzp4u1g8aea4n9parvbxbgwh77uroeci03914c63857qxyzcxnznk6ecnvuufx97350jggenitu27040xprpurw1ls0r0st9e5nrxty0myz:latest/confusion_matrix_table.table.json", "_latest_artifact_path": "wandb-client-artifact://c0t691b45cs8kr90jfuh3jzp4u1g8aea4n9parvbxbgwh77uroeci03914c63857qxyzcxnznk6ecnvuufx97350jggenitu27040xprpurw1ls0r0st9e5nrxty0myz:latest/confusion_matrix_table.table.json", "path": "media/table/confusion_matrix_table_49_6f90b916b7699a35b63a.table.json", "ncols": 3, "nrows": 100}, "_wandb": {"runtime": 59}}