{"Epoch ": 14, "Training loss ": 0.1453165973762125, "Training accuracy ": 0.9002777777777777, "Validation loss ": 0.16348430121746527, "Validation accuracy ": 0.8861666666666667, "Testing loss ": 0.1799505207708828, "Testing accuracy ": 0.8746, "_timestamp": 1709632829.9398472, "_runtime": 86.69352626800537, "_step": 29, "confusion_matrix_table": {"_type": "table-file", "sha256": "f08ef4dd0838e0f7061481f1573a58fc655e0fb13b9d40cfa94e520b68d926d4", "size": 3169, "artifact_path": "wandb-client-artifact://4veeyoahm0d9bjo5sa5s3ap5i4mi2x5iwaplbcjd37pfgjis802br26zt6s46jznwtdw9m0xbveui7xv41nf33z8zgn8n2es4yf1nmbqa2psddjhil72rou7zkfdoibt:latest/confusion_matrix_table.table.json", "_latest_artifact_path": "wandb-client-artifact://4veeyoahm0d9bjo5sa5s3ap5i4mi2x5iwaplbcjd37pfgjis802br26zt6s46jznwtdw9m0xbveui7xv41nf33z8zgn8n2es4yf1nmbqa2psddjhil72rou7zkfdoibt:latest/confusion_matrix_table.table.json", "path": "media/table/confusion_matrix_table_29_f08ef4dd0838e0f70614.table.json", "ncols": 3, "nrows": 100}, "_wandb": {"runtime": 85}}