{"Epoch ": 19, "Training loss ": 0.6138684391975362, "Training accuracy ": 0.720462962962963, "Validation loss ": 0.6157785242757899, "Validation accuracy ": 0.7191666666666666, "Testing loss ": 0.6170235679442658, "Testing accuracy ": 0.7133, "_timestamp": 1709301599.3607926, "_runtime": 79.96640062332153, "_step": 39, "confusion_matrix_table": {"_type": "table-file", "sha256": "245676d3ef9995bcb2b14171466adb25d8158bd6b3457cb56f76c87f2587daff", "size": 3187, "artifact_path": "wandb-client-artifact://wfoyf0hbieirq1nesodf5c7d79vxvv5x3tsctug43h9jgv40d63uxslzyegulxy854c4eu4yazgbcz054kaso855ihq5c772yqu253483yiu9i6f8bg79jbk01166ld3:latest/confusion_matrix_table.table.json", "_latest_artifact_path": "wandb-client-artifact://wfoyf0hbieirq1nesodf5c7d79vxvv5x3tsctug43h9jgv40d63uxslzyegulxy854c4eu4yazgbcz054kaso855ihq5c772yqu253483yiu9i6f8bg79jbk01166ld3:latest/confusion_matrix_table.table.json", "path": "media/table/confusion_matrix_table_39_245676d3ef9995bcb2b1.table.json", "ncols": 3, "nrows": 100}, "_wandb": {"runtime": 79}}