{"Epoch ": 4, "Training loss ": 0.42275209619568904, "Training accuracy ": 0.8522037037037037, "Validation loss ": 0.4610848766942395, "Validation accuracy ": 0.8423333333333334, "Testing loss ": 0.46873236057928536, "Testing accuracy ": 0.834, "_timestamp": 1709399694.6968877, "_runtime": 21.340277671813965, "_step": 9, "confusion_matrix_table": {"_type": "table-file", "sha256": "a2f283c4c4b72322cfb7e05d39086432a59ace9f7bb18fcd601576f0f57ed695", "size": 3177, "artifact_path": "wandb-client-artifact://46t9e7movnv20u54clt7s3xxyvhx48gopo9iqzua1fa5zzjwdo4a4t84djt0yqkwyer1jcbkqatqkmul6fho10nv6lfezhmjn8dx85dunjqo0v8ytfmn1v08nzj6s522:latest/confusion_matrix_table.table.json", "_latest_artifact_path": "wandb-client-artifact://46t9e7movnv20u54clt7s3xxyvhx48gopo9iqzua1fa5zzjwdo4a4t84djt0yqkwyer1jcbkqatqkmul6fho10nv6lfezhmjn8dx85dunjqo0v8ytfmn1v08nzj6s522:latest/confusion_matrix_table.table.json", "path": "media/table/confusion_matrix_table_9_a2f283c4c4b72322cfb7.table.json", "ncols": 3, "nrows": 100}, "_wandb": {"runtime": 20}}