{"Epoch ": 4, "Training loss ": 2.2973255409485303, "Training accuracy ": 0.18603703703703703, "Validation loss ": 2.2973556598057456, "Validation accuracy ": 0.18533333333333332, "Testing loss ": 2.2973976042001354, "Testing accuracy ": 0.1834, "_timestamp": 1709474943.2002625, "_runtime": 13.453673601150513, "_step": 9, "confusion_matrix_table": {"_type": "table-file", "sha256": "adc7438511e84d0b769414a540a99a7abd3763e8f7c1fbdabc91a1186ce02aa7", "size": 3172, "artifact_path": "wandb-client-artifact://edbzw3057zeuu4ihvli0cp4sq6k2rukg35eusf7vhru6rktytlh49cdw5lzjv5503z12f8q6b3c709trnjkcmh1gdjonu50r2sqedtz6qlfol4bmtfaije6k2j8hj9ak:latest/confusion_matrix_table.table.json", "_latest_artifact_path": "wandb-client-artifact://edbzw3057zeuu4ihvli0cp4sq6k2rukg35eusf7vhru6rktytlh49cdw5lzjv5503z12f8q6b3c709trnjkcmh1gdjonu50r2sqedtz6qlfol4bmtfaije6k2j8hj9ak:latest/confusion_matrix_table.table.json", "path": "media/table/confusion_matrix_table_9_adc7438511e84d0b7694.table.json", "ncols": 3, "nrows": 100}, "_wandb": {"runtime": 12}}