{"Epoch ": 19, "Training loss ": 0.1940064100075771, "Training accuracy ": 0.9284814814814815, "Validation loss ": 0.3176283683677686, "Validation accuracy ": 0.8915, "Testing loss ": 0.3462267897667762, "Testing accuracy ": 0.8835, "_timestamp": 1709449114.1812062, "_runtime": 76.56130814552307, "_step": 39, "confusion_matrix_table": {"_type": "table-file", "sha256": "1b1282a61b97bb40ae3f9c5961781342af55712e0896cd820810ea27501439c3", "size": 3171, "artifact_path": "wandb-client-artifact://dqlsqxsknzlgl6ek52ryrvvcxw6lgalxp80jhbeqmmbvnsrulxre74a6e4sovfywvg6e6p27nr2m8tsibb935c6sop3rto3lorkt9y688xyzvk56hu2lf5vbjillx058:latest/confusion_matrix_table.table.json", "_latest_artifact_path": "wandb-client-artifact://dqlsqxsknzlgl6ek52ryrvvcxw6lgalxp80jhbeqmmbvnsrulxre74a6e4sovfywvg6e6p27nr2m8tsibb935c6sop3rto3lorkt9y688xyzvk56hu2lf5vbjillx058:latest/confusion_matrix_table.table.json", "path": "media/table/confusion_matrix_table_39_1b1282a61b97bb40ae3f.table.json", "ncols": 3, "nrows": 100}, "_wandb": {"runtime": 75}}