{"Epoch ": 14, "Training loss ": 0.6593403605850006, "Training accuracy ": 0.7847592592592593, "Validation loss ": 0.6412249985424376, "Validation accuracy ": 0.7951666666666667, "Testing loss ": 0.6755537083606022, "Testing accuracy ": 0.7735, "_timestamp": 1709446726.3590162, "_runtime": 52.92314028739929, "_step": 29, "confusion_matrix_table": {"_type": "table-file", "sha256": "c3dc1d13ee32f721a058ec6063c7278f9e2d2d7c035544d26fc7d36859246d7f", "size": 3184, "artifact_path": "wandb-client-artifact://cpwzuiilx975chhwf15pwphuu5dk1yhx931bdztk7lqwcnsu9tropphx6i4u9sbmce7evs04ly5bw5fespja500jmbnct6wxa6t18z3r1o5rozfl6b48malk6sqi8kt4:latest/confusion_matrix_table.table.json", "_latest_artifact_path": "wandb-client-artifact://cpwzuiilx975chhwf15pwphuu5dk1yhx931bdztk7lqwcnsu9tropphx6i4u9sbmce7evs04ly5bw5fespja500jmbnct6wxa6t18z3r1o5rozfl6b48malk6sqi8kt4:latest/confusion_matrix_table.table.json", "path": "media/table/confusion_matrix_table_29_c3dc1d13ee32f721a058.table.json", "ncols": 3, "nrows": 100}, "_wandb": {"runtime": 52}}