{"Epoch ": 29, "Training loss ": 1.5700492138782245, "Training accuracy ": 0.4960555555555556, "Validation loss ": 1.5692506103012778, "Validation accuracy ": 0.4915, "Testing loss ": 1.5757591267097697, "Testing accuracy ": 0.4895, "_timestamp": 1709482509.0890741, "_runtime": 122.01589703559875, "_step": 59, "confusion_matrix_table": {"_type": "table-file", "sha256": "2f8a00d1aca35638f9e936e0bd4ca410b7b452cad1c91d1e7453ffadf715c397", "size": 3180, "artifact_path": "wandb-client-artifact://h17180kxycip2of4jz5csputwfyb7asa6ppuojxtgkd2985tquo303n4xibwh9y708kvuj1o15ttpr863qlowkkixi42bgcokfqwbvm9wxf3m8ahy9l4pl9jy2j3yy66:latest/confusion_matrix_table.table.json", "_latest_artifact_path": "wandb-client-artifact://h17180kxycip2of4jz5csputwfyb7asa6ppuojxtgkd2985tquo303n4xibwh9y708kvuj1o15ttpr863qlowkkixi42bgcokfqwbvm9wxf3m8ahy9l4pl9jy2j3yy66:latest/confusion_matrix_table.table.json", "path": "media/table/confusion_matrix_table_59_2f8a00d1aca35638f9e9.table.json", "ncols": 3, "nrows": 100}, "_wandb": {"runtime": 121}}