{"Epoch ": 19, "Training loss ": 0.19491912211811505, "Training accuracy ": 0.928074074074074, "Validation loss ": 0.391612284911574, "Validation accuracy ": 0.8911666666666667, "Testing loss ": 0.42800592183760483, "Testing accuracy ": 0.8795, "_timestamp": 1709448919.4894166, "_runtime": 171.35667371749878, "_step": 39, "confusion_matrix_table": {"_type": "table-file", "sha256": "0d10c2b7890c9505baa4d657ed0c4c26a492faa1eaed40438a1eb7b6178fcf74", "size": 3170, "artifact_path": "wandb-client-artifact://3adp96mlvovwp42xatznfoqk38elv90dli9l3ugyw6uutwfyxyzu2kmyb1g9h9jiceegcuasrvsb4jj1mp6ibjgqe2t70wnj8orhpyo21mmqkfzc3vby5pekvnklzhfk:latest/confusion_matrix_table.table.json", "_latest_artifact_path": "wandb-client-artifact://3adp96mlvovwp42xatznfoqk38elv90dli9l3ugyw6uutwfyxyzu2kmyb1g9h9jiceegcuasrvsb4jj1mp6ibjgqe2t70wnj8orhpyo21mmqkfzc3vby5pekvnklzhfk:latest/confusion_matrix_table.table.json", "path": "media/table/confusion_matrix_table_39_0d10c2b7890c9505baa4.table.json", "ncols": 3, "nrows": 100}, "_wandb": {"runtime": 170}}