{"Epoch ": 24, "Training loss ": 1.31679737052644, "Training accuracy ": 0.08335185185185186, "Validation loss ": 1.3168753459535942, "Validation accuracy ": 0.08183333333333333, "Testing loss ": 1.3168825119771168, "Testing accuracy ": 0.0802, "_timestamp": 1709302013.5953221, "_runtime": 138.3056502342224, "_step": 49, "confusion_matrix_table": {"_type": "table-file", "sha256": "c2166eaa162ff417996429a824328e9584cb5c9df3999176b95e418d1641c256", "size": 3157, "artifact_path": "wandb-client-artifact://dkq8opdyjj87iy9kqp2q4gu83uj90wlmt1n6rpt4m34vh8ou5z6mcxo11e3v3pk892tbajbytgozcup352ndpcydgyhta7haoidy9pr9rdaqz1lqcksr1s78y5kdvw0s:latest/confusion_matrix_table.table.json", "_latest_artifact_path": "wandb-client-artifact://dkq8opdyjj87iy9kqp2q4gu83uj90wlmt1n6rpt4m34vh8ou5z6mcxo11e3v3pk892tbajbytgozcup352ndpcydgyhta7haoidy9pr9rdaqz1lqcksr1s78y5kdvw0s:latest/confusion_matrix_table.table.json", "path": "media/table/confusion_matrix_table_49_c2166eaa162ff4179964.table.json", "ncols": 3, "nrows": 100}, "_wandb": {"runtime": 137}}