{"Epoch ": 9, "Training loss ": 0.2900657815677895, "Training accuracy ": 0.8926111111111111, "Validation loss ": 0.3477955315009052, "Validation accuracy ": 0.8746666666666667, "Testing loss ": 0.3714641014742577, "Testing accuracy ": 0.8651, "_timestamp": 1709298583.7306247, "_runtime": 29.849252700805664, "_step": 19, "confusion_matrix_table": {"_type": "table-file", "sha256": "2bec6b21a5c4a92a4689116325773ef631df1fd78d971363b778d68be32d3f39", "size": 3169, "artifact_path": "wandb-client-artifact://0p3kub5d4jv78pb6r7r8fr03fe5bpmxyl9562jnymj05mwgym64p508vc4xpomzq7v2ie9d3vtdstvcxkuse0bjdqtspngtn4n7xfj05p5da3t1llaf6c4bs7bj42ulm:latest/confusion_matrix_table.table.json", "_latest_artifact_path": "wandb-client-artifact://0p3kub5d4jv78pb6r7r8fr03fe5bpmxyl9562jnymj05mwgym64p508vc4xpomzq7v2ie9d3vtdstvcxkuse0bjdqtspngtn4n7xfj05p5da3t1llaf6c4bs7bj42ulm:latest/confusion_matrix_table.table.json", "path": "media/table/confusion_matrix_table_19_2bec6b21a5c4a92a4689.table.json", "ncols": 3, "nrows": 100}, "_wandb": {"runtime": 27}}