{"Epoch ": 4, "Training loss ": 0.7141195330254391, "Training accuracy ": 0.7475740740740741, "Validation loss ": 0.740516480035071, "Validation accuracy ": 0.7465, "Testing loss ": 0.776107708764968, "Testing accuracy ": 0.734, "_timestamp": 1709127739.681672, "_runtime": 33.8059720993042, "_step": 9, "confusion_matrix_table": {"_type": "table-file", "sha256": "fc1c74e34f1206304b31bd2b25988f1fcc65c30fa778fd8cf4199b00d3f1dca3", "size": 3174, "artifact_path": "wandb-client-artifact://2e4d4sdnci9snp0ee3n2r9lmk07qsodsjp35nwojmi0qzi56i0n1kuznf2cqs79i7rhewd3s60ftxffqfv1rlidiw5fmrybdrc8gpohc2huo5mqll0ipqqs042rl1r7z:latest/confusion_matrix_table.table.json", "_latest_artifact_path": "wandb-client-artifact://2e4d4sdnci9snp0ee3n2r9lmk07qsodsjp35nwojmi0qzi56i0n1kuznf2cqs79i7rhewd3s60ftxffqfv1rlidiw5fmrybdrc8gpohc2huo5mqll0ipqqs042rl1r7z:latest/confusion_matrix_table.table.json", "path": "media/table/confusion_matrix_table_9_fc1c74e34f1206304b31.table.json", "ncols": 3, "nrows": 100}, "_wandb": {"runtime": 33}}