{"Epoch ": 24, "Training loss ": 0.11954626476984925, "Training accuracy ": 0.9243148148148148, "Validation loss ": 0.13070524141583878, "Validation accuracy ": 0.9166666666666666, "Testing loss ": 0.1269737367917172, "Testing accuracy ": 0.9168, "_timestamp": 1709530029.2420888, "_runtime": 146.8404688835144, "_step": 49, "confusion_matrix_table": {"_type": "table-file", "sha256": "19258d1f09a3f8550a0904b055540055f509347e350920175499bd2e102c241b", "size": 3176, "artifact_path": "wandb-client-artifact://ik52ytt7tpvbaa6daer1dzyguhak6vl70wbxg56djdjqccn3mde9g9wsaf7fiec61pqtujz88dqmvrnrzkxl25jkb79aegw1w8mpjg8d6eto7aew8jfwm74qiecr79fv:latest/confusion_matrix_table.table.json", "_latest_artifact_path": "wandb-client-artifact://ik52ytt7tpvbaa6daer1dzyguhak6vl70wbxg56djdjqccn3mde9g9wsaf7fiec61pqtujz88dqmvrnrzkxl25jkb79aegw1w8mpjg8d6eto7aew8jfwm74qiecr79fv:latest/confusion_matrix_table.table.json", "path": "media/table/confusion_matrix_table_49_19258d1f09a3f8550a09.table.json", "ncols": 3, "nrows": 100}, "_wandb": {"runtime": 146}}