{"Epoch ": 4, "Training loss ": 0.01935341039137001, "Training accuracy ": 0.9883703703703703, "Validation loss ": 0.03978257072630103, "Validation accuracy ": 0.9738333333333333, "Testing loss ": 0.042042321312776014, "Testing accuracy ": 0.972, "_timestamp": 1709526147.915873, "_runtime": 57.43105912208557, "_step": 9, "confusion_matrix_table": {"_type": "table-file", "sha256": "77bb4c50d5f95300ea51e9e183338f73e8ff6c0b5e25d68e608f03f2b713891b", "size": 3148, "artifact_path": "wandb-client-artifact://8okw0716lkbdsr9snkjkmjwc97efhxl9e6a6go3gn63owlcnj5ek87honk9necld97ypnmwzpgkdfuxh9ffoazcl7lbf9a3izfy9ll368mnrdnhxqvxi1vb10yfb8g9e:latest/confusion_matrix_table.table.json", "_latest_artifact_path": "wandb-client-artifact://8okw0716lkbdsr9snkjkmjwc97efhxl9e6a6go3gn63owlcnj5ek87honk9necld97ypnmwzpgkdfuxh9ffoazcl7lbf9a3izfy9ll368mnrdnhxqvxi1vb10yfb8g9e:latest/confusion_matrix_table.table.json", "path": "media/table/confusion_matrix_table_9_77bb4c50d5f95300ea51.table.json", "ncols": 3, "nrows": 100}, "_wandb": {"runtime": 56}}