{"Epoch ": 19, "Training loss ": 0.11041371097558916, "Training accuracy ": 0.9255925925925926, "Validation loss ": 0.15665482210514384, "Validation accuracy ": 0.8911666666666667, "Testing loss ": 0.16769969567839754, "Testing accuracy ": 0.8848, "_timestamp": 1709572648.015324, "_runtime": 217.19279623031616, "_step": 39, "confusion_matrix_table": {"_type": "table-file", "sha256": "fb6ae7b299a2fa803e7596eed3d6d50f683af240ba5e72225582587490aed472", "size": 3168, "artifact_path": "wandb-client-artifact://2g0940dx6p23kyftw0q7qgox3thz9p8jypngwijc1dwgggfh0ipndweni3sdc1kvmwclktu21m12aevljcvlwq26caaqtpa30i37sv9ia3jfzlmlvjammms4lbtcmz8x:latest/confusion_matrix_table.table.json", "_latest_artifact_path": "wandb-client-artifact://2g0940dx6p23kyftw0q7qgox3thz9p8jypngwijc1dwgggfh0ipndweni3sdc1kvmwclktu21m12aevljcvlwq26caaqtpa30i37sv9ia3jfzlmlvjammms4lbtcmz8x:latest/confusion_matrix_table.table.json", "path": "media/table/confusion_matrix_table_39_fb6ae7b299a2fa803e75.table.json", "ncols": 3, "nrows": 100}, "_wandb": {"runtime": 216}}