{"Epoch ": 4, "Training loss ": 0.1486873810474609, "Training accuracy ": 0.897537037037037, "Validation loss ": 0.17694292996864208, "Validation accuracy ": 0.8751666666666666, "Testing loss ": 0.18054072949533248, "Testing accuracy ": 0.8768, "_timestamp": 1709534833.9344528, "_runtime": 72.2117908000946, "_step": 9, "confusion_matrix_table": {"_type": "table-file", "sha256": "03dd839254b6cef5f9d6332c509b8b64c670cdce32aefbab81d655f2229cc339", "size": 3169, "artifact_path": "wandb-client-artifact://s1pfvvyj9b91g315mgjnnf0hk9gl991bmeqvwtx4dvzn33g33wopxcgr3wpxbigx22ba4xottsx9a6830e1npb0y02gwhz742ose61tb8evlhi19ic17odld2zrm8giu:latest/confusion_matrix_table.table.json", "_latest_artifact_path": "wandb-client-artifact://s1pfvvyj9b91g315mgjnnf0hk9gl991bmeqvwtx4dvzn33g33wopxcgr3wpxbigx22ba4xottsx9a6830e1npb0y02gwhz742ose61tb8evlhi19ic17odld2zrm8giu:latest/confusion_matrix_table.table.json", "path": "media/table/confusion_matrix_table_9_03dd839254b6cef5f9d6.table.json", "ncols": 3, "nrows": 100}, "_wandb": {"runtime": 71}}