{"Epoch ": 29, "Training loss ": 0.2598378876538195, "Training accuracy ": 0.9071481481481481, "Validation loss ": 0.3297040598949083, "Validation accuracy ": 0.8805, "Testing loss ": 0.34728041378110225, "Testing accuracy ": 0.8751, "_timestamp": 1709407667.242877, "_runtime": 82.58123302459717, "_step": 59, "confusion_matrix_table": {"_type": "table-file", "sha256": "8a8f4931adc8f8130b53d3d221936448cc51c267ac6e5943de73b4350c7872eb", "size": 3171, "artifact_path": "wandb-client-artifact://bz1pn04ga8qhi7cevbel94pe8xwsxly0e03f0dq5dt3gsknkegz6po9f0ywbko1iymxsqx25cwt1a47qzexb60antp3uykk70ehpqug7a7p9np10zyrht19hh7kgnllh:latest/confusion_matrix_table.table.json", "_latest_artifact_path": "wandb-client-artifact://bz1pn04ga8qhi7cevbel94pe8xwsxly0e03f0dq5dt3gsknkegz6po9f0ywbko1iymxsqx25cwt1a47qzexb60antp3uykk70ehpqug7a7p9np10zyrht19hh7kgnllh:latest/confusion_matrix_table.table.json", "path": "media/table/confusion_matrix_table_59_8a8f4931adc8f8130b53.table.json", "ncols": 3, "nrows": 100}, "_wandb": {"runtime": 81}}