{"Epoch ": 4, "Training loss ": 0.35008929059956523, "Training accuracy ": 0.8727777777777778, "Validation loss ": 0.37676913862754985, "Validation accuracy ": 0.8581666666666666, "Testing loss ": 0.399046961627738, "Testing accuracy ": 0.8561, "_timestamp": 1709478310.96573, "_runtime": 30.296589851379395, "_step": 9, "confusion_matrix_table": {"_type": "table-file", "sha256": "daa2142b25da3cffaf82728c63ea20e9ac05c60313358028cb5d0b090da6ef10", "size": 3173, "artifact_path": "wandb-client-artifact://95mkzy5ze30nps3ippyhy3pzuexxcfg8e8zs7b8rahj2xyr0q3sgoc1x9uqjqa3k24tdeie74tguv6s4nsbxd9jb4qysnp57yeww6von19j2y5hpy4jvzgcwmf4pbx52:latest/confusion_matrix_table.table.json", "_latest_artifact_path": "wandb-client-artifact://95mkzy5ze30nps3ippyhy3pzuexxcfg8e8zs7b8rahj2xyr0q3sgoc1x9uqjqa3k24tdeie74tguv6s4nsbxd9jb4qysnp57yeww6von19j2y5hpy4jvzgcwmf4pbx52:latest/confusion_matrix_table.table.json", "path": "media/table/confusion_matrix_table_9_daa2142b25da3cffaf82.table.json", "ncols": 3, "nrows": 100}, "_wandb": {"runtime": 29}}