{"Epoch ": 19, "Training loss ": 0.19487367023963081, "Training accuracy ": 0.9263518518518519, "Validation loss ": 0.329949754020513, "Validation accuracy ": 0.8881666666666667, "Testing loss ": 0.35201309763038124, "Testing accuracy ": 0.8815, "_timestamp": 1709127589.967814, "_runtime": 146.01835894584656, "_step": 39, "confusion_matrix_table": {"_type": "table-file", "sha256": "a6b594aa68cf34d898509dc7942f43f0e2ddcbdfd8ada7a3d73ee2f82826dc96", "size": 3169, "artifact_path": "wandb-client-artifact://llesl2r7upxvb4r7ll119st2g3sy4zjttkyyboy90xm89s42a4lljpxiyzzblhou9iq8lpbdjwv73w3lj6qm17hn3hr7rf4rgzn3q7aj1iwln50bszipf85b7s1abtkj:latest/confusion_matrix_table.table.json", "_latest_artifact_path": "wandb-client-artifact://llesl2r7upxvb4r7ll119st2g3sy4zjttkyyboy90xm89s42a4lljpxiyzzblhou9iq8lpbdjwv73w3lj6qm17hn3hr7rf4rgzn3q7aj1iwln50bszipf85b7s1abtkj:latest/confusion_matrix_table.table.json", "path": "media/table/confusion_matrix_table_39_a6b594aa68cf34d89850.table.json", "ncols": 3, "nrows": 100}, "_wandb": {"runtime": 145}}