{"Epoch ": 14, "Training loss ": 0.062078621577445155, "Training accuracy ": 0.9601666666666666, "Validation loss ": 0.08085085579442469, "Validation accuracy ": 0.9446666666666667, "Testing loss ": 0.07354402850385526, "Testing accuracy ": 0.9531, "_timestamp": 1709528179.61341, "_runtime": 98.32963490486145, "_step": 29, "confusion_matrix_table": {"_type": "table-file", "sha256": "250e9793f8dd96e9b09934341c27b5850ba16bab08a074035bbe8f82811f90d7", "size": 3160, "artifact_path": "wandb-client-artifact://q8t0vxkprsjhw34gkflb2e58fj4dloemceoxjsiaa8hc0qe8d35jfiv2zp1pk36h66dsb436g94qfxlliud4sf3lbekmw2zl1whl867kh7539v936xaxwhukhrygie6d:latest/confusion_matrix_table.table.json", "_latest_artifact_path": "wandb-client-artifact://q8t0vxkprsjhw34gkflb2e58fj4dloemceoxjsiaa8hc0qe8d35jfiv2zp1pk36h66dsb436g94qfxlliud4sf3lbekmw2zl1whl867kh7539v936xaxwhukhrygie6d:latest/confusion_matrix_table.table.json", "path": "media/table/confusion_matrix_table_29_250e9793f8dd96e9b099.table.json", "ncols": 3, "nrows": 100}, "_wandb": {"runtime": 97}}