{"Epoch ": 29, "Training loss ": 0.2817730134892342, "Training accuracy ": 0.7857222222222222, "Validation loss ": 0.3083974204767015, "Validation accuracy ": 0.7675, "Testing loss ": 0.30947099580146803, "Testing accuracy ": 0.7717, "_timestamp": 1709311332.0008817, "_runtime": 202.19904255867004, "_step": 59, "confusion_matrix_table": {"_type": "table-file", "sha256": "9b58f9649f147ab81caa84b9eb238a2e0ac74c3208e526ada863a9d4a5a9191a", "size": 3184, "artifact_path": "wandb-client-artifact://gt14s4nct2x8inbzzy7dr3x4wmut42p2malb86i7saf1334yh2bi049tq65kg9nqzf4xqe6720u7fjiv5uh7ggfiwysis4b1c12n7a29uiyhavppor5zibag7q34lx0w:latest/confusion_matrix_table.table.json", "_latest_artifact_path": "wandb-client-artifact://gt14s4nct2x8inbzzy7dr3x4wmut42p2malb86i7saf1334yh2bi049tq65kg9nqzf4xqe6720u7fjiv5uh7ggfiwysis4b1c12n7a29uiyhavppor5zibag7q34lx0w:latest/confusion_matrix_table.table.json", "path": "media/table/confusion_matrix_table_59_9b58f9649f147ab81caa.table.json", "ncols": 3, "nrows": 100}, "_wandb": {"runtime": 201}}