{"Epoch ": 24, "Training loss ": 0.25579867122842265, "Training accuracy ": 0.9057962962962963, "Validation loss ": 0.3413822140230282, "Validation accuracy ": 0.8833333333333333, "Testing loss ": 0.37929411109349365, "Testing accuracy ": 0.8694, "_timestamp": 1709292872.0354583, "_runtime": 54.28076124191284, "_step": 49, "confusion_matrix_table": {"_type": "table-file", "sha256": "7b0c444848e924b41e8c6c00d585046798954bc44509f37af474796ee0ab20dd", "size": 3169, "artifact_path": "wandb-client-artifact://wwqwn498gl60yi1lfa2t41pkqtflzm6u125ujpigfeteseu2hlih1facjzgvievzsn8byj581kqjylcttrfc3adwisv7fbwennqz2h5lr8ej1ttgc2mo5ot6bqjs3oc7:latest/confusion_matrix_table.table.json", "_latest_artifact_path": "wandb-client-artifact://wwqwn498gl60yi1lfa2t41pkqtflzm6u125ujpigfeteseu2hlih1facjzgvievzsn8byj581kqjylcttrfc3adwisv7fbwennqz2h5lr8ej1ttgc2mo5ot6bqjs3oc7:latest/confusion_matrix_table.table.json", "path": "media/table/confusion_matrix_table_49_7b0c444848e924b41e8c.table.json", "ncols": 3, "nrows": 100}, "_wandb": {"runtime": 53}}