{"Epoch ": 19, "Training loss ": 0.14849990276984104, "Training accuracy ": 0.8962592592592593, "Validation loss ": 0.18127844209205082, "Validation accuracy ": 0.8756666666666667, "Testing loss ": 0.19351074036752391, "Testing accuracy ": 0.8658, "_timestamp": 1709565774.8750925, "_runtime": 107.42182946205139, "_step": 39, "confusion_matrix_table": {"_type": "table-file", "sha256": "73f349dc6c26af2d81a926a48f4845a8011c77863dfa2ef622da467be9c98bc7", "size": 3173, "artifact_path": "wandb-client-artifact://v9ekrj6p339mtuqvp29wktx2jl5kks0b9lplg880epd9nc9ieag12sz68nhxa4m3pv2a90fqdp2pxn29cflzkixtewb0hw92ser382h5dpytlhm1s0jryyjmx3tijmqi:latest/confusion_matrix_table.table.json", "_latest_artifact_path": "wandb-client-artifact://v9ekrj6p339mtuqvp29wktx2jl5kks0b9lplg880epd9nc9ieag12sz68nhxa4m3pv2a90fqdp2pxn29cflzkixtewb0hw92ser382h5dpytlhm1s0jryyjmx3tijmqi:latest/confusion_matrix_table.table.json", "path": "media/table/confusion_matrix_table_39_73f349dc6c26af2d81a9.table.json", "ncols": 3, "nrows": 100}, "_wandb": {"runtime": 106}}