{"Epoch ": 19, "Training loss ": 0.4207429751128225, "Training accuracy ": 0.8551296296296297, "Validation loss ": 0.4466514295794746, "Validation accuracy ": 0.8478333333333333, "Testing loss ": 0.45999668060813936, "Testing accuracy ": 0.8404, "_timestamp": 1709291440.3853626, "_runtime": 26.55309557914734, "_step": 39, "confusion_matrix_table": {"_type": "table-file", "sha256": "5f1c328b61c66c4ae5a7de476b8ef02a4b2a1d2250cb9479485b6da4d36f948d", "size": 3176, "artifact_path": "wandb-client-artifact://t3ypbjarugi9byczya355ogrv8rdq8jettsphng5t06it1kwwt9i66ppohzd4o4gqptr1t004pw4ybdjccnbqx1d42rp4vm7ip5ju75guuja060bs3sznbyhlmzygp5g:latest/confusion_matrix_table.table.json", "_latest_artifact_path": "wandb-client-artifact://t3ypbjarugi9byczya355ogrv8rdq8jettsphng5t06it1kwwt9i66ppohzd4o4gqptr1t004pw4ybdjccnbqx1d42rp4vm7ip5ju75guuja060bs3sznbyhlmzygp5g:latest/confusion_matrix_table.table.json", "path": "media/table/confusion_matrix_table_39_5f1c328b61c66c4ae5a7.table.json", "ncols": 3, "nrows": 100}, "_wandb": {"runtime": 25}}