{"Epoch ": 4, "Training loss ": 0.11120245914282496, "Training accuracy ": 0.9292037037037038, "Validation loss ": 0.12360059553411315, "Validation accuracy ": 0.9198333333333333, "Testing loss ": 0.11196391576129286, "Testing accuracy ": 0.9298, "_timestamp": 1709533387.1924257, "_runtime": 25.464107751846313, "_step": 9, "confusion_matrix_table": {"_type": "table-file", "sha256": "4f06cf51c4088fb8195b9cdeb2ebf8c28a72dd334538608e554364019efdf766", "size": 3171, "artifact_path": "wandb-client-artifact://p9tmquolcbfmo41ic6upcxus84ej26tw97cs85rjckbcozgufn0zb16t2fcfxrel0em1fobs0adk6rn1a1mcgo5vz48ghitdr1rh7bzfym12y0uiswk5hg4niykhayy2:latest/confusion_matrix_table.table.json", "_latest_artifact_path": "wandb-client-artifact://p9tmquolcbfmo41ic6upcxus84ej26tw97cs85rjckbcozgufn0zb16t2fcfxrel0em1fobs0adk6rn1a1mcgo5vz48ghitdr1rh7bzfym12y0uiswk5hg4niykhayy2:latest/confusion_matrix_table.table.json", "path": "media/table/confusion_matrix_table_9_4f06cf51c4088fb8195b.table.json", "ncols": 3, "nrows": 100}, "_wandb": {"runtime": 24}}