{"Epoch ": 29, "Training loss ": 0.21389584040443888, "Training accuracy ": 0.9226296296296296, "Validation loss ": 0.3164505561135492, "Validation accuracy ": 0.8913333333333333, "Testing loss ": 0.35747392140878786, "Testing accuracy ": 0.8771, "_timestamp": 1709126908.1766286, "_runtime": 121.51943349838257, "_step": 59, "confusion_matrix_table": {"_type": "table-file", "sha256": "b410161ad8a2a7f3dc0f0cc95b40ca6d596faa81ee3aa84c820847762b76b6a7", "size": 3173, "artifact_path": "wandb-client-artifact://q9vhw13r97qdivvp2vlyrfotuum8vt7r3n9sa49xh1ajqo8352w70xh89f0fxw47qbfar9mp0esocbgt6qr7ol37ovdhla2dqcuhix9nock4t59hdm17js2tjjs6404d:latest/confusion_matrix_table.table.json", "_latest_artifact_path": "wandb-client-artifact://q9vhw13r97qdivvp2vlyrfotuum8vt7r3n9sa49xh1ajqo8352w70xh89f0fxw47qbfar9mp0esocbgt6qr7ol37ovdhla2dqcuhix9nock4t59hdm17js2tjjs6404d:latest/confusion_matrix_table.table.json", "path": "media/table/confusion_matrix_table_59_b410161ad8a2a7f3dc0f.table.json", "ncols": 3, "nrows": 100}, "_wandb": {"runtime": 120}}