{"Epoch ": 4, "Training loss ": 1.1513647036507884, "Training accuracy ": 0.1, "Validation loss ": 1.1558048004887793, "Validation accuracy ": 0.1, "Testing loss ": 1.1523496344387691, "Testing accuracy ": 0.1, "_timestamp": 1709402738.317852, "_runtime": 32.570554971694946, "_step": 9, "confusion_matrix_table": {"_type": "table-file", "sha256": "266f144fe2475b8ee928e1786c5a4c5255559e4d8a1f1de548a92b1f1ba0fb47", "size": 3151, "artifact_path": "wandb-client-artifact://exvqo7cchy0qw9hgrp2j0d5de7b0u6jwtlrpovdxzsfm2bb6oyxqfw99ypujx5ph1d13p178jw48mz1zu9uzep9ydsq3d1jfv28s51rlo5f7c93cq5uevl7ykee9w5sz:latest/confusion_matrix_table.table.json", "_latest_artifact_path": "wandb-client-artifact://exvqo7cchy0qw9hgrp2j0d5de7b0u6jwtlrpovdxzsfm2bb6oyxqfw99ypujx5ph1d13p178jw48mz1zu9uzep9ydsq3d1jfv28s51rlo5f7c93cq5uevl7ykee9w5sz:latest/confusion_matrix_table.table.json", "path": "media/table/confusion_matrix_table_9_266f144fe2475b8ee928.table.json", "ncols": 3, "nrows": 100}, "_wandb": {"runtime": 31}}