{"Epoch ": 4, "Training loss ": 0.31696516453767976, "Training accuracy ": 0.8887222222222222, "Validation loss ": 0.35362084873442395, "Validation accuracy ": 0.8761666666666666, "Testing loss ": 0.38664000491284994, "Testing accuracy ": 0.8656, "_timestamp": 1709311588.1637943, "_runtime": 61.461341381073, "_step": 9, "confusion_matrix_table": {"_type": "table-file", "sha256": "777efb8ef9ba15c710ecd80108d3f37f3bc5bd6ee27f6c80c8ef932f062a4a62", "size": 3171, "artifact_path": "wandb-client-artifact://0jwcggrbanp7jq784tz5v2gsyzy5ijbsk68kz7lt60c3jghqjy394rzuzjphyll8fhbqcxx05ibp28qovamyuxtdgdplv13shmeuyyll8v3t8pii9ireqtdjxnupx3q1:latest/confusion_matrix_table.table.json", "_latest_artifact_path": "wandb-client-artifact://0jwcggrbanp7jq784tz5v2gsyzy5ijbsk68kz7lt60c3jghqjy394rzuzjphyll8fhbqcxx05ibp28qovamyuxtdgdplv13shmeuyyll8v3t8pii9ireqtdjxnupx3q1:latest/confusion_matrix_table.table.json", "path": "media/table/confusion_matrix_table_9_777efb8ef9ba15c710ec.table.json", "ncols": 3, "nrows": 100}, "_wandb": {"runtime": 60}}