{"Epoch ": 24, "Training loss ": 0.4699485554382633, "Training accuracy ": 0.6257962962962963, "Validation loss ": 0.4696660820396141, "Validation accuracy ": 0.6223333333333333, "Testing loss ": 0.4764432724336377, "Testing accuracy ": 0.6186, "_timestamp": 1709312895.2228196, "_runtime": 37.50368666648865, "_step": 49, "confusion_matrix_table": {"_type": "table-file", "sha256": "74f6808a9ecbe23cc6d0d91edfe1cf78866b1437b1b5a5d5cd08c7d8dd6b43cd", "size": 3187, "artifact_path": "wandb-client-artifact://zizhih423qzbabpquo8hfdxtb976g9p1ls0wsaljj9gvhzm7kk715dpbdnoo1v5i5e42wlt8nk28spvrrwyy2clgt0y4ij5d7i8leij0ytbe3z61d74k3dvt32n5q859:latest/confusion_matrix_table.table.json", "_latest_artifact_path": "wandb-client-artifact://zizhih423qzbabpquo8hfdxtb976g9p1ls0wsaljj9gvhzm7kk715dpbdnoo1v5i5e42wlt8nk28spvrrwyy2clgt0y4ij5d7i8leij0ytbe3z61d74k3dvt32n5q859:latest/confusion_matrix_table.table.json", "path": "media/table/confusion_matrix_table_49_74f6808a9ecbe23cc6d0.table.json", "ncols": 3, "nrows": 100}, "_wandb": {"runtime": 36}}