{"Epoch ": 24, "Training loss ": 0.2654833198214021, "Training accuracy ": 0.9019814814814815, "Validation loss ": 0.39721783640908387, "Validation accuracy ": 0.8683333333333333, "Testing loss ": 0.4265343856718335, "Testing accuracy ": 0.8645, "_timestamp": 1709290773.2180471, "_runtime": 281.66895723342896, "_step": 49, "confusion_matrix_table": {"_type": "table-file", "sha256": "3d42f596d9c7938272eb3aa92ef8783b24e79deb7283f4ecf8665ae46010fd3d", "size": 3170, "artifact_path": "wandb-client-artifact://jvlerhbyfx3chol18fnspr6xu7o5qctrdqkitha6ab7rw108zjngchr5xsvat4vqv4myvgdgbjqzodze9edf606aspefq0gu4vdby2e1p5fwpy2q7veligpkmoyei17t:latest/confusion_matrix_table.table.json", "_latest_artifact_path": "wandb-client-artifact://jvlerhbyfx3chol18fnspr6xu7o5qctrdqkitha6ab7rw108zjngchr5xsvat4vqv4myvgdgbjqzodze9edf606aspefq0gu4vdby2e1p5fwpy2q7veligpkmoyei17t:latest/confusion_matrix_table.table.json", "path": "media/table/confusion_matrix_table_49_3d42f596d9c7938272eb.table.json", "ncols": 3, "nrows": 100}, "_wandb": {"runtime": 280}}