{"Epoch ": 29, "Training loss ": 0.4196354824394694, "Training accuracy ": 0.8584074074074074, "Validation loss ": 0.4304545522438802, "Validation accuracy ": 0.8553333333333333, "Testing loss ": 0.45469458076369584, "Testing accuracy ": 0.8429, "_timestamp": 1709294469.4301653, "_runtime": 76.57388138771057, "_step": 59, "confusion_matrix_table": {"_type": "table-file", "sha256": "c320f2a31708c2efbb173de05986b002d437b645f25ca116067969a4c7a2b083", "size": 3175, "artifact_path": "wandb-client-artifact://0mulpkah5jusxwaa9lxau99i3jg0v8x9ub19yrv1emdmsxidl8nrppfh4f2x5ottevdzeeivmzdxaya6563dy7w3axshpzlfczxvatif2nsvwrwhk8bqcpjorkt8mhmh:latest/confusion_matrix_table.table.json", "_latest_artifact_path": "wandb-client-artifact://0mulpkah5jusxwaa9lxau99i3jg0v8x9ub19yrv1emdmsxidl8nrppfh4f2x5ottevdzeeivmzdxaya6563dy7w3axshpzlfczxvatif2nsvwrwhk8bqcpjorkt8mhmh:latest/confusion_matrix_table.table.json", "path": "media/table/confusion_matrix_table_59_c320f2a31708c2efbb17.table.json", "ncols": 3, "nrows": 100}, "_wandb": {"runtime": 75}}