{"Epoch ": 4, "Training loss ": 2.302575167562855, "Training accuracy ": 0.1, "Validation loss ": 2.3025751622351325, "Validation accuracy ": 0.1, "Testing loss ": 2.302575173360801, "Testing accuracy ": 0.1, "_timestamp": 1709099574.2847667, "_runtime": 74.41997170448303, "_step": 4, "_wandb": {"runtime": 72}}