{"Epoch ": 4, "Training loss ": 0.2983771075436265, "Training accuracy ": 0.8916851851851851, "Validation loss ": 0.3389588249963809, "Validation accuracy ": 0.8723333333333333, "Testing loss ": 0.3616335773503667, "Testing accuracy ": 0.8701, "_timestamp": 1709479249.50234, "_runtime": 22.50056505203247, "_step": 9, "confusion_matrix_table": {"_type": "table-file", "sha256": "8147a60293cf2b481e60e353fe99de5267c34f7cdfa9ae2d96c886ac2fb0115f", "size": 3170, "artifact_path": "wandb-client-artifact://qd41c6fib37ers6to3goncbydfpwia6krvv1lbeadla6sejspoxphlfgj4piii5kbn74yi32i0dp084ohf09t4rmyl3d49o4qosgz56tppojcno2snm535751k7p7hij:latest/confusion_matrix_table.table.json", "_latest_artifact_path": "wandb-client-artifact://qd41c6fib37ers6to3goncbydfpwia6krvv1lbeadla6sejspoxphlfgj4piii5kbn74yi32i0dp084ohf09t4rmyl3d49o4qosgz56tppojcno2snm535751k7p7hij:latest/confusion_matrix_table.table.json", "path": "media/table/confusion_matrix_table_9_8147a60293cf2b481e60.table.json", "ncols": 3, "nrows": 100}, "_wandb": {"runtime": 21}}