{"Epoch ": 19, "Training loss ": 0.18517418870459867, "Training accuracy ": 0.9312962962962963, "Validation loss ": 0.3623591249472377, "Validation accuracy ": 0.8895, "Testing loss ": 0.39758697551513233, "Testing accuracy ": 0.8801, "_timestamp": 1709407359.1100593, "_runtime": 288.38359332084656, "_step": 39, "confusion_matrix_table": {"_type": "table-file", "sha256": "928cf0ae81ef79f69d25da46b835f7bf6c974b31682a9f823e9f0f4e5d9da55f", "size": 3172, "artifact_path": "wandb-client-artifact://q2w4dbjusadcraia9qy9z6k98q4rp1npfcoosddd0ak665f5oahm9jwop93b1dfc6k41mm9ztmd68k910s0aesqdk25d36o8eaoyd68h9vpy1z2xjmhg81m38f2e6yju:latest/confusion_matrix_table.table.json", "_latest_artifact_path": "wandb-client-artifact://q2w4dbjusadcraia9qy9z6k98q4rp1npfcoosddd0ak665f5oahm9jwop93b1dfc6k41mm9ztmd68k910s0aesqdk25d36o8eaoyd68h9vpy1z2xjmhg81m38f2e6yju:latest/confusion_matrix_table.table.json", "path": "media/table/confusion_matrix_table_39_928cf0ae81ef79f69d25.table.json", "ncols": 3, "nrows": 100}, "_wandb": {"runtime": 287}}