{"Epoch ": 29, "Training loss ": 0.32393192237441387, "Training accuracy ": 0.8810925925925925, "Validation loss ": 0.4194410078973852, "Validation accuracy ": 0.8508333333333333, "Testing loss ": 0.44477951798806514, "Testing accuracy ": 0.8451, "_timestamp": 1709286873.2910244, "_runtime": 108.09490537643433, "_step": 59, "confusion_matrix_table": {"_type": "table-file", "sha256": "80c18d8e0de426196c0d698bfb01ac550152cc47d759c446d170c623c1078241", "size": 3174, "artifact_path": "wandb-client-artifact://y1m3cje6k2kgjb5vncxqrz89phtljoxrp9tabzl9byscehmliwcsekcdhdjwhwlulynuz5iouoe72wld5o1cosarswos5l17zdnfsdgn92pzi8679e0ylpva6dzdxqkx:latest/confusion_matrix_table.table.json", "_latest_artifact_path": "wandb-client-artifact://y1m3cje6k2kgjb5vncxqrz89phtljoxrp9tabzl9byscehmliwcsekcdhdjwhwlulynuz5iouoe72wld5o1cosarswos5l17zdnfsdgn92pzi8679e0ylpva6dzdxqkx:latest/confusion_matrix_table.table.json", "path": "media/table/confusion_matrix_table_59_80c18d8e0de426196c0d.table.json", "ncols": 3, "nrows": 100}, "_wandb": {"runtime": 107}}