{"Epoch ": 14, "Training loss ": 0.05161297884451984, "Training accuracy ": 0.9828333333333333, "Validation loss ": 0.17810531658717035, "Validation accuracy ": 0.9568333333333333, "Testing loss ": 0.17557999483162248, "Testing accuracy ": 0.9584, "_timestamp": 1709501630.9208694, "_runtime": 54.51716446876526, "_step": 29, "confusion_matrix_table": {"_type": "table-file", "sha256": "9fd7b9c6e1400ae6a742ee4bb8ec25fbd8afeae4a998eda49cec87b1f0de5e08", "size": 3156, "artifact_path": "wandb-client-artifact://sx3cm37muyfr4g2roj4dul1ma09v6wrs63rw8makloi5h2fez5k4r5clhka1bapvvmvc7vly2dxj67ekm10qu937crpvqjmq85w9o1ybktyz371y2c0i108etl0ge65x:latest/confusion_matrix_table.table.json", "_latest_artifact_path": "wandb-client-artifact://sx3cm37muyfr4g2roj4dul1ma09v6wrs63rw8makloi5h2fez5k4r5clhka1bapvvmvc7vly2dxj67ekm10qu937crpvqjmq85w9o1ybktyz371y2c0i108etl0ge65x:latest/confusion_matrix_table.table.json", "path": "media/table/confusion_matrix_table_29_9fd7b9c6e1400ae6a742.table.json", "ncols": 3, "nrows": 100}, "_wandb": {"runtime": 53}}