{"Epoch ": 29, "Training loss ": 0.23350343847933838, "Training accuracy ": 0.9150925925925926, "Validation loss ": 0.3254188325936861, "Validation accuracy ": 0.8875, "Testing loss ": 0.37244558984457327, "Testing accuracy ": 0.872, "_timestamp": 1709298664.4742823, "_runtime": 62.8722882270813, "_step": 59, "confusion_matrix_table": {"_type": "table-file", "sha256": "ea46cffc39d937a4e4e6fd508720a0e96399ca85728b5485620ebf90288d8a7a", "size": 3173, "artifact_path": "wandb-client-artifact://1gb9mvciscwyue2y3bq9vyq25bdakduvfwbe9t1ftasiapl69oa2p615joo41mncpc1d6e696z0k8zd7edcsf9pklc89skhes4yjnpaggnxp10ygdhgut807w1x0x708:latest/confusion_matrix_table.table.json", "_latest_artifact_path": "wandb-client-artifact://1gb9mvciscwyue2y3bq9vyq25bdakduvfwbe9t1ftasiapl69oa2p615joo41mncpc1d6e696z0k8zd7edcsf9pklc89skhes4yjnpaggnxp10ygdhgut807w1x0x708:latest/confusion_matrix_table.table.json", "path": "media/table/confusion_matrix_table_59_ea46cffc39d937a4e4e6.table.json", "ncols": 3, "nrows": 100}, "_wandb": {"runtime": 62}}