{"Epoch ": 9, "Training loss ": 2.041151205963843, "Training accuracy ": 0.40885185185185186, "Validation loss ": 2.0370921565648534, "Validation accuracy ": 0.41483333333333333, "Testing loss ": 2.044061177794953, "Testing accuracy ": 0.4045, "_timestamp": 1709127226.0188115, "_runtime": 31.939242362976074, "_step": 19, "confusion_matrix_table": {"_type": "table-file", "sha256": "724cd59e23e778e953f99eb29dc6f03ee8f9d1cc9c46cfcecbff57dcff35261d", "size": 3206, "artifact_path": "wandb-client-artifact://l9jru7cdxx92aphx5p7mz8951dfo2i9yhe16adogw6ji31pg5rrt6qtqtexxacvl4cwxpepy5cnv610lmgj5o9kn5xu46f9cqnii66jthvx5l6xpasbbpl640o98qqyi:latest/confusion_matrix_table.table.json", "_latest_artifact_path": "wandb-client-artifact://l9jru7cdxx92aphx5p7mz8951dfo2i9yhe16adogw6ji31pg5rrt6qtqtexxacvl4cwxpepy5cnv610lmgj5o9kn5xu46f9cqnii66jthvx5l6xpasbbpl640o98qqyi:latest/confusion_matrix_table.table.json", "path": "media/table/confusion_matrix_table_19_724cd59e23e778e953f9.table.json", "ncols": 3, "nrows": 100}, "_wandb": {"runtime": 31}}