{"Epoch ": 4, "Training loss ": 0.689910898509743, "Training accuracy ": 0.6543518518518519, "Validation loss ": 0.6906480335048165, "Validation accuracy ": 0.6523333333333333, "Testing loss ": 0.691470907398129, "Testing accuracy ": 0.6544, "_timestamp": 1709631793.963684, "_runtime": 18.81253409385681, "_step": 9, "confusion_matrix_table": {"_type": "table-file", "sha256": "ade4bbb376f71b9bdbda46a3e006a49343ac55cdda892d23aef89ff6478f2297", "size": 3190, "artifact_path": "wandb-client-artifact://h0uxhsuhlt6namt5iyk43y45yrhgz9lkiwa11ghj2m9zzzp3uh92mj9suhykjwfvkrx1696ruyp3ftopnz6r424f22xxyrpct689wd886o8j796t16to54btk8q1qxn3:latest/confusion_matrix_table.table.json", "_latest_artifact_path": "wandb-client-artifact://h0uxhsuhlt6namt5iyk43y45yrhgz9lkiwa11ghj2m9zzzp3uh92mj9suhykjwfvkrx1696ruyp3ftopnz6r424f22xxyrpct689wd886o8j796t16to54btk8q1qxn3:latest/confusion_matrix_table.table.json", "path": "media/table/confusion_matrix_table_9_ade4bbb376f71b9bdbda.table.json", "ncols": 3, "nrows": 100}, "_wandb": {"runtime": 18}}