{"Epoch ": 4, "Training loss ": 0.44085341106229814, "Training accuracy ": 0.8502962962962963, "Validation loss ": 0.4588013554188913, "Validation accuracy ": 0.8428333333333333, "Testing loss ": 0.49025952407003504, "Testing accuracy ": 0.8408, "_timestamp": 1709138959.0475452, "_runtime": 27.18408513069153, "_step": 9, "confusion_matrix_table": {"_type": "table-file", "sha256": "d5669776b2f760dbe2bf05d3cb0263f083357592868aa78ff7f84b45c915c62d", "size": 3174, "artifact_path": "wandb-client-artifact://9qbi7hih5ipntxv6ouce6tuyv1uvnlqo3knkn0xw1q04snc0bnwoe8ap5zu1b7b6h7pw148q55pxrow2fn8de72d5fmhk4swxhit7xe2ww9nmpdcm8x1dtpxzjnma4lo:latest/confusion_matrix_table.table.json", "_latest_artifact_path": "wandb-client-artifact://9qbi7hih5ipntxv6ouce6tuyv1uvnlqo3knkn0xw1q04snc0bnwoe8ap5zu1b7b6h7pw148q55pxrow2fn8de72d5fmhk4swxhit7xe2ww9nmpdcm8x1dtpxzjnma4lo:latest/confusion_matrix_table.table.json", "path": "media/table/confusion_matrix_table_9_d5669776b2f760dbe2bf.table.json", "ncols": 3, "nrows": 100}, "_wandb": {"runtime": 26}}