{"Epoch ": 4, "Training loss ": 1.7801846595083541, "Training accuracy ": 0.09651851851851852, "Validation loss ": 1.7808387347528878, "Validation accuracy ": 0.0965, "Testing loss ": 1.7816295855624245, "Testing accuracy ": 0.0963, "_timestamp": 1709151309.726596, "_runtime": 13.747746229171753, "_step": 9, "confusion_matrix_table": {"_type": "table-file", "sha256": "a72480bf3ae20fe737cdcb54c4411cc4b5c62522438348fcf4ae09dfd7f855ee", "size": 3152, "artifact_path": "wandb-client-artifact://reb6hgv7uhy5yxq2zknubqbbpc69ljc9dejx1im1lrkr9qxrhc6iwj73kdigsy1kb5s5g30nc9wtmmkdbkczjfkl0o7ft6y3i7t181v5lfblic452qnr9y81tbzr60r5:latest/confusion_matrix_table.table.json", "_latest_artifact_path": "wandb-client-artifact://reb6hgv7uhy5yxq2zknubqbbpc69ljc9dejx1im1lrkr9qxrhc6iwj73kdigsy1kb5s5g30nc9wtmmkdbkczjfkl0o7ft6y3i7t181v5lfblic452qnr9y81tbzr60r5:latest/confusion_matrix_table.table.json", "path": "media/table/confusion_matrix_table_9_a72480bf3ae20fe737cd.table.json", "ncols": 3, "nrows": 100}, "_wandb": {"runtime": 13}}