{"Epoch ": 29, "Training loss ": 0.1642890406752711, "Training accuracy ": 0.9405925925925926, "Validation loss ": 0.41022359853300744, "Validation accuracy ": 0.8885, "Testing loss ": 0.4466761764199943, "Testing accuracy ": 0.8801, "_timestamp": 1709451866.8890479, "_runtime": 174.90572381019592, "_step": 59, "confusion_matrix_table": {"_type": "table-file", "sha256": "93c01ac42d8b8fea53822364f793573d17f3b5e433561e9fb266e3f23d702d25", "size": 3168, "artifact_path": "wandb-client-artifact://lriyxx836q1xmlbjsinbhy4g8y4x0n9bn3f9ztnqd1kbdy3oojvdckqndloo86d59q6kk60vf8phrwplst4ebyudl5ztga3obmagae6d2i0tuenpenbbfk5sks8ts07d:latest/confusion_matrix_table.table.json", "_latest_artifact_path": "wandb-client-artifact://lriyxx836q1xmlbjsinbhy4g8y4x0n9bn3f9ztnqd1kbdy3oojvdckqndloo86d59q6kk60vf8phrwplst4ebyudl5ztga3obmagae6d2i0tuenpenbbfk5sks8ts07d:latest/confusion_matrix_table.table.json", "path": "media/table/confusion_matrix_table_59_93c01ac42d8b8fea5382.table.json", "ncols": 3, "nrows": 100}, "_wandb": {"runtime": 174}}