{"Epoch ": 19, "Training loss ": 2.801153168389569e-05, "Training accuracy ": 0.6225185185185185, "Validation loss ": 0.00025188112706434654, "Validation accuracy ": 0.6246666666666667, "Testing loss ": 0.00015190839013779175, "Testing accuracy ": 0.6124, "_timestamp": 1708927093.2698357, "_runtime": 27.17201280593872, "_step": 39, "confusion_matrix_table": {"_type": "table-file", "sha256": "70c6b3329fbe00260ab3bb6494c754a4491a31c4d1a788332fd00008303d75b5", "size": 3188, "artifact_path": "wandb-client-artifact://am6x6xrk8gueuefgajbu8qnhiktldxhpflthqonaw3n5y2f9mcxjn9twd1g5qvng3y3bghzho04yiwsqs3amfq14ir36vop9shf7r4m755knidpzn193fsxfq0w0ocnf:latest/confusion_matrix_table.table.json", "_latest_artifact_path": "wandb-client-artifact://am6x6xrk8gueuefgajbu8qnhiktldxhpflthqonaw3n5y2f9mcxjn9twd1g5qvng3y3bghzho04yiwsqs3amfq14ir36vop9shf7r4m755knidpzn193fsxfq0w0ocnf:latest/confusion_matrix_table.table.json", "path": "media/table/confusion_matrix_table_39_70c6b3329fbe00260ab3.table.json", "ncols": 3, "nrows": 100}, "_wandb": {"runtime": 26}}