{"Epoch ": 29, "Training loss ": 0.23122883114165058, "Training accuracy ": 0.9121481481481482, "Validation loss ": 0.3720971897878656, "Validation accuracy ": 0.8778333333333334, "Testing loss ": 0.4216169904513019, "Testing accuracy ": 0.8695, "_timestamp": 1709289593.577901, "_runtime": 88.72549390792847, "_step": 59, "confusion_matrix_table": {"_type": "table-file", "sha256": "d73f00625083e39187131d818871d2bd3506a817fdd46d37ae9570b1cdf06366", "size": 3173, "artifact_path": "wandb-client-artifact://vuu1ms1o48j5rznh1vls3tc5ukkch6rdv16vugwampu1lc1bypwui5h8my71pv9wao7o4k1mcz6mezpelhsnn2ylwfvj1v4e4avlc2l42bh8uujy8al5t6klcnsbly5b:latest/confusion_matrix_table.table.json", "_latest_artifact_path": "wandb-client-artifact://vuu1ms1o48j5rznh1vls3tc5ukkch6rdv16vugwampu1lc1bypwui5h8my71pv9wao7o4k1mcz6mezpelhsnn2ylwfvj1v4e4avlc2l42bh8uujy8al5t6klcnsbly5b:latest/confusion_matrix_table.table.json", "path": "media/table/confusion_matrix_table_59_d73f00625083e3918713.table.json", "ncols": 3, "nrows": 100}, "_wandb": {"runtime": 87}}