{"Epoch ": 4, "Training loss ": 0.4204882561215357, "Training accuracy ": 0.851462962962963, "Validation loss ": 0.4480296123102545, "Validation accuracy ": 0.8435, "Testing loss ": 0.4608410240607788, "Testing accuracy ": 0.8351, "_timestamp": 1709102242.1551216, "_runtime": 38.15828347206116, "_step": 4, "_wandb": {"runtime": 37}}