{"Epoch ": 24, "Training loss ": 1.0512017842640091, "Training accuracy ": 0.2855925925925926, "Validation loss ": 1.0526845130584965, "Validation accuracy ": 0.2836666666666667, "Testing loss ": 1.0527616065569594, "Testing accuracy ": 0.2844, "_timestamp": 1709564604.8932316, "_runtime": 97.12689757347107, "_step": 49, "confusion_matrix_table": {"_type": "table-file", "sha256": "295a9c45609b9bdd0257d39a736ec088fdd019c79ec47d7bb7ed09ee47969a14", "size": 3168, "artifact_path": "wandb-client-artifact://hmawlbpw36g509zms8u34qu114nnwo6bwkj53z55cmj7ciclsj2sa6nxyb7qyl7dg1rszcgo2c6x969wv55zq4ne790vckravtufzdf86rv50m0j811wln3n7hapfn9y:latest/confusion_matrix_table.table.json", "_latest_artifact_path": "wandb-client-artifact://hmawlbpw36g509zms8u34qu114nnwo6bwkj53z55cmj7ciclsj2sa6nxyb7qyl7dg1rszcgo2c6x969wv55zq4ne790vckravtufzdf86rv50m0j811wln3n7hapfn9y:latest/confusion_matrix_table.table.json", "path": "media/table/confusion_matrix_table_49_295a9c45609b9bdd0257.table.json", "ncols": 3, "nrows": 100}, "_wandb": {"runtime": 96}}