{"Epoch ": 24, "Training loss ": 0.40960779002563197, "Training accuracy ": 0.8592962962962963, "Validation loss ": 0.42584568350509294, "Validation accuracy ": 0.8626666666666667, "Testing loss ": 0.46666223573564186, "Testing accuracy ": 0.8418, "_timestamp": 1709481112.8552666, "_runtime": 34.89934253692627, "_step": 49, "confusion_matrix_table": {"_type": "table-file", "sha256": "c7a1fe9b6c488f3a23be5c54ba1db6dcf480a25a4894a8f3d3ac3d0ed186c7ed", "size": 3178, "artifact_path": "wandb-client-artifact://tjl49jwmo43k40nse1583qofovymcyc1735n17x3tyg52mnqfay6711i9f48rf6scgof9u0x0kx7sdga9ncvyavw9jui7q7wi2d5tshbq71vllm4vs7yuq4uc435cc6k:latest/confusion_matrix_table.table.json", "_latest_artifact_path": "wandb-client-artifact://tjl49jwmo43k40nse1583qofovymcyc1735n17x3tyg52mnqfay6711i9f48rf6scgof9u0x0kx7sdga9ncvyavw9jui7q7wi2d5tshbq71vllm4vs7yuq4uc435cc6k:latest/confusion_matrix_table.table.json", "path": "media/table/confusion_matrix_table_49_c7a1fe9b6c488f3a23be.table.json", "ncols": 3, "nrows": 100}, "_wandb": {"runtime": 34}}