{"Epoch ": 9, "Training loss ": 0.06300286273189559, "Training accuracy ": 0.9585185185185185, "Validation loss ": 0.08888360754281213, "Validation accuracy ": 0.9395, "Testing loss ": 0.08081689333499258, "Testing accuracy ": 0.9471, "_timestamp": 1709531925.7774074, "_runtime": 41.27974534034729, "_step": 19, "confusion_matrix_table": {"_type": "table-file", "sha256": "c2f972af99676f1472e23b56818a0a8bcc8a79dfe04663a4cd9bc45b2e37ff4e", "size": 3161, "artifact_path": "wandb-client-artifact://2jipmddgfimhl6yxzffxustp36us689wzfgden3c1mdi7mv8u255njjg8ryxdb3qi1tzert25wjbyjkirmm5yoyrmmvnlkt4iz84i9zyao61yht8s5lwml2v9lfq9zqz:latest/confusion_matrix_table.table.json", "_latest_artifact_path": "wandb-client-artifact://2jipmddgfimhl6yxzffxustp36us689wzfgden3c1mdi7mv8u255njjg8ryxdb3qi1tzert25wjbyjkirmm5yoyrmmvnlkt4iz84i9zyao61yht8s5lwml2v9lfq9zqz:latest/confusion_matrix_table.table.json", "path": "media/table/confusion_matrix_table_19_c2f972af99676f1472e2.table.json", "ncols": 3, "nrows": 100}, "_wandb": {"runtime": 40}}