{"Epoch ": 29, "Training loss ": 0.19696495492059557, "Training accuracy ": 0.9283148148148148, "Validation loss ": 0.2964048604731559, "Validation accuracy ": 0.8923333333333333, "Testing loss ": 0.3254896892303479, "Testing accuracy ": 0.8852, "_timestamp": 1709137605.7894154, "_runtime": 161.08724236488342, "_step": 59, "confusion_matrix_table": {"_type": "table-file", "sha256": "0e7bc5a838ccd8ffec6d66fca2a353171be3ba709c44269a47477f7d9d092ecc", "size": 3170, "artifact_path": "wandb-client-artifact://m4xut3fpkwdnhu0z4iwhahnfwl03326pfccsjb6x4i3s6q6o6bcfi365e73ow8ru6b2qb39hzp152chv50mqk857rhek5tmiaof4dq6c8zg00bh4ljzunbxvdtxt4u7z:latest/confusion_matrix_table.table.json", "_latest_artifact_path": "wandb-client-artifact://m4xut3fpkwdnhu0z4iwhahnfwl03326pfccsjb6x4i3s6q6o6bcfi365e73ow8ru6b2qb39hzp152chv50mqk857rhek5tmiaof4dq6c8zg00bh4ljzunbxvdtxt4u7z:latest/confusion_matrix_table.table.json", "path": "media/table/confusion_matrix_table_59_0e7bc5a838ccd8ffec6d.table.json", "ncols": 3, "nrows": 100}, "_wandb": {"runtime": 160}}