{"Epoch ": 19, "Training loss ": 0.6238314088709076, "Training accuracy ": 0.4932037037037037, "Validation loss ": 0.6360857861773205, "Validation accuracy ": 0.4886666666666667, "Testing loss ": 0.636485747013056, "Testing accuracy ": 0.4908, "_timestamp": 1709714182.1461105, "_runtime": 80.34965944290161, "_step": 39, "confusion_matrix_table": {"_type": "table-file", "sha256": "03ebc72faea260dbb2390fc301d353344547546aaae967c292222e3358354cad", "size": 3166, "artifact_path": "wandb-client-artifact://ii3b24j96m1dy69ny6cu85lhxrzoro8qeil81q43faltp13u8i9fz752nqiv5x6wn9df11tdfvopzw847hdm6fuirjgj380s8x4ovo5epaf95u425bus29jcy30z9r2u:latest/confusion_matrix_table.table.json", "_latest_artifact_path": "wandb-client-artifact://ii3b24j96m1dy69ny6cu85lhxrzoro8qeil81q43faltp13u8i9fz752nqiv5x6wn9df11tdfvopzw847hdm6fuirjgj380s8x4ovo5epaf95u425bus29jcy30z9r2u:latest/confusion_matrix_table.table.json", "path": "media/table/confusion_matrix_table_39_03ebc72faea260dbb239.table.json", "ncols": 3, "nrows": 100}, "_wandb": {"runtime": 79}}