{"Epoch ": 24, "Training loss ": 0.1511505076190675, "Training accuracy ": 0.8967962962962963, "Validation loss ": 0.17256155096134734, "Validation accuracy ": 0.88, "Testing loss ": 0.18238497534539821, "Testing accuracy ": 0.8726, "_timestamp": 1709538810.38205, "_runtime": 62.76121997833252, "_step": 49, "confusion_matrix_table": {"_type": "table-file", "sha256": "2b7645d9346b786d644a9069fd0317940d90ab02be70aca32e1814f968a8334b", "size": 3170, "artifact_path": "wandb-client-artifact://4uw32geye6pc69hgegku0x2txw63b4oinrrmittcjbygxzicpq4beye1wpi1ek9gst0yyw7ix22rsrrqls1y7kcqf0q7h3lxz6l85cxx9g2n068xafdd9afe7f6svxiw:latest/confusion_matrix_table.table.json", "_latest_artifact_path": "wandb-client-artifact://4uw32geye6pc69hgegku0x2txw63b4oinrrmittcjbygxzicpq4beye1wpi1ek9gst0yyw7ix22rsrrqls1y7kcqf0q7h3lxz6l85cxx9g2n068xafdd9afe7f6svxiw:latest/confusion_matrix_table.table.json", "path": "media/table/confusion_matrix_table_49_2b7645d9346b786d644a.table.json", "ncols": 3, "nrows": 100}, "_wandb": {"runtime": 61}}