{"Epoch ": 19, "Training loss ": 0.21976528285408123, "Training accuracy ": 0.918, "Validation loss ": 0.34328173678424106, "Validation accuracy ": 0.881, "Testing loss ": 0.3695254024172707, "Testing accuracy ": 0.8774, "_timestamp": 1709296248.81996, "_runtime": 58.43712520599365, "_step": 39, "confusion_matrix_table": {"_type": "table-file", "sha256": "d80565ca1c9d8a69599402d7b9ba7319896b0540a0838e2b3175f965bfe9ae23", "size": 3169, "artifact_path": "wandb-client-artifact://mmkq0l8u75g9lzrtikb731wncibxc5s0b9h8fsy8vbryw96wika15xpvps39iipkhzy366bya7c7msov0o2asn1thiwruvp9hwensgvor586oxw6fvpbjfrf7wd25j7i:latest/confusion_matrix_table.table.json", "_latest_artifact_path": "wandb-client-artifact://mmkq0l8u75g9lzrtikb731wncibxc5s0b9h8fsy8vbryw96wika15xpvps39iipkhzy366bya7c7msov0o2asn1thiwruvp9hwensgvor586oxw6fvpbjfrf7wd25j7i:latest/confusion_matrix_table.table.json", "path": "media/table/confusion_matrix_table_39_d80565ca1c9d8a695994.table.json", "ncols": 3, "nrows": 100}, "_wandb": {"runtime": 57}}