{"Epoch ": 4, "Training loss ": 0.48212458483382664, "Training accuracy ": 0.8294074074074074, "Validation loss ": 0.5192006621750442, "Validation accuracy ": 0.8225, "Testing loss ": 0.532014790498751, "Testing accuracy ": 0.811, "_timestamp": 1709402819.7267375, "_runtime": 34.7828905582428, "_step": 9, "confusion_matrix_table": {"_type": "table-file", "sha256": "1f515599d8fc44de9a8e93e111137a020165fa3f6022ee60b63ac2dcb62281f7", "size": 3175, "artifact_path": "wandb-client-artifact://lsegwufinvbfh7eeb6ua8lswalahf9mneuh1ie161xxz2hjzpevzzyend9vlj5t08d25w7oec8qxp0kaij6m6880w8gf85ess2le7mxmlgzbglop03s9m3q2g57s9ey1:latest/confusion_matrix_table.table.json", "_latest_artifact_path": "wandb-client-artifact://lsegwufinvbfh7eeb6ua8lswalahf9mneuh1ie161xxz2hjzpevzzyend9vlj5t08d25w7oec8qxp0kaij6m6880w8gf85ess2le7mxmlgzbglop03s9m3q2g57s9ey1:latest/confusion_matrix_table.table.json", "path": "media/table/confusion_matrix_table_9_1f515599d8fc44de9a8e.table.json", "ncols": 3, "nrows": 100}, "_wandb": {"runtime": 34}}