{"Epoch ": 29, "Training loss ": 0.22457978599719208, "Training accuracy ": 0.8445370370370371, "Validation loss ": 0.24131532587187784, "Validation accuracy ": 0.8361666666666666, "Testing loss ": 0.2458221647229465, "Testing accuracy ": 0.8292, "_timestamp": 1709562438.21028, "_runtime": 1028.7337210178375, "_step": 59, "confusion_matrix_table": {"_type": "table-file", "sha256": "5599f33a04b33c1fe8d6dcdc65952c50e64ab9e4eef662401bfcc5d04cc91b12", "size": 3177, "artifact_path": "wandb-client-artifact://801fm4h5zlgm25bfrt7o97w08136cgo9c45vx4sblbssgnlsv8tajn12wsj74dv5f5e4e8p94g5u0jvx81tdsu2wo8fuxgvyatirkqe8g5z4zydnbft99aj9k2lz62qq:latest/confusion_matrix_table.table.json", "_latest_artifact_path": "wandb-client-artifact://801fm4h5zlgm25bfrt7o97w08136cgo9c45vx4sblbssgnlsv8tajn12wsj74dv5f5e4e8p94g5u0jvx81tdsu2wo8fuxgvyatirkqe8g5z4zydnbft99aj9k2lz62qq:latest/confusion_matrix_table.table.json", "path": "media/table/confusion_matrix_table_59_5599f33a04b33c1fe8d6.table.json", "ncols": 3, "nrows": 100}, "_wandb": {"runtime": 1028}}