{"Epoch ": 14, "Training loss ": 0.1539589548772651, "Training accuracy ": 0.8956666666666667, "Validation loss ": 0.1704316727338194, "Validation accuracy ": 0.883, "Testing loss ": 0.1883016937970518, "Testing accuracy ": 0.8707, "_timestamp": 1709572263.028251, "_runtime": 38.438660860061646, "_step": 29, "confusion_matrix_table": {"_type": "table-file", "sha256": "0f317394836d1fa4a7883609e96101f062f727d55c0fa94a0834198e9bb17695", "size": 3172, "artifact_path": "wandb-client-artifact://l3edetau1ubx6wr2zcrz6o545ugpcs88a6b0x27r1gm1ky6ur8ek5c219t0324ikb5risehisvss33j1pjn43atkptubrkiwlrpwxsn6xqjlifo4rb0wti7gccr6il5i:latest/confusion_matrix_table.table.json", "_latest_artifact_path": "wandb-client-artifact://l3edetau1ubx6wr2zcrz6o545ugpcs88a6b0x27r1gm1ky6ur8ek5c219t0324ikb5risehisvss33j1pjn43atkptubrkiwlrpwxsn6xqjlifo4rb0wti7gccr6il5i:latest/confusion_matrix_table.table.json", "path": "media/table/confusion_matrix_table_29_0f317394836d1fa4a788.table.json", "ncols": 3, "nrows": 100}, "_wandb": {"runtime": 37}}