{"Epoch ": 4, "Training loss ": 0.422270797836977, "Training accuracy ": 0.8506851851851852, "Validation loss ": 0.4239247449377361, "Validation accuracy ": 0.8553333333333333, "Testing loss ": 0.45797008326521843, "Testing accuracy ": 0.8402, "_timestamp": 1709102222.7624717, "_runtime": 73.1043426990509, "_step": 4, "_wandb": {"runtime": 72}}