{"Epoch ": 9, "Training loss ": 0.579923102863429, "Training accuracy ": 0.8266481481481481, "Validation loss ": 0.589159121117827, "Validation accuracy ": 0.8161666666666667, "Testing loss ": 0.6037253947052805, "Testing accuracy ": 0.8159, "_timestamp": 1709449350.3040376, "_runtime": 25.424590587615967, "_step": 19, "confusion_matrix_table": {"_type": "table-file", "sha256": "7a0d7138d0f28540722e069e3ad866158f45b962b888215b0929b36f22eeb581", "size": 3180, "artifact_path": "wandb-client-artifact://1qu981l0e0c45kq73g207pwumstf0n5v5zihavogg9tltjh9ud3ne6lkqxm9dyxpi9cwgujdigvabakwkmbhzdtu13d7shwxq99bceyt8ev8v1fujf1tltnk8fzutf1z:latest/confusion_matrix_table.table.json", "_latest_artifact_path": "wandb-client-artifact://1qu981l0e0c45kq73g207pwumstf0n5v5zihavogg9tltjh9ud3ne6lkqxm9dyxpi9cwgujdigvabakwkmbhzdtu13d7shwxq99bceyt8ev8v1fujf1tltnk8fzutf1z:latest/confusion_matrix_table.table.json", "path": "media/table/confusion_matrix_table_19_7a0d7138d0f28540722e.table.json", "ncols": 3, "nrows": 100}, "_wandb": {"runtime": 24}}