{"Epoch ": 4, "Training loss ": 1.1108981666944766, "Training accuracy ": 0.6265555555555555, "Validation loss ": 1.110289424429741, "Validation accuracy ": 0.6366666666666667, "Testing loss ": 1.1191151990097454, "Testing accuracy ": 0.6209, "_timestamp": 1709488470.7187393, "_runtime": 47.37075424194336, "_step": 9, "confusion_matrix_table": {"_type": "table-file", "sha256": "26cdb0c13c8be8082c7b4044bf0528c1b560f3efaabdb03eb60ffa3dd778a8dc", "size": 3189, "artifact_path": "wandb-client-artifact://fnu6u9axf3vrqu9r98wg69oknxnih09bduh6yxe5tdd9aye9su3nyqr1pk344ndvl9xqkj98yoxvte4otr50jj6v9amd0ngif89snvkkqtgyn6p879btjt0u960j6584:latest/confusion_matrix_table.table.json", "_latest_artifact_path": "wandb-client-artifact://fnu6u9axf3vrqu9r98wg69oknxnih09bduh6yxe5tdd9aye9su3nyqr1pk344ndvl9xqkj98yoxvte4otr50jj6v9amd0ngif89snvkkqtgyn6p879btjt0u960j6584:latest/confusion_matrix_table.table.json", "path": "media/table/confusion_matrix_table_9_26cdb0c13c8be8082c7b.table.json", "ncols": 3, "nrows": 100}, "_wandb": {"runtime": 46}}