{"Epoch ": 4, "Training loss ": 0.4313519876312504, "Training accuracy ": 0.8437777777777777, "Validation loss ": 0.46146673684467004, "Validation accuracy ": 0.8308333333333333, "Testing loss ": 0.48641826982608855, "Testing accuracy ": 0.8262, "_timestamp": 1709130169.9658356, "_runtime": 34.72784447669983, "_step": 9, "confusion_matrix_table": {"_type": "table-file", "sha256": "15eda96d350e7d1596cd92805754926d4bdbdd27ad0b0869d3959b494bcffaf1", "size": 3175, "artifact_path": "wandb-client-artifact://onl1tqqaq8bsi2bwpnvjh7twkj4j2v6uelg3vo9m1b7d4xxwxo1ul855vvgml8uvrcu369y2tub9esep74lk43rm0cano28octdood44xk1hex8kt576k3mkan1ddh92:latest/confusion_matrix_table.table.json", "_latest_artifact_path": "wandb-client-artifact://onl1tqqaq8bsi2bwpnvjh7twkj4j2v6uelg3vo9m1b7d4xxwxo1ul855vvgml8uvrcu369y2tub9esep74lk43rm0cano28octdood44xk1hex8kt576k3mkan1ddh92:latest/confusion_matrix_table.table.json", "path": "media/table/confusion_matrix_table_9_15eda96d350e7d1596cd.table.json", "ncols": 3, "nrows": 100}, "_wandb": {"runtime": 33}}