{"Epoch ": 4, "Training loss ": 0.9224676657587986, "Training accuracy ": 0.7463518518518518, "Validation loss ": 0.9252198500029896, "Validation accuracy": 0.7413333333333333, "Testing loss ": 0.9362332776993526, "Testing accuracy ": 0.7365, "_timestamp": 1709115777.1866171, "_runtime": 13.968828201293945, "_step": 9, "confusion_matrix_table": {"_type": "table-file", "sha256": "3ecd212b364735eba2d39d69b19aaacbaac700262c74b437741eb1f84b7b850c", "size": 3187, "artifact_path": "wandb-client-artifact://h0ebvqnsar9fwc6lieho2xg70iw4vkx3wk4x6b9l1i85guadcxw4jxlld51ixyouklkt90ppilbtfu9m3t85vbtnin3u1ke2clcruwefr65bemckei7dvuixi2ad275m:latest/confusion_matrix_table.table.json", "_latest_artifact_path": "wandb-client-artifact://h0ebvqnsar9fwc6lieho2xg70iw4vkx3wk4x6b9l1i85guadcxw4jxlld51ixyouklkt90ppilbtfu9m3t85vbtnin3u1ke2clcruwefr65bemckei7dvuixi2ad275m:latest/confusion_matrix_table.table.json", "path": "media/table/confusion_matrix_table_9_3ecd212b364735eba2d3.table.json", "ncols": 3, "nrows": 100}, "_wandb": {"runtime": 13}}