{"Epoch ": 29, "Training loss ": 0.24549554544227714, "Training accuracy ": 0.9177962962962963, "Validation loss ": 0.4435957156466864, "Validation accuracy ": 0.8758333333333334, "Testing loss ": 0.4905091447810032, "Testing accuracy ": 0.8682, "_timestamp": 1709410333.9631484, "_runtime": 239.01369833946228, "_step": 59, "confusion_matrix_table": {"_type": "table-file", "sha256": "41b6f98c94cc229f3e2c2ad30d5f255df65a1d9124f1404a1687ff97ceb64ead", "size": 3171, "artifact_path": "wandb-client-artifact://lwlrgkio1xrmnp21s3bfg6rua34t4a9m3dbxfmurktduu5vqs4bsbqj2vf5oqr686qtx9h0pln1t12j8m2f58w1f59uba8tbz1skdm9y159sryqy6zmqb8a5dms1oc1h:latest/confusion_matrix_table.table.json", "_latest_artifact_path": "wandb-client-artifact://lwlrgkio1xrmnp21s3bfg6rua34t4a9m3dbxfmurktduu5vqs4bsbqj2vf5oqr686qtx9h0pln1t12j8m2f58w1f59uba8tbz1skdm9y159sryqy6zmqb8a5dms1oc1h:latest/confusion_matrix_table.table.json", "path": "media/table/confusion_matrix_table_59_41b6f98c94cc229f3e2c.table.json", "ncols": 3, "nrows": 100}, "_wandb": {"runtime": 238}}