{"Epoch ": 24, "Training loss ": 0.2473668770562592, "Training accuracy ": 0.9093703703703704, "Validation loss ": 0.3744094069150107, "Validation accuracy ": 0.873, "Testing loss ": 0.3910455202769609, "Testing accuracy ": 0.8685, "_timestamp": 1709290138.9309819, "_runtime": 48.13697791099548, "_step": 49, "confusion_matrix_table": {"_type": "table-file", "sha256": "aaede72a46028e39f291a692477bbc292c804898757b72e422c6ce88744cf49a", "size": 3167, "artifact_path": "wandb-client-artifact://0wf5d3zm8wjdu1uw5j89dozzw08cfwqqiyeamc6a50drpwq0olup2qdhol4d5pa6uhg9e92pgw7wxwrg1apg90qcxh60xkycsgmxhvnzb5gbqdfkper7kj2m62u5tomr:latest/confusion_matrix_table.table.json", "_latest_artifact_path": "wandb-client-artifact://0wf5d3zm8wjdu1uw5j89dozzw08cfwqqiyeamc6a50drpwq0olup2qdhol4d5pa6uhg9e92pgw7wxwrg1apg90qcxh60xkycsgmxhvnzb5gbqdfkper7kj2m62u5tomr:latest/confusion_matrix_table.table.json", "path": "media/table/confusion_matrix_table_49_aaede72a46028e39f291.table.json", "ncols": 3, "nrows": 100}, "_wandb": {"runtime": 47}}