{"Epoch ": 29, "Training loss ": 0.7511454352934825, "Training accuracy ": 0.5449074074074074, "Validation loss ": 0.7707858141127687, "Validation accuracy ": 0.5351666666666667, "Testing loss ": 0.7706837334387873, "Testing accuracy ": 0.5306, "_timestamp": 1709536567.6222255, "_runtime": 133.37004160881042, "_step": 59, "confusion_matrix_table": {"_type": "table-file", "sha256": "aec4bdcad099a818620c8efb5da4cb4a3536629ec4778b6807222b9d8d015309", "size": 3183, "artifact_path": "wandb-client-artifact://jsu3ne7t601cgber883qzse2j6wvlgy5zndxbtixx4360ysu36o6dthlgqmn3c1tjj657b6uukuco3qpdsb9njm2h12xa08cj56guv2zaemd2d8ua2x4pmdlnyqe2fon:latest/confusion_matrix_table.table.json", "_latest_artifact_path": "wandb-client-artifact://jsu3ne7t601cgber883qzse2j6wvlgy5zndxbtixx4360ysu36o6dthlgqmn3c1tjj657b6uukuco3qpdsb9njm2h12xa08cj56guv2zaemd2d8ua2x4pmdlnyqe2fon:latest/confusion_matrix_table.table.json", "path": "media/table/confusion_matrix_table_59_aec4bdcad099a818620c.table.json", "ncols": 3, "nrows": 100}, "_wandb": {"runtime": 132}}