{"Epoch ": 4, "Training loss ": 0.44720624333650644, "Training accuracy ": 0.8426851851851852, "Validation loss ": 0.4706086302791214, "Validation accuracy ": 0.8306666666666667, "Testing loss ": 0.4999796004440947, "Testing accuracy ": 0.8261, "_timestamp": 1709402912.9098597, "_runtime": 32.54464769363403, "_step": 9, "confusion_matrix_table": {"_type": "table-file", "sha256": "255384512e59c320eb8236879f95a96c98048f3c002b52a5f8d93c73562c4ce5", "size": 3177, "artifact_path": "wandb-client-artifact://l9sjcz58hmigk4qh7prkvr638xj3dydoxq4uqal3mu6izly9gm7cvuew3hdfry2xc35r5v4e0x0396h5nhb7dmt1lwiy3ld6v7xfyrzmtdd36354wabqkvp391edbuee:latest/confusion_matrix_table.table.json", "_latest_artifact_path": "wandb-client-artifact://l9sjcz58hmigk4qh7prkvr638xj3dydoxq4uqal3mu6izly9gm7cvuew3hdfry2xc35r5v4e0x0396h5nhb7dmt1lwiy3ld6v7xfyrzmtdd36354wabqkvp391edbuee:latest/confusion_matrix_table.table.json", "path": "media/table/confusion_matrix_table_9_255384512e59c320eb82.table.json", "ncols": 3, "nrows": 100}, "_wandb": {"runtime": 31}}