{"Epoch ": 29, "Training loss ": 0.8786397878755816, "Training accuracy ": 0.3649074074074074, "Validation loss ": 0.8787579512004288, "Validation accuracy ": 0.36716666666666664, "Testing loss ": 0.8786981769723978, "Testing accuracy ": 0.3628, "_timestamp": 1709309341.659423, "_runtime": 84.64207315444946, "_step": 59, "confusion_matrix_table": {"_type": "table-file", "sha256": "a2482dcd2a65d0273c3f19bcce7378800a2b95f97a38c5984d29f44fb905ceda", "size": 3173, "artifact_path": "wandb-client-artifact://6sf0ozh6jq60hmo4k2tndnxzuf4owcld3a2b2pjgtudskff4dk7ddqquf3m66oks04ixamodu1pqmdecamea3bferb8tp5sc1lpj7elgxmdydx8kzkhsjkw7465fqt64:latest/confusion_matrix_table.table.json", "_latest_artifact_path": "wandb-client-artifact://6sf0ozh6jq60hmo4k2tndnxzuf4owcld3a2b2pjgtudskff4dk7ddqquf3m66oks04ixamodu1pqmdecamea3bferb8tp5sc1lpj7elgxmdydx8kzkhsjkw7465fqt64:latest/confusion_matrix_table.table.json", "path": "media/table/confusion_matrix_table_59_a2482dcd2a65d0273c3f.table.json", "ncols": 3, "nrows": 100}, "_wandb": {"runtime": 83}}