{"Epoch ": 4, "Training loss ": 0.09790765732169654, "Training accuracy ": 0.9710185185185185, "Validation loss ": 0.14393309697756002, "Validation accuracy ": 0.9575, "Testing loss ": 0.12977334611480337, "Testing accuracy ": 0.9605, "_timestamp": 1709493521.7751005, "_runtime": 51.96853756904602, "_step": 9, "confusion_matrix_table": {"_type": "table-file", "sha256": "4e987b73e279550ad4cfa34b939756d151c4f0010a700471360cfb58cf6a6931", "size": 3156, "artifact_path": "wandb-client-artifact://gjsij8wddz6v9jx91fp9bxr7yyl9nfe1rszo8svra5hgpyyho0gfodwww4lf34j6nipg3s9g1igmca105e56ftsgl0e4qm05ffk1sjoacx6gxrh3ojhtnk1dkz176ok3:latest/confusion_matrix_table.table.json", "_latest_artifact_path": "wandb-client-artifact://gjsij8wddz6v9jx91fp9bxr7yyl9nfe1rszo8svra5hgpyyho0gfodwww4lf34j6nipg3s9g1igmca105e56ftsgl0e4qm05ffk1sjoacx6gxrh3ojhtnk1dkz176ok3:latest/confusion_matrix_table.table.json", "path": "media/table/confusion_matrix_table_9_4e987b73e279550ad4cf.table.json", "ncols": 3, "nrows": 100}, "_wandb": {"runtime": 51}}