{"Epoch ": 4, "Training loss ": 2.2076887071800186, "Training accuracy ": 0.16490740740740742, "Validation loss ": 2.207257763185257, "Validation accuracy ": 0.1715, "Testing loss ": 2.1985322998317365, "Testing accuracy ": 0.1676, "_timestamp": 1709493602.175819, "_runtime": 21.104153871536255, "_step": 9, "confusion_matrix_table": {"_type": "table-file", "sha256": "ab989b4ac9f1ebc0cb0323f48ddf9c024855a595343436e96e35c57074ee9af5", "size": 3204, "artifact_path": "wandb-client-artifact://38d8t8tumg6875wp0n24iefminrjxrdwnf0g1s2mcpwy41mu2fx9n2kotog2s8hpzzq5dl6bvv4bc8nqkmv4mpm3vyplcch5aqzepuzlpn4co8dbr8ut7bbujcjp8cj0:latest/confusion_matrix_table.table.json", "_latest_artifact_path": "wandb-client-artifact://38d8t8tumg6875wp0n24iefminrjxrdwnf0g1s2mcpwy41mu2fx9n2kotog2s8hpzzq5dl6bvv4bc8nqkmv4mpm3vyplcch5aqzepuzlpn4co8dbr8ut7bbujcjp8cj0:latest/confusion_matrix_table.table.json", "path": "media/table/confusion_matrix_table_9_ab989b4ac9f1ebc0cb03.table.json", "ncols": 3, "nrows": 100}, "_wandb": {"runtime": 20}}