{"Epoch ": 9, "Training loss ": 0.32456999464853276, "Training accuracy ": 0.8849444444444444, "Validation loss ": 0.3514564408551678, "Validation accuracy ": 0.8768333333333334, "Testing loss ": 0.3852233479844346, "Testing accuracy ": 0.8625, "_timestamp": 1709453847.9994578, "_runtime": 18.8173987865448, "_step": 19, "confusion_matrix_table": {"_type": "table-file", "sha256": "949e7a25c0ae1a2fb04c6df424ba55fa190471ef3efef0f6e723cf4541980870", "size": 3172, "artifact_path": "wandb-client-artifact://68rla7uofckn0o2jt9joxrbzm9lf5nix99qgmlzzph5iqtnw79y8yhvh905d6etxxe9iarneu6usazq5yttdu7m6vr68pwftp84ojiinnk67vzezc9ylwcqlz6w7py7y:latest/confusion_matrix_table.table.json", "_latest_artifact_path": "wandb-client-artifact://68rla7uofckn0o2jt9joxrbzm9lf5nix99qgmlzzph5iqtnw79y8yhvh905d6etxxe9iarneu6usazq5yttdu7m6vr68pwftp84ojiinnk67vzezc9ylwcqlz6w7py7y:latest/confusion_matrix_table.table.json", "path": "media/table/confusion_matrix_table_19_949e7a25c0ae1a2fb04c.table.json", "ncols": 3, "nrows": 100}, "_wandb": {"runtime": 18}}