{"Epoch ": 24, "Training loss ": 0.23524375040469914, "Training accuracy ": 0.9128333333333334, "Validation loss ": 0.37415917795525167, "Validation accuracy ": 0.8755, "Testing loss ": 0.4027386847316229, "Testing accuracy ": 0.87, "_timestamp": 1709289179.1119049, "_runtime": 144.81961274147034, "_step": 49, "confusion_matrix_table": {"_type": "table-file", "sha256": "a997969e06db40401a8dca58a9ba3ae501bca99d48679994f70e2c42101559eb", "size": 3169, "artifact_path": "wandb-client-artifact://8hjv3r4j9azrkkyzusuoz0cd7226bdgjdpj69k4pwim1lqg3l24axzr1egsvrnsxqme0a07dnmrdjtso9866b3ebgnu5t2x8nuqab8p0nvzg62h32exw1w4oc6wtsh1o:latest/confusion_matrix_table.table.json", "_latest_artifact_path": "wandb-client-artifact://8hjv3r4j9azrkkyzusuoz0cd7226bdgjdpj69k4pwim1lqg3l24axzr1egsvrnsxqme0a07dnmrdjtso9866b3ebgnu5t2x8nuqab8p0nvzg62h32exw1w4oc6wtsh1o:latest/confusion_matrix_table.table.json", "path": "media/table/confusion_matrix_table_49_a997969e06db40401a8d.table.json", "ncols": 3, "nrows": 100}, "_wandb": {"runtime": 144}}