{"Epoch ": 24, "Training loss ": 0.105050064926693, "Training accuracy ": 0.9284444444444444, "Validation loss ": 0.15474455806761492, "Validation accuracy ": 0.8921666666666667, "Testing loss ": 0.1726508396192706, "Testing accuracy ": 0.8812, "_timestamp": 1709187089.8336792, "_runtime": 241.9063982963562, "_step": 49, "confusion_matrix_table": {"_type": "table-file", "sha256": "7e5e67e9805246d2211caa6d91cff5c78ad1fbd2b10c8def13ed94312e70f783", "size": 3170, "artifact_path": "wandb-client-artifact://e62w8eeqyxz7w0x1gi9nmh6yu9kw75dwc12ioqwi3erd7udswcrys1ntef9z9g5rf1i2lvgvmspzh1igk3ex2ykk0b1mgantcldbyrhcc5qakp5xgg27hdzrtqibm1l2:latest/confusion_matrix_table.table.json", "_latest_artifact_path": "wandb-client-artifact://e62w8eeqyxz7w0x1gi9nmh6yu9kw75dwc12ioqwi3erd7udswcrys1ntef9z9g5rf1i2lvgvmspzh1igk3ex2ykk0b1mgantcldbyrhcc5qakp5xgg27hdzrtqibm1l2:latest/confusion_matrix_table.table.json", "path": "media/table/confusion_matrix_table_49_7e5e67e9805246d2211c.table.json", "ncols": 3, "nrows": 100}, "_wandb": {"runtime": 241}}