{"Epoch ": 4, "Training loss ": 2.302822456140924, "Training accuracy ": 0.1, "Validation loss ": 2.3028224561376485, "Validation accuracy ": 0.1, "Testing loss ": 2.3028224561370982, "Testing accuracy ": 0.1, "_timestamp": 1709099443.326818, "_runtime": 66.39482307434082, "_step": 4, "_wandb": {"runtime": 65}}