{"Epoch ": 29, "Training loss ": 0.0028729769615006115, "Training accuracy ": 0.9996481481481482, "Validation loss ": 0.105588781278467, "Validation accuracy ": 0.9751666666666666, "Testing loss ": 0.08613271955024591, "Testing accuracy ": 0.9788, "_timestamp": 1709788006.448978, "_runtime": 163.3561978340149, "_step": 59, "confusion_matrix_table": {"_type": "table-file", "sha256": "35e09abf98a7676169e044d043ac614a2686d70750fc95a4370671a3bfc06552", "size": 3147, "artifact_path": "wandb-client-artifact://eczpo1lxkisbccjrmei870f2597yjddwc85xyntpsededr6j57vtjx2bapkbxtaxtnxq9wf3141yedyx0e7bacsfknfj6mogryjzfy6uztobgxeyml1lvuanx9tg7dhu:latest/confusion_matrix_table.table.json", "_latest_artifact_path": "wandb-client-artifact://eczpo1lxkisbccjrmei870f2597yjddwc85xyntpsededr6j57vtjx2bapkbxtaxtnxq9wf3141yedyx0e7bacsfknfj6mogryjzfy6uztobgxeyml1lvuanx9tg7dhu:latest/confusion_matrix_table.table.json", "path": "media/table/confusion_matrix_table_59_35e09abf98a7676169e0.table.json", "ncols": 3, "nrows": 100}, "_wandb": {"runtime": 162}}