{"Epoch ": 19, "Training loss ": 0.2811513752690607, "Training accuracy ": 0.8998703703703703, "Validation loss ": 0.32234256716500187, "Validation accuracy ": 0.881, "Testing loss ": 0.3495921197670571, "Testing accuracy ": 0.876, "_timestamp": 1709411646.0699754, "_runtime": 45.28440237045288, "_step": 39, "confusion_matrix_table": {"_type": "table-file", "sha256": "431866ddc622aa290812e3c8b0b93970a049c78e52c5bd4f9c645bf6d853c087", "size": 3171, "artifact_path": "wandb-client-artifact://5wez0pzo0p61cd6w6s0y58622nhiucaw79eepmf7k5j5pvg153gv0yboivqpyrpbmibffh72a270kgltsq0f8ipd3x1tvcu6tadqewu469swzycf6nrynxnkqjprpnpb:latest/confusion_matrix_table.table.json", "_latest_artifact_path": "wandb-client-artifact://5wez0pzo0p61cd6w6s0y58622nhiucaw79eepmf7k5j5pvg153gv0yboivqpyrpbmibffh72a270kgltsq0f8ipd3x1tvcu6tadqewu469swzycf6nrynxnkqjprpnpb:latest/confusion_matrix_table.table.json", "path": "media/table/confusion_matrix_table_39_431866ddc622aa290812.table.json", "ncols": 3, "nrows": 100}, "_wandb": {"runtime": 44}}