{"Epoch ": 29, "Training loss ": 0.2026350124691663, "Training accuracy ": 0.9234259259259259, "Validation loss ": 0.36141478478887906, "Validation accuracy ": 0.8915, "Testing loss ": 0.39949344783883295, "Testing accuracy ": 0.8788, "_timestamp": 1709448738.4687426, "_runtime": 149.3630576133728, "_step": 59, "confusion_matrix_table": {"_type": "table-file", "sha256": "af29b062674e03a996c0963c5bca06657a944578223fbc472d724bcbaab8565e", "size": 3169, "artifact_path": "wandb-client-artifact://uhstlcuoagil3syh3umphp5c9pb6uvw64acln49knausrd10cgt3s88gytx7ad6ukmuzis7k8ikmd4154ynocrrctef09695h3cqnce56tohp16w2wq7ytf66rxz8q79:latest/confusion_matrix_table.table.json", "_latest_artifact_path": "wandb-client-artifact://uhstlcuoagil3syh3umphp5c9pb6uvw64acln49knausrd10cgt3s88gytx7ad6ukmuzis7k8ikmd4154ynocrrctef09695h3cqnce56tohp16w2wq7ytf66rxz8q79:latest/confusion_matrix_table.table.json", "path": "media/table/confusion_matrix_table_59_af29b062674e03a996c0.table.json", "ncols": 3, "nrows": 100}, "_wandb": {"runtime": 148}}