{"Epoch ": 14, "Training loss ": 0.29618673773560245, "Training accuracy ": 0.7869814814814815, "Validation loss ": 0.29718718799989635, "Validation accuracy ": 0.7851666666666667, "Testing loss ": 0.310153632874543, "Testing accuracy ": 0.7763, "_timestamp": 1709633596.7430964, "_runtime": 497.18486046791077, "_step": 29, "confusion_matrix_table": {"_type": "table-file", "sha256": "8e699af85ea04d9bfe878ab5cf38853686035344e5be9a5744d3d35257f629d9", "size": 3176, "artifact_path": "wandb-client-artifact://2c8s7let10danue2lear88ag41omecz2mcug4vzfa68zleo7lbrz1o4l7wkrh8oyhcimdrkhya46x4qjqhs5t9nplkby4ve4s9nee4iliuuf2lkx7an920z7cmrqcsrj:latest/confusion_matrix_table.table.json", "_latest_artifact_path": "wandb-client-artifact://2c8s7let10danue2lear88ag41omecz2mcug4vzfa68zleo7lbrz1o4l7wkrh8oyhcimdrkhya46x4qjqhs5t9nplkby4ve4s9nee4iliuuf2lkx7an920z7cmrqcsrj:latest/confusion_matrix_table.table.json", "path": "media/table/confusion_matrix_table_29_8e699af85ea04d9bfe87.table.json", "ncols": 3, "nrows": 100}, "_wandb": {"runtime": 496}}