{"Epoch ": 4, "Training loss ": 0.3428277676737476, "Training accuracy ": 0.8710555555555556, "Validation loss ": 0.38431763529593155, "Validation accuracy ": 0.8581666666666666, "Testing loss ": 0.4100184888740775, "Testing accuracy ": 0.8497, "_timestamp": 1709486303.946959, "_runtime": 56.145631074905396, "_step": 9, "confusion_matrix_table": {"_type": "table-file", "sha256": "d50ab8ddac0bba03d257135d59420f39cfe36ec6abd339926913fca401aab5d8", "size": 3175, "artifact_path": "wandb-client-artifact://78a6l50g7h4qs1r6fapxk59ajjunvagp8lrs3hq1kpw100ir5t0vz6yz8a7gyldqblbbialaah2m9nvzw6lob3gfllo08naspciyz7uwiio2h7a2pdrjhd0is9nj5upn:latest/confusion_matrix_table.table.json", "_latest_artifact_path": "wandb-client-artifact://78a6l50g7h4qs1r6fapxk59ajjunvagp8lrs3hq1kpw100ir5t0vz6yz8a7gyldqblbbialaah2m9nvzw6lob3gfllo08naspciyz7uwiio2h7a2pdrjhd0is9nj5upn:latest/confusion_matrix_table.table.json", "path": "media/table/confusion_matrix_table_9_d50ab8ddac0bba03d257.table.json", "ncols": 3, "nrows": 100}, "_wandb": {"runtime": 55}}