{"Epoch ": 29, "Training loss ": 0.2902428524218467, "Training accuracy ": 0.8953518518518518, "Validation loss ": 0.3807001916522485, "Validation accuracy ": 0.8685, "Testing loss ": 0.4183461493237924, "Testing accuracy ": 0.8628, "_timestamp": 1709142899.9489057, "_runtime": 1285.9032998085022, "_step": 59, "confusion_matrix_table": {"_type": "table-file", "sha256": "f341a4e44e81adb5ba48c0b95f336e2d2cc86c3864e4ba4cc0be835a75e6e014", "size": 3173, "artifact_path": "wandb-client-artifact://d9zrk5tmpxxrch8nncdjw1ionw21b61q1r1f8ktd7nbn990e4rwf5wyr6oyysay18k5umuzihl8en455ndwj953417ui0cfamar8rdwnjf3dted5lthxpilmbj3kn1ve:latest/confusion_matrix_table.table.json", "_latest_artifact_path": "wandb-client-artifact://d9zrk5tmpxxrch8nncdjw1ionw21b61q1r1f8ktd7nbn990e4rwf5wyr6oyysay18k5umuzihl8en455ndwj953417ui0cfamar8rdwnjf3dted5lthxpilmbj3kn1ve:latest/confusion_matrix_table.table.json", "path": "media/table/confusion_matrix_table_59_f341a4e44e81adb5ba48.table.json", "ncols": 3, "nrows": 100}, "_wandb": {"runtime": 1285}}