{"Epoch ": 14, "Training loss ": 0.06605682524223942, "Training accuracy ": 0.9798518518518519, "Validation loss ": 0.12388522601302207, "Validation accuracy ": 0.9631666666666666, "Testing loss ": 0.11456822669354087, "Testing accuracy ": 0.9669, "_timestamp": 1709503544.0967288, "_runtime": 66.81981587409973, "_step": 29, "confusion_matrix_table": {"_type": "table-file", "sha256": "508d4ed5109067dc4abfce27e0d7f51eceaa273d56432de8a440a077ee9eacef", "size": 3151, "artifact_path": "wandb-client-artifact://hb15h0wskmaqj7kbnl0fqaq47qqhdirq1qree9i0zn8s7h3si270du97s2cuvwr00sr4e6cdte4g6tbtjpxukz1p8zzf0wovlajcrjjfthh0duvry3f7dg1knjahohdp:latest/confusion_matrix_table.table.json", "_latest_artifact_path": "wandb-client-artifact://hb15h0wskmaqj7kbnl0fqaq47qqhdirq1qree9i0zn8s7h3si270du97s2cuvwr00sr4e6cdte4g6tbtjpxukz1p8zzf0wovlajcrjjfthh0duvry3f7dg1knjahohdp:latest/confusion_matrix_table.table.json", "path": "media/table/confusion_matrix_table_29_508d4ed5109067dc4abf.table.json", "ncols": 3, "nrows": 100}, "_wandb": {"runtime": 66}}