{"Epoch ": 9, "Training loss ": 0.21799111627579612, "Training accuracy ": 0.8560555555555556, "Validation loss ": 0.21919161607134832, "Validation accuracy ": 0.8558333333333333, "Testing loss ": 0.23435722508281948, "Testing accuracy ": 0.8427, "_timestamp": 1709310050.1809797, "_runtime": 57.68274784088135, "_step": 19, "confusion_matrix_table": {"_type": "table-file", "sha256": "ed9eb797af93561a46f253da9723ce3ba8f0a0a2384c34e47e3479d88741ae97", "size": 3176, "artifact_path": "wandb-client-artifact://vv22n3510iky01f13wlrxt5w0wdgqzt1qjpgbn29ws5u550ksknj5r5s3wzmexa7w9y2yatps5u5mxra76tlwtepe8eae4lku6rwko2bbw19qgaz77g9y6ixrtgrhnfc:latest/confusion_matrix_table.table.json", "_latest_artifact_path": "wandb-client-artifact://vv22n3510iky01f13wlrxt5w0wdgqzt1qjpgbn29ws5u550ksknj5r5s3wzmexa7w9y2yatps5u5mxra76tlwtepe8eae4lku6rwko2bbw19qgaz77g9y6ixrtgrhnfc:latest/confusion_matrix_table.table.json", "path": "media/table/confusion_matrix_table_19_ed9eb797af93561a46f2.table.json", "ncols": 3, "nrows": 100}, "_wandb": {"runtime": 56}}