{"Epoch ": 4, "Training loss ": 0.4135109903672926, "Training accuracy ": 0.8536111111111111, "Validation loss ": 0.42873715284026775, "Validation accuracy ": 0.848, "Testing loss ": 0.4548959424608773, "Testing accuracy ": 0.8362, "_timestamp": 1709126991.8886328, "_runtime": 13.846235752105713, "_step": 9, "confusion_matrix_table": {"_type": "table-file", "sha256": "1f7d34a0464818953a3d2f481e2ddba8fb42eba1c28312d264fdf36f69c71918", "size": 3175, "artifact_path": "wandb-client-artifact://7wr59vegj9cm0zedmoc3v819glux6f3z95eil1qx3zn3enx6f9sujj1xx8c42poodqtv8sv5kak8l2d0qddqvp8piq5jpmkyv4gl9rlrx0rvhg11tbgpf07tx9qxja1m:latest/confusion_matrix_table.table.json", "_latest_artifact_path": "wandb-client-artifact://7wr59vegj9cm0zedmoc3v819glux6f3z95eil1qx3zn3enx6f9sujj1xx8c42poodqtv8sv5kak8l2d0qddqvp8piq5jpmkyv4gl9rlrx0rvhg11tbgpf07tx9qxja1m:latest/confusion_matrix_table.table.json", "path": "media/table/confusion_matrix_table_9_1f7d34a0464818953a3d.table.json", "ncols": 3, "nrows": 100}, "_wandb": {"runtime": 13}}