{"Epoch": 24, "Training loss": 1.445937997575746, "Training accuracy": 0.37592592592592594, "Validation loss": 1.4439827541033452, "Validation accuracy": 0.37783333333333335, "Testing loss": 1.4521275852840019, "Testing accuracy": 0.3709, "_timestamp": 1709117468.8238456, "_runtime": 50.061888694763184, "_step": 49, "confusion_matrix_table": {"_type": "table-file", "sha256": "7590ba230ed208711b661551addeb165090f978f990d9e27a8ec41e441e59689", "size": 3170, "artifact_path": "wandb-client-artifact://1c97by1ttlyu0n6kwjpgucekio786pokco4eg7jmrth832c7qnpdjtois5407rzojf4tmyriqlno2c7gddn1r3dj1kguembjea725g03w7lce1bjvwzb3shkdhhbteza:latest/confusion_matrix_table.table.json", "_latest_artifact_path": "wandb-client-artifact://1c97by1ttlyu0n6kwjpgucekio786pokco4eg7jmrth832c7qnpdjtois5407rzojf4tmyriqlno2c7gddn1r3dj1kguembjea725g03w7lce1bjvwzb3shkdhhbteza:latest/confusion_matrix_table.table.json", "path": "media/table/confusion_matrix_table_49_7590ba230ed208711b66.table.json", "ncols": 3, "nrows": 100}, "_wandb": {"runtime": 49}}