{"Epoch ": 14, "Training loss ": 0.26789104074330733, "Training accuracy ": 0.8282777777777778, "Validation loss ": 0.26040070245426605, "Validation accuracy ": 0.8296666666666667, "Testing loss ": 0.2801699277966781, "Testing accuracy ": 0.8163, "_timestamp": 1709147099.82794, "_runtime": 37.06414008140564, "_step": 29, "confusion_matrix_table": {"_type": "table-file", "sha256": "375fd5f1af98d144b32c0045b0e429dd2fa4720e51d8a38bc38670e5fbeb11b5", "size": 3176, "artifact_path": "wandb-client-artifact://qz9zsuammommdeimdk3fifls9c2ti73vezno4hd4y8p0lyv8sbqzdudum7543dy3r8ze2oizm4bvhx2g7040sfs2wugy8qw42spfytqsavess11xq5qczjfq24tkeblt:latest/confusion_matrix_table.table.json", "_latest_artifact_path": "wandb-client-artifact://qz9zsuammommdeimdk3fifls9c2ti73vezno4hd4y8p0lyv8sbqzdudum7543dy3r8ze2oizm4bvhx2g7040sfs2wugy8qw42spfytqsavess11xq5qczjfq24tkeblt:latest/confusion_matrix_table.table.json", "path": "media/table/confusion_matrix_table_29_375fd5f1af98d144b32c.table.json", "ncols": 3, "nrows": 100}, "_wandb": {"runtime": 36}}