{"Epoch ": 24, "Training loss ": 0.43932465285901606, "Training accuracy ": 0.8515555555555555, "Validation loss ": 0.44350994292944046, "Validation accuracy ": 0.8546666666666667, "Testing loss ": 0.4724960923954678, "Testing accuracy ": 0.8348, "_timestamp": 1709111524.4781718, "_runtime": 45.33757781982422, "_step": 49, "confusion_matrix_table": {"_type": "table-file", "sha256": "d7397ae45bda31eec080f9f34115634d8a19d47cc341256eeb7864ffd0f55d8c", "size": 3178, "artifact_path": "wandb-client-artifact://mbjm22rxf7loclyo342bzdu9ih74n3daxumqlsx6grfm9kokqs273b95nu73azkafdc7wy3bz4hlcb6kwq4mgh37cwsal44iq9xg0oymd59te0tt6908jnp4tfokj5t5:latest/confusion_matrix_table.table.json", "_latest_artifact_path": "wandb-client-artifact://mbjm22rxf7loclyo342bzdu9ih74n3daxumqlsx6grfm9kokqs273b95nu73azkafdc7wy3bz4hlcb6kwq4mgh37cwsal44iq9xg0oymd59te0tt6908jnp4tfokj5t5:latest/confusion_matrix_table.table.json", "path": "media/table/confusion_matrix_table_49_d7397ae45bda31eec080.table.json", "ncols": 3, "nrows": 100}, "_wandb": {"runtime": 44}}