{"Epoch ": 14, "Training loss ": 0.3112797423330984, "Training accuracy ": 0.8883703703703704, "Validation loss ": 0.3913208747866738, "Validation accuracy ": 0.8681666666666666, "Testing loss ": 0.4208182247744862, "Testing accuracy ": 0.8553, "_timestamp": 1709286547.7854433, "_runtime": 35.256874322891235, "_step": 29, "confusion_matrix_table": {"_type": "table-file", "sha256": "d9ad2a1b0599325ec1e0be123448a0dd92595cc2c04f72f572a4d9bbd7833b94", "size": 3176, "artifact_path": "wandb-client-artifact://idm7sstv6t6l1ooh2yp6sl2qh8qodozeojaw53pd4dwy7tjk2iu4dljcg5lt5eew5h6udb44pgnf3vkzb9mwtv24dye5c3n7rcky0j6tw6nn0ang5wmpvsvh94tijbek:latest/confusion_matrix_table.table.json", "_latest_artifact_path": "wandb-client-artifact://idm7sstv6t6l1ooh2yp6sl2qh8qodozeojaw53pd4dwy7tjk2iu4dljcg5lt5eew5h6udb44pgnf3vkzb9mwtv24dye5c3n7rcky0j6tw6nn0ang5wmpvsvh94tijbek:latest/confusion_matrix_table.table.json", "path": "media/table/confusion_matrix_table_29_d9ad2a1b0599325ec1e0.table.json", "ncols": 3, "nrows": 100}, "_wandb": {"runtime": 34}}