{"Epoch ": 14, "Training loss ": 0.013203955193167718, "Training accuracy ": 0.9982407407407408, "Validation loss ": 0.08676851591502688, "Validation accuracy ": 0.974, "Testing loss ": 0.08486963500634347, "Testing accuracy ": 0.9759, "_timestamp": 1709503986.2152853, "_runtime": 28.264836311340332, "_step": 29, "confusion_matrix_table": {"_type": "table-file", "sha256": "d8295f60a93643b125041d94dd1fe61a5e9bec35ed87a1f6da70d3df78cf7c3d", "size": 3148, "artifact_path": "wandb-client-artifact://n3sneul51cd9ijgoqwlef0n33xmzqf9lxie1jvqeq5s390fmzgh6moos6sybyssmvxnvz6sgxmcl8cpbnhzqo80gb8z3sn18smkbyvf2tz3aktg7d2d6r8uidiw0zchc:latest/confusion_matrix_table.table.json", "_latest_artifact_path": "wandb-client-artifact://n3sneul51cd9ijgoqwlef0n33xmzqf9lxie1jvqeq5s390fmzgh6moos6sybyssmvxnvz6sgxmcl8cpbnhzqo80gb8z3sn18smkbyvf2tz3aktg7d2d6r8uidiw0zchc:latest/confusion_matrix_table.table.json", "path": "media/table/confusion_matrix_table_29_d8295f60a93643b12504.table.json", "ncols": 3, "nrows": 100}, "_wandb": {"runtime": 27}}