{"Epoch ": 19, "Training loss ": 1.3567258069816288, "Training accuracy ": 0.2932222222222222, "Validation loss ": 1.363534595180216, "Validation accuracy ": 0.29083333333333333, "Testing loss ": 1.3630547788380876, "Testing accuracy ": 0.2916, "_timestamp": 1709144972.4739904, "_runtime": 1045.3529405593872, "_step": 39, "confusion_matrix_table": {"_type": "table-file", "sha256": "72c618e77788c6b3fe5706a0903131a2039494b787ffa66a14e5bcd10600ff7e", "size": 3152, "artifact_path": "wandb-client-artifact://i96bo0udfl3y8h1kljcej9knonnyzhylqffefq0v011r4iue8mvh9tg7wmk5wafrng7cj826gliufjzpuvfajaf296bkg7q9q7iuhrdbr01qigkoxp0mewbc7zgkfpuq:latest/confusion_matrix_table.table.json", "_latest_artifact_path": "wandb-client-artifact://i96bo0udfl3y8h1kljcej9knonnyzhylqffefq0v011r4iue8mvh9tg7wmk5wafrng7cj826gliufjzpuvfajaf296bkg7q9q7iuhrdbr01qigkoxp0mewbc7zgkfpuq:latest/confusion_matrix_table.table.json", "path": "media/table/confusion_matrix_table_39_72c618e77788c6b3fe57.table.json", "ncols": 3, "nrows": 100}, "_wandb": {"runtime": 1044}}