{"Epoch ": 24, "Training loss ": 0.3760369667367908, "Training accuracy ": 0.8693518518518518, "Validation loss ": 0.45065747999107103, "Validation accuracy ": 0.8518333333333333, "Testing loss ": 0.48388695879194393, "Testing accuracy ": 0.8445, "_timestamp": 1709134095.3481054, "_runtime": 471.47220253944397, "_step": 49, "confusion_matrix_table": {"_type": "table-file", "sha256": "e5b4f8402e6e676805ae3a875d4b0801be74451ba203c47548b6bfc891445ccc", "size": 3173, "artifact_path": "wandb-client-artifact://pcb6kfgcbjg80sruv6j7tf1j9ttydfdgzg4w22hyg0jvcmkxu88ymmuhpmsjvbw88b8z4gitkledxr32j2tb5syk0d6h9mcz2nnc523pvs5hvdtd7d54557suh6cm9qh:latest/confusion_matrix_table.table.json", "_latest_artifact_path": "wandb-client-artifact://pcb6kfgcbjg80sruv6j7tf1j9ttydfdgzg4w22hyg0jvcmkxu88ymmuhpmsjvbw88b8z4gitkledxr32j2tb5syk0d6h9mcz2nnc523pvs5hvdtd7d54557suh6cm9qh:latest/confusion_matrix_table.table.json", "path": "media/table/confusion_matrix_table_49_e5b4f8402e6e676805ae.table.json", "ncols": 3, "nrows": 100}, "_wandb": {"runtime": 470}}