{"Epoch ": 9, "Training loss ": 1.4814059607062136, "Training accuracy ": 0.6371296296296296, "Validation loss ": 1.5571649881108194, "Validation accuracy ": 0.6263333333333333, "Testing loss ": 1.4489347674273574, "Testing accuracy ": 0.6456, "_timestamp": 1709490081.5966759, "_runtime": 422.33725690841675, "_step": 19, "confusion_matrix_table": {"_type": "table-file", "sha256": "44ca5e64b045be8bc88f2a63ec004cda1161a7c25770a670ca12fcd19fb34946", "size": 3172, "artifact_path": "wandb-client-artifact://hn0s7967q6bpy2e4ahnr3dym20o2c61ctjhidv3pe6f3c8c4jkdfpsyiu4ern7hynby7ogoeczd779bx3asvh7l69839ttj9quvffsfl5wbo32efhuajtn09k35o4eea:latest/confusion_matrix_table.table.json", "_latest_artifact_path": "wandb-client-artifact://hn0s7967q6bpy2e4ahnr3dym20o2c61ctjhidv3pe6f3c8c4jkdfpsyiu4ern7hynby7ogoeczd779bx3asvh7l69839ttj9quvffsfl5wbo32efhuajtn09k35o4eea:latest/confusion_matrix_table.table.json", "path": "media/table/confusion_matrix_table_19_44ca5e64b045be8bc88f.table.json", "ncols": 3, "nrows": 100}, "_wandb": {"runtime": 421}}