{"Epoch ": 19, "Training loss ": 3.152193623053496e-05, "Training accuracy ": 0.6214074074074074, "Validation loss ": 0.0002830678709336737, "Validation accuracy ": 0.6241666666666666, "Testing loss ": 0.00017059490454506598, "Testing accuracy ": 0.6165, "_timestamp": 1708926668.2682455, "_runtime": 26.499951362609863, "_step": 39, "confusion_matrix_table": {"_type": "table-file", "sha256": "8a62f3dccc58f24c9649df4957a36c19a2bd7773be1da7b67fbb96953b874bf6", "size": 3188, "artifact_path": "wandb-client-artifact://yb45mr7hxk1yq1rj6eem5i11ob9t4p0euherib27dqepzyljy5ikqxqtqrst9irfckcigtzacn678gi2v0a5p50dzbnohidbglgct4zq50cw01p40lxv9q1dpf7pzwmu:latest/confusion_matrix_table.table.json", "_latest_artifact_path": "wandb-client-artifact://yb45mr7hxk1yq1rj6eem5i11ob9t4p0euherib27dqepzyljy5ikqxqtqrst9irfckcigtzacn678gi2v0a5p50dzbnohidbglgct4zq50cw01p40lxv9q1dpf7pzwmu:latest/confusion_matrix_table.table.json", "path": "media/table/confusion_matrix_table_39_8a62f3dccc58f24c9649.table.json", "ncols": 3, "nrows": 100}, "_wandb": {"runtime": 25}}