{"Epoch ": 19, "Training loss ": 0.19021348462893972, "Training accuracy ": 0.9294444444444444, "Validation loss ": 0.3234880427461766, "Validation accuracy ": 0.8911666666666667, "Testing loss ": 0.35310749969491395, "Testing accuracy ": 0.8819, "_timestamp": 1709305342.6134107, "_runtime": 331.5607867240906, "_step": 39, "confusion_matrix_table": {"_type": "table-file", "sha256": "99df7b62d9adb716a3d29302bb720b3d23daeff434f4e309d1b2a0b98d2d3549", "size": 3169, "artifact_path": "wandb-client-artifact://ywhwctbxtiywvd0pkx8x449zdy72j4vayyqle0tcn4moo9ew4zi2ka30ltbo22kglq52urv0rw7vb0owdosric9n3uju4j9hs332lto3ndjvf189wyg4ks8jhxh1rrhn:latest/confusion_matrix_table.table.json", "_latest_artifact_path": "wandb-client-artifact://ywhwctbxtiywvd0pkx8x449zdy72j4vayyqle0tcn4moo9ew4zi2ka30ltbo22kglq52urv0rw7vb0owdosric9n3uju4j9hs332lto3ndjvf189wyg4ks8jhxh1rrhn:latest/confusion_matrix_table.table.json", "path": "media/table/confusion_matrix_table_39_99df7b62d9adb716a3d2.table.json", "ncols": 3, "nrows": 100}, "_wandb": {"runtime": 330}}