{"Epoch ": 4, "Training loss ": 0.4538967262377682, "Training accuracy ": 0.8330185185185185, "Validation loss ": 0.4630390733857621, "Validation accuracy ": 0.8263333333333334, "Testing loss ": 0.5088505188474874, "Testing accuracy ": 0.8164, "_timestamp": 1709302032.6400154, "_runtime": 248.98646426200867, "_step": 9, "confusion_matrix_table": {"_type": "table-file", "sha256": "d5b1b009925998da91ea9f40c5434add31cc2bea0593e4a0c5d9d2441f9b100f", "size": 3178, "artifact_path": "wandb-client-artifact://91bcyx02aaljdj0zbs9enq9akwjewnjd98z4hoktanh2u6sgp3mxpqrh5wk548xe0zgxtvy5es5cms5pewkrbtiywhx4l48z7wud6ji9ponzs98f2w5sopr9hqurkloz:latest/confusion_matrix_table.table.json", "_latest_artifact_path": "wandb-client-artifact://91bcyx02aaljdj0zbs9enq9akwjewnjd98z4hoktanh2u6sgp3mxpqrh5wk548xe0zgxtvy5es5cms5pewkrbtiywhx4l48z7wud6ji9ponzs98f2w5sopr9hqurkloz:latest/confusion_matrix_table.table.json", "path": "media/table/confusion_matrix_table_9_d5b1b009925998da91ea.table.json", "ncols": 3, "nrows": 100}, "_wandb": {"runtime": 248}}