{"Epoch ": 4, "Training loss ": 0.3149076272260095, "Training accuracy ": 0.8133888888888889, "Validation loss ": 0.3145582408691702, "Validation accuracy ": 0.8136666666666666, "Testing loss ": 0.32453560911668977, "Testing accuracy ": 0.8038, "_timestamp": 1709151309.2373645, "_runtime": 17.64847159385681, "_step": 9, "confusion_matrix_table": {"_type": "table-file", "sha256": "1afd9afda53e28139d0cac2d06f6e07e1bb77cb07e4aa9bc75c19ad8986075a6", "size": 3178, "artifact_path": "wandb-client-artifact://v8xwfcb854lefozfrdqutu476ni54p70yyvg2maj207a9xucp1sd119djaij5az4rwebc511g7mziotnzvx7axs6lrbcim7yzfkn3acqm7wba0ra9xhsnqxt07b0b7d1:latest/confusion_matrix_table.table.json", "_latest_artifact_path": "wandb-client-artifact://v8xwfcb854lefozfrdqutu476ni54p70yyvg2maj207a9xucp1sd119djaij5az4rwebc511g7mziotnzvx7axs6lrbcim7yzfkn3acqm7wba0ra9xhsnqxt07b0b7d1:latest/confusion_matrix_table.table.json", "path": "media/table/confusion_matrix_table_9_1afd9afda53e28139d0c.table.json", "ncols": 3, "nrows": 100}, "_wandb": {"runtime": 16}}