{"Epoch ": 4, "Training loss ": 2.302575063990111, "Training accuracy ": 0.1, "Validation loss ": 2.302575064714197, "Validation accuracy ": 0.1, "Testing loss ": 2.302575062292518, "Testing accuracy ": 0.1, "_timestamp": 1709099986.7311757, "_runtime": 72.99450874328613, "_step": 4, "_wandb": {"runtime": 72}}