{"Epoch ": 4, "Training loss ": 0.44226775890870335, "Training accuracy ": 0.8442222222222222, "Validation loss ": 0.47970892990591724, "Validation accuracy ": 0.8321666666666667, "Testing loss ": 0.5036073189705185, "Testing accuracy ": 0.8263, "_timestamp": 1709400688.8152807, "_runtime": 25.786357641220093, "_step": 9, "confusion_matrix_table": {"_type": "table-file", "sha256": "89301fe4ea301889d64b61ed203efa63c38459de97fc7252e983390a2ff9f933", "size": 3175, "artifact_path": "wandb-client-artifact://62wcu092ern9wenc9jix8no7kwzt46irzs70mzzbxkfenmdkz1qjycqgeq4zxm0sazkqr79ll5qibab0rgjbjiv9iirzpky13pav6y0c6rhxrr0n3a4i2bcg7ikk73v9:latest/confusion_matrix_table.table.json", "_latest_artifact_path": "wandb-client-artifact://62wcu092ern9wenc9jix8no7kwzt46irzs70mzzbxkfenmdkz1qjycqgeq4zxm0sazkqr79ll5qibab0rgjbjiv9iirzpky13pav6y0c6rhxrr0n3a4i2bcg7ikk73v9:latest/confusion_matrix_table.table.json", "path": "media/table/confusion_matrix_table_9_89301fe4ea301889d64b.table.json", "ncols": 3, "nrows": 100}, "_wandb": {"runtime": 25}}