{"Epoch ": 14, "Training loss ": 0.25233152683192994, "Training accuracy ": 0.9065740740740741, "Validation loss ": 0.3307951668252769, "Validation accuracy ": 0.8826666666666667, "Testing loss ": 0.37021051804882593, "Testing accuracy ": 0.8738, "_timestamp": 1709312839.1643693, "_runtime": 27.63714838027954, "_step": 29, "confusion_matrix_table": {"_type": "table-file", "sha256": "214befb3e549010ff2689f7f228eef50e279c16524b83107847d495af85d6959", "size": 3171, "artifact_path": "wandb-client-artifact://ajbuee5u9usz2mbaphsl9qnue8xni94azyyzherk3iwpfiwcz2o3ks6gdkfd4k81vnn15eiis5l29auy56y7ei2pdl4jauyqhgr384lg8tkxnq24zrantry61gavkx8k:latest/confusion_matrix_table.table.json", "_latest_artifact_path": "wandb-client-artifact://ajbuee5u9usz2mbaphsl9qnue8xni94azyyzherk3iwpfiwcz2o3ks6gdkfd4k81vnn15eiis5l29auy56y7ei2pdl4jauyqhgr384lg8tkxnq24zrantry61gavkx8k:latest/confusion_matrix_table.table.json", "path": "media/table/confusion_matrix_table_29_214befb3e549010ff268.table.json", "ncols": 3, "nrows": 100}, "_wandb": {"runtime": 26}}