{"Epoch ": 14, "Training loss ": 0.26349376945482583, "Training accuracy ": 0.9027777777777778, "Validation loss ": 0.33190998055331605, "Validation accuracy ": 0.8806666666666667, "Testing loss ": 0.36624863954988834, "Testing accuracy ": 0.8716, "_timestamp": 1709449018.649679, "_runtime": 91.53710293769836, "_step": 29, "confusion_matrix_table": {"_type": "table-file", "sha256": "d05744bc4481b5851f19224c309479f504ff77aa2bc413fa3cf40ff1f575e8d2", "size": 3169, "artifact_path": "wandb-client-artifact://b689z7zi1imp6dz9xyeaqsl4zpmjpdgelro68nb84jm0tkefhguq8b6a7j6t73u6lb9vhym0k3gafpo0e2hrlw69enfr45i9v0n6efvjw4ipmlmbrtbf43wwmtp5lzdp:latest/confusion_matrix_table.table.json", "_latest_artifact_path": "wandb-client-artifact://b689z7zi1imp6dz9xyeaqsl4zpmjpdgelro68nb84jm0tkefhguq8b6a7j6t73u6lb9vhym0k3gafpo0e2hrlw69enfr45i9v0n6efvjw4ipmlmbrtbf43wwmtp5lzdp:latest/confusion_matrix_table.table.json", "path": "media/table/confusion_matrix_table_29_d05744bc4481b5851f19.table.json", "ncols": 3, "nrows": 100}, "_wandb": {"runtime": 90}}