{"Epoch ": 4, "Training loss ": 0.18118688081384499, "Training accuracy ": 0.9547592592592593, "Validation loss ": 0.22876057414819706, "Validation accuracy ": 0.9446666666666667, "Testing loss ": 0.21497715004289034, "Testing accuracy ": 0.948, "_timestamp": 1709488656.5930362, "_runtime": 57.19310712814331, "_step": 9, "confusion_matrix_table": {"_type": "table-file", "sha256": "c22872fc4fb929de52a5c31a2942c2d5af8aa642cf91961777aaf0a9216939ec", "size": 3162, "artifact_path": "wandb-client-artifact://zt7uopawqxopoulllfyxdri959qialxh8cgul7h2xmpr075uwwxmnv7okzmgsk35l2z9qjdawg0uj0wersgfkyipild2pjpri0gxov88co2obl8r67j78krnng5cfcmb:latest/confusion_matrix_table.table.json", "_latest_artifact_path": "wandb-client-artifact://zt7uopawqxopoulllfyxdri959qialxh8cgul7h2xmpr075uwwxmnv7okzmgsk35l2z9qjdawg0uj0wersgfkyipild2pjpri0gxov88co2obl8r67j78krnng5cfcmb:latest/confusion_matrix_table.table.json", "path": "media/table/confusion_matrix_table_9_c22872fc4fb929de52a5.table.json", "ncols": 3, "nrows": 100}, "_wandb": {"runtime": 56}}