{"Epoch ": 4, "Training loss ": 0.42495400265385563, "Training accuracy ": 0.851, "Validation loss ": 0.4427512290704248, "Validation accuracy ": 0.85, "Testing loss ": 0.4610809859187315, "Testing accuracy ": 0.8357, "_timestamp": 1709100048.4032435, "_runtime": 53.26662850379944, "_step": 4, "_wandb": {"runtime": 51}}