{"Epoch ": 4, "Training loss ": 0.4060672911588005, "Training accuracy ": 0.8531296296296297, "Validation loss ": 0.40571118212761437, "Validation accuracy ": 0.8568333333333333, "Testing loss ": 0.44800083647197236, "Testing accuracy ": 0.839, "_timestamp": 1709401799.5229845, "_runtime": 24.151190519332886, "_step": 9, "confusion_matrix_table": {"_type": "table-file", "sha256": "a8801bb510fbb257a8fd0fd4738a59faa6923bd9a98eafa582d69f64460ee887", "size": 3173, "artifact_path": "wandb-client-artifact://065y4bek4e2jiq6hj98g4unajf2ovxiykto6rbtrtnpo8rzi15w7t4jv0f69i1vjcpirgjh6xjob47b1uibawtmreziqeyavkgq8p9ndfs7rk6pycnh35n7t474hdugs:latest/confusion_matrix_table.table.json", "_latest_artifact_path": "wandb-client-artifact://065y4bek4e2jiq6hj98g4unajf2ovxiykto6rbtrtnpo8rzi15w7t4jv0f69i1vjcpirgjh6xjob47b1uibawtmreziqeyavkgq8p9ndfs7rk6pycnh35n7t474hdugs:latest/confusion_matrix_table.table.json", "path": "media/table/confusion_matrix_table_9_a8801bb510fbb257a8fd.table.json", "ncols": 3, "nrows": 100}, "_wandb": {"runtime": 23}}