{"Epoch ": 4, "Training loss ": 2.3492270625949687, "Training accuracy ": 0.1, "Validation loss ": 2.3492392083688096, "Validation accuracy ": 0.1, "Testing loss ": 2.3492286389777886, "Testing accuracy ": 0.1, "_timestamp": 1709105979.590241, "_runtime": 18.31232190132141, "_step": 9, "confusion_matrix_table": {"_type": "table-file", "sha256": "2f7474a661d21516977465101eafdd215990604da38f9e6f7cc0b40feda92165", "size": 3152, "artifact_path": "wandb-client-artifact://5tq5cgyttrovom9lln91x7a1xdunudyww5q1t9ru565phoa8ll6pu4vfp9lkw72n0gctjil8a2ugj10cgmzmdo37no4f9i4w4vlvwuzhjrp35c3frqsyej8bbllf8cg3:latest/confusion_matrix_table.table.json", "_latest_artifact_path": "wandb-client-artifact://5tq5cgyttrovom9lln91x7a1xdunudyww5q1t9ru565phoa8ll6pu4vfp9lkw72n0gctjil8a2ugj10cgmzmdo37no4f9i4w4vlvwuzhjrp35c3frqsyej8bbllf8cg3:latest/confusion_matrix_table.table.json", "path": "media/table/confusion_matrix_table_9_2f7474a661d215169774.table.json", "ncols": 3, "nrows": 100}, "_wandb": {"runtime": 17}}