{"Epoch ": 29, "Training loss ": 0.6791462112395449, "Training accuracy ": 0.44731481481481483, "Validation loss ": 0.6852505520216663, "Validation accuracy ": 0.441, "Testing loss ": 0.6851126298178292, "Testing accuracy ": 0.444, "_timestamp": 1709528585.598421, "_runtime": 92.9254081249237, "_step": 59, "confusion_matrix_table": {"_type": "table-file", "sha256": "045d272c64a04e89c0b048d53dad052fa652bd14e7a2681993d47d57bf449354", "size": 3158, "artifact_path": "wandb-client-artifact://ej6scgkjhq6st0yja62pql6yliuaw2l5hasbvafn3v3tt76dbkhki053rbixsvuqy5tjh37j2zh1euhoxql1l27t52swq835685m0gh1ml9iex14or1wwjmnrymzc8me:latest/confusion_matrix_table.table.json", "_latest_artifact_path": "wandb-client-artifact://ej6scgkjhq6st0yja62pql6yliuaw2l5hasbvafn3v3tt76dbkhki053rbixsvuqy5tjh37j2zh1euhoxql1l27t52swq835685m0gh1ml9iex14or1wwjmnrymzc8me:latest/confusion_matrix_table.table.json", "path": "media/table/confusion_matrix_table_59_045d272c64a04e89c0b0.table.json", "ncols": 3, "nrows": 100}, "_wandb": {"runtime": 92}}