{"Epoch ": 4, "Training loss ": 0.20140126182219562, "Training accuracy ": 0.8573888888888889, "Validation loss ": 0.2137100687848264, "Validation accuracy ": 0.8508333333333333, "Testing loss ": 0.23029794594200959, "Testing accuracy ": 0.8401, "_timestamp": 1709186493.974859, "_runtime": 41.97656989097595, "_step": 9, "confusion_matrix_table": {"_type": "table-file", "sha256": "070f628d6b18f653b05311d8ef2d5bc42942b1c61b55a17099c8d9d57390b9e0", "size": 3174, "artifact_path": "wandb-client-artifact://26any54q8o4pm29dn8zpkwb47o9edi82gqzeo3f1tj5lbgzitm49yjgzlpoj98g92uj3xn1mnf1hmbo19o0pm7ox29tecgtmptlmb6ir4xc85yf9k8klof7nsc1dit2b:latest/confusion_matrix_table.table.json", "_latest_artifact_path": "wandb-client-artifact://26any54q8o4pm29dn8zpkwb47o9edi82gqzeo3f1tj5lbgzitm49yjgzlpoj98g92uj3xn1mnf1hmbo19o0pm7ox29tecgtmptlmb6ir4xc85yf9k8klof7nsc1dit2b:latest/confusion_matrix_table.table.json", "path": "media/table/confusion_matrix_table_9_070f628d6b18f653b053.table.json", "ncols": 3, "nrows": 100}, "_wandb": {"runtime": 41}}