{"Epoch ": 24, "Training loss ": 0.3905033002845862, "Training accuracy ": 0.8607777777777778, "Validation loss ": 0.42688581758028626, "Validation accuracy ": 0.8496666666666667, "Testing loss ": 0.4753536877925489, "Testing accuracy ": 0.8358, "_timestamp": 1709454911.865056, "_runtime": 37.92758107185364, "_step": 49, "confusion_matrix_table": {"_type": "table-file", "sha256": "2ddbf69aa8088871528674b926b733ec05474b272b234b1d5cdda85edae6c881", "size": 3176, "artifact_path": "wandb-client-artifact://u0887e05nxd3ng8vafnvg9pj2prv48e6sn9wvnvqipmf3ri4wo5a8nw7srcvfopp8c62nmlei1q46kdeucjd6hy1bslscfpalug9xk97m637ul5x6ygs8ziox0ccaeof:latest/confusion_matrix_table.table.json", "_latest_artifact_path": "wandb-client-artifact://u0887e05nxd3ng8vafnvg9pj2prv48e6sn9wvnvqipmf3ri4wo5a8nw7srcvfopp8c62nmlei1q46kdeucjd6hy1bslscfpalug9xk97m637ul5x6ygs8ziox0ccaeof:latest/confusion_matrix_table.table.json", "path": "media/table/confusion_matrix_table_49_2ddbf69aa80888715286.table.json", "ncols": 3, "nrows": 100}, "_wandb": {"runtime": 37}}