{"Epoch ": 19, "Training loss ": 1.2717958692008124, "Training accuracy ": 0.6408888888888888, "Validation loss ": 1.3008336537608487, "Validation accuracy ": 0.6278333333333334, "Testing loss ": 1.264793871665781, "Testing accuracy ": 0.6432, "_timestamp": 1709498006.535533, "_runtime": 173.05750393867493, "_step": 39, "confusion_matrix_table": {"_type": "table-file", "sha256": "cc9651cfa399640523be9ce9db3e31c0356d46fa30801d0600f8fe786263d53d", "size": 3201, "artifact_path": "wandb-client-artifact://yoeusyvxmym74ri2b3vvgowuk72cpgdfmgrwsnep5jnljyrunk2iigew6j5n0c3lgnmba4qvzhas5fhnjlmjyrjq3uott6947fnw7m9624wc6l4f4fmm3grqi11rlkmx:latest/confusion_matrix_table.table.json", "_latest_artifact_path": "wandb-client-artifact://yoeusyvxmym74ri2b3vvgowuk72cpgdfmgrwsnep5jnljyrunk2iigew6j5n0c3lgnmba4qvzhas5fhnjlmjyrjq3uott6947fnw7m9624wc6l4f4fmm3grqi11rlkmx:latest/confusion_matrix_table.table.json", "path": "media/table/confusion_matrix_table_39_cc9651cfa399640523be.table.json", "ncols": 3, "nrows": 100}, "_wandb": {"runtime": 172}}