{"Epoch ": 24, "Training loss ": 0.16929679191178648, "Training accuracy ": 0.8852592592592593, "Validation loss ": 0.18450516140359696, "Validation accuracy ": 0.8721666666666666, "Testing loss ": 0.20005341409372568, "Testing accuracy ": 0.8608, "_timestamp": 1709579868.8484113, "_runtime": 33.72849726676941, "_step": 49, "confusion_matrix_table": {"_type": "table-file", "sha256": "51da29c507448982f5694d1e1f9a09f89c9434ada58068d5889eee9ed9607780", "size": 3172, "artifact_path": "wandb-client-artifact://193re2zqqov6bjkn3o0thgoojrpltf0qx0toh0do5v10bwrkhc63xiiih1b4a2igzteopbsgn3n9ybf9f6ln03dplwcui3sx474xlyi9dfp6p625aq492oof4jp0y354:latest/confusion_matrix_table.table.json", "_latest_artifact_path": "wandb-client-artifact://193re2zqqov6bjkn3o0thgoojrpltf0qx0toh0do5v10bwrkhc63xiiih1b4a2igzteopbsgn3n9ybf9f6ln03dplwcui3sx474xlyi9dfp6p625aq492oof4jp0y354:latest/confusion_matrix_table.table.json", "path": "media/table/confusion_matrix_table_49_51da29c507448982f569.table.json", "ncols": 3, "nrows": 100}, "_wandb": {"runtime": 33}}