{"Epoch ": 4, "Training loss ": 0.388616885382548, "Training accuracy ": 0.8633888888888889, "Validation loss ": 0.41782434845788946, "Validation accuracy ": 0.8586666666666667, "Testing loss ": 0.43728302563127264, "Testing accuracy ": 0.8481, "_timestamp": 1709129270.9942148, "_runtime": 25.75996470451355, "_step": 9, "confusion_matrix_table": {"_type": "table-file", "sha256": "8556611824fe63729c182bf577cc4cb6b30551fdc8b38add1b53854b9697c28a", "size": 3176, "artifact_path": "wandb-client-artifact://7jtbraevh00kqi91m1iju8ltlkif9yiivw77rhtn53io5typu7aumd1bjush04soec7uw0iwz4awmkfgf4w5rdoxpka1qj8q4521te3mvd17fc4qtmzs7oq3nvev0di5:latest/confusion_matrix_table.table.json", "_latest_artifact_path": "wandb-client-artifact://7jtbraevh00kqi91m1iju8ltlkif9yiivw77rhtn53io5typu7aumd1bjush04soec7uw0iwz4awmkfgf4w5rdoxpka1qj8q4521te3mvd17fc4qtmzs7oq3nvev0di5:latest/confusion_matrix_table.table.json", "path": "media/table/confusion_matrix_table_9_8556611824fe63729c18.table.json", "ncols": 3, "nrows": 100}, "_wandb": {"runtime": 24}}