{"Epoch ": 14, "Training loss ": 0.3017163487759962, "Training accuracy ": 0.8955185185185185, "Validation loss ": 0.37827182191037856, "Validation accuracy ": 0.878, "Testing loss ": 0.41090894731941663, "Testing accuracy ": 0.8682, "_timestamp": 1709286868.253527, "_runtime": 34.85438394546509, "_step": 29, "confusion_matrix_table": {"_type": "table-file", "sha256": "56cada56f3c7db77b0151dcf334a8f21c69d97f5db4285aa77cad412b5b28b52", "size": 3171, "artifact_path": "wandb-client-artifact://lv2gkwc1ak71qm99z2g1hrxmvasyswux8skp3uql18m9rdf2kuvv465bpg468b49idkrx4suopcvggp07jm0gwdbwx0eezp00e6xtq3ukotzhpkuu81adx3cqjzldolf:latest/confusion_matrix_table.table.json", "_latest_artifact_path": "wandb-client-artifact://lv2gkwc1ak71qm99z2g1hrxmvasyswux8skp3uql18m9rdf2kuvv465bpg468b49idkrx4suopcvggp07jm0gwdbwx0eezp00e6xtq3ukotzhpkuu81adx3cqjzldolf:latest/confusion_matrix_table.table.json", "path": "media/table/confusion_matrix_table_29_56cada56f3c7db77b015.table.json", "ncols": 3, "nrows": 100}, "_wandb": {"runtime": 34}}