{"Epoch ": 19, "Training loss ": 0.44878519991332205, "Training accuracy ": 0.7493148148148148, "Validation loss ": 0.4515398404677374, "Validation accuracy ": 0.7468333333333333, "Testing loss ": 0.45619094147844136, "Testing accuracy ": 0.7339, "_timestamp": 1709312192.3506496, "_runtime": 53.27465462684631, "_step": 39, "confusion_matrix_table": {"_type": "table-file", "sha256": "6bd2e0c97c7568fcc7bd29e1e092b2473e1340eec48b3e74a84adf13332949fd", "size": 3185, "artifact_path": "wandb-client-artifact://bj7zta107wg5qokjeux64poe8bhjje74od20la4iocyzuntz8s20hwx2cnsgm2hqxhxaytbxb5367dnvygpwavdfmpbyyx6sc7zrhlatm63pynizfnp8vxxbw24aii7x:latest/confusion_matrix_table.table.json", "_latest_artifact_path": "wandb-client-artifact://bj7zta107wg5qokjeux64poe8bhjje74od20la4iocyzuntz8s20hwx2cnsgm2hqxhxaytbxb5367dnvygpwavdfmpbyyx6sc7zrhlatm63pynizfnp8vxxbw24aii7x:latest/confusion_matrix_table.table.json", "path": "media/table/confusion_matrix_table_39_6bd2e0c97c7568fcc7bd.table.json", "ncols": 3, "nrows": 100}, "_wandb": {"runtime": 52}}