{"Epoch ": 4, "Training loss ": 0.4690215948888368, "Training accuracy ": 0.8357407407407408, "Validation loss ": 0.48248603738873636, "Validation accuracy ": 0.8326666666666667, "Testing loss ": 0.5146665923570722, "Testing accuracy ": 0.8214, "_timestamp": 1709400977.9474244, "_runtime": 36.74215841293335, "_step": 9, "confusion_matrix_table": {"_type": "table-file", "sha256": "f4d4657bb8c411b50362ba0c7c7ed2f919bb62cfd42bfe505fbce408fc5b4cae", "size": 3176, "artifact_path": "wandb-client-artifact://n65recyzsschu9rclgswz4j5pjwxufs2r3aa80r3zn7a9cq49rg418s0vrivdbsippur65a97v0uzf3ntk4pumta4rsrc822titmskop0y4bqkgu7tvoipgeohadl6vd:latest/confusion_matrix_table.table.json", "_latest_artifact_path": "wandb-client-artifact://n65recyzsschu9rclgswz4j5pjwxufs2r3aa80r3zn7a9cq49rg418s0vrivdbsippur65a97v0uzf3ntk4pumta4rsrc822titmskop0y4bqkgu7tvoipgeohadl6vd:latest/confusion_matrix_table.table.json", "path": "media/table/confusion_matrix_table_9_f4d4657bb8c411b50362.table.json", "ncols": 3, "nrows": 100}, "_wandb": {"runtime": 35}}