{"Epoch ": 29, "Training loss ": 0.11035766618111617, "Training accuracy ": 0.9252592592592592, "Validation loss ": 0.164209743747298, "Validation accuracy ": 0.8878333333333334, "Testing loss ": 0.17673699639476123, "Testing accuracy ": 0.8771, "_timestamp": 1709186253.7122042, "_runtime": 158.93560910224915, "_step": 59, "confusion_matrix_table": {"_type": "table-file", "sha256": "e2cd2abefa3b67df5dc3443d9a48525b9763f50a3011cf14192a596ba9ebb1e9", "size": 3168, "artifact_path": "wandb-client-artifact://x3ei6fwm3c8384dscy8lxqevxy61f1u1g5xz7idhiti04lm2109fxyff7om57uppv8tayn7skhslg7djuqmn2idqpkoyx60ojmz4lq5acdplc672hxldu7yjr9dlrw60:latest/confusion_matrix_table.table.json", "_latest_artifact_path": "wandb-client-artifact://x3ei6fwm3c8384dscy8lxqevxy61f1u1g5xz7idhiti04lm2109fxyff7om57uppv8tayn7skhslg7djuqmn2idqpkoyx60ojmz4lq5acdplc672hxldu7yjr9dlrw60:latest/confusion_matrix_table.table.json", "path": "media/table/confusion_matrix_table_59_e2cd2abefa3b67df5dc3.table.json", "ncols": 3, "nrows": 100}, "_wandb": {"runtime": 158}}