{"Epoch ": 9, "Training loss ": 0.3850866106657048, "Training accuracy ": 0.8649814814814815, "Validation loss ": 0.3914908788309491, "Validation accuracy ": 0.864, "Testing loss ": 0.42413174504019563, "Testing accuracy ": 0.8532, "_timestamp": 1709445825.9239607, "_runtime": 21.330252647399902, "_step": 19, "confusion_matrix_table": {"_type": "table-file", "sha256": "e477cd6f61bf5b9c809998cf95fa1e6494a25e15aa8862a97ef1c5d6e9f41af8", "size": 3175, "artifact_path": "wandb-client-artifact://4alma1tj34anlknq4jn7gkuvjqxp0itjg0gmm2nux5wyx92qimm7w0abjgkxaq87rgx8uqj9xh2bvd0b1wadtpfneueehuyxgskf9pm42z3fsh3fyw9jh2kue151ev2d:latest/confusion_matrix_table.table.json", "_latest_artifact_path": "wandb-client-artifact://4alma1tj34anlknq4jn7gkuvjqxp0itjg0gmm2nux5wyx92qimm7w0abjgkxaq87rgx8uqj9xh2bvd0b1wadtpfneueehuyxgskf9pm42z3fsh3fyw9jh2kue151ev2d:latest/confusion_matrix_table.table.json", "path": "media/table/confusion_matrix_table_19_e477cd6f61bf5b9c8099.table.json", "ncols": 3, "nrows": 100}, "_wandb": {"runtime": 20}}