{"Epoch ": 29, "Training loss ": 0.27561178048032015, "Training accuracy ": 0.9022037037037037, "Validation loss ": 0.3939545023342793, "Validation accuracy ": 0.873, "Testing loss ": 0.4337946887551539, "Testing accuracy ": 0.8633, "_timestamp": 1709475885.1628711, "_runtime": 194.6270091533661, "_step": 59, "confusion_matrix_table": {"_type": "table-file", "sha256": "aefb9a4d50d7b567ff8ed643e467b3f9785f148c7730cf67e519e88f69352e96", "size": 3175, "artifact_path": "wandb-client-artifact://l0a06hl0ebm0ui5zfagx72lz2h82rc5al8wevjiesdsoicbjzdsddtzok0cpkqm98a37mf56v2vhvklmibdjlbs6glt1zy47uugumg7nfrplqb52lr69tb64m3bydvt6:latest/confusion_matrix_table.table.json", "_latest_artifact_path": "wandb-client-artifact://l0a06hl0ebm0ui5zfagx72lz2h82rc5al8wevjiesdsoicbjzdsddtzok0cpkqm98a37mf56v2vhvklmibdjlbs6glt1zy47uugumg7nfrplqb52lr69tb64m3bydvt6:latest/confusion_matrix_table.table.json", "path": "media/table/confusion_matrix_table_59_aefb9a4d50d7b567ff8e.table.json", "ncols": 3, "nrows": 100}, "_wandb": {"runtime": 193}}