{"Epoch ": 19, "Training loss ": 1.1402324163438153, "Training accuracy ": 0.7091481481481482, "Validation loss ": 1.1274064673986142, "Validation accuracy ": 0.7205, "Testing loss ": 1.1455555137195346, "Testing accuracy ": 0.7046, "_timestamp": 1709453611.8113673, "_runtime": 47.683587312698364, "_step": 39, "confusion_matrix_table": {"_type": "table-file", "sha256": "9c794326382acd0f29f40046d4b4fd10533c4f37e22ca822b8048e1cee8f3c3b", "size": 3191, "artifact_path": "wandb-client-artifact://cu4t8caez9a536sla0dv2619ar7xl1sedx40f0lhudaxnpvtobl2cirjmhemvlgxg56kgzvk2yjz31h7oel3b7txrjtlnqnuzo9tbvinrteyo311umpk9bi3rldx2hfl:latest/confusion_matrix_table.table.json", "_latest_artifact_path": "wandb-client-artifact://cu4t8caez9a536sla0dv2619ar7xl1sedx40f0lhudaxnpvtobl2cirjmhemvlgxg56kgzvk2yjz31h7oel3b7txrjtlnqnuzo9tbvinrteyo311umpk9bi3rldx2hfl:latest/confusion_matrix_table.table.json", "path": "media/table/confusion_matrix_table_39_9c794326382acd0f29f4.table.json", "ncols": 3, "nrows": 100}, "_wandb": {"runtime": 46}}