{"Epoch ": 29, "Training loss ": 0.2158158991575088, "Training accuracy ": 0.9191111111111111, "Validation loss ": 0.33672458510243675, "Validation accuracy ": 0.8928333333333334, "Testing loss ": 0.39499560711996395, "Testing accuracy ": 0.8761, "_timestamp": 1709306117.8981435, "_runtime": 1010.5721845626831, "_step": 59, "confusion_matrix_table": {"_type": "table-file", "sha256": "a314102eeae78307ffe142519e1cc17ab8edfac80109495541a6f271340a1dd0", "size": 3173, "artifact_path": "wandb-client-artifact://pkgva0jfdasrhk1kesc4b3qko9idq0zdnzqclonp133hn6yenp4mm5qqj5b0dm0ap6e38b3bg0knaybbwpx4bi3lmtirknuyoogursmd51f1gk7kog8cwwykyo1bq8xh:latest/confusion_matrix_table.table.json", "_latest_artifact_path": "wandb-client-artifact://pkgva0jfdasrhk1kesc4b3qko9idq0zdnzqclonp133hn6yenp4mm5qqj5b0dm0ap6e38b3bg0knaybbwpx4bi3lmtirknuyoogursmd51f1gk7kog8cwwykyo1bq8xh:latest/confusion_matrix_table.table.json", "path": "media/table/confusion_matrix_table_59_a314102eeae78307ffe1.table.json", "ncols": 3, "nrows": 100}, "_wandb": {"runtime": 1009}}