{"Epoch ": 24, "Training loss ": 0.14568361209569744, "Training accuracy ": 0.8995740740740741, "Validation loss ": 0.1677419499433187, "Validation accuracy ": 0.8873333333333333, "Testing loss ": 0.18552985866922536, "Testing accuracy ": 0.8696, "_timestamp": 1709148177.118553, "_runtime": 116.48925280570984, "_step": 49, "confusion_matrix_table": {"_type": "table-file", "sha256": "01a01e051fc3903d9bd1d8246b8ea9a9403ce0d53fb0da93e3dab89d98743b21", "size": 3169, "artifact_path": "wandb-client-artifact://xpb86nku631ymhhitttgm75z1v42ahi7hqcyuafpl2qlvti18os2gka4qanz2wg5yx9bna5m9ff6reyk8e9e8xt460ohlqjwr8p5ghwkuogavdt2wmjdngxlrlm9jsy2:latest/confusion_matrix_table.table.json", "_latest_artifact_path": "wandb-client-artifact://xpb86nku631ymhhitttgm75z1v42ahi7hqcyuafpl2qlvti18os2gka4qanz2wg5yx9bna5m9ff6reyk8e9e8xt460ohlqjwr8p5ghwkuogavdt2wmjdngxlrlm9jsy2:latest/confusion_matrix_table.table.json", "path": "media/table/confusion_matrix_table_49_01a01e051fc3903d9bd1.table.json", "ncols": 3, "nrows": 100}, "_wandb": {"runtime": 115}}