{"Epoch ": 19, "Training loss ": 0.303132301375889, "Training accuracy ": 0.8892037037037037, "Validation loss ": 0.37208694591286895, "Validation accuracy ": 0.8701666666666666, "Testing loss ": 0.37958192822615255, "Testing accuracy ": 0.8661, "_timestamp": 1709039260.9675083, "_runtime": 28.854488372802734, "_step": 39, "confusion_matrix_table": {"_type": "table-file", "sha256": "a47e3f72be1753edd4d598765d5560d6fe8db08ca851e44e46d4df8b764dd6b2", "size": 3174, "artifact_path": "wandb-client-artifact://zuu1waprbafs0iw3i0ql499yqx69pmuc2wghixk8tfl452jpgg742i2lvkple0k1zw27x1u8jrnycb05qcs01uw86axtz1571oaxqdy9e8tnj7jiqr15f34srw5ftytu:latest/confusion_matrix_table.table.json", "_latest_artifact_path": "wandb-client-artifact://zuu1waprbafs0iw3i0ql499yqx69pmuc2wghixk8tfl452jpgg742i2lvkple0k1zw27x1u8jrnycb05qcs01uw86axtz1571oaxqdy9e8tnj7jiqr15f34srw5ftytu:latest/confusion_matrix_table.table.json", "path": "media/table/confusion_matrix_table_39_a47e3f72be1753edd4d5.table.json", "ncols": 3, "nrows": 100}, "_wandb": {"runtime": 25}}