{"Epoch ": 4, "Training loss ": 0.40011803565323617, "Training accuracy ": 0.8607222222222223, "Validation loss ": 0.4279103434321422, "Validation accuracy ": 0.8538333333333333, "Testing loss ": 0.4475031068284905, "Testing accuracy ": 0.8422, "_timestamp": 1709399968.2623146, "_runtime": 26.63527750968933, "_step": 9, "confusion_matrix_table": {"_type": "table-file", "sha256": "8a9648ca32667b0d147b540ff895febf5fa919a061a890b7bd840da96b68893a", "size": 3176, "artifact_path": "wandb-client-artifact://h7w83ukx7ylx5vm4dus5krxhjjvl9qpp4j9342p59yph54gtcxc2caq4io2awdb2u393adb1l31bx6sc10xc1xlsc5ddh2t12v7x8q22frzor856h0xm3bgmqp9enibv:latest/confusion_matrix_table.table.json", "_latest_artifact_path": "wandb-client-artifact://h7w83ukx7ylx5vm4dus5krxhjjvl9qpp4j9342p59yph54gtcxc2caq4io2awdb2u393adb1l31bx6sc10xc1xlsc5ddh2t12v7x8q22frzor856h0xm3bgmqp9enibv:latest/confusion_matrix_table.table.json", "path": "media/table/confusion_matrix_table_9_8a9648ca32667b0d147b.table.json", "ncols": 3, "nrows": 100}, "_wandb": {"runtime": 25}}