{"Epoch ": 19, "Training loss ": 0.2991195459485818, "Training accuracy ": 0.8918518518518519, "Validation loss ": 0.3586238029128511, "Validation accuracy ": 0.8731666666666666, "Testing loss ": 0.3648945167942181, "Testing accuracy ": 0.8716, "_timestamp": 1709455249.4148824, "_runtime": 47.067877531051636, "_step": 39, "confusion_matrix_table": {"_type": "table-file", "sha256": "c4efb7a4e14ec0f4de4e5ceca3789207a35673e43092408b0d5dab2d6350b2d1", "size": 3170, "artifact_path": "wandb-client-artifact://yevjqzqqdk85p80srual33w7x8ep1xsbx670fjvbkmvc2dwptmw2lzve7r5201z7290suuugzjta4n0tn243h6bcu72xkc4ghxmnce2g4fjp6tagr78m6v83mx3nd82j:latest/confusion_matrix_table.table.json", "_latest_artifact_path": "wandb-client-artifact://yevjqzqqdk85p80srual33w7x8ep1xsbx670fjvbkmvc2dwptmw2lzve7r5201z7290suuugzjta4n0tn243h6bcu72xkc4ghxmnce2g4fjp6tagr78m6v83mx3nd82j:latest/confusion_matrix_table.table.json", "path": "media/table/confusion_matrix_table_39_c4efb7a4e14ec0f4de4e.table.json", "ncols": 3, "nrows": 100}, "_wandb": {"runtime": 46}}