{"Epoch ": 29, "Training loss ": 0.19018907684755654, "Training accuracy ": 0.9311296296296296, "Validation loss ": 0.34328565660709015, "Validation accuracy ": 0.8848333333333334, "Testing loss ": 0.3812708391922797, "Testing accuracy ": 0.8765, "_timestamp": 1709412024.9696832, "_runtime": 74.21969819068909, "_step": 59, "confusion_matrix_table": {"_type": "table-file", "sha256": "ba2bbcea4e90bdd1152257b480449941051075e05fb8e6230b3034c137d65601", "size": 3172, "artifact_path": "wandb-client-artifact://6ukzz4ynuoj0rsg8er2udfime6xms7wp8fwlz7n0pgypzlp3ooecp8ke30hhbdewng2zo7l6pxp3fgvkvcrt25fh3oo9tiy72m9ue6af4saz2j7fzylvkpz158v06p3u:latest/confusion_matrix_table.table.json", "_latest_artifact_path": "wandb-client-artifact://6ukzz4ynuoj0rsg8er2udfime6xms7wp8fwlz7n0pgypzlp3ooecp8ke30hhbdewng2zo7l6pxp3fgvkvcrt25fh3oo9tiy72m9ue6af4saz2j7fzylvkpz158v06p3u:latest/confusion_matrix_table.table.json", "path": "media/table/confusion_matrix_table_59_ba2bbcea4e90bdd11522.table.json", "ncols": 3, "nrows": 100}, "_wandb": {"runtime": 73}}