{"Epoch ": 4, "Training loss ": 0.3115188333050044, "Training accuracy ": 0.8881111111111111, "Validation loss ": 0.3413813418205538, "Validation accuracy ": 0.877, "Testing loss ": 0.37117354287168164, "Testing accuracy ": 0.8671, "_timestamp": 1709147174.3305116, "_runtime": 87.05409455299377, "_step": 9, "confusion_matrix_table": {"_type": "table-file", "sha256": "d7c7f8f80e10775652b2261f830f0899b4a268e93a825849837df6b8d90f8490", "size": 3173, "artifact_path": "wandb-client-artifact://h1d1cz7y8892ui0239jea3cgmg8nxshzz9qxyxv43xggnjshs5jin6aiauvpsnwkduga5bzb6vjwqrvwit0jsll9fbi1w02hgpj97ilbgs8xydy1hu2k6hfx08vobjnb:latest/confusion_matrix_table.table.json", "_latest_artifact_path": "wandb-client-artifact://h1d1cz7y8892ui0239jea3cgmg8nxshzz9qxyxv43xggnjshs5jin6aiauvpsnwkduga5bzb6vjwqrvwit0jsll9fbi1w02hgpj97ilbgs8xydy1hu2k6hfx08vobjnb:latest/confusion_matrix_table.table.json", "path": "media/table/confusion_matrix_table_9_d7c7f8f80e10775652b2.table.json", "ncols": 3, "nrows": 100}, "_wandb": {"runtime": 85}}