{"Epoch ": 19, "Training loss ": 3.721233241804885e-05, "Training accuracy ": 0.4467037037037037, "Validation loss ": 0.00033493140874478006, "Validation accuracy ": 0.44183333333333336, "Testing loss ": 0.00020166052634913755, "Testing accuracy ": 0.4386, "_timestamp": 1708925538.3771732, "_runtime": 24.924440145492554, "_step": 39, "confusion_matrix_table": {"_type": "table-file", "sha256": "db73fa40ee5dda59ce8573e1a4abba80e42b7e3561bb756f02249a4edd7790ae", "size": 3205, "artifact_path": "wandb-client-artifact://kjxam62wwhe53lk61bdu2mxryycpitv3h4ahec6y7pyavtta2zanvqi5ws406hm6up5ccehbhxqhu6m7xc5u0xtp31opiounjfuc6mkm8nf70bi229s5ul07d3ihempv:latest/confusion_matrix_table.table.json", "_latest_artifact_path": "wandb-client-artifact://kjxam62wwhe53lk61bdu2mxryycpitv3h4ahec6y7pyavtta2zanvqi5ws406hm6up5ccehbhxqhu6m7xc5u0xtp31opiounjfuc6mkm8nf70bi229s5ul07d3ihempv:latest/confusion_matrix_table.table.json", "path": "media/table/confusion_matrix_table_39_db73fa40ee5dda59ce85.table.json", "ncols": 3, "nrows": 100}, "_wandb": {"runtime": 24}}