{"Epoch ": 14, "Training loss ": 0.9000028436673911, "Training accuracy ": 0.1, "Validation loss ": 0.9000028436673909, "Validation accuracy ": 0.1, "Testing loss ": 0.900002843667391, "Testing accuracy ": 0.1, "_timestamp": 1709150445.3396628, "_runtime": 83.35828280448914, "_step": 29, "confusion_matrix_table": {"_type": "table-file", "sha256": "6079c2917273d3c0b03bfd32bef0192de4b0b45188ec6d4bf64bc2ee880c397a", "size": 3152, "artifact_path": "wandb-client-artifact://s9kseg70vnayegpj3g6bdic7ixp9e987ui8f6u7b0jfvajhgg3xdj00s47jwfi5xqdzcxi4mt0sbeuzosrholec8yycmmoakp02wn7ywp5fnk75tn627op7l9p877w28:latest/confusion_matrix_table.table.json", "_latest_artifact_path": "wandb-client-artifact://s9kseg70vnayegpj3g6bdic7ixp9e987ui8f6u7b0jfvajhgg3xdj00s47jwfi5xqdzcxi4mt0sbeuzosrholec8yycmmoakp02wn7ywp5fnk75tn627op7l9p877w28:latest/confusion_matrix_table.table.json", "path": "media/table/confusion_matrix_table_29_6079c2917273d3c0b03b.table.json", "ncols": 3, "nrows": 100}, "_wandb": {"runtime": 82}}