{"Epoch ": 14, "Training loss ": 0.36123806840824035, "Training accuracy ": 0.869462962962963, "Validation loss ": 0.4213921305128061, "Validation accuracy ": 0.8496666666666667, "Testing loss ": 0.43303729328791785, "Testing accuracy ": 0.8453, "_timestamp": 1709287315.5219567, "_runtime": 24.873786687850952, "_step": 29, "confusion_matrix_table": {"_type": "table-file", "sha256": "cbac710019f669df3a1b316b3204c07302d6c4e221fe1a6e067457ef9c967a5b", "size": 3176, "artifact_path": "wandb-client-artifact://onccnh3lwwh9uq4gyv3leutkt94dur68wx0qd7k98bmdzriyyrbmp6zqrw0wjzjagjb9se63ij1iobxm85lyptyawzy0jqt4xs29106qgs8o5ib122wyzbtdothr9vki:latest/confusion_matrix_table.table.json", "_latest_artifact_path": "wandb-client-artifact://onccnh3lwwh9uq4gyv3leutkt94dur68wx0qd7k98bmdzriyyrbmp6zqrw0wjzjagjb9se63ij1iobxm85lyptyawzy0jqt4xs29106qgs8o5ib122wyzbtdothr9vki:latest/confusion_matrix_table.table.json", "path": "media/table/confusion_matrix_table_29_cbac710019f669df3a1b.table.json", "ncols": 3, "nrows": 100}, "_wandb": {"runtime": 24}}