{"Epoch ": 4, "Training loss ": 1.1584864029923203, "Training accuracy ": 0.5393148148148148, "Validation loss ": 1.1793367905876637, "Validation accuracy ": 0.535, "Testing loss ": 1.1924644050962243, "Testing accuracy ": 0.5331, "_timestamp": 1709129805.8908021, "_runtime": 27.13818120956421, "_step": 9, "confusion_matrix_table": {"_type": "table-file", "sha256": "3d7e37e3d47097db088e1b0b27d0c1ccb24d8041b682b8b25d9dad262d5363e9", "size": 3161, "artifact_path": "wandb-client-artifact://abr3u7c2rxfbg917gbddeahd3xdjsjx4iyzlh63n93qntsd7xeo2qpkmjtj53wra0fzak9e2d2flg18s8rhqtw9z8lmahomxq7ns5olsjobmvz90zp03d0khktd479gg:latest/confusion_matrix_table.table.json", "_latest_artifact_path": "wandb-client-artifact://abr3u7c2rxfbg917gbddeahd3xdjsjx4iyzlh63n93qntsd7xeo2qpkmjtj53wra0fzak9e2d2flg18s8rhqtw9z8lmahomxq7ns5olsjobmvz90zp03d0khktd479gg:latest/confusion_matrix_table.table.json", "path": "media/table/confusion_matrix_table_9_3d7e37e3d47097db088e.table.json", "ncols": 3, "nrows": 100}, "_wandb": {"runtime": 26}}