{"Epoch ": 14, "Training loss ": 0.3608090386083613, "Training accuracy ": 0.8731851851851852, "Validation loss ": 0.3823773646324429, "Validation accuracy ": 0.8646666666666667, "Testing loss ": 0.4085151116489858, "Testing accuracy ": 0.8561, "_timestamp": 1709296898.2095556, "_runtime": 50.67386269569397, "_step": 29, "confusion_matrix_table": {"_type": "table-file", "sha256": "7265d9bd6053f5f777d5f7b86f15c11fe0d5691a803392d3b0ca48f6c849a649", "size": 3175, "artifact_path": "wandb-client-artifact://fymt7z5wzahhpqcp1qkmk7d9dqfmu31y98pncffnogpetkx7u5e5v1pexy4rfzm0dr8zc84errv6jp7jl20euv854u69j9wvag3klv5c94xodn7mtqfc8c4e0rnn6mie:latest/confusion_matrix_table.table.json", "_latest_artifact_path": "wandb-client-artifact://fymt7z5wzahhpqcp1qkmk7d9dqfmu31y98pncffnogpetkx7u5e5v1pexy4rfzm0dr8zc84errv6jp7jl20euv854u69j9wvag3klv5c94xodn7mtqfc8c4e0rnn6mie:latest/confusion_matrix_table.table.json", "path": "media/table/confusion_matrix_table_29_7265d9bd6053f5f777d5.table.json", "ncols": 3, "nrows": 100}, "_wandb": {"runtime": 49}}