{"Epoch ": 14, "Training loss ": 0.32613969013296157, "Training accuracy ": 0.8833148148148148, "Validation loss ": 0.36778819202954977, "Validation accuracy ": 0.8665, "Testing loss ": 0.38147677027680504, "Testing accuracy ": 0.8648, "_timestamp": 1709447467.0112748, "_runtime": 36.80078983306885, "_step": 29, "confusion_matrix_table": {"_type": "table-file", "sha256": "722d7214f825eaeef709d89681d441f8d22112f9f191649319d269b08332ff12", "size": 3175, "artifact_path": "wandb-client-artifact://506xxnc6dvcbhkqvny8voykzlta642979msbxzekf02v9kcxb07gev6copgz1221h3e84jrp4p5cruix1j6xbsexk1uug6ti2xfv407erhedyzt884onuyqucwwr1fgk:latest/confusion_matrix_table.table.json", "_latest_artifact_path": "wandb-client-artifact://506xxnc6dvcbhkqvny8voykzlta642979msbxzekf02v9kcxb07gev6copgz1221h3e84jrp4p5cruix1j6xbsexk1uug6ti2xfv407erhedyzt884onuyqucwwr1fgk:latest/confusion_matrix_table.table.json", "path": "media/table/confusion_matrix_table_29_722d7214f825eaeef709.table.json", "ncols": 3, "nrows": 100}, "_wandb": {"runtime": 36}}