{"Epoch ": 29, "Training loss ": 0.42567812072672806, "Training accuracy ": 0.8504814814814815, "Validation loss ": 0.4403866042788643, "Validation accuracy ": 0.8453333333333334, "Testing loss ": 0.47169813300857893, "Testing accuracy ": 0.8322, "_timestamp": 1709308049.4982252, "_runtime": 45.80656623840332, "_step": 59, "confusion_matrix_table": {"_type": "table-file", "sha256": "a37d6ad8954f0c0c70fad03174a76c81d0c2d25e42cd3600ce2a2543d4bc360b", "size": 3180, "artifact_path": "wandb-client-artifact://bjya6u7gzy48aqey57wkups38vtbq59jt14wl1gxeb0fe1jipfxpxrnb95ci3kuv31wb79kyz9g0okda4su29qhp5jwkvn1mme4tx3evsd8vdrt7ql7ig2e1jfmtntvg:latest/confusion_matrix_table.table.json", "_latest_artifact_path": "wandb-client-artifact://bjya6u7gzy48aqey57wkups38vtbq59jt14wl1gxeb0fe1jipfxpxrnb95ci3kuv31wb79kyz9g0okda4su29qhp5jwkvn1mme4tx3evsd8vdrt7ql7ig2e1jfmtntvg:latest/confusion_matrix_table.table.json", "path": "media/table/confusion_matrix_table_59_a37d6ad8954f0c0c70fa.table.json", "ncols": 3, "nrows": 100}, "_wandb": {"runtime": 43}}