{"Epoch ": 9, "Training loss ": 0.498798997774218, "Training accuracy ": 0.839037037037037, "Validation loss ": 0.49454970661629327, "Validation accuracy ": 0.8398333333333333, "Testing loss ": 0.5250322136284464, "Testing accuracy ": 0.8239, "_timestamp": 1709490793.363007, "_runtime": 106.47080898284912, "_step": 19, "confusion_matrix_table": {"_type": "table-file", "sha256": "092047692c78f770da0b309648fc0e9a78eebd9a251972c2d43d66dd074b50bf", "size": 3179, "artifact_path": "wandb-client-artifact://z4m25crdiubc65koodgzmsnu8iml4nns1d9j41tkih9pqeih6dx5bqvedtjn5cci0vrcxd1kzco6s9vhkrxb8uvk5r0uzi6fa563l5t5na548eo7gm2tjbgwvqwrzdyz:latest/confusion_matrix_table.table.json", "_latest_artifact_path": "wandb-client-artifact://z4m25crdiubc65koodgzmsnu8iml4nns1d9j41tkih9pqeih6dx5bqvedtjn5cci0vrcxd1kzco6s9vhkrxb8uvk5r0uzi6fa563l5t5na548eo7gm2tjbgwvqwrzdyz:latest/confusion_matrix_table.table.json", "path": "media/table/confusion_matrix_table_19_092047692c78f770da0b.table.json", "ncols": 3, "nrows": 100}, "_wandb": {"runtime": 105}}