{"Epoch ": 0, "Training loss ": 2.220217706475682, "Training accuracy ": 0.15233333333333332, "Validation loss ": 2.2208624369656618, "Validation accuracy ": 0.15266666666666667, "Testing loss ": 2.2218369479259703, "Testing accuracy ": 0.1521, "_timestamp": 1709095132.527804, "_runtime": 8.962952852249146, "_step": 0, "_wandb": {"runtime": 8}}