{"Epoch ": 19, "Training loss ": 0.28718187358258784, "Training accuracy ": 0.8949074074074074, "Validation loss ": 0.34950381649805196, "Validation accuracy ": 0.8751666666666666, "Testing loss ": 0.3832925417341391, "Testing accuracy ": 0.8644, "_timestamp": 1709457336.6915271, "_runtime": 26.817610025405884, "_step": 39, "confusion_matrix_table": {"_type": "table-file", "sha256": "0f8604cc562dfc6a06fb11b2d905037efaeab050965edfa5d04b4427a54415c6", "size": 3173, "artifact_path": "wandb-client-artifact://7mg4qid2ap91h41fzo44s9ufi3blwtj61pl971mc2ddookwtmy7uw2vvlf2w9x0qgghv040qf3xoxu53cx6y5zem3u0cdcn4qimbzym8alhl9ls2u6495q6gkbmg1i7h:latest/confusion_matrix_table.table.json", "_latest_artifact_path": "wandb-client-artifact://7mg4qid2ap91h41fzo44s9ufi3blwtj61pl971mc2ddookwtmy7uw2vvlf2w9x0qgghv040qf3xoxu53cx6y5zem3u0cdcn4qimbzym8alhl9ls2u6495q6gkbmg1i7h:latest/confusion_matrix_table.table.json", "path": "media/table/confusion_matrix_table_39_0f8604cc562dfc6a06fb.table.json", "ncols": 3, "nrows": 100}, "_wandb": {"runtime": 26}}