{"Epoch ": 29, "Training loss ": 0.3190191866804512, "Training accuracy ": 0.9129259259259259, "Validation loss ": 0.6278062115716, "Validation accuracy ": 0.8693333333333333, "Testing loss ": 0.670537017261448, "Testing accuracy ": 0.8586, "_timestamp": 1709287013.3817475, "_runtime": 51.33109259605408, "_step": 59, "confusion_matrix_table": {"_type": "table-file", "sha256": "08ac7c62a8afe0f5349a319ef5b6fd85dbecce9a4dcb879b71b3d63e023ab730", "size": 3168, "artifact_path": "wandb-client-artifact://0m2fwskuo7ag7bs79syt6jfijpft1t71rrqpukz0pl6cgw7qqo7fy2iof4dvywdc123fqlkbqoo5ghupzjgyy7euof0fafeij8db9jzbhhmgv3p5nncff46z2q0psx9f:latest/confusion_matrix_table.table.json", "_latest_artifact_path": "wandb-client-artifact://0m2fwskuo7ag7bs79syt6jfijpft1t71rrqpukz0pl6cgw7qqo7fy2iof4dvywdc123fqlkbqoo5ghupzjgyy7euof0fafeij8db9jzbhhmgv3p5nncff46z2q0psx9f:latest/confusion_matrix_table.table.json", "path": "media/table/confusion_matrix_table_59_08ac7c62a8afe0f5349a.table.json", "ncols": 3, "nrows": 100}, "_wandb": {"runtime": 50}}