{"Epoch ": 4, "Training loss ": 0.429991811070313, "Training accuracy ": 0.8474444444444444, "Validation loss ": 0.44031246929271006, "Validation accuracy ": 0.8505, "Testing loss ": 0.47326830755137106, "Testing accuracy ": 0.834, "_timestamp": 1709102136.5838315, "_runtime": 76.6413586139679, "_step": 4, "_wandb": {"runtime": 75}}