{"Epoch ": 24, "Training loss ": 0.06788603162561331, "Training accuracy ": 0.960574074074074, "Validation loss ": 0.0906288843791008, "Validation accuracy ": 0.9436666666666667, "Testing loss ": 0.08580001303824807, "Testing accuracy ": 0.9455, "_timestamp": 1709535015.179074, "_runtime": 56.663804054260254, "_step": 49, "confusion_matrix_table": {"_type": "table-file", "sha256": "72242041d77eb357ff10a065077f75ab7ee522af545909f2f60bdecb97d0c69a", "size": 3161, "artifact_path": "wandb-client-artifact://gvy9ufac1tuzepwhnmy2apm5khdv595028kqo3vaq8q7for3ngoiw70kj114436d1p8oix4sylnhvulx2rjgvhal5248rfi17ynn2y80ay4aqmuw4fyy4jdjep95mbzb:latest/confusion_matrix_table.table.json", "_latest_artifact_path": "wandb-client-artifact://gvy9ufac1tuzepwhnmy2apm5khdv595028kqo3vaq8q7for3ngoiw70kj114436d1p8oix4sylnhvulx2rjgvhal5248rfi17ynn2y80ay4aqmuw4fyy4jdjep95mbzb:latest/confusion_matrix_table.table.json", "path": "media/table/confusion_matrix_table_49_72242041d77eb357ff10.table.json", "ncols": 3, "nrows": 100}, "_wandb": {"runtime": 55}}