{"Epoch ": 4, "Training loss ": 1.1391467624099145, "Training accuracy ": 0.6080925925925926, "Validation loss ": 1.1950814770038691, "Validation accuracy ": 0.613, "Testing loss ": 1.2258806201407955, "Testing accuracy ": 0.5967, "_timestamp": 1709127493.5345721, "_runtime": 33.82637119293213, "_step": 9, "confusion_matrix_table": {"_type": "table-file", "sha256": "22588c85433c1fd73dcea0420818f8506c5196d4be1d4c6dd243ba8febd01e26", "size": 3176, "artifact_path": "wandb-client-artifact://fkv85kh56kf9fp5e6kt0oprmm3zo6dr9d4ls43s1ysbrwo3pcb7d5kj855721buf8dxkawgeiqd1wi95j5lkw4505xk0pv23vhpgk9tfqiamiit97pb2776tmal8n6yl:latest/confusion_matrix_table.table.json", "_latest_artifact_path": "wandb-client-artifact://fkv85kh56kf9fp5e6kt0oprmm3zo6dr9d4ls43s1ysbrwo3pcb7d5kj855721buf8dxkawgeiqd1wi95j5lkw4505xk0pv23vhpgk9tfqiamiit97pb2776tmal8n6yl:latest/confusion_matrix_table.table.json", "path": "media/table/confusion_matrix_table_9_22588c85433c1fd73dce.table.json", "ncols": 3, "nrows": 100}, "_wandb": {"runtime": 33}}