{"Epoch ": 24, "Training loss ": 0.19435593626257633, "Training accuracy ": 0.8715740740740741, "Validation loss ": 0.200319038880301, "Validation accuracy ": 0.8651666666666666, "Testing loss ": 0.21401944823774743, "Testing accuracy ": 0.8562, "_timestamp": 1709183615.0878282, "_runtime": 39.31366324424744, "_step": 49, "confusion_matrix_table": {"_type": "table-file", "sha256": "518aade414490e4ab88c9413e74c3d557ebcf03f84b6cdcb1d7d556f2256e805", "size": 3173, "artifact_path": "wandb-client-artifact://yza0f992eiik02vtm9481adnwq2l5ey3siuy2lja72g0utoccj2xvq4l9f3bprwvsbnwsha6vhki1wrw6ncjiuwcl3wj461v0kgfga64rqzrnxiwkgqv7qys1uil9068:latest/confusion_matrix_table.table.json", "_latest_artifact_path": "wandb-client-artifact://yza0f992eiik02vtm9481adnwq2l5ey3siuy2lja72g0utoccj2xvq4l9f3bprwvsbnwsha6vhki1wrw6ncjiuwcl3wj461v0kgfga64rqzrnxiwkgqv7qys1uil9068:latest/confusion_matrix_table.table.json", "path": "media/table/confusion_matrix_table_49_518aade414490e4ab88c.table.json", "ncols": 3, "nrows": 100}, "_wandb": {"runtime": 38}}