{"Epoch ": 14, "Training loss ": 0.6504922967938462, "Training accuracy ": 0.8436111111111111, "Validation loss ": 0.7488933889612348, "Validation accuracy ": 0.8293333333333334, "Testing loss ": 0.7842244997287372, "Testing accuracy ": 0.8228, "_timestamp": 1709128299.8597174, "_runtime": 74.11497926712036, "_step": 29, "confusion_matrix_table": {"_type": "table-file", "sha256": "e50f6186d4efc1c490c02deb7462338174c798155ca88276e65b8156696623ce", "size": 3180, "artifact_path": "wandb-client-artifact://5uao6lzv7vh05hxq9cxqt6qf9dpdnwqt741jo56fso7tan76m5wxn9oxgaitdb08yvwb7cupnjothy5eec3a56zz92pltunuq7s5rjsedcrr4y6dy0fgu23u1jiy2x5z:latest/confusion_matrix_table.table.json", "_latest_artifact_path": "wandb-client-artifact://5uao6lzv7vh05hxq9cxqt6qf9dpdnwqt741jo56fso7tan76m5wxn9oxgaitdb08yvwb7cupnjothy5eec3a56zz92pltunuq7s5rjsedcrr4y6dy0fgu23u1jiy2x5z:latest/confusion_matrix_table.table.json", "path": "media/table/confusion_matrix_table_29_e50f6186d4efc1c490c0.table.json", "ncols": 3, "nrows": 100}, "_wandb": {"runtime": 73}}