{"Epoch ": 4, "Training loss ": 0.3893276459882209, "Training accuracy ": 0.8611666666666666, "Validation loss ": 0.42945012050562187, "Validation accuracy ": 0.8561666666666666, "Testing loss ": 0.44576325229513003, "Testing accuracy ": 0.845, "_timestamp": 1709129111.3048096, "_runtime": 30.804282665252686, "_step": 9, "confusion_matrix_table": {"_type": "table-file", "sha256": "30a74e32191b232c33a88afa688c56f7adac1afdc1fd05e749c064d7c24e40fd", "size": 3174, "artifact_path": "wandb-client-artifact://u7gwk23kjz1sf71ku59abzwz2cy4kak9a8tcd660v144qc4ixmhem46m75s0qs7fked9wvf73agwamkfycbue03rw38jdos9hhpx8lq7t566vw51882avmrraf7gm1ns:latest/confusion_matrix_table.table.json", "_latest_artifact_path": "wandb-client-artifact://u7gwk23kjz1sf71ku59abzwz2cy4kak9a8tcd660v144qc4ixmhem46m75s0qs7fked9wvf73agwamkfycbue03rw38jdos9hhpx8lq7t566vw51882avmrraf7gm1ns:latest/confusion_matrix_table.table.json", "path": "media/table/confusion_matrix_table_9_30a74e32191b232c33a8.table.json", "ncols": 3, "nrows": 100}, "_wandb": {"runtime": 29}}