{"Epoch ": 4, "Training loss ": 0.4097207251656505, "Training accuracy ": 0.8572222222222222, "Validation loss ": 0.42844730701981454, "Validation accuracy ": 0.8436666666666667, "Testing loss ": 0.4530672105685532, "Testing accuracy ": 0.8385, "_timestamp": 1709399762.659482, "_runtime": 20.894202947616577, "_step": 9, "confusion_matrix_table": {"_type": "table-file", "sha256": "d3e54ff1e92c60dda989d67ab97d98acd822d7d671a30c387244f3d2c0308f2d", "size": 3178, "artifact_path": "wandb-client-artifact://y7zfxm6k4pix82trtbl5br2o8auidftvy021iuyo9zqv9h5vongz6yn9h2oo35pmu5nyoc587nktec4a3alc813zxlf1tc9as4pnyb0ep5mtc45a0ztzwxo4569i509h:latest/confusion_matrix_table.table.json", "_latest_artifact_path": "wandb-client-artifact://y7zfxm6k4pix82trtbl5br2o8auidftvy021iuyo9zqv9h5vongz6yn9h2oo35pmu5nyoc587nktec4a3alc813zxlf1tc9as4pnyb0ep5mtc45a0ztzwxo4569i509h:latest/confusion_matrix_table.table.json", "path": "media/table/confusion_matrix_table_9_d3e54ff1e92c60dda989.table.json", "ncols": 3, "nrows": 100}, "_wandb": {"runtime": 20}}