{"Epoch ": 24, "Training loss ": 0.19311355072645503, "Training accuracy ": 0.9280925925925926, "Validation loss ": 0.31294431398857026, "Validation accuracy ": 0.8966666666666666, "Testing loss ": 0.35846417853881823, "Testing accuracy ": 0.8797, "_timestamp": 1709410425.6522837, "_runtime": 73.04295563697815, "_step": 49, "confusion_matrix_table": {"_type": "table-file", "sha256": "cd58893df4c424b8830de3c8568dd48ddbe0836cc4c72e243d97f77595f0e2a5", "size": 3170, "artifact_path": "wandb-client-artifact://yy1idqyffvtg5lpwhg5cba32evlrnm7ljp5rjxrtuqpc444p30otj9sgnw5fy6sdu084br50eb93q8mfwlcaydurdp7czlyrbjcift7jqerfjqgzmzr0329mkw3ojfed:latest/confusion_matrix_table.table.json", "_latest_artifact_path": "wandb-client-artifact://yy1idqyffvtg5lpwhg5cba32evlrnm7ljp5rjxrtuqpc444p30otj9sgnw5fy6sdu084br50eb93q8mfwlcaydurdp7czlyrbjcift7jqerfjqgzmzr0329mkw3ojfed:latest/confusion_matrix_table.table.json", "path": "media/table/confusion_matrix_table_49_cd58893df4c424b8830d.table.json", "ncols": 3, "nrows": 100}, "_wandb": {"runtime": 72}}