{"Epoch ": 4, "Training loss ": 1.2801824591167321, "Training accuracy ": 0.5881296296296297, "Validation loss ": 1.3120825452201206, "Validation accuracy ": 0.5855, "Testing loss ": 1.3470824658963063, "Testing accuracy ": 0.5784, "_timestamp": 1709129769.4282966, "_runtime": 37.49555444717407, "_step": 9, "confusion_matrix_table": {"_type": "table-file", "sha256": "4cb09b562fd1d7fbd47c3b8f7703f936f326e8dda430a299db729f5b758ca3df", "size": 3162, "artifact_path": "wandb-client-artifact://ncew73qc70ikobeyeafp8z7uv6t3qk26uo55pri4v6i7jtjm29kv2rsiuynca356qma7jo84xt50ybxtmr00djv62xnuu648fmtk6c1cz67qancd0i19dq9dvovmix14:latest/confusion_matrix_table.table.json", "_latest_artifact_path": "wandb-client-artifact://ncew73qc70ikobeyeafp8z7uv6t3qk26uo55pri4v6i7jtjm29kv2rsiuynca356qma7jo84xt50ybxtmr00djv62xnuu648fmtk6c1cz67qancd0i19dq9dvovmix14:latest/confusion_matrix_table.table.json", "path": "media/table/confusion_matrix_table_9_4cb09b562fd1d7fbd47c.table.json", "ncols": 3, "nrows": 100}, "_wandb": {"runtime": 36}}