{"Epoch ": 14, "Training loss ": 0.16462718831902207, "Training accuracy ": 0.8878888888888888, "Validation loss ": 0.17751562146273334, "Validation accuracy ": 0.8775, "Testing loss ": 0.1935713410843051, "Testing accuracy ": 0.8669, "_timestamp": 1709571949.460047, "_runtime": 33.611356019973755, "_step": 29, "confusion_matrix_table": {"_type": "table-file", "sha256": "64ae2bd5d37a29d4fc205fd21942784cbf6bdabbaae6c2317528e154f3835946", "size": 3173, "artifact_path": "wandb-client-artifact://tok2niy8df13625ijjmbul6meqjzkyoxt36mf6n35vrf31uod6t7qgpxkdkpzb9mx0tj37s7dv9pmy1xbj3c8lcw7odj4rlljx8ncphuhu01e0d9l0kh0ozf24cjumcx:latest/confusion_matrix_table.table.json", "_latest_artifact_path": "wandb-client-artifact://tok2niy8df13625ijjmbul6meqjzkyoxt36mf6n35vrf31uod6t7qgpxkdkpzb9mx0tj37s7dv9pmy1xbj3c8lcw7odj4rlljx8ncphuhu01e0d9l0kh0ozf24cjumcx:latest/confusion_matrix_table.table.json", "path": "media/table/confusion_matrix_table_29_64ae2bd5d37a29d4fc20.table.json", "ncols": 3, "nrows": 100}, "_wandb": {"runtime": 32}}