{"Epoch ": 19, "Training loss ": 0.32501130105975484, "Training accuracy ": 0.8796481481481482, "Validation loss ": 0.4115852579454918, "Validation accuracy ": 0.85, "Testing loss ": 0.4087395734918319, "Testing accuracy ": 0.8521, "_timestamp": 1709292659.0355802, "_runtime": 27.374922275543213, "_step": 39, "confusion_matrix_table": {"_type": "table-file", "sha256": "314767ee9203289983673f55d7b895dba4ac333930dd18a6ad129fa57851a27d", "size": 3172, "artifact_path": "wandb-client-artifact://ubpqsuy8s5xvwkvoicqa3p3yg47hgj97dgtrilzw7vdxkxr8unayqvc3o8xica4a7q084qhneh8mxj9p9yvavxbtirxxggl9gig07quq07mi74d8t5npxihc9a9xl7xw:latest/confusion_matrix_table.table.json", "_latest_artifact_path": "wandb-client-artifact://ubpqsuy8s5xvwkvoicqa3p3yg47hgj97dgtrilzw7vdxkxr8unayqvc3o8xica4a7q084qhneh8mxj9p9yvavxbtirxxggl9gig07quq07mi74d8t5npxihc9a9xl7xw:latest/confusion_matrix_table.table.json", "path": "media/table/confusion_matrix_table_39_314767ee920328998367.table.json", "ncols": 3, "nrows": 100}, "_wandb": {"runtime": 26}}