{"Epoch ": 4, "Training loss ": 0.199399176278346, "Training accuracy ": 0.864462962962963, "Validation loss ": 0.2202261411627063, "Validation accuracy ": 0.8473333333333334, "Testing loss ": 0.2240305324518833, "Testing accuracy ": 0.8429, "_timestamp": 1709189353.8067808, "_runtime": 27.230132818222046, "_step": 9, "confusion_matrix_table": {"_type": "table-file", "sha256": "135aaecf35f8d3b05f489c4f342ea88311199e18949241e4a59d51c8c10844ac", "size": 3175, "artifact_path": "wandb-client-artifact://3x35myk76lxfpy480c9dgy2e6pmd12jj8jslvpwzlsrzacq0x2wnc8qb0fk5ea58a621rn3yc0ql3lho5x4kemsi095rmq9hwuuc7hqtr3hnu7l3xerikaom7428os15:latest/confusion_matrix_table.table.json", "_latest_artifact_path": "wandb-client-artifact://3x35myk76lxfpy480c9dgy2e6pmd12jj8jslvpwzlsrzacq0x2wnc8qb0fk5ea58a621rn3yc0ql3lho5x4kemsi095rmq9hwuuc7hqtr3hnu7l3xerikaom7428os15:latest/confusion_matrix_table.table.json", "path": "media/table/confusion_matrix_table_9_135aaecf35f8d3b05f48.table.json", "ncols": 3, "nrows": 100}, "_wandb": {"runtime": 26}}