{"Epoch ": 19, "Training loss ": 0.2277576952423634, "Training accuracy ": 0.8452777777777778, "Validation loss ": 0.23716466068098474, "Validation accuracy ": 0.8385, "Testing loss ": 0.24361347171283101, "Testing accuracy ": 0.834, "_timestamp": 1709150699.833685, "_runtime": 35.59351396560669, "_step": 39, "confusion_matrix_table": {"_type": "table-file", "sha256": "25395ddb2a52e3bd35f574593f0c4def6334809aa1fc5d4a1e9c192fcd1a1dcc", "size": 3175, "artifact_path": "wandb-client-artifact://lwylu0002ge6yc8fj46zom3xkgznt6bsirtgkn3llf0lc9aufw2yoybl2w465nw0j0i7agrug3nko416d2x5gkomgclqi6d4jgjvw94djvg415dpbooxx6b63nfvxzg8:latest/confusion_matrix_table.table.json", "_latest_artifact_path": "wandb-client-artifact://lwylu0002ge6yc8fj46zom3xkgznt6bsirtgkn3llf0lc9aufw2yoybl2w465nw0j0i7agrug3nko416d2x5gkomgclqi6d4jgjvw94djvg415dpbooxx6b63nfvxzg8:latest/confusion_matrix_table.table.json", "path": "media/table/confusion_matrix_table_39_25395ddb2a52e3bd35f5.table.json", "ncols": 3, "nrows": 100}, "_wandb": {"runtime": 34}}