{"Epoch ": 9, "Training loss ": 0.31700447518519737, "Training accuracy ": 0.8853518518518518, "Validation loss ": 0.33985540135968306, "Validation accuracy ": 0.8755, "Testing loss ": 0.3805517839016349, "Testing accuracy ": 0.8622, "_timestamp": 1709630825.5137098, "_runtime": 121.54051876068115, "_step": 19, "confusion_matrix_table": {"_type": "table-file", "sha256": "73b242dc34136077a1b05da8286116a583fa581b3bbbb3e73ef2087d0a7fe58a", "size": 3174, "artifact_path": "wandb-client-artifact://5w1zhhr2onw99ai8rsp1kx4bhz8b0se7r2e2lqvx7f9c3j24002yculh45u9gn4o7zfzf7zaefalmsybtht8u57nmbretkoljupeybt60qzjjg2ivjw78wodln7547at:latest/confusion_matrix_table.table.json", "_latest_artifact_path": "wandb-client-artifact://5w1zhhr2onw99ai8rsp1kx4bhz8b0se7r2e2lqvx7f9c3j24002yculh45u9gn4o7zfzf7zaefalmsybtht8u57nmbretkoljupeybt60qzjjg2ivjw78wodln7547at:latest/confusion_matrix_table.table.json", "path": "media/table/confusion_matrix_table_19_73b242dc34136077a1b0.table.json", "ncols": 3, "nrows": 100}, "_wandb": {"runtime": 120}}