{"Epoch ": 4, "Training loss ": 2.3026278035232792, "Training accuracy ": 0.1, "Validation loss ": 2.3026278035232797, "Validation accuracy ": 0.1, "Testing loss ": 2.3026278035232797, "Testing accuracy ": 0.1, "_timestamp": 1709484948.0717967, "_runtime": 17.40562868118286, "_step": 9, "confusion_matrix_table": {"_type": "table-file", "sha256": "14aba07669112483f4c4ff17d067555ba1f0fe451130bd585ffc3d5776033d9c", "size": 3152, "artifact_path": "wandb-client-artifact://6upq112xdgsch656px8t1aeigf1sj7bzgw4i4y58dpx8cqzxohb9qyzlpdi3viewmymrcf5iaty0886xl64zvk3g80vs3kb4a28imaowl6xb127508mtmlilslcrd6cr:latest/confusion_matrix_table.table.json", "_latest_artifact_path": "wandb-client-artifact://6upq112xdgsch656px8t1aeigf1sj7bzgw4i4y58dpx8cqzxohb9qyzlpdi3viewmymrcf5iaty0886xl64zvk3g80vs3kb4a28imaowl6xb127508mtmlilslcrd6cr:latest/confusion_matrix_table.table.json", "path": "media/table/confusion_matrix_table_9_14aba07669112483f4c4.table.json", "ncols": 3, "nrows": 100}, "_wandb": {"runtime": 16}}