{"Epoch ": 29, "Training loss ": 0.8996165831942479, "Training accuracy ": 0.196, "Validation loss ": 0.8996103838789288, "Validation accuracy ": 0.19666666666666666, "Testing loss ": 0.8996166792669738, "Testing accuracy ": 0.1947, "_timestamp": 1709569328.5993063, "_runtime": 420.8330433368683, "_step": 59, "confusion_matrix_table": {"_type": "table-file", "sha256": "67bfef417eb20819fd61c7b0bf2576d88a2d99cb9fbdf0dc123b59823618579b", "size": 3154, "artifact_path": "wandb-client-artifact://vb5ocopwgi7nb12i4gdq971luabci6jq33e5dvczoyb1hy96opfx3mceb0x4tt5hb6n5873sss6ql5fnja7uk8jd2wbqb6frtg4o5iwlv02h0gb2xue3fz26nihxwend:latest/confusion_matrix_table.table.json", "_latest_artifact_path": "wandb-client-artifact://vb5ocopwgi7nb12i4gdq971luabci6jq33e5dvczoyb1hy96opfx3mceb0x4tt5hb6n5873sss6ql5fnja7uk8jd2wbqb6frtg4o5iwlv02h0gb2xue3fz26nihxwend:latest/confusion_matrix_table.table.json", "path": "media/table/confusion_matrix_table_59_67bfef417eb20819fd61.table.json", "ncols": 3, "nrows": 100}, "_wandb": {"runtime": 420}}