{"Epoch ": 9, "Training loss ": 0.42647679936546423, "Training accuracy ": 0.8509629629629629, "Validation loss ": 0.44164878619075987, "Validation accuracy ": 0.844, "Testing loss ": 0.46196386176341186, "Testing accuracy ": 0.833, "_timestamp": 1709127167.0352266, "_runtime": 25.30686664581299, "_step": 19, "confusion_matrix_table": {"_type": "table-file", "sha256": "2682d93f9513948d3a1164beef9732d3ef979205303ed62e6f4a6e1f26ffc2ae", "size": 3178, "artifact_path": "wandb-client-artifact://wt9mu1enlc2qtv2o6cuxu2pevq793herj61clmqbzjjkkr5xtz1mlzzvdia40avtv44ui8mdo9h9m703s639zldykis3p5ku2kskxpeqaug99z2ktiz0ehqz8askvl7l:latest/confusion_matrix_table.table.json", "_latest_artifact_path": "wandb-client-artifact://wt9mu1enlc2qtv2o6cuxu2pevq793herj61clmqbzjjkkr5xtz1mlzzvdia40avtv44ui8mdo9h9m703s639zldykis3p5ku2kskxpeqaug99z2ktiz0ehqz8askvl7l:latest/confusion_matrix_table.table.json", "path": "media/table/confusion_matrix_table_19_2682d93f9513948d3a11.table.json", "ncols": 3, "nrows": 100}, "_wandb": {"runtime": 24}}