{"Epoch ": 4, "Training loss ": 0.4153892748830524, "Training accuracy ": 0.8538148148148148, "Validation loss ": 0.4271188442417546, "Validation accuracy ": 0.8486666666666667, "Testing loss ": 0.4513141457223854, "Testing accuracy ": 0.8405, "_timestamp": 1709102492.9932027, "_runtime": 76.690194606781, "_step": 4, "_wandb": {"runtime": 75}}