{"Epoch ": 4, "Training loss ": 0.10111905097215297, "Training accuracy ": 0.9333703703703704, "Validation loss ": 0.11094951762999246, "Validation accuracy ": 0.9251666666666667, "Testing loss ": 0.10220790777388783, "Testing accuracy ": 0.9338, "_timestamp": 1709529870.423484, "_runtime": 23.712172031402588, "_step": 9, "confusion_matrix_table": {"_type": "table-file", "sha256": "7c441b57698284e11ce4c28bc03339e561f215eaa8fcf474a4edac613d9d1ff4", "size": 3165, "artifact_path": "wandb-client-artifact://fqek5ibg62qxia9chszu6z1v7e27vzn0k6f404v9wi84bogb9btwp9vhzsi8e0674tuoh5ujverr59a16sqwmtzh4dfdc2dw2dw60i2i69jn6499duwbbyolx2i71jvk:latest/confusion_matrix_table.table.json", "_latest_artifact_path": "wandb-client-artifact://fqek5ibg62qxia9chszu6z1v7e27vzn0k6f404v9wi84bogb9btwp9vhzsi8e0674tuoh5ujverr59a16sqwmtzh4dfdc2dw2dw60i2i69jn6499duwbbyolx2i71jvk:latest/confusion_matrix_table.table.json", "path": "media/table/confusion_matrix_table_9_7c441b57698284e11ce4.table.json", "ncols": 3, "nrows": 100}, "_wandb": {"runtime": 22}}