{"Epoch ": 4, "Training loss ": 0.3934446428062956, "Training accuracy ": 0.8638148148148148, "Validation loss ": 0.40925178313962146, "Validation accuracy ": 0.8595, "Testing loss ": 0.4430103739727544, "Testing accuracy ": 0.8461, "_timestamp": 1709128910.3659294, "_runtime": 23.511279344558716, "_step": 9, "confusion_matrix_table": {"_type": "table-file", "sha256": "813513b1c4646d5080981d4d61877ba33e4aa153c7edd8211b1cea9f8cc3add2", "size": 3175, "artifact_path": "wandb-client-artifact://0u10e5omhro2i5k1aieknpmlaja1q0fnzl7ctcxyjaug7nml9he5hn3zjzi58ho86nzbdgmwqgz05my0otctftox3ewizg9vji9mwe5frf3e0u7fx85g8wowe06a5apw:latest/confusion_matrix_table.table.json", "_latest_artifact_path": "wandb-client-artifact://0u10e5omhro2i5k1aieknpmlaja1q0fnzl7ctcxyjaug7nml9he5hn3zjzi58ho86nzbdgmwqgz05my0otctftox3ewizg9vji9mwe5frf3e0u7fx85g8wowe06a5apw:latest/confusion_matrix_table.table.json", "path": "media/table/confusion_matrix_table_9_813513b1c4646d508098.table.json", "ncols": 3, "nrows": 100}, "_wandb": {"runtime": 22}}