{"Epoch ": 4, "Training loss ": 1.418197488979179, "Training accuracy ": 0.10122222222222223, "Validation loss ": 1.4194512432929696, "Validation accuracy ": 0.10033333333333333, "Testing loss ": 1.4183053246767667, "Testing accuracy ": 0.1012, "_timestamp": 1709400749.4151332, "_runtime": 28.681913137435913, "_step": 9, "confusion_matrix_table": {"_type": "table-file", "sha256": "b84a001bc30897a74ca6575949774e31666bf473a8860a3159d2be2493928dcf", "size": 3148, "artifact_path": "wandb-client-artifact://re1lf6v3ibbzqloo6nqh6cjo0otpuc5udft2zyfjl0orokks3x45klctov2c0oagn700yq59sa6s1pv4grj5echz2evq93ba6etvvcla3gfn32ww3p3juum1p7mzwd3o:latest/confusion_matrix_table.table.json", "_latest_artifact_path": "wandb-client-artifact://re1lf6v3ibbzqloo6nqh6cjo0otpuc5udft2zyfjl0orokks3x45klctov2c0oagn700yq59sa6s1pv4grj5echz2evq93ba6etvvcla3gfn32ww3p3juum1p7mzwd3o:latest/confusion_matrix_table.table.json", "path": "media/table/confusion_matrix_table_9_b84a001bc30897a74ca6.table.json", "ncols": 3, "nrows": 100}, "_wandb": {"runtime": 27}}