{"Epoch ": 19, "Training loss ": 0.35839532425927556, "Training accuracy ": 0.8732037037037037, "Validation loss ": 0.3818093833662359, "Validation accuracy ": 0.8711666666666666, "Testing loss ": 0.4197920846606371, "Testing accuracy ": 0.8532, "_timestamp": 1709451344.270758, "_runtime": 27.06667399406433, "_step": 39, "confusion_matrix_table": {"_type": "table-file", "sha256": "47a8113e1906a2f735529e4fcd9b9e5ace19ae428dcf9984f8023c9813119ff7", "size": 3173, "artifact_path": "wandb-client-artifact://4dtthpouwut9wrar5y6ys1xasduhwbzndx5gphazrgwmsekng811t10n2t82ynr0lw30c8utrcg14u85a30e4swxjjsvn6qac2lwn5q9x0a6zo78bvyhpajydmwx7xmb:latest/confusion_matrix_table.table.json", "_latest_artifact_path": "wandb-client-artifact://4dtthpouwut9wrar5y6ys1xasduhwbzndx5gphazrgwmsekng811t10n2t82ynr0lw30c8utrcg14u85a30e4swxjjsvn6qac2lwn5q9x0a6zo78bvyhpajydmwx7xmb:latest/confusion_matrix_table.table.json", "path": "media/table/confusion_matrix_table_39_47a8113e1906a2f73552.table.json", "ncols": 3, "nrows": 100}, "_wandb": {"runtime": 26}}