{"Epoch ": 24, "Training loss ": 0.33611230566453854, "Training accuracy ": 0.8767037037037037, "Validation loss ": 0.4304860004535688, "Validation accuracy ": 0.8516666666666667, "Testing loss ": 0.4532825670408999, "Testing accuracy ": 0.8429, "_timestamp": 1709292655.7795064, "_runtime": 636.1031863689423, "_step": 49, "confusion_matrix_table": {"_type": "table-file", "sha256": "0a31fffca03221f6f7f35bd2a56c5d2bb3abf02a5c0f7de30ab866783e37b748", "size": 3177, "artifact_path": "wandb-client-artifact://cbvmins7701gsb8vxs22w08sm7egfg0ry32adbg02r8djbdclvc015zdgbhoev36zonmu0m0nqa87gjhhlfzbuuueiovuizzf6beo5of18q5yrg63re2pvfp0hy4c7me:latest/confusion_matrix_table.table.json", "_latest_artifact_path": "wandb-client-artifact://cbvmins7701gsb8vxs22w08sm7egfg0ry32adbg02r8djbdclvc015zdgbhoev36zonmu0m0nqa87gjhhlfzbuuueiovuizzf6beo5of18q5yrg63re2pvfp0hy4c7me:latest/confusion_matrix_table.table.json", "path": "media/table/confusion_matrix_table_49_0a31fffca03221f6f7f3.table.json", "ncols": 3, "nrows": 100}, "_wandb": {"runtime": 635}}