{"Epoch ": 24, "Training loss ": 1.6321416419180441, "Training accuracy ": 0.3587222222222222, "Validation loss ": 1.631514038884048, "Validation accuracy ": 0.36133333333333334, "Testing loss ": 1.6334649849939191, "Testing accuracy ": 0.3584, "_timestamp": 1709130291.0653667, "_runtime": 117.93006682395935, "_step": 49, "confusion_matrix_table": {"_type": "table-file", "sha256": "0e1fc241edda252538faebcaa47739532b031d554105fcdf963d99c93d347a1e", "size": 3179, "artifact_path": "wandb-client-artifact://suzlulxje7l5hk11nncbl2vpmpjo9xfl36umne1k4t3lr5zsi20789zfc7q6jc56lgg5kqx4a115q8z5iqqh869tfzbtvj4f1e46q8hyo22n453mytm3sz8r5u32dk52:latest/confusion_matrix_table.table.json", "_latest_artifact_path": "wandb-client-artifact://suzlulxje7l5hk11nncbl2vpmpjo9xfl36umne1k4t3lr5zsi20789zfc7q6jc56lgg5kqx4a115q8z5iqqh869tfzbtvj4f1e46q8hyo22n453mytm3sz8r5u32dk52:latest/confusion_matrix_table.table.json", "path": "media/table/confusion_matrix_table_49_0e1fc241edda252538fa.table.json", "ncols": 3, "nrows": 100}, "_wandb": {"runtime": 117}}