{"Epoch ": 19, "Training loss ": 0.12116985116233818, "Training accuracy ": 0.9171481481481482, "Validation loss ": 0.15742427293689412, "Validation accuracy ": 0.892, "Testing loss ": 0.17242396736536386, "Testing accuracy ": 0.8789, "_timestamp": 1709531913.5025537, "_runtime": 146.4435796737671, "_step": 39, "confusion_matrix_table": {"_type": "table-file", "sha256": "b79a0497548a8d22aeb6959d8cc4819ee179ffe0d047c7bb6189d97144d1bd93", "size": 3168, "artifact_path": "wandb-client-artifact://8feq5946x0bo90z5cy3ouws56sj23xuuaj40t6p83gwtpv1edo1698ccmgegv7md5idak7cb2kskiwz3w04p08gcb8n5ehajzyue2udo5yuwk2g5azt2kfd9casznndy:latest/confusion_matrix_table.table.json", "_latest_artifact_path": "wandb-client-artifact://8feq5946x0bo90z5cy3ouws56sj23xuuaj40t6p83gwtpv1edo1698ccmgegv7md5idak7cb2kskiwz3w04p08gcb8n5ehajzyue2udo5yuwk2g5azt2kfd9casznndy:latest/confusion_matrix_table.table.json", "path": "media/table/confusion_matrix_table_39_b79a0497548a8d22aeb6.table.json", "ncols": 3, "nrows": 100}, "_wandb": {"runtime": 145}}