{"Epoch ": 4, "Training loss ": 1.79029319662845, "Training accuracy ": 0.10366666666666667, "Validation loss ": 1.792494575628493, "Validation accuracy ": 0.10216666666666667, "Testing loss ": 1.7915032546329466, "Testing accuracy ": 0.1033, "_timestamp": 1709402350.9408884, "_runtime": 24.486151456832886, "_step": 9, "confusion_matrix_table": {"_type": "table-file", "sha256": "87d6dab618d4095c2a4a5f8b8a1b92c5aff82b2eeb881170668a6427487bd706", "size": 3152, "artifact_path": "wandb-client-artifact://nb8froxnwv1h4h4wx7it0bf6zbowhml3otfsojnb32d5tpyy4l5aq4xcqyuh0bouutgr9821p298sthdi4i75uxkswvmp6779t4bamr67vi8guo5984i2job5pqxg8ot:latest/confusion_matrix_table.table.json", "_latest_artifact_path": "wandb-client-artifact://nb8froxnwv1h4h4wx7it0bf6zbowhml3otfsojnb32d5tpyy4l5aq4xcqyuh0bouutgr9821p298sthdi4i75uxkswvmp6779t4bamr67vi8guo5984i2job5pqxg8ot:latest/confusion_matrix_table.table.json", "path": "media/table/confusion_matrix_table_9_87d6dab618d4095c2a4a.table.json", "ncols": 3, "nrows": 100}, "_wandb": {"runtime": 23}}