{"Epoch ": 14, "Training loss ": 0.30842423290058496, "Training accuracy ": 0.8887037037037037, "Validation loss ": 0.3276309213739696, "Validation accuracy ": 0.8811666666666667, "Testing loss ": 0.36387285198245434, "Testing accuracy ": 0.8694, "_timestamp": 1709307081.6981456, "_runtime": 196.50726771354675, "_step": 29, "confusion_matrix_table": {"_type": "table-file", "sha256": "e2dc7224bf5884592b974dc9ad2848dab0902b2291bc2f8d90a131b57da0d3bd", "size": 3175, "artifact_path": "wandb-client-artifact://wovw80o32hs0g4xmrm2fwqfu9ckqkao4aiiv0om61o215aklcfivijihdfz9y2bbwtde6shjmbodv295g23kapuurllfrfor4oj4s1bnwoa91ngw68kgkctq2wsq969e:latest/confusion_matrix_table.table.json", "_latest_artifact_path": "wandb-client-artifact://wovw80o32hs0g4xmrm2fwqfu9ckqkao4aiiv0om61o215aklcfivijihdfz9y2bbwtde6shjmbodv295g23kapuurllfrfor4oj4s1bnwoa91ngw68kgkctq2wsq969e:latest/confusion_matrix_table.table.json", "path": "media/table/confusion_matrix_table_29_e2dc7224bf5884592b97.table.json", "ncols": 3, "nrows": 100}, "_wandb": {"runtime": 195}}