{"Epoch ": 29, "Training loss ": 0.4859696589396097, "Training accuracy ": 0.8334814814814815, "Validation loss ": 0.49994537888268425, "Validation accuracy ": 0.8318333333333333, "Testing loss ": 0.5169436847687567, "Testing accuracy ": 0.822, "_timestamp": 1709126954.8544524, "_runtime": 35.3400673866272, "_step": 59, "confusion_matrix_table": {"_type": "table-file", "sha256": "77c0f36109624ab8a1e0372e1e7e7af7342a333327fa04a14543c63f68506b84", "size": 3179, "artifact_path": "wandb-client-artifact://0hse3wyivhuaaitzii81y9r4rm4q2vpw99rbsk8p102mlj08danx17nd4kmr1n2d7zmjiisbk1qh1mrzhj9a2n1snn1afsggewpk2uaa0f96mbk4kz9p7s53jt3s8yfe:latest/confusion_matrix_table.table.json", "_latest_artifact_path": "wandb-client-artifact://0hse3wyivhuaaitzii81y9r4rm4q2vpw99rbsk8p102mlj08danx17nd4kmr1n2d7zmjiisbk1qh1mrzhj9a2n1snn1afsggewpk2uaa0f96mbk4kz9p7s53jt3s8yfe:latest/confusion_matrix_table.table.json", "path": "media/table/confusion_matrix_table_59_77c0f36109624ab8a1e0.table.json", "ncols": 3, "nrows": 100}, "_wandb": {"runtime": 34}}