{"Epoch ": 29, "Training loss ": 0.391237146077507, "Training accuracy ": 0.8663333333333333, "Validation loss ": 0.42316341013898084, "Validation accuracy ": 0.8556666666666667, "Testing loss ": 0.45165774704801015, "Testing accuracy ": 0.8406, "_timestamp": 1709486514.353548, "_runtime": 133.45863604545593, "_step": 59, "confusion_matrix_table": {"_type": "table-file", "sha256": "40f2c9c51afa678f877d7d63271be3cd52f69bc7bb864eab1407087c51eed051", "size": 3173, "artifact_path": "wandb-client-artifact://0p8x3pmpjer6mttyyy04y21gcc5ozggtk9j5qsf6dnxavifa12umigssyc54g8egkqhlp43s1ecvt6oun14yfic6ocxbo0s6exlc3y31o3we8eupvjrc484uzm1cpsfg:latest/confusion_matrix_table.table.json", "_latest_artifact_path": "wandb-client-artifact://0p8x3pmpjer6mttyyy04y21gcc5ozggtk9j5qsf6dnxavifa12umigssyc54g8egkqhlp43s1ecvt6oun14yfic6ocxbo0s6exlc3y31o3we8eupvjrc484uzm1cpsfg:latest/confusion_matrix_table.table.json", "path": "media/table/confusion_matrix_table_59_40f2c9c51afa678f877d.table.json", "ncols": 3, "nrows": 100}, "_wandb": {"runtime": 132}}