{"Epoch ": 19, "Training loss ": 0.142422218851891, "Training accuracy ": 0.9032222222222223, "Validation loss ": 0.1595379653514888, "Validation accuracy ": 0.8878333333333334, "Testing loss ": 0.1780190729623914, "Testing accuracy ": 0.8789, "_timestamp": 1709538892.6400313, "_runtime": 59.927226305007935, "_step": 39, "confusion_matrix_table": {"_type": "table-file", "sha256": "8243da872d809bc5e91cfe3105989937486c563a904e205240bdc70f243bf4fd", "size": 3171, "artifact_path": "wandb-client-artifact://iua4j7i5wohrpuemr21ebgf1rx1vid4a70269fvs3ckt8jqmragitawyegljvhxp3qa22npg3n26s8vjhrqdyiflwava15vbsbkmahas676spofs35b5q6re2sgl5rel:latest/confusion_matrix_table.table.json", "_latest_artifact_path": "wandb-client-artifact://iua4j7i5wohrpuemr21ebgf1rx1vid4a70269fvs3ckt8jqmragitawyegljvhxp3qa22npg3n26s8vjhrqdyiflwava15vbsbkmahas676spofs35b5q6re2sgl5rel:latest/confusion_matrix_table.table.json", "path": "media/table/confusion_matrix_table_39_8243da872d809bc5e91c.table.json", "ncols": 3, "nrows": 100}, "_wandb": {"runtime": 58}}