{"Epoch": 19, "Training loss": 0.6843280939849156, "Training accuracy": 0.4332037037037037, "Validation loss": 0.680838173837328, "Validation accuracy": 0.43516666666666665, "Testing loss": 0.6879316995659285, "Testing accuracy": 0.4279, "_timestamp": 1709116674.177612, "_runtime": 26.617022037506104, "_step": 39, "confusion_matrix_table": {"_type": "table-file", "sha256": "4a92033446aa5c068fcc193f82db283bf98cae548e6f51c62f57a8c72049061b", "size": 3176, "artifact_path": "wandb-client-artifact://z5wma6jos2k2e0b41n2v3lit4if0hg4rxcxpm9ffd8aj6ycyx9ypkvhd9mss3thspttwjijwu2kicuz8vc3ity0agsloxw1koa7pwaem67rsozu9x0ft2bj8krm66wct:latest/confusion_matrix_table.table.json", "_latest_artifact_path": "wandb-client-artifact://z5wma6jos2k2e0b41n2v3lit4if0hg4rxcxpm9ffd8aj6ycyx9ypkvhd9mss3thspttwjijwu2kicuz8vc3ity0agsloxw1koa7pwaem67rsozu9x0ft2bj8krm66wct:latest/confusion_matrix_table.table.json", "path": "media/table/confusion_matrix_table_39_4a92033446aa5c068fcc.table.json", "ncols": 3, "nrows": 100}, "_wandb": {"runtime": 25}}