{"Epoch": 4, "Training loss": 0.487723807489228, "Training accuracy": 0.8279814814814814, "Validation loss": 0.5027579668699738, "Validation accuracy": 0.8223333333333334, "Testing loss": 0.5153635600982531, "Testing accuracy": 0.8172, "_timestamp": 1709116203.3517578, "_runtime": 13.537855863571167, "_step": 9, "confusion_matrix_table": {"_type": "table-file", "sha256": "0525f25b908fe83252c0b91696159e972276c0681d482ba1e20906531c1ed3a9", "size": 3180, "artifact_path": "wandb-client-artifact://b94cavteafgo3bh5hno4zq6yce9w3vahmuaekeoa588scwbwn7vz76sa17jeisl48hk5ukabpqsd1jva35zgdxjjf5wwnbrng195gd4e3lcar0d4k0vghqbh8preo9de:latest/confusion_matrix_table.table.json", "_latest_artifact_path": "wandb-client-artifact://b94cavteafgo3bh5hno4zq6yce9w3vahmuaekeoa588scwbwn7vz76sa17jeisl48hk5ukabpqsd1jva35zgdxjjf5wwnbrng195gd4e3lcar0d4k0vghqbh8preo9de:latest/confusion_matrix_table.table.json", "path": "media/table/confusion_matrix_table_9_0525f25b908fe83252c0.table.json", "ncols": 3, "nrows": 100}, "_wandb": {"runtime": 12}}