{"Epoch ": 24, "Training loss ": 0.25258884284692384, "Training accuracy ": 0.9071481481481481, "Validation loss ": 0.3267308537205039, "Validation accuracy ": 0.8825, "Testing loss ": 0.3666521984984404, "Testing accuracy ": 0.8691, "_timestamp": 1709132831.2925737, "_runtime": 68.59274077415466, "_step": 49, "confusion_matrix_table": {"_type": "table-file", "sha256": "7008ce97d3109bc477b57c11601800462ed8ebcfab31a04130a2846910df43ab", "size": 3172, "artifact_path": "wandb-client-artifact://vkwyqifj9o9ajn7o02dd299utrrf0g68zj1zhd9l3vox7dzu0kwtiqihyptipa9pp6ndu0rzu1yk4676qb22vgojj0hxm0np46qnh490sgii2k37tqg21g6of66yllg3:latest/confusion_matrix_table.table.json", "_latest_artifact_path": "wandb-client-artifact://vkwyqifj9o9ajn7o02dd299utrrf0g68zj1zhd9l3vox7dzu0kwtiqihyptipa9pp6ndu0rzu1yk4676qb22vgojj0hxm0np46qnh490sgii2k37tqg21g6of66yllg3:latest/confusion_matrix_table.table.json", "path": "media/table/confusion_matrix_table_49_7008ce97d3109bc477b5.table.json", "ncols": 3, "nrows": 100}, "_wandb": {"runtime": 67}}