{"Epoch ": 4, "Training loss ": 2.302647094451696, "Training accuracy ": 0.1, "Validation loss ": 2.3026470941672854, "Validation accuracy ": 0.1, "Testing loss ": 2.3026470949877207, "Testing accuracy ": 0.1, "_timestamp": 1709127384.1495457, "_runtime": 20.471121788024902, "_step": 9, "confusion_matrix_table": {"_type": "table-file", "sha256": "2f7474a661d21516977465101eafdd215990604da38f9e6f7cc0b40feda92165", "size": 3152, "artifact_path": "wandb-client-artifact://8sd4386q31kqlkpw8p3ze5pauuqr6ae4kt20r0cia7fgjnsnpoagwl4x2s3k67a08nmhartk0bqm2pgxll9ngi07uw59svsoj5utq2t1w7uex0elnul6ipx6buz3vfvh:latest/confusion_matrix_table.table.json", "_latest_artifact_path": "wandb-client-artifact://8sd4386q31kqlkpw8p3ze5pauuqr6ae4kt20r0cia7fgjnsnpoagwl4x2s3k67a08nmhartk0bqm2pgxll9ngi07uw59svsoj5utq2t1w7uex0elnul6ipx6buz3vfvh:latest/confusion_matrix_table.table.json", "path": "media/table/confusion_matrix_table_9_2f7474a661d215169774.table.json", "ncols": 3, "nrows": 100}, "_wandb": {"runtime": 19}}