{"Epoch ": 4, "Training loss ": 2.2977456020974483, "Training accuracy ": 0.11374074074074074, "Validation loss ": 2.301411047631903, "Validation accuracy ": 0.1, "Testing loss ": 2.2983223263704637, "Testing accuracy ": 0.1135, "_timestamp": 1709502433.6787856, "_runtime": 25.4562885761261, "_step": 9, "confusion_matrix_table": {"_type": "table-file", "sha256": "d1569761db429b76055faeaf2e107bee2147105aec334a738d9337d7991aa86c", "size": 3147, "artifact_path": "wandb-client-artifact://2f9ah1f88ddra0xf75h65g614l4cvx4juamkm3vuxqxr738l49kfb685i3pm1jy3bftwn0undg18pojr0r1kd0vntmr0o8o5l54ecyljwvcg5kk527ai1fi0ahpnlxwt:latest/confusion_matrix_table.table.json", "_latest_artifact_path": "wandb-client-artifact://2f9ah1f88ddra0xf75h65g614l4cvx4juamkm3vuxqxr738l49kfb685i3pm1jy3bftwn0undg18pojr0r1kd0vntmr0o8o5l54ecyljwvcg5kk527ai1fi0ahpnlxwt:latest/confusion_matrix_table.table.json", "path": "media/table/confusion_matrix_table_9_d1569761db429b76055f.table.json", "ncols": 3, "nrows": 100}, "_wandb": {"runtime": 24}}