{"Epoch ": 24, "Training loss ": 0.36915548720834346, "Training accuracy ": 0.8967962962962963, "Validation loss ": 0.36579345070729863, "Validation accuracy ": 0.899, "Testing loss ": 0.35372408243632225, "Testing accuracy ": 0.9028, "_timestamp": 1709487725.211272, "_runtime": 233.5848889350891, "_step": 49, "confusion_matrix_table": {"_type": "table-file", "sha256": "c40eca254a29f7172e6949ebc29ae047483a3a857adf017cef8eb67e8c2febd1", "size": 3181, "artifact_path": "wandb-client-artifact://r97hbpy2y0ikzi83n5ojq8a8o3ywsbu3t3napxhfadmwd5qk0wycyz28shamoxgd3ohb22u84rpeytqpgsnepckiiuci3nci50za78zxp822fl8j5289qxvtpfzcl4dw:latest/confusion_matrix_table.table.json", "_latest_artifact_path": "wandb-client-artifact://r97hbpy2y0ikzi83n5ojq8a8o3ywsbu3t3napxhfadmwd5qk0wycyz28shamoxgd3ohb22u84rpeytqpgsnepckiiuci3nci50za78zxp822fl8j5289qxvtpfzcl4dw:latest/confusion_matrix_table.table.json", "path": "media/table/confusion_matrix_table_49_c40eca254a29f7172e69.table.json", "ncols": 3, "nrows": 100}, "_wandb": {"runtime": 232}}