{"Epoch ": 19, "Training loss ": 0.15869646070348942, "Training accuracy ": 0.8904444444444445, "Validation loss ": 0.19147278765784995, "Validation accuracy ": 0.8706666666666667, "Testing loss ": 0.2017982436059036, "Testing accuracy ": 0.8598, "_timestamp": 1709305999.7695248, "_runtime": 187.75183987617493, "_step": 39, "confusion_matrix_table": {"_type": "table-file", "sha256": "cc54b8f3ff161377d471e0414b54f4143a5f14917b7b617a5f17181ef9b6f77a", "size": 3173, "artifact_path": "wandb-client-artifact://ksafkpty8ru90tamd2cyt088cwgtr6z8pxsadbvc77aw8tmg8fnjccs3b929eh7ki8ie4h6k98uim5iuqa1t17dzh941g579oe0xdsrm8wze9wh8umubam70knoo3sms:latest/confusion_matrix_table.table.json", "_latest_artifact_path": "wandb-client-artifact://ksafkpty8ru90tamd2cyt088cwgtr6z8pxsadbvc77aw8tmg8fnjccs3b929eh7ki8ie4h6k98uim5iuqa1t17dzh941g579oe0xdsrm8wze9wh8umubam70knoo3sms:latest/confusion_matrix_table.table.json", "path": "media/table/confusion_matrix_table_39_cc54b8f3ff161377d471.table.json", "ncols": 3, "nrows": 100}, "_wandb": {"runtime": 186}}