{"Epoch ": 4, "Training loss ": 0.49454706355782796, "Training accuracy ": 0.8257222222222222, "Validation loss ": 0.5021392171263271, "Validation accuracy ": 0.8251666666666667, "Testing loss ": 0.542211791425072, "Testing accuracy ": 0.8108, "_timestamp": 1709128520.234676, "_runtime": 43.56928277015686, "_step": 9, "confusion_matrix_table": {"_type": "table-file", "sha256": "ccd812e43c646dbef5d6414977d7b3e9ce5a2a8888d67867f86ae32d2649c3f2", "size": 3179, "artifact_path": "wandb-client-artifact://rhzoewsbaj9bqzebhqxyvl5iabtq3mwsveqvf939y0hcb86q9n6ywf0m2qwkw6jok5hviz9vud1k6yu6vdeozn8ste6wqcn16lrkr01c4edb1j95ey5l7bcmp0d35hhr:latest/confusion_matrix_table.table.json", "_latest_artifact_path": "wandb-client-artifact://rhzoewsbaj9bqzebhqxyvl5iabtq3mwsveqvf939y0hcb86q9n6ywf0m2qwkw6jok5hviz9vud1k6yu6vdeozn8ste6wqcn16lrkr01c4edb1j95ey5l7bcmp0d35hhr:latest/confusion_matrix_table.table.json", "path": "media/table/confusion_matrix_table_9_ccd812e43c646dbef5d6.table.json", "ncols": 3, "nrows": 100}, "_wandb": {"runtime": 42}}