{"Epoch ": 4, "Training loss ": 0.581223909701303, "Training accuracy ": 0.8384259259259259, "Validation loss ": 0.6181548565219707, "Validation accuracy ": 0.8358333333333333, "Testing loss ": 0.6695251060607704, "Testing accuracy ": 0.8231, "_timestamp": 1709449161.3558583, "_runtime": 38.47359323501587, "_step": 9, "confusion_matrix_table": {"_type": "table-file", "sha256": "d8efdf4391a44da94879860ed0e7489deecc5fa4fe201768fb2e27232e1370f7", "size": 3172, "artifact_path": "wandb-client-artifact://aixpnvk67hcoae2i0hqoemvb5wt7jq7td7ftsvn1zeyz133bn6lngo2gq9jkm7mw531imkbpvvtcosx9usx4lhazw2ybsqtvfwbqtj27artyy7wmqjeokg81snuwg4vq:latest/confusion_matrix_table.table.json", "_latest_artifact_path": "wandb-client-artifact://aixpnvk67hcoae2i0hqoemvb5wt7jq7td7ftsvn1zeyz133bn6lngo2gq9jkm7mw531imkbpvvtcosx9usx4lhazw2ybsqtvfwbqtj27artyy7wmqjeokg81snuwg4vq:latest/confusion_matrix_table.table.json", "path": "media/table/confusion_matrix_table_9_d8efdf4391a44da94879.table.json", "ncols": 3, "nrows": 100}, "_wandb": {"runtime": 37}}