{"Epoch ": 9, "Training loss ": 0.33303312554310094, "Training accuracy ": 0.8812962962962962, "Validation loss ": 0.36312158981621095, "Validation accuracy ": 0.8708333333333333, "Testing loss ": 0.38503790642922053, "Testing accuracy ": 0.8612, "_timestamp": 1709626450.4378865, "_runtime": 29.732324361801147, "_step": 19, "confusion_matrix_table": {"_type": "table-file", "sha256": "bbafec55c8f5956f269463bf1bedf5244f70bd90f6f212d25e07cfa02cdd43b3", "size": 3174, "artifact_path": "wandb-client-artifact://xh402yjumff7uphh0v5eg4czfowh2pakcpkrldpdtp2oe72w9zo0x2ew6rclih3j7hdtitlkxbmv5mj9kko5ev3ac03s5hcw2z8hpe0u2x1qs91gtwjajjs32xwphviq:latest/confusion_matrix_table.table.json", "_latest_artifact_path": "wandb-client-artifact://xh402yjumff7uphh0v5eg4czfowh2pakcpkrldpdtp2oe72w9zo0x2ew6rclih3j7hdtitlkxbmv5mj9kko5ev3ac03s5hcw2z8hpe0u2x1qs91gtwjajjs32xwphviq:latest/confusion_matrix_table.table.json", "path": "media/table/confusion_matrix_table_19_bbafec55c8f5956f2694.table.json", "ncols": 3, "nrows": 100}, "_wandb": {"runtime": 28}}