{"Epoch ": 4, "Training loss ": 0.7005063723159235, "Training accuracy ": 0.7680925925925925, "Validation loss ": 0.7128364620075597, "Validation accuracy ": 0.7636666666666667, "Testing loss ": 0.7250771370408658, "Testing accuracy ": 0.7637, "_timestamp": 1709128184.2329538, "_runtime": 39.08595371246338, "_step": 9, "confusion_matrix_table": {"_type": "table-file", "sha256": "9d21613f1ebd9dd30700c6cee53373256e0edd4aafe180d571075d0dd06d569e", "size": 3182, "artifact_path": "wandb-client-artifact://0tjtehr2u4wnru73m295bi0139rracl2kqkegu1914rnruzzxz0qz7wm4tv172wzm4ygecaooss2ctp1x4sz7nwspn8h5lur224bh0kfkn16fj0681hatgg0c9j0icj2:latest/confusion_matrix_table.table.json", "_latest_artifact_path": "wandb-client-artifact://0tjtehr2u4wnru73m295bi0139rracl2kqkegu1914rnruzzxz0qz7wm4tv172wzm4ygecaooss2ctp1x4sz7nwspn8h5lur224bh0kfkn16fj0681hatgg0c9j0icj2:latest/confusion_matrix_table.table.json", "path": "media/table/confusion_matrix_table_9_9d21613f1ebd9dd30700.table.json", "ncols": 3, "nrows": 100}, "_wandb": {"runtime": 38}}