{"Epoch ": 9, "Training loss ": 0.2867352046639772, "Training accuracy ": 0.895, "Validation loss ": 0.3554664985730485, "Validation accuracy ": 0.871, "Testing loss ": 0.38690913928231885, "Testing accuracy ": 0.863, "_timestamp": 1709482380.600828, "_runtime": 60.5387659072876, "_step": 19, "confusion_matrix_table": {"_type": "table-file", "sha256": "b6582dabd1088ed5f5fb54bfb7e2b14d882555eda42f061844c8641e3c59422f", "size": 3175, "artifact_path": "wandb-client-artifact://3m4vlwv9t7g6kstddbqzh46czvj5ra8asu8lu0s9d9jg8kmfhda6csoq30tzwjqkx4c2oyejhpwz3yokcpah03158de7xbpx0v8ymhi4etl5bmifbfu413b54m3mvv83:latest/confusion_matrix_table.table.json", "_latest_artifact_path": "wandb-client-artifact://3m4vlwv9t7g6kstddbqzh46czvj5ra8asu8lu0s9d9jg8kmfhda6csoq30tzwjqkx4c2oyejhpwz3yokcpah03158de7xbpx0v8ymhi4etl5bmifbfu413b54m3mvv83:latest/confusion_matrix_table.table.json", "path": "media/table/confusion_matrix_table_19_b6582dabd1088ed5f5fb.table.json", "ncols": 3, "nrows": 100}, "_wandb": {"runtime": 59}}