{"Epoch ": 29, "Training loss ": 0.45249401084828883, "Training accuracy ": 0.8442407407407407, "Validation loss ": 0.4829518673780956, "Validation accuracy ": 0.8303333333333334, "Testing loss ": 0.49645640030406596, "Testing accuracy ": 0.8268, "_timestamp": 1709454081.2512183, "_runtime": 41.83258938789368, "_step": 59, "confusion_matrix_table": {"_type": "table-file", "sha256": "9b6aa0c6a6c450151f548974fa70a20c558927c5e1664bf7addf934eefd12efc", "size": 3177, "artifact_path": "wandb-client-artifact://mv53vtmf9ve2i47wvl7xij7oxn2g7kijo8rh7ibo9qcg697cebklmjeo1vw8iyh2c6ng515z70i29k2elpq2csb7zmaqceowx68x9athluz6kmtvxtx03fei2y9b578d:latest/confusion_matrix_table.table.json", "_latest_artifact_path": "wandb-client-artifact://mv53vtmf9ve2i47wvl7xij7oxn2g7kijo8rh7ibo9qcg697cebklmjeo1vw8iyh2c6ng515z70i29k2elpq2csb7zmaqceowx68x9athluz6kmtvxtx03fei2y9b578d:latest/confusion_matrix_table.table.json", "path": "media/table/confusion_matrix_table_59_9b6aa0c6a6c450151f54.table.json", "ncols": 3, "nrows": 100}, "_wandb": {"runtime": 41}}