{"Epoch ": 19, "Training loss ": 0.4727513648840465, "Training accuracy ": 0.8369814814814814, "Validation loss ": 0.4779346563101011, "Validation accuracy ": 0.8325, "Testing loss ": 0.5053428307224627, "Testing accuracy ": 0.8229, "_timestamp": 1709040302.4523504, "_runtime": 22.492414474487305, "_step": 39, "confusion_matrix_table": {"_type": "table-file", "sha256": "61b1fbb490179f86352c715826f4aa2092ec56c581d28e166b21cc6cd5737bab", "size": 3181, "artifact_path": "wandb-client-artifact://jbhjapw5iei94l4ks27a59djit0dbheg9vtwkw6huxc2lhzo733i380q25cz96y6eqjtnr1ttkmaxt3ysoy2vlyx1a8uywescalq6m4309ieh62m3dt11t7qocmb6f6h:latest/confusion_matrix_table.table.json", "_latest_artifact_path": "wandb-client-artifact://jbhjapw5iei94l4ks27a59djit0dbheg9vtwkw6huxc2lhzo733i380q25cz96y6eqjtnr1ttkmaxt3ysoy2vlyx1a8uywescalq6m4309ieh62m3dt11t7qocmb6f6h:latest/confusion_matrix_table.table.json", "path": "media/table/confusion_matrix_table_39_61b1fbb490179f86352c.table.json", "ncols": 3, "nrows": 100}, "_wandb": {"runtime": 21}}