{"Epoch ": 14, "Training loss ": 0.10539456579793822, "Training accuracy ": 0.9682962962962963, "Validation loss ": 0.13219448846437057, "Validation accuracy ": 0.9608333333333333, "Testing loss ": 0.12552210583570056, "Testing accuracy ": 0.9615, "_timestamp": 1709493683.1683886, "_runtime": 59.80408263206482, "_step": 29, "confusion_matrix_table": {"_type": "table-file", "sha256": "1398faa81fb0f095e10af28ae19d2a741f2133ed62b61df6a7d321a6e25e0f3c", "size": 3157, "artifact_path": "wandb-client-artifact://jnkhd10yzkc9bar9o5hdk6sujhu09oxqm30zo576as355ooz743gbv461hrzntxjmrx3dlyu99fa9pfx6e3h8zqlgnrhaqt9a56adpd7adpb95wy44awk12d1unfstra:latest/confusion_matrix_table.table.json", "_latest_artifact_path": "wandb-client-artifact://jnkhd10yzkc9bar9o5hdk6sujhu09oxqm30zo576as355ooz743gbv461hrzntxjmrx3dlyu99fa9pfx6e3h8zqlgnrhaqt9a56adpd7adpb95wy44awk12d1unfstra:latest/confusion_matrix_table.table.json", "path": "media/table/confusion_matrix_table_29_1398faa81fb0f095e10a.table.json", "ncols": 3, "nrows": 100}, "_wandb": {"runtime": 59}}