{"Epoch ": 29, "Training loss ": 0.42502419995177865, "Training accuracy ": 0.8534074074074074, "Validation loss ": 0.4180384285415803, "Validation accuracy ": 0.8573333333333333, "Testing loss ": 0.4580467848661141, "Testing accuracy ": 0.836, "_timestamp": 1709481811.7709413, "_runtime": 44.35270714759827, "_step": 59, "confusion_matrix_table": {"_type": "table-file", "sha256": "b057a457334e5740b7675237237263f1ea8258dcc3b42f44f35a299d2fea45c4", "size": 3180, "artifact_path": "wandb-client-artifact://jogfsbgp4uei1olo7ca99gezu2gmow9vz44ni5ihp69e37ssfw4fyv5xcf2o77u00qjo8ttjfonx6tc7ytrid04kmy9hsoycy87bwcnac2vg0f0e187iq19w0rcuuegp:latest/confusion_matrix_table.table.json", "_latest_artifact_path": "wandb-client-artifact://jogfsbgp4uei1olo7ca99gezu2gmow9vz44ni5ihp69e37ssfw4fyv5xcf2o77u00qjo8ttjfonx6tc7ytrid04kmy9hsoycy87bwcnac2vg0f0e187iq19w0rcuuegp:latest/confusion_matrix_table.table.json", "path": "media/table/confusion_matrix_table_59_b057a457334e5740b767.table.json", "ncols": 3, "nrows": 100}, "_wandb": {"runtime": 43}}