{"Epoch ": 29, "Training loss ": 0.40012183840616516, "Training accuracy ": 0.8633888888888889, "Validation loss ": 0.41722936271666483, "Validation accuracy ": 0.8593333333333333, "Testing loss ": 0.4423729558398339, "Testing accuracy ": 0.845, "_timestamp": 1709135719.03487, "_runtime": 64.64185881614685, "_step": 59, "confusion_matrix_table": {"_type": "table-file", "sha256": "2d86e39183217fe70494eafb3fa99518b3ea0ff383e152afe42c78f7baa25363", "size": 3173, "artifact_path": "wandb-client-artifact://gl33ivs3ic8bjarnm7gultd7wcbeae84rmkljhq9zptlebpcq2bqf35hwya7b5x0nfwrlfzi1uykkomgntbj4yml2bjmydbz7iz8mskgoyak4x45xu7or7hicjej61tm:latest/confusion_matrix_table.table.json", "_latest_artifact_path": "wandb-client-artifact://gl33ivs3ic8bjarnm7gultd7wcbeae84rmkljhq9zptlebpcq2bqf35hwya7b5x0nfwrlfzi1uykkomgntbj4yml2bjmydbz7iz8mskgoyak4x45xu7or7hicjej61tm:latest/confusion_matrix_table.table.json", "path": "media/table/confusion_matrix_table_59_2d86e39183217fe70494.table.json", "ncols": 3, "nrows": 100}, "_wandb": {"runtime": 63}}