{"Epoch ": 9, "Training loss ": 1.303779383149702, "Training accuracy ": 0.1, "Validation loss ": 1.3037546923698544, "Validation accuracy ": 0.1, "Testing loss ": 1.303669263657507, "Testing accuracy ": 0.1, "_timestamp": 1709527809.747033, "_runtime": 159.4229130744934, "_step": 19, "confusion_matrix_table": {"_type": "table-file", "sha256": "2f7474a661d21516977465101eafdd215990604da38f9e6f7cc0b40feda92165", "size": 3152, "artifact_path": "wandb-client-artifact://sy8fipvoeowehjcxkdywzqt96l4wmkfhtnexyq2d7ubxyisi07ryfwc18mn3pjdeewy0ehd9gpqv7qfe1kl4yp0k7cuka9610l30ct1i75fs384bbe7psnn3lsc0k442:latest/confusion_matrix_table.table.json", "_latest_artifact_path": "wandb-client-artifact://sy8fipvoeowehjcxkdywzqt96l4wmkfhtnexyq2d7ubxyisi07ryfwc18mn3pjdeewy0ehd9gpqv7qfe1kl4yp0k7cuka9610l30ct1i75fs384bbe7psnn3lsc0k442:latest/confusion_matrix_table.table.json", "path": "media/table/confusion_matrix_table_19_2f7474a661d215169774.table.json", "ncols": 3, "nrows": 100}, "_wandb": {"runtime": 158}}