{"Epoch ": 4, "Training loss ": 1.2930706706843047, "Training accuracy ": 0.683, "Validation loss ": 1.2949922124952795, "Validation accuracy ": 0.6813333333333333, "Testing loss ": 1.300421403870279, "Testing accuracy ": 0.6754, "_timestamp": 1709633628.6549506, "_runtime": 17.630260705947876, "_step": 9, "confusion_matrix_table": {"_type": "table-file", "sha256": "f2a89f0cc3fd6c8e911fd2e8cc4c078b7e265a7348869577715cb1bf8bee2757", "size": 3184, "artifact_path": "wandb-client-artifact://2xfvpic47o1osfty3uoo42u6srvt03ln44786dqg2x7jf58zurqzqo4tzho5h0rk15hc16u3nzv0dulhefeyhi01hvpve4tumrhbgsrcftz5o2acsttqes5bzyx087nh:latest/confusion_matrix_table.table.json", "_latest_artifact_path": "wandb-client-artifact://2xfvpic47o1osfty3uoo42u6srvt03ln44786dqg2x7jf58zurqzqo4tzho5h0rk15hc16u3nzv0dulhefeyhi01hvpve4tumrhbgsrcftz5o2acsttqes5bzyx087nh:latest/confusion_matrix_table.table.json", "path": "media/table/confusion_matrix_table_9_f2a89f0cc3fd6c8e911f.table.json", "ncols": 3, "nrows": 100}, "_wandb": {"runtime": 16}}