{"Epoch ": 4, "Training loss ": 0.38834727713917555, "Training accuracy ": 0.8612777777777778, "Validation loss ": 0.42837150698554866, "Validation accuracy ": 0.8476666666666667, "Testing loss ": 0.43720266071206926, "Testing accuracy ": 0.843, "_timestamp": 1709129233.312168, "_runtime": 29.6441547870636, "_step": 9, "confusion_matrix_table": {"_type": "table-file", "sha256": "f2a46d4833e3cdd60a9fece5cac2f8969bf85f131832f191c725d7f9625b0eed", "size": 3174, "artifact_path": "wandb-client-artifact://rx14ldeormti6441fu6qhq2zgrm7t6xvpcsyvzwb8m42yfc7v6fdqhpxoi1mzzfm2q098b9ja88btdexnrs515wcztji5ap6fv9idz9a0f3yjxnmlebnw1l5fhj3zpwv:latest/confusion_matrix_table.table.json", "_latest_artifact_path": "wandb-client-artifact://rx14ldeormti6441fu6qhq2zgrm7t6xvpcsyvzwb8m42yfc7v6fdqhpxoi1mzzfm2q098b9ja88btdexnrs515wcztji5ap6fv9idz9a0f3yjxnmlebnw1l5fhj3zpwv:latest/confusion_matrix_table.table.json", "path": "media/table/confusion_matrix_table_9_f2a46d4833e3cdd60a9f.table.json", "ncols": 3, "nrows": 100}, "_wandb": {"runtime": 28}}