{"Epoch ": 29, "Training loss ": 0.5023526310467604, "Training accuracy ": 0.8576481481481482, "Validation loss ": 0.5990559409909576, "Validation accuracy ": 0.8478333333333333, "Testing loss ": 0.7076871191633629, "Testing accuracy ": 0.832, "_timestamp": 1709401878.387169, "_runtime": 125.04540777206421, "_step": 59, "confusion_matrix_table": {"_type": "table-file", "sha256": "31e5bcdaf8864a805631f20a09693521abd9051f6c4d3803b6a831f3048458d2", "size": 3173, "artifact_path": "wandb-client-artifact://6vfpiic6aecpqwlhxox2ic0o4ozrtkaywy6lsdyj3g8nu9xywx1euu1swq1wq3t35ji353pkuvbxbawdaqjhgvm3y4dgxgqhcjp3jfg409dkcy4230v9p3pls05n99hg:latest/confusion_matrix_table.table.json", "_latest_artifact_path": "wandb-client-artifact://6vfpiic6aecpqwlhxox2ic0o4ozrtkaywy6lsdyj3g8nu9xywx1euu1swq1wq3t35ji353pkuvbxbawdaqjhgvm3y4dgxgqhcjp3jfg409dkcy4230v9p3pls05n99hg:latest/confusion_matrix_table.table.json", "path": "media/table/confusion_matrix_table_59_31e5bcdaf8864a805631.table.json", "ncols": 3, "nrows": 100}, "_wandb": {"runtime": 124}}