{"Epoch ": 4, "Training loss ": 1.3091572661420094, "Training accuracy ": 0.22337037037037036, "Validation loss ": 1.3064163534169984, "Validation accuracy ": 0.22266666666666668, "Testing loss ": 1.3108507684138098, "Testing accuracy ": 0.2222, "_timestamp": 1709400327.2987845, "_runtime": 23.25603151321411, "_step": 9, "confusion_matrix_table": {"_type": "table-file", "sha256": "4eb3b00e5d304ea54852b3f2b016e868b3042e5691cbc9881e79f2f064f5c365", "size": 3173, "artifact_path": "wandb-client-artifact://ed55gq8f8cucdbg1f3dbkc5x4k8aif8h6cj9guklbmg8rd8ru397fcww3ywrbh1db9t34922plk5633u803r8k99a8wl9p919zss80389ytfp1alu4ifc57ju5sdklv2:latest/confusion_matrix_table.table.json", "_latest_artifact_path": "wandb-client-artifact://ed55gq8f8cucdbg1f3dbkc5x4k8aif8h6cj9guklbmg8rd8ru397fcww3ywrbh1db9t34922plk5633u803r8k99a8wl9p919zss80389ytfp1alu4ifc57ju5sdklv2:latest/confusion_matrix_table.table.json", "path": "media/table/confusion_matrix_table_9_4eb3b00e5d304ea54852.table.json", "ncols": 3, "nrows": 100}, "_wandb": {"runtime": 22}}