{"Epoch ": 4, "Training loss ": 0.40279238499428505, "Training accuracy ": 0.8578333333333333, "Validation loss ": 0.42677840068368916, "Validation accuracy ": 0.852, "Testing loss ": 0.4462115974143289, "Testing accuracy ": 0.8413, "_timestamp": 1709007267.847214, "_runtime": 13.086155891418457, "_step": 9, "confusion_matrix_table": {"_type": "table-file", "sha256": "dbb1c3d8f7458a3721c10e6dcdd3b93632d59d2629b5b20f92e6c0664e43cd4b", "size": 3176, "artifact_path": "wandb-client-artifact://5k0yas0xntw0csw9w3qhriliwx8y30gsq34h67oa6sq0gwo4ym2hy996thw5ztz4yqw5070hcbaihdjq69bw9dftzryqfufm4txjz8s6qct8rabbi0vxqp2g0wc6t7b6:latest/confusion_matrix_table.table.json", "_latest_artifact_path": "wandb-client-artifact://5k0yas0xntw0csw9w3qhriliwx8y30gsq34h67oa6sq0gwo4ym2hy996thw5ztz4yqw5070hcbaihdjq69bw9dftzryqfufm4txjz8s6qct8rabbi0vxqp2g0wc6t7b6:latest/confusion_matrix_table.table.json", "path": "media/table/confusion_matrix_table_9_dbb1c3d8f7458a3721c1.table.json", "ncols": 3, "nrows": 100}, "_wandb": {"runtime": 11}}