{"Epoch ": 9, "Training loss ": 1.9121510340789878, "Training accuracy ": 0.42442592592592593, "Validation loss ": 1.933147569204194, "Validation accuracy ": 0.4125, "Testing loss ": 1.907856704255855, "Testing accuracy ": 0.4268, "_timestamp": 1709498217.1234818, "_runtime": 41.339462757110596, "_step": 19, "confusion_matrix_table": {"_type": "table-file", "sha256": "4e5e17ee139e3e5d9f68ca192f165256988a15c144741bcb1ee5393856a39b5f", "size": 3191, "artifact_path": "wandb-client-artifact://ize88u0zodz334bdcol06s3neru8bi8do055qu71wmiq6gaeo2pua74ti7rpl1j4ipiujrrrxjc4sp9qx817qwtw8pjv0ndmkk7s7pb2vn3ap8vqs0nd7740fttroxo9:latest/confusion_matrix_table.table.json", "_latest_artifact_path": "wandb-client-artifact://ize88u0zodz334bdcol06s3neru8bi8do055qu71wmiq6gaeo2pua74ti7rpl1j4ipiujrrrxjc4sp9qx817qwtw8pjv0ndmkk7s7pb2vn3ap8vqs0nd7740fttroxo9:latest/confusion_matrix_table.table.json", "path": "media/table/confusion_matrix_table_19_4e5e17ee139e3e5d9f68.table.json", "ncols": 3, "nrows": 100}, "_wandb": {"runtime": 40}}