{"Epoch ": 14, "Training loss ": 0.7210131199313515, "Training accuracy ": 0.7712962962962963, "Validation loss ": 0.720968611696552, "Validation accuracy ": 0.7693333333333333, "Testing loss ": 0.7409813672225225, "Testing accuracy ": 0.7586, "_timestamp": 1709489281.5029008, "_runtime": 100.98184776306152, "_step": 29, "confusion_matrix_table": {"_type": "table-file", "sha256": "6e16196c64673a7862676bfae8559d741c8bd2be21e9286a012f2f3af4bbf735", "size": 3186, "artifact_path": "wandb-client-artifact://f8afegfiwt5monoqfs5icrjn0f5gchc0syca3xdiw5ay1zm7w3t0z4b1208loftutynj2xjafx5xifvab43iydk0pn4g7nr58jdnkhd9hcu72z2njmsqiq5qopaasz4m:latest/confusion_matrix_table.table.json", "_latest_artifact_path": "wandb-client-artifact://f8afegfiwt5monoqfs5icrjn0f5gchc0syca3xdiw5ay1zm7w3t0z4b1208loftutynj2xjafx5xifvab43iydk0pn4g7nr58jdnkhd9hcu72z2njmsqiq5qopaasz4m:latest/confusion_matrix_table.table.json", "path": "media/table/confusion_matrix_table_29_6e16196c64673a786267.table.json", "ncols": 3, "nrows": 100}, "_wandb": {"runtime": 100}}