{"Epoch ": 4, "Training loss ": 1.085346920306538, "Training accuracy ": 0.6076481481481482, "Validation loss ": 1.1055756776674688, "Validation accuracy ": 0.6018333333333333, "Testing loss ": 1.149577245315185, "Testing accuracy ": 0.5965, "_timestamp": 1709127650.047901, "_runtime": 31.47184181213379, "_step": 9, "confusion_matrix_table": {"_type": "table-file", "sha256": "12c9666905dec6effb9c4c0a4e9aeb79de4e306e64ca4a43b068a9c4194ad523", "size": 3177, "artifact_path": "wandb-client-artifact://jvtcegftsuar506dn5acm952db2d25b99v05sh8jpzdu2uwldqze037639xusd8g3meukniimyxfy60y3s20322xl5v5epmny8hrgpu1b9cybwuuf24k65uitbk2rlmp:latest/confusion_matrix_table.table.json", "_latest_artifact_path": "wandb-client-artifact://jvtcegftsuar506dn5acm952db2d25b99v05sh8jpzdu2uwldqze037639xusd8g3meukniimyxfy60y3s20322xl5v5epmny8hrgpu1b9cybwuuf24k65uitbk2rlmp:latest/confusion_matrix_table.table.json", "path": "media/table/confusion_matrix_table_9_12c9666905dec6effb9c.table.json", "ncols": 3, "nrows": 100}, "_wandb": {"runtime": 30}}