{"Epoch ": 4, "Training loss ": 0.8840453506756185, "Training accuracy ": 0.1753148148148148, "Validation loss ": 0.8842128063187218, "Validation accuracy ": 0.17216666666666666, "Testing loss ": 0.8840737616930652, "Testing accuracy ": 0.1794, "_timestamp": 1709144303.6987789, "_runtime": 35.172271966934204, "_step": 9, "confusion_matrix_table": {"_type": "table-file", "sha256": "1d1a919d59f91ab51304569eed208b4e3149304e4b2655631eb7ed7c1e55ae13", "size": 3152, "artifact_path": "wandb-client-artifact://3zazvkvnmntlkfl5rnsncfcl8zh8a88vuogsyut5ugpy7fnjv3f1xv2gbywijeebysa02nyq3co1gum68stv2ptjqvrz16y41ek63gebj7k7mpl06hv4qfmb27p0zxsj:latest/confusion_matrix_table.table.json", "_latest_artifact_path": "wandb-client-artifact://3zazvkvnmntlkfl5rnsncfcl8zh8a88vuogsyut5ugpy7fnjv3f1xv2gbywijeebysa02nyq3co1gum68stv2ptjqvrz16y41ek63gebj7k7mpl06hv4qfmb27p0zxsj:latest/confusion_matrix_table.table.json", "path": "media/table/confusion_matrix_table_9_1d1a919d59f91ab51304.table.json", "ncols": 3, "nrows": 100}, "_wandb": {"runtime": 34}}