{"Epoch ": 24, "Training loss ": 0.2636277253591873, "Training accuracy ": 0.9031666666666667, "Validation loss ": 0.35165053561748943, "Validation accuracy ": 0.878, "Testing loss ": 0.38843741612060534, "Testing accuracy ": 0.8651, "_timestamp": 1709287082.368416, "_runtime": 51.914743185043335, "_step": 49, "confusion_matrix_table": {"_type": "table-file", "sha256": "72c1de08be06d83f55922e84889d4dd5eec28435a16b5805cb85106d7148a22f", "size": 3173, "artifact_path": "wandb-client-artifact://cp67yf3c4cmomygca0zovewqycw02441s8ql1wllzdayzfpvq0p033e3zn87bapo1vnrqparcwug2hbo44v0qdtlx2t9ipayf5nt8q6xtqekp9k6783u47xkg7tbbml8:latest/confusion_matrix_table.table.json", "_latest_artifact_path": "wandb-client-artifact://cp67yf3c4cmomygca0zovewqycw02441s8ql1wllzdayzfpvq0p033e3zn87bapo1vnrqparcwug2hbo44v0qdtlx2t9ipayf5nt8q6xtqekp9k6783u47xkg7tbbml8:latest/confusion_matrix_table.table.json", "path": "media/table/confusion_matrix_table_49_72c1de08be06d83f5592.table.json", "ncols": 3, "nrows": 100}, "_wandb": {"runtime": 51}}