{"Epoch ": 29, "Training loss ": 0.27096559511289203, "Training accuracy ": 0.9020925925925926, "Validation loss ": 0.33230271224494157, "Validation accuracy ": 0.8838333333333334, "Testing loss ": 0.37313549964559295, "Testing accuracy ": 0.871, "_timestamp": 1709126966.0139823, "_runtime": 46.43219518661499, "_step": 59, "confusion_matrix_table": {"_type": "table-file", "sha256": "b006f4ffae1da0b7f573cb8a9a77dd6d1c5c38bd7fa48404fa22cd2b5d4f4f55", "size": 3170, "artifact_path": "wandb-client-artifact://yr4prfh4gkuoc6lb0yea1m58k11wutp949mqtdawti38thpq6hqk83wki4dccibxgg19tho60ax3gbywx6tj2e0woyg4dl491n774hbnd4aocuapobnb26wel8r8ka3u:latest/confusion_matrix_table.table.json", "_latest_artifact_path": "wandb-client-artifact://yr4prfh4gkuoc6lb0yea1m58k11wutp949mqtdawti38thpq6hqk83wki4dccibxgg19tho60ax3gbywx6tj2e0woyg4dl491n774hbnd4aocuapobnb26wel8r8ka3u:latest/confusion_matrix_table.table.json", "path": "media/table/confusion_matrix_table_59_b006f4ffae1da0b7f573.table.json", "ncols": 3, "nrows": 100}, "_wandb": {"runtime": 45}}