{"Epoch ": 24, "Training loss ": 0.3625111743433725, "Training accuracy ": 0.8752037037037037, "Validation loss ": 0.3976090576882488, "Validation accuracy ": 0.8618333333333333, "Testing loss ": 0.40713117769549034, "Testing accuracy ": 0.8565, "_timestamp": 1709408851.823944, "_runtime": 85.05778503417969, "_step": 49, "confusion_matrix_table": {"_type": "table-file", "sha256": "b0984e5478c8faf32851958d5d3277911002d43b71d8c95ff6c84eb93a6c95cf", "size": 3172, "artifact_path": "wandb-client-artifact://wsqidxr2xozw3tgnaljefut9ul6e1ff0qleqdqf18bfg5l886c5pknad3pec4re3gkq8ho75slx8mvm87it674wyf2hsgnfe3gxlzibi0kio11vpsjuo27kqwve29btz:latest/confusion_matrix_table.table.json", "_latest_artifact_path": "wandb-client-artifact://wsqidxr2xozw3tgnaljefut9ul6e1ff0qleqdqf18bfg5l886c5pknad3pec4re3gkq8ho75slx8mvm87it674wyf2hsgnfe3gxlzibi0kio11vpsjuo27kqwve29btz:latest/confusion_matrix_table.table.json", "path": "media/table/confusion_matrix_table_49_b0984e5478c8faf32851.table.json", "ncols": 3, "nrows": 100}, "_wandb": {"runtime": 84}}