{"Epoch ": 9, "Training loss ": 0.2987698712972488, "Training accuracy ": 0.8935, "Validation loss ": 0.34770869624576, "Validation accuracy ": 0.8753333333333333, "Testing loss ": 0.37521080014359, "Testing accuracy ": 0.8669, "_timestamp": 1709474039.3273437, "_runtime": 33.8254976272583, "_step": 19, "confusion_matrix_table": {"_type": "table-file", "sha256": "6e4e7f296c5065b8b83716e690aca18073698e201e83f2a2656bb416f84ab030", "size": 3173, "artifact_path": "wandb-client-artifact://0ab1a5i24t6qj0656hgffukbnna471u4un1y6nx3tfpovuzx6840thvzkxlvmhncdcfvmz1t1wm3defmh9gyt6y2msh48yifa674bdtczuzi9sxt5rs40xrj6tymewyx:latest/confusion_matrix_table.table.json", "_latest_artifact_path": "wandb-client-artifact://0ab1a5i24t6qj0656hgffukbnna471u4un1y6nx3tfpovuzx6840thvzkxlvmhncdcfvmz1t1wm3defmh9gyt6y2msh48yifa674bdtczuzi9sxt5rs40xrj6tymewyx:latest/confusion_matrix_table.table.json", "path": "media/table/confusion_matrix_table_19_6e4e7f296c5065b8b837.table.json", "ncols": 3, "nrows": 100}, "_wandb": {"runtime": 33}}