{"Epoch ": 29, "Training loss ": 0.3203751902111238, "Training accuracy ": 0.763462962962963, "Validation loss ": 0.32681937851032034, "Validation accuracy ": 0.7595, "Testing loss ": 0.3384224348480651, "Testing accuracy ": 0.7496, "_timestamp": 1709180787.133366, "_runtime": 42.37228202819824, "_step": 59, "confusion_matrix_table": {"_type": "table-file", "sha256": "801bf39ed5d8a4d7f23ed8f63070e6b7b657074653579e7b4bd0300e42cd9a60", "size": 3180, "artifact_path": "wandb-client-artifact://rghnqp0mmshk03r9qqr4zypd0e5tyt61m8byoxjr6vcko3j2runvuv04vcqyhb15pb1sdmpxah8kpcbqaz6r96wrvzm7r40qjb5cc6c27x22kogs71q6pmsgdrkptzat:latest/confusion_matrix_table.table.json", "_latest_artifact_path": "wandb-client-artifact://rghnqp0mmshk03r9qqr4zypd0e5tyt61m8byoxjr6vcko3j2runvuv04vcqyhb15pb1sdmpxah8kpcbqaz6r96wrvzm7r40qjb5cc6c27x22kogs71q6pmsgdrkptzat:latest/confusion_matrix_table.table.json", "path": "media/table/confusion_matrix_table_59_801bf39ed5d8a4d7f23e.table.json", "ncols": 3, "nrows": 100}, "_wandb": {"runtime": 41}}