{"Epoch ": 4, "Training loss ": 0.4425671764415905, "Training accuracy ": 0.8441851851851851, "Validation loss ": 0.4611663757036885, "Validation accuracy ": 0.8383333333333334, "Testing loss ": 0.47934366651380933, "Testing accuracy ": 0.8336, "_timestamp": 1709102368.6855793, "_runtime": 53.59264326095581, "_step": 4, "_wandb": {"runtime": 52}}