{"Epoch ": 24, "Training loss ": 0.30178481200070034, "Training accuracy ": 0.8900925925925925, "Validation loss ": 0.4126162869321554, "Validation accuracy ": 0.8613333333333333, "Testing loss ": 0.4482893325290049, "Testing accuracy ": 0.8557, "_timestamp": 1709288996.1635067, "_runtime": 263.30693078041077, "_step": 49, "confusion_matrix_table": {"_type": "table-file", "sha256": "3ec1461ada5703706e9fc3044be52f209231bd8b9ebc78824df8eb55dc2241a5", "size": 3172, "artifact_path": "wandb-client-artifact://5s2rdb5iczjkcnh3dpog4cas9vwrd3u5xvjk7093c6emd30nwl0hd7ux4uhfr3lg15ohkrxng7fm45dk2ltd017qxnefhzrmh95u4eagylg3xwgqsy4aoe596d000oxr:latest/confusion_matrix_table.table.json", "_latest_artifact_path": "wandb-client-artifact://5s2rdb5iczjkcnh3dpog4cas9vwrd3u5xvjk7093c6emd30nwl0hd7ux4uhfr3lg15ohkrxng7fm45dk2ltd017qxnefhzrmh95u4eagylg3xwgqsy4aoe596d000oxr:latest/confusion_matrix_table.table.json", "path": "media/table/confusion_matrix_table_49_3ec1461ada5703706e9f.table.json", "ncols": 3, "nrows": 100}, "_wandb": {"runtime": 262}}