{"Epoch ": 14, "Training loss ": 0.42280951658525867, "Training accuracy ": 0.8518888888888889, "Validation loss ": 0.4372298031444369, "Validation accuracy ": 0.8508333333333333, "Testing loss ": 0.4558638128034273, "Testing accuracy ": 0.8387, "_timestamp": 1709629557.5161567, "_runtime": 45.51408267021179, "_step": 29, "confusion_matrix_table": {"_type": "table-file", "sha256": "dd7636f483b74633249cecb5fa7f30eb236d48c4b9de079e392319fefad189a7", "size": 3176, "artifact_path": "wandb-client-artifact://otov32z6j3fr42co8225pnb65q41udwj7lrlhxf5l9op1rguib682543h1pjqo40iwv49s492b157b62p602b2x22pp2svmnzwn7xh2aghb0e31mxuffahr2470yotm1:latest/confusion_matrix_table.table.json", "_latest_artifact_path": "wandb-client-artifact://otov32z6j3fr42co8225pnb65q41udwj7lrlhxf5l9op1rguib682543h1pjqo40iwv49s492b157b62p602b2x22pp2svmnzwn7xh2aghb0e31mxuffahr2470yotm1:latest/confusion_matrix_table.table.json", "path": "media/table/confusion_matrix_table_29_dd7636f483b74633249c.table.json", "ncols": 3, "nrows": 100}, "_wandb": {"runtime": 44}}