{"Epoch ": 29, "Training loss ": 0.1695334574796296, "Training accuracy ": 0.937037037037037, "Validation loss ": 0.3928544740147837, "Validation accuracy ": 0.8748333333333334, "Testing loss ": 0.4017715449360714, "Testing accuracy ": 0.8762, "_timestamp": 1709487701.1033459, "_runtime": 636.3520658016205, "_step": 59, "confusion_matrix_table": {"_type": "table-file", "sha256": "ae6c7314f42186016e87869255a91fb9651eccdd164c472d18923ed91c50bbc2", "size": 3171, "artifact_path": "wandb-client-artifact://q0up43m0xncwmczo7uc9d7lz6iipt0ixt5t7flwipdmc6i8g7qdx5qfvp5eesj75rhpts00177kcg0k7slav5jfqgs6ohp5tjfgknhh1cbgrhk41ak0nxcxoxnf4o2dt:latest/confusion_matrix_table.table.json", "_latest_artifact_path": "wandb-client-artifact://q0up43m0xncwmczo7uc9d7lz6iipt0ixt5t7flwipdmc6i8g7qdx5qfvp5eesj75rhpts00177kcg0k7slav5jfqgs6ohp5tjfgknhh1cbgrhk41ak0nxcxoxnf4o2dt:latest/confusion_matrix_table.table.json", "path": "media/table/confusion_matrix_table_59_ae6c7314f42186016e87.table.json", "ncols": 3, "nrows": 100}, "_wandb": {"runtime": 635}}