{"Epoch ": 19, "Training loss ": 0.30971698459244323, "Training accuracy ": 0.8936111111111111, "Validation loss ": 0.33757456924150137, "Validation accuracy ": 0.8843333333333333, "Testing loss ": 0.3917049159478935, "Testing accuracy ": 0.8687, "_timestamp": 1709129927.0300353, "_runtime": 139.5804853439331, "_step": 39, "confusion_matrix_table": {"_type": "table-file", "sha256": "edbf756813ec841e5574ca9d11da3725c0adfc3fdbc1e91e1fd7a443280be717", "size": 3169, "artifact_path": "wandb-client-artifact://c14x0qcm0ezy9zn9cic0nusclf7n7e70kjldr08ovvwovst9r42kh3obclemy0pljcqum17d8oqaebjiu2x73ca7cxbeghaj3pd1n4ncgohcairjk4idgwn2mqeo7wdx:latest/confusion_matrix_table.table.json", "_latest_artifact_path": "wandb-client-artifact://c14x0qcm0ezy9zn9cic0nusclf7n7e70kjldr08ovvwovst9r42kh3obclemy0pljcqum17d8oqaebjiu2x73ca7cxbeghaj3pd1n4ncgohcairjk4idgwn2mqeo7wdx:latest/confusion_matrix_table.table.json", "path": "media/table/confusion_matrix_table_39_edbf756813ec841e5574.table.json", "ncols": 3, "nrows": 100}, "_wandb": {"runtime": 138}}