{"Epoch ": 4, "Training loss ": 0.9000661923417714, "Training accuracy ": 0.1, "Validation loss ": 0.9000662213000583, "Validation accuracy ": 0.1, "Testing loss ": 0.9000663396653606, "Testing accuracy ": 0.1, "_timestamp": 1709313286.6214483, "_runtime": 123.00104427337646, "_step": 9, "confusion_matrix_table": {"_type": "table-file", "sha256": "55eee3b7305609123e924c23d30348cad7f8b514d55bab85b59e8986656f1b6b", "size": 3152, "artifact_path": "wandb-client-artifact://6q1zkson5on0gl7fj61lcsy1j0uh216p2o6qn1dm5g180x55jk0h9bj0629nakh2btfg3dswe8d50gl4xrra157wxsoxflpiweivl77c0yksc29nw811ak0dsd9bcvnu:latest/confusion_matrix_table.table.json", "_latest_artifact_path": "wandb-client-artifact://6q1zkson5on0gl7fj61lcsy1j0uh216p2o6qn1dm5g180x55jk0h9bj0629nakh2btfg3dswe8d50gl4xrra157wxsoxflpiweivl77c0yksc29nw811ak0dsd9bcvnu:latest/confusion_matrix_table.table.json", "path": "media/table/confusion_matrix_table_9_55eee3b7305609123e92.table.json", "ncols": 3, "nrows": 100}, "_wandb": {"runtime": 122}}