{"Epoch ": 29, "Training loss ": 0.11337015501798352, "Training accuracy ": 0.9289259259259259, "Validation loss ": 0.12771159198474719, "Validation accuracy ": 0.9191666666666667, "Testing loss ": 0.12073116148735454, "Testing accuracy ": 0.9236, "_timestamp": 1709532681.4918804, "_runtime": 304.1166594028473, "_step": 59, "confusion_matrix_table": {"_type": "table-file", "sha256": "50bb9134720502a034a29998ce3a3d1040d6f5b93cd197a93d96d4b8231bcff8", "size": 3172, "artifact_path": "wandb-client-artifact://jn39mcljfu61l9iczwyng4k6h76wd5tj7ul7z88ofe50bphnuubnbgmr10wdyme8ik73m60dwqo2av9gjask05puok51lj8kfh4dhngyrodc17nqwgqt65wa19667m0c:latest/confusion_matrix_table.table.json", "_latest_artifact_path": "wandb-client-artifact://jn39mcljfu61l9iczwyng4k6h76wd5tj7ul7z88ofe50bphnuubnbgmr10wdyme8ik73m60dwqo2av9gjask05puok51lj8kfh4dhngyrodc17nqwgqt65wa19667m0c:latest/confusion_matrix_table.table.json", "path": "media/table/confusion_matrix_table_59_50bb9134720502a034a2.table.json", "ncols": 3, "nrows": 100}, "_wandb": {"runtime": 303}}