{"Epoch ": 19, "Training loss ": 0.3254837163904397, "Training accuracy ": 0.8795555555555555, "Validation loss ": 0.3840022129344918, "Validation accuracy ": 0.8603333333333333, "Testing loss ": 0.40018021653401353, "Testing accuracy ": 0.8601, "_timestamp": 1709627255.414153, "_runtime": 281.93072414398193, "_step": 39, "confusion_matrix_table": {"_type": "table-file", "sha256": "176597b879061a7b01a3f6016e822713afb120a22e6c6ce9e02c73d6ee4dd26b", "size": 3170, "artifact_path": "wandb-client-artifact://xpz0nxaww10x05uuh19zy7y242sb7e17iam12zo5duf6mzx21qaixmnne49g16fc49sdvn5ibd1p0jkx9f6rtlm013vgvnor72xrvpiwn92ahhkjb7d2lvr9wcmeiyom:latest/confusion_matrix_table.table.json", "_latest_artifact_path": "wandb-client-artifact://xpz0nxaww10x05uuh19zy7y242sb7e17iam12zo5duf6mzx21qaixmnne49g16fc49sdvn5ibd1p0jkx9f6rtlm013vgvnor72xrvpiwn92ahhkjb7d2lvr9wcmeiyom:latest/confusion_matrix_table.table.json", "path": "media/table/confusion_matrix_table_39_176597b879061a7b01a3.table.json", "ncols": 3, "nrows": 100}, "_wandb": {"runtime": 281}}