{"Epoch ": 9, "Training loss ": 0.9000000051771221, "Training accuracy ": 0.1, "Validation loss ": 0.9000000051771223, "Validation accuracy ": 0.1, "Testing loss ": 0.9000000051771222, "Testing accuracy ": 0.1, "_timestamp": 1709313685.9686759, "_runtime": 24.516284942626953, "_step": 19, "confusion_matrix_table": {"_type": "table-file", "sha256": "6079c2917273d3c0b03bfd32bef0192de4b0b45188ec6d4bf64bc2ee880c397a", "size": 3152, "artifact_path": "wandb-client-artifact://11t5553oc3n5bm8sylbrfuhc16drsjceae529nikbd1vcw4w0f97f7gt0zhvs2dewog8sgbcr1s0fcsklgo1dxlh3l8j5kguibjxzey4b9e26jwuws56iug21iujh3wp:latest/confusion_matrix_table.table.json", "_latest_artifact_path": "wandb-client-artifact://11t5553oc3n5bm8sylbrfuhc16drsjceae529nikbd1vcw4w0f97f7gt0zhvs2dewog8sgbcr1s0fcsklgo1dxlh3l8j5kguibjxzey4b9e26jwuws56iug21iujh3wp:latest/confusion_matrix_table.table.json", "path": "media/table/confusion_matrix_table_19_6079c2917273d3c0b03b.table.json", "ncols": 3, "nrows": 100}, "_wandb": {"runtime": 23}}