{"Epoch ": 4, "Training loss ": 0.7381658242360741, "Training accuracy ": 0.28664814814814815, "Validation loss ": 0.7388055390494198, "Validation accuracy ": 0.2848333333333333, "Testing loss ": 0.7401335494143058, "Testing accuracy ": 0.2862, "_timestamp": 1709403023.7741697, "_runtime": 32.46302080154419, "_step": 9, "confusion_matrix_table": {"_type": "table-file", "sha256": "5b81fb7031adeb17aabe227d72a3b7227b3c45feb7364cc066d5c57401aa1728", "size": 3149, "artifact_path": "wandb-client-artifact://hem67boskt7lxn8t0v0sdj4rs5oqokaxtmnkhopmsblpjp0dwl5jmq6hmaljbvibgv818w5qry66umkm08vd98poddnh6zd0l8kn3e03gb85y9fiem1y4st2qfhitrzd:latest/confusion_matrix_table.table.json", "_latest_artifact_path": "wandb-client-artifact://hem67boskt7lxn8t0v0sdj4rs5oqokaxtmnkhopmsblpjp0dwl5jmq6hmaljbvibgv818w5qry66umkm08vd98poddnh6zd0l8kn3e03gb85y9fiem1y4st2qfhitrzd:latest/confusion_matrix_table.table.json", "path": "media/table/confusion_matrix_table_9_5b81fb7031adeb17aabe.table.json", "ncols": 3, "nrows": 100}, "_wandb": {"runtime": 31}}