{"Epoch ": 24, "Training loss ": 0.27924665928624753, "Training accuracy ": 0.7983148148148148, "Validation loss ": 0.2906105445726085, "Validation accuracy ": 0.787, "Testing loss ": 0.2944229216601114, "Testing accuracy ": 0.7853, "_timestamp": 1709305015.3363376, "_runtime": 364.2966616153717, "_step": 49, "confusion_matrix_table": {"_type": "table-file", "sha256": "774fdcff6cde4e50566b34d27dd88a6fb6a736a2444f6e7fd0b98687d383c4eb", "size": 3178, "artifact_path": "wandb-client-artifact://8isvqdgrg4m2q3gcfflttjh666bs8fn16jnky3d6vmewtox4f6ae55kjra36j7qlzmtw0u4a7ls5y728p8rrk4fa8qqsncpx4aa4t68gv9l1ds7j9r4fs935gtuuobmg:latest/confusion_matrix_table.table.json", "_latest_artifact_path": "wandb-client-artifact://8isvqdgrg4m2q3gcfflttjh666bs8fn16jnky3d6vmewtox4f6ae55kjra36j7qlzmtw0u4a7ls5y728p8rrk4fa8qqsncpx4aa4t68gv9l1ds7j9r4fs935gtuuobmg:latest/confusion_matrix_table.table.json", "path": "media/table/confusion_matrix_table_49_774fdcff6cde4e50566b.table.json", "ncols": 3, "nrows": 100}, "_wandb": {"runtime": 363}}