{"Epoch ": 9, "Training loss ": 0.33080741359504845, "Training accuracy ": 0.8817037037037037, "Validation loss ": 0.35497590415289576, "Validation accuracy ": 0.8731666666666666, "Testing loss ": 0.38308876601787983, "Testing accuracy ": 0.8635, "_timestamp": 1709482467.5845475, "_runtime": 74.04033756256104, "_step": 19, "confusion_matrix_table": {"_type": "table-file", "sha256": "490ee563129e878303296df2bd18d0710ef189f08bf1ab6b0ca38140d02e243f", "size": 3175, "artifact_path": "wandb-client-artifact://8a5lq5qe8surlxues86cbbqbolgjtkcsjmkeobj4fhgi4hs8soa8r08b2gm1exh7zywsiyprnb71ty4izli56u1q02i4ahdrlv8x8mpm5opcvaahufx5bu81g4xvjcle:latest/confusion_matrix_table.table.json", "_latest_artifact_path": "wandb-client-artifact://8a5lq5qe8surlxues86cbbqbolgjtkcsjmkeobj4fhgi4hs8soa8r08b2gm1exh7zywsiyprnb71ty4izli56u1q02i4ahdrlv8x8mpm5opcvaahufx5bu81g4xvjcle:latest/confusion_matrix_table.table.json", "path": "media/table/confusion_matrix_table_19_490ee563129e87830329.table.json", "ncols": 3, "nrows": 100}, "_wandb": {"runtime": 73}}