{"Epoch ": 29, "Training loss ": 0.18442150317148295, "Training accuracy ": 0.9331666666666667, "Validation loss ": 0.28870340826938357, "Validation accuracy ": 0.9005, "Testing loss ": 0.33541575950726177, "Testing accuracy ": 0.8847, "_timestamp": 1709476452.4676795, "_runtime": 134.7220754623413, "_step": 59, "confusion_matrix_table": {"_type": "table-file", "sha256": "0181cc3721d1dbbca727401d28a9654f1be3b20166082f5599ac43944ae4f726", "size": 3166, "artifact_path": "wandb-client-artifact://ansizbl5fi9wxv9kueg90bpa7aqv0wd6iyvm23z6crxt3prmypirls72fx3vpawa80nemapiuq54qyqd7oux6ecrk4fqpcw4o5ncxjz2x665wedi32p679z632fydb7n:latest/confusion_matrix_table.table.json", "_latest_artifact_path": "wandb-client-artifact://ansizbl5fi9wxv9kueg90bpa7aqv0wd6iyvm23z6crxt3prmypirls72fx3vpawa80nemapiuq54qyqd7oux6ecrk4fqpcw4o5ncxjz2x665wedi32p679z632fydb7n:latest/confusion_matrix_table.table.json", "path": "media/table/confusion_matrix_table_59_0181cc3721d1dbbca727.table.json", "ncols": 3, "nrows": 100}, "_wandb": {"runtime": 133}}