{"Epoch ": 24, "Training loss ": 0.8998735296627588, "Training accuracy ": 0.1, "Validation loss ": 0.8998718386536255, "Validation accuracy ": 0.1, "Testing loss ": 0.8998749795812366, "Testing accuracy ": 0.1, "_timestamp": 1709628603.6243286, "_runtime": 125.21734166145325, "_step": 49, "confusion_matrix_table": {"_type": "table-file", "sha256": "55eee3b7305609123e924c23d30348cad7f8b514d55bab85b59e8986656f1b6b", "size": 3152, "artifact_path": "wandb-client-artifact://kq2o6l5cfmibead6h3y4zzbvtj7zel03vr3rib0670y91le2syex2fxosnjd35oe602pu5sdi5gubhcj94io48og5xwzm321yuifla82ef585dfcxgf6599ipiwl8y2v:latest/confusion_matrix_table.table.json", "_latest_artifact_path": "wandb-client-artifact://kq2o6l5cfmibead6h3y4zzbvtj7zel03vr3rib0670y91le2syex2fxosnjd35oe602pu5sdi5gubhcj94io48og5xwzm321yuifla82ef585dfcxgf6599ipiwl8y2v:latest/confusion_matrix_table.table.json", "path": "media/table/confusion_matrix_table_49_55eee3b7305609123e92.table.json", "ncols": 3, "nrows": 100}, "_wandb": {"runtime": 124}}