{"Epoch ": 0, "Training loss ": 3.9787631169507335e-05, "Training accuracy ": 0.23996296296296296, "Validation loss ": 0.00035834810682668533, "Validation accuracy ": 0.24166666666666667, "Testing loss ": 0.00021466632084643606, "Testing accuracy ": 0.2431, "_timestamp": 1708924974.7067225, "_runtime": 8.197394609451294, "_step": 0, "_wandb": {"runtime": 7}}