{"Epoch ": 9, "Training loss ": 0.2502081038139517, "Training accuracy ": 0.9063888888888889, "Validation loss ": 0.3433027975165521, "Validation accuracy ": 0.8793333333333333, "Testing loss ": 0.36010530884817893, "Testing accuracy ": 0.875, "_timestamp": 1709485211.228211, "_runtime": 71.96458387374878, "_step": 19, "confusion_matrix_table": {"_type": "table-file", "sha256": "af0e2fb6d35c7ec4a3e092b384e3ecbf3a1460657cef17975d2d688c2d55f169", "size": 3173, "artifact_path": "wandb-client-artifact://s6lzxq4zd2qnizcczhtlsvnmv3yelsb9kopatch4575lshkbnnhpoijfw1zg9h66ld6prk30nlzh8l4tgts0zhth1dlp94ldw78x99xmjm39djp4m34bn50z6tcf20b5:latest/confusion_matrix_table.table.json", "_latest_artifact_path": "wandb-client-artifact://s6lzxq4zd2qnizcczhtlsvnmv3yelsb9kopatch4575lshkbnnhpoijfw1zg9h66ld6prk30nlzh8l4tgts0zhth1dlp94ldw78x99xmjm39djp4m34bn50z6tcf20b5:latest/confusion_matrix_table.table.json", "path": "media/table/confusion_matrix_table_19_af0e2fb6d35c7ec4a3e0.table.json", "ncols": 3, "nrows": 100}, "_wandb": {"runtime": 71}}