{"Epoch ": 4, "Training loss ": 0.3881285165284318, "Training accuracy ": 0.8624444444444445, "Validation loss ": 0.40077101075509114, "Validation accuracy ": 0.8605, "Testing loss ": 0.4358579181570527, "Testing accuracy ": 0.8433, "_timestamp": 1709127242.893698, "_runtime": 16.57755208015442, "_step": 9, "confusion_matrix_table": {"_type": "table-file", "sha256": "c03c7c9c01b1e493d69e32efc0881159e114404b0605071a9444f63f52d1f012", "size": 3176, "artifact_path": "wandb-client-artifact://s5t9s5fstfcjt3c641uind50ai72epz9lodlw9brwtciixa9xf29cbx8j9od02gnh20z5korbel7pdx4aysro3uxuabwd389k2tcwu1fjko7jfrgojdi68law4ry7pku:latest/confusion_matrix_table.table.json", "_latest_artifact_path": "wandb-client-artifact://s5t9s5fstfcjt3c641uind50ai72epz9lodlw9brwtciixa9xf29cbx8j9od02gnh20z5korbel7pdx4aysro3uxuabwd389k2tcwu1fjko7jfrgojdi68law4ry7pku:latest/confusion_matrix_table.table.json", "path": "media/table/confusion_matrix_table_9_c03c7c9c01b1e493d69e.table.json", "ncols": 3, "nrows": 100}, "_wandb": {"runtime": 15}}