{"Epoch ": 29, "Training loss ": 0.2086115946691766, "Training accuracy ": 0.8572592592592593, "Validation loss ": 0.21598173310168306, "Validation accuracy ": 0.8511666666666666, "Testing loss ": 0.22678968788642645, "Testing accuracy ": 0.8419, "_timestamp": 1709531407.78287, "_runtime": 67.55045008659363, "_step": 59, "confusion_matrix_table": {"_type": "table-file", "sha256": "2c47205a0a4fc14a1d89175286d826b191122c5b343b522f5f99ea2445b62806", "size": 3173, "artifact_path": "wandb-client-artifact://t3cc84milajismtlb2unredg99y4u61cnnvu325qq4avfjan10u5rqx4q6isx1s60mnd7xbc2bbnxsb5or3mubomuuck6rprjiayh01ygrx8lwwcmuix4m43i4bodo8u:latest/confusion_matrix_table.table.json", "_latest_artifact_path": "wandb-client-artifact://t3cc84milajismtlb2unredg99y4u61cnnvu325qq4avfjan10u5rqx4q6isx1s60mnd7xbc2bbnxsb5or3mubomuuck6rprjiayh01ygrx8lwwcmuix4m43i4bodo8u:latest/confusion_matrix_table.table.json", "path": "media/table/confusion_matrix_table_59_2c47205a0a4fc14a1d89.table.json", "ncols": 3, "nrows": 100}, "_wandb": {"runtime": 66}}