{"Epoch ": 4, "Training loss ": 0.7488989667057426, "Training accuracy ": 0.26655555555555555, "Validation loss ": 0.750102304511889, "Validation accuracy ": 0.26616666666666666, "Testing loss ": 0.7512858258059134, "Testing accuracy ": 0.266, "_timestamp": 1709402602.2438805, "_runtime": 22.986493587493896, "_step": 9, "confusion_matrix_table": {"_type": "table-file", "sha256": "887c2352928d419530e2d5d035ccf1e5f5ec2c9ec00b38df8cab31a19ac3da90", "size": 3152, "artifact_path": "wandb-client-artifact://vhpczbfgiu6mlfay6a1xdyxjowp9x68f4ykg8z3r6egmoqb3aarmqgc06hkwq10my4dm5fv65vg08mgdotjkjhwe1g8q0jv3c5o1d99huty0ir800hgx01c1vocegm48:latest/confusion_matrix_table.table.json", "_latest_artifact_path": "wandb-client-artifact://vhpczbfgiu6mlfay6a1xdyxjowp9x68f4ykg8z3r6egmoqb3aarmqgc06hkwq10my4dm5fv65vg08mgdotjkjhwe1g8q0jv3c5o1d99huty0ir800hgx01c1vocegm48:latest/confusion_matrix_table.table.json", "path": "media/table/confusion_matrix_table_9_887c2352928d419530e2.table.json", "ncols": 3, "nrows": 100}, "_wandb": {"runtime": 22}}