{"Epoch ": 0, "Training loss ": 2.302575292933923, "Training accuracy ": 0.0895, "Validation loss ": 2.3025752901170775, "Validation accuracy ": 0.09016666666666667, "Testing loss ": 2.3025752937910284, "Testing accuracy ": 0.087, "_timestamp": 1709043479.5623932, "_runtime": 12.668108224868774, "_step": 0, "_wandb": {"runtime": 11}}