{"Epoch ": 4, "Training loss ": 1.3286986773054372, "Training accuracy ": 0.503537037037037, "Validation loss ": 1.3676004706849254, "Validation accuracy ": 0.49933333333333335, "Testing loss ": 1.368325935031907, "Testing accuracy ": 0.4938, "_timestamp": 1709129851.1042159, "_runtime": 34.73997974395752, "_step": 9, "confusion_matrix_table": {"_type": "table-file", "sha256": "bdfc8f01948e9bdecc23894e23971bc609bc79dc1a3072ab9d42e39de2a77b4c", "size": 3156, "artifact_path": "wandb-client-artifact://46udmkq1idy0psoqlruncyl3o1c9fj8dg6iv3ndt8b2qco912su5na453wvj8g82v591zoafj1676qlxn2r6qfmdd6wm7dub13yss3ktg8xgwfx9mw4blnnu2pm2kqwp:latest/confusion_matrix_table.table.json", "_latest_artifact_path": "wandb-client-artifact://46udmkq1idy0psoqlruncyl3o1c9fj8dg6iv3ndt8b2qco912su5na453wvj8g82v591zoafj1676qlxn2r6qfmdd6wm7dub13yss3ktg8xgwfx9mw4blnnu2pm2kqwp:latest/confusion_matrix_table.table.json", "path": "media/table/confusion_matrix_table_9_bdfc8f01948e9bdecc23.table.json", "ncols": 3, "nrows": 100}, "_wandb": {"runtime": 33}}