{"Epoch ": 29, "Training loss ": 0.5606724403809535, "Training accuracy ": 0.5630555555555555, "Validation loss ": 0.56146390119289, "Validation accuracy ": 0.5646666666666667, "Testing loss ": 0.5628773350249894, "Testing accuracy ": 0.5637, "_timestamp": 1709142584.3401186, "_runtime": 86.42845463752747, "_step": 59, "confusion_matrix_table": {"_type": "table-file", "sha256": "c7c43d29177d48a76930c59a98c06ba0374dc71d6957931eafe4461edbfacc85", "size": 3172, "artifact_path": "wandb-client-artifact://jdshirqhj406f6dk9l60r7ha2eyvl289eot5c3v042feu2ee696qbfm962jp5i144af8e63aenojdpzq9k9pas8n84j5mbou792kj41t715724q5clrghp07gz22ovdd:latest/confusion_matrix_table.table.json", "_latest_artifact_path": "wandb-client-artifact://jdshirqhj406f6dk9l60r7ha2eyvl289eot5c3v042feu2ee696qbfm962jp5i144af8e63aenojdpzq9k9pas8n84j5mbou792kj41t715724q5clrghp07gz22ovdd:latest/confusion_matrix_table.table.json", "path": "media/table/confusion_matrix_table_59_c7c43d29177d48a76930.table.json", "ncols": 3, "nrows": 100}, "_wandb": {"runtime": 85}}