{"Epoch ": 24, "Training loss ": 0.2161056739963846, "Training accuracy ": 0.9028518518518519, "Validation loss ": 0.22036895291905245, "Validation accuracy ": 0.8998333333333334, "Testing loss ": 0.21265824197510955, "Testing accuracy ": 0.9063, "_timestamp": 1709534251.087317, "_runtime": 35.588587045669556, "_step": 49, "confusion_matrix_table": {"_type": "table-file", "sha256": "c0dc196c7027372418f4eef3ed91872ffd09182d0fe18d8c4c4d8df9b98bc196", "size": 3182, "artifact_path": "wandb-client-artifact://4tuk62eygnkl1f62lt00qnt7qvvmxp3ihmwi2qk0dw2mvev8qwnusda3g5w907kzete9fn0a9bhxctph4gct108tpuxivzcvcf1kq2xjhdipr4jedyjl5hhx350ds9nb:latest/confusion_matrix_table.table.json", "_latest_artifact_path": "wandb-client-artifact://4tuk62eygnkl1f62lt00qnt7qvvmxp3ihmwi2qk0dw2mvev8qwnusda3g5w907kzete9fn0a9bhxctph4gct108tpuxivzcvcf1kq2xjhdipr4jedyjl5hhx350ds9nb:latest/confusion_matrix_table.table.json", "path": "media/table/confusion_matrix_table_49_c0dc196c7027372418f4.table.json", "ncols": 3, "nrows": 100}, "_wandb": {"runtime": 34}}