{"Epoch ": 19, "Training loss ": 0.2475062403217011, "Training accuracy ": 0.9102222222222223, "Validation loss ": 0.3305472789134383, "Validation accuracy ": 0.8813333333333333, "Testing loss ": 0.3429895796573541, "Testing accuracy ": 0.8791, "_timestamp": 1709109940.4424064, "_runtime": 44.0513014793396, "_step": 39, "confusion_matrix_table": {"_type": "table-file", "sha256": "c94b3511ace79f5552133ca2c1535f17244059347368d85b4c9db6eafa81cab2", "size": 3171, "artifact_path": "wandb-client-artifact://ugrdo43zwdvqoq1gxasxkhgcvtsnaoa6jfji4ric5cyvg4b1xmwqo5lab38zcdk6yoz5uh2m4kqbr12l3oteyr1u03qgufh6jj6zidrsffm0vzrw4ec3kkouoonemdvj:latest/confusion_matrix_table.table.json", "_latest_artifact_path": "wandb-client-artifact://ugrdo43zwdvqoq1gxasxkhgcvtsnaoa6jfji4ric5cyvg4b1xmwqo5lab38zcdk6yoz5uh2m4kqbr12l3oteyr1u03qgufh6jj6zidrsffm0vzrw4ec3kkouoonemdvj:latest/confusion_matrix_table.table.json", "path": "media/table/confusion_matrix_table_39_c94b3511ace79f555213.table.json", "ncols": 3, "nrows": 100}, "_wandb": {"runtime": 42}}