{"Epoch ": 19, "Training loss ": 0.3312137365205669, "Training accuracy ": 0.8831481481481481, "Validation loss ": 0.3431644669473828, "Validation accuracy ": 0.8743333333333333, "Testing loss ": 0.37995830101637124, "Testing accuracy ": 0.8666, "_timestamp": 1709288090.0548236, "_runtime": 56.2245147228241, "_step": 39, "confusion_matrix_table": {"_type": "table-file", "sha256": "889d60b3a8e274c65f39d6c49184c92fe6f54836af4d3ad1b0cf508768b52d72", "size": 3173, "artifact_path": "wandb-client-artifact://ygcogb03klnrow9aa2k54uo7kikvvrvtx4q018kzx94l9qhn9kd77snagdq0a8snv3exzi0oyk0h651o2s4msobqdn72whxhw2a9exmf0zn19x4cewbjxsiz1x8l7ekd:latest/confusion_matrix_table.table.json", "_latest_artifact_path": "wandb-client-artifact://ygcogb03klnrow9aa2k54uo7kikvvrvtx4q018kzx94l9qhn9kd77snagdq0a8snv3exzi0oyk0h651o2s4msobqdn72whxhw2a9exmf0zn19x4cewbjxsiz1x8l7ekd:latest/confusion_matrix_table.table.json", "path": "media/table/confusion_matrix_table_39_889d60b3a8e274c65f39.table.json", "ncols": 3, "nrows": 100}, "_wandb": {"runtime": 55}}