{"Epoch ": 19, "Training loss ": 0.38803833293740403, "Training accuracy ": 0.863537037037037, "Validation loss ": 0.43672663051758803, "Validation accuracy ": 0.8505, "Testing loss ": 0.45484453486948306, "Testing accuracy ": 0.843, "_timestamp": 1709489912.65109, "_runtime": 353.8349449634552, "_step": 39, "confusion_matrix_table": {"_type": "table-file", "sha256": "4026cd2acc523640304831ddf348caf9954c4c2a06d50b753d8165539ef25664", "size": 3173, "artifact_path": "wandb-client-artifact://ycv8am6cngbek7tesng3f9lq7w0uemt9lh79nq53tqnq02dskv201ei7gtgob8it7m51ynddxf75lk6m73tg1ym7ifq9t25evbvo8ybmz1px33pbzrrmpbtfe4w9txw3:latest/confusion_matrix_table.table.json", "_latest_artifact_path": "wandb-client-artifact://ycv8am6cngbek7tesng3f9lq7w0uemt9lh79nq53tqnq02dskv201ei7gtgob8it7m51ynddxf75lk6m73tg1ym7ifq9t25evbvo8ybmz1px33pbzrrmpbtfe4w9txw3:latest/confusion_matrix_table.table.json", "path": "media/table/confusion_matrix_table_39_4026cd2acc5236403048.table.json", "ncols": 3, "nrows": 100}, "_wandb": {"runtime": 353}}