{"Epoch ": 4, "Training loss ": 0.45462520758141334, "Training accuracy ": 0.7262407407407407, "Validation loss ": 0.4511233140124126, "Validation accuracy ": 0.7278333333333333, "Testing loss ": 0.4630651155650616, "Testing accuracy ": 0.7202, "_timestamp": 1709313320.3643916, "_runtime": 21.012102603912354, "_step": 9, "confusion_matrix_table": {"_type": "table-file", "sha256": "573f2e37d047ee1f4f31af5d0c8b26009ac42bf6e25783919dc874f4e8fd0b43", "size": 3167, "artifact_path": "wandb-client-artifact://e9pn9ym009msr6onq4hde7xu1c5jxf7jti5fb6rc1z71hcrn0f5xvrsnlp0q5l1zvkmuopj1nk1ivs9evjgd7pv1o8b0vb1qk3oshrcv4qxuu61a01y9g926uu12gatu:latest/confusion_matrix_table.table.json", "_latest_artifact_path": "wandb-client-artifact://e9pn9ym009msr6onq4hde7xu1c5jxf7jti5fb6rc1z71hcrn0f5xvrsnlp0q5l1zvkmuopj1nk1ivs9evjgd7pv1o8b0vb1qk3oshrcv4qxuu61a01y9g926uu12gatu:latest/confusion_matrix_table.table.json", "path": "media/table/confusion_matrix_table_9_573f2e37d047ee1f4f31.table.json", "ncols": 3, "nrows": 100}, "_wandb": {"runtime": 20}}