{"Epoch ": 29, "Training loss ": 0.41548219459915114, "Training accuracy ": 0.7753703703703704, "Validation loss ": 0.4158329556994188, "Validation accuracy ": 0.775, "Testing loss ": 0.42205069360323033, "Testing accuracy ": 0.7666, "_timestamp": 1709313881.9197867, "_runtime": 56.051204681396484, "_step": 59, "confusion_matrix_table": {"_type": "table-file", "sha256": "e529adf769c34f66a5ce740bc9a36fecceec6b7e94166357d4fba07f9eaaad1f", "size": 3179, "artifact_path": "wandb-client-artifact://c04vl1yf1lrdmnktcs9ua3bl3f3l5rm7luztu00wmcy6hg9ct9hixgd60g6osqkbeypjo1r822izhmwazk4fmu5n5djg37h6h1ic7o42mqjoc2gt4q83xxww8ci1b7ld:latest/confusion_matrix_table.table.json", "_latest_artifact_path": "wandb-client-artifact://c04vl1yf1lrdmnktcs9ua3bl3f3l5rm7luztu00wmcy6hg9ct9hixgd60g6osqkbeypjo1r822izhmwazk4fmu5n5djg37h6h1ic7o42mqjoc2gt4q83xxww8ci1b7ld:latest/confusion_matrix_table.table.json", "path": "media/table/confusion_matrix_table_59_e529adf769c34f66a5ce.table.json", "ncols": 3, "nrows": 100}, "_wandb": {"runtime": 55}}