{"Epoch ": 29, "Training loss ": 0.21004363186017871, "Training accuracy ": 0.9248148148148149, "Validation loss ": 0.2901918083266959, "Validation accuracy ": 0.8953333333333333, "Testing loss ": 0.33194550254620175, "Testing accuracy ": 0.8797, "_timestamp": 1709452005.4634032, "_runtime": 118.0556092262268, "_step": 59, "confusion_matrix_table": {"_type": "table-file", "sha256": "7bf26c2bce1497567526d3df7ac6c5c1bca94d91e6b0a4e4011ba7be3f5088c8", "size": 3173, "artifact_path": "wandb-client-artifact://626n4v3q8myylyzjtxenyzjayol3m0h4yxcbcj3yls9fb8obax9ok8piy3s6viyt0cmy5l66scivhzifn6y914zuywseyl4xx7w2vprmuc6ace1swq8pkywq6c9ipcqo:latest/confusion_matrix_table.table.json", "_latest_artifact_path": "wandb-client-artifact://626n4v3q8myylyzjtxenyzjayol3m0h4yxcbcj3yls9fb8obax9ok8piy3s6viyt0cmy5l66scivhzifn6y914zuywseyl4xx7w2vprmuc6ace1swq8pkywq6c9ipcqo:latest/confusion_matrix_table.table.json", "path": "media/table/confusion_matrix_table_59_7bf26c2bce1497567526.table.json", "ncols": 3, "nrows": 100}, "_wandb": {"runtime": 117}}