{"Epoch ": 19, "Training loss ": 0.330474594216102, "Training accuracy ": 0.8836481481481482, "Validation loss ": 0.35460265105252287, "Validation accuracy ": 0.8745, "Testing loss ": 0.3857962939163861, "Testing accuracy ": 0.8619, "_timestamp": 1709486252.379945, "_runtime": 189.86791610717773, "_step": 39, "confusion_matrix_table": {"_type": "table-file", "sha256": "f47c9815cf73c5cf311b9b3e0ed31ae4e6424a7bde052ede773ef7a9e0e9febe", "size": 3173, "artifact_path": "wandb-client-artifact://nl521l9ef31qhuzvgub870734f8pqruxofgz6nnfy9swyg1h1vmme2xeqv91kpdk7hmzrgxm5gqtgteo6rvyhsa4i2dh2f672byogvmzoz71x9ioc0rt03ofud3zj6wi:latest/confusion_matrix_table.table.json", "_latest_artifact_path": "wandb-client-artifact://nl521l9ef31qhuzvgub870734f8pqruxofgz6nnfy9swyg1h1vmme2xeqv91kpdk7hmzrgxm5gqtgteo6rvyhsa4i2dh2f672byogvmzoz71x9ioc0rt03ofud3zj6wi:latest/confusion_matrix_table.table.json", "path": "media/table/confusion_matrix_table_39_f47c9815cf73c5cf311b.table.json", "ncols": 3, "nrows": 100}, "_wandb": {"runtime": 189}}