{"Epoch ": 24, "Training loss ": 1.0161272103816448, "Training accuracy ": 0.7380185185185185, "Validation loss ": 1.00992381971399, "Validation accuracy ": 0.7396666666666667, "Testing loss ": 1.0248911460504515, "Testing accuracy ": 0.7289, "_timestamp": 1709132404.8255246, "_runtime": 49.21040058135986, "_step": 49, "confusion_matrix_table": {"_type": "table-file", "sha256": "e357e83586951649145892b4e4fa55502dec586c7ca9c9513605f1d6e9c818f1", "size": 3186, "artifact_path": "wandb-client-artifact://s3jp7qsijzfinhjo2u8aew5lmyot890v9y4to9wfdmvnw2iib1yfxuqk524wew5lvk27ma8bl78d5y6b7stzo9a5ec9glnp7i9njmza0rrrtj18oh508n77h1z5u8q0x:latest/confusion_matrix_table.table.json", "_latest_artifact_path": "wandb-client-artifact://s3jp7qsijzfinhjo2u8aew5lmyot890v9y4to9wfdmvnw2iib1yfxuqk524wew5lvk27ma8bl78d5y6b7stzo9a5ec9glnp7i9njmza0rrrtj18oh508n77h1z5u8q0x:latest/confusion_matrix_table.table.json", "path": "media/table/confusion_matrix_table_49_e357e835869516491458.table.json", "ncols": 3, "nrows": 100}, "_wandb": {"runtime": 48}}