{"Epoch ": 19, "Training loss ": 0.2122589196650714, "Training accuracy ": 0.8620925925925926, "Validation loss ": 0.21726626435220747, "Validation accuracy ": 0.8541666666666666, "Testing loss ": 0.23583133442950097, "Testing accuracy ": 0.8407, "_timestamp": 1709307536.6132822, "_runtime": 100.8745391368866, "_step": 39, "confusion_matrix_table": {"_type": "table-file", "sha256": "ea3d3b16ac4006754a469610fb28c92aa2234c45140c0477aefdab571976e405", "size": 3174, "artifact_path": "wandb-client-artifact://f6wwyq9vw2ocfn0qx8tm1fribh6fqqzxddzetdo7s2n7tv67evbqrikbot48ok7hzc0ehc7zu6hg4gj0vrubgslj3gcz1j8k9wv6rx6ridzf6qt454ldtre4w15l0vv4:latest/confusion_matrix_table.table.json", "_latest_artifact_path": "wandb-client-artifact://f6wwyq9vw2ocfn0qx8tm1fribh6fqqzxddzetdo7s2n7tv67evbqrikbot48ok7hzc0ehc7zu6hg4gj0vrubgslj3gcz1j8k9wv6rx6ridzf6qt454ldtre4w15l0vv4:latest/confusion_matrix_table.table.json", "path": "media/table/confusion_matrix_table_39_ea3d3b16ac4006754a46.table.json", "ncols": 3, "nrows": 100}, "_wandb": {"runtime": 100}}