{"Epoch ": 4, "Training loss ": 0.24195697424183024, "Training accuracy ": 0.8443518518518518, "Validation loss ": 0.2471587618258542, "Validation accuracy ": 0.8388333333333333, "Testing loss ": 0.2575780711978526, "Testing accuracy ": 0.8292, "_timestamp": 1709151490.329498, "_runtime": 14.400055170059204, "_step": 9, "confusion_matrix_table": {"_type": "table-file", "sha256": "068627ef8b6ef242d43be931e6ad298b5300ace1ed0c6ec9d76bd82bd37f8173", "size": 3178, "artifact_path": "wandb-client-artifact://sddta7udwz7zxkkmlibjo2nmqfb0u0icej96wy532xyxaan4z323xyfusrt9n6cq2czvmxr2ymijj1ky2jf2z9p9jmjf2hump221mhyufrg7t6kxbl4akuz9exl4idhg:latest/confusion_matrix_table.table.json", "_latest_artifact_path": "wandb-client-artifact://sddta7udwz7zxkkmlibjo2nmqfb0u0icej96wy532xyxaan4z323xyfusrt9n6cq2czvmxr2ymijj1ky2jf2z9p9jmjf2hump221mhyufrg7t6kxbl4akuz9exl4idhg:latest/confusion_matrix_table.table.json", "path": "media/table/confusion_matrix_table_9_068627ef8b6ef242d43b.table.json", "ncols": 3, "nrows": 100}, "_wandb": {"runtime": 13}}