{"Epoch ": 29, "Training loss ": 0.2147427203002628, "Training accuracy ": 0.9387407407407408, "Validation loss ": 0.232627214836261, "Validation accuracy ": 0.934, "Testing loss ": 0.2269693472378709, "Testing accuracy ": 0.9326, "_timestamp": 1709501965.1964226, "_runtime": 31.162623643875122, "_step": 59, "confusion_matrix_table": {"_type": "table-file", "sha256": "9a4fee548e0eef6c5300ad991c8615e149738a7d0f3562d3328a5f4f0e5bc869", "size": 3170, "artifact_path": "wandb-client-artifact://8dwipzdd9yyifoxx9nirbusi2b5mlr4rbdk02pbxa7fcpjojkfty0ht321bmebm1xi5b93htwupobdlo7ld32fca65cnh19ojmyp0ud9lyhyftfpll6e1u0w11r8lptt:latest/confusion_matrix_table.table.json", "_latest_artifact_path": "wandb-client-artifact://8dwipzdd9yyifoxx9nirbusi2b5mlr4rbdk02pbxa7fcpjojkfty0ht321bmebm1xi5b93htwupobdlo7ld32fca65cnh19ojmyp0ud9lyhyftfpll6e1u0w11r8lptt:latest/confusion_matrix_table.table.json", "path": "media/table/confusion_matrix_table_59_9a4fee548e0eef6c5300.table.json", "ncols": 3, "nrows": 100}, "_wandb": {"runtime": 30}}