{"Epoch ": 19, "Training loss ": 0.24736399908249057, "Training accuracy ": 0.9063148148148148, "Validation loss ": 0.3696521066675218, "Validation accuracy ": 0.879, "Testing loss ": 0.3890482353486449, "Testing accuracy ": 0.8709, "_timestamp": 1709134771.1764452, "_runtime": 96.80773329734802, "_step": 39, "confusion_matrix_table": {"_type": "table-file", "sha256": "0665cc532e31b28fae40cf87c92c0339781a2abe8afe001060cf8770ff16464e", "size": 3169, "artifact_path": "wandb-client-artifact://surzyvctmgkqher8kz2dgqzlpy03bu0m7mky81m52c9xwmt2992qw5lazqe86g3t8rj44nd2gpmjo1wsnzm95r33jnrkaovhglyxct1cx5giqk9nu4hri8cp553364x9:latest/confusion_matrix_table.table.json", "_latest_artifact_path": "wandb-client-artifact://surzyvctmgkqher8kz2dgqzlpy03bu0m7mky81m52c9xwmt2992qw5lazqe86g3t8rj44nd2gpmjo1wsnzm95r33jnrkaovhglyxct1cx5giqk9nu4hri8cp553364x9:latest/confusion_matrix_table.table.json", "path": "media/table/confusion_matrix_table_39_0665cc532e31b28fae40.table.json", "ncols": 3, "nrows": 100}, "_wandb": {"runtime": 95}}