{"Epoch ": 14, "Training loss ": 0.16524022742317615, "Training accuracy ": 0.8868518518518519, "Validation loss ": 0.19232003210763246, "Validation accuracy ": 0.8651666666666666, "Testing loss ": 0.20121263373034645, "Testing accuracy ": 0.8599, "_timestamp": 1709312912.9586682, "_runtime": 69.30357122421265, "_step": 29, "confusion_matrix_table": {"_type": "table-file", "sha256": "ff0ec91066a89a3cf4a4867bad85052ecc0955323c640796b59bf84f4f6b1406", "size": 3175, "artifact_path": "wandb-client-artifact://pi5lprkffklvf16q7laoyo1dzj7av5ulap621z299yyq3y4pc17mktss7n5awvdvaeofo22zwizrqdu8fl066eiso48p8ujfdbvvi14lopwaek5tofbt0auks1vbr6b8:latest/confusion_matrix_table.table.json", "_latest_artifact_path": "wandb-client-artifact://pi5lprkffklvf16q7laoyo1dzj7av5ulap621z299yyq3y4pc17mktss7n5awvdvaeofo22zwizrqdu8fl066eiso48p8ujfdbvvi14lopwaek5tofbt0auks1vbr6b8:latest/confusion_matrix_table.table.json", "path": "media/table/confusion_matrix_table_29_ff0ec91066a89a3cf4a4.table.json", "ncols": 3, "nrows": 100}, "_wandb": {"runtime": 68}}