{"Epoch ": 24, "Training loss ": 0.2718111272488628, "Training accuracy ": 0.901962962962963, "Validation loss ": 0.39011627835426094, "Validation accuracy ": 0.8688333333333333, "Testing loss ": 0.43183744429202525, "Testing accuracy ": 0.8582, "_timestamp": 1709298393.4325206, "_runtime": 104.31678771972656, "_step": 49, "confusion_matrix_table": {"_type": "table-file", "sha256": "0cea7a7aa9efbb1ee06a6de39b17abefa390a44fd58ebd1be5eca80ae6abaa0c", "size": 3170, "artifact_path": "wandb-client-artifact://hk1uplg7af0d726ipsftyepq6y4h9ues7atmftr3ihbsaqdhwek783lr37cf3q9y1vtajd9yzxyg5pe0i3r139ml1xtdnl2s63txdk2w4cyb3lbeo4byjtedu5jmwnh8:latest/confusion_matrix_table.table.json", "_latest_artifact_path": "wandb-client-artifact://hk1uplg7af0d726ipsftyepq6y4h9ues7atmftr3ihbsaqdhwek783lr37cf3q9y1vtajd9yzxyg5pe0i3r139ml1xtdnl2s63txdk2w4cyb3lbeo4byjtedu5jmwnh8:latest/confusion_matrix_table.table.json", "path": "media/table/confusion_matrix_table_49_0cea7a7aa9efbb1ee06a.table.json", "ncols": 3, "nrows": 100}, "_wandb": {"runtime": 103}}