{"Epoch ": 19, "Training loss ": 0.00016677270375189024, "Training accuracy ": 0.3142962962962963, "Validation loss ": 0.0015049883322743583, "Validation accuracy ": 0.31283333333333335, "Testing loss ": 0.0009029110009270329, "Testing accuracy ": 0.3155, "_timestamp": 1709005238.8724427, "_runtime": 44.4210307598114, "_step": 39, "confusion_matrix_table": {"_type": "table-file", "sha256": "e0b852d06ed14a4acceeb8155ac35c37141a5e3d6631d42150d66675dd50c6a2", "size": 3166, "artifact_path": "wandb-client-artifact://n5ijoi0wlhf8kuo6xoccf8kq036lmnk2jwqbobwa5ob2l6h9fin61ymdb92a60vani0oin4miq5cxnllj6ei47gnxpwzhh1z4ogdzpt58olta204c5zj524eucb7yz9e:latest/confusion_matrix_table.table.json", "_latest_artifact_path": "wandb-client-artifact://n5ijoi0wlhf8kuo6xoccf8kq036lmnk2jwqbobwa5ob2l6h9fin61ymdb92a60vani0oin4miq5cxnllj6ei47gnxpwzhh1z4ogdzpt58olta204c5zj524eucb7yz9e:latest/confusion_matrix_table.table.json", "path": "media/table/confusion_matrix_table_39_e0b852d06ed14a4accee.table.json", "ncols": 3, "nrows": 100}, "_wandb": {"runtime": 43}}