{"Epoch ": 4, "Training loss ": 0.3294322950100249, "Training accuracy ": 0.8846481481481482, "Validation loss ": 0.3710397216256315, "Validation accuracy ": 0.8738333333333334, "Testing loss ": 0.404271949656407, "Testing accuracy ": 0.8652, "_timestamp": 1709451725.7505074, "_runtime": 48.40464234352112, "_step": 9, "confusion_matrix_table": {"_type": "table-file", "sha256": "6660b7665735d99bccdfb91a7966b1bd95d4b9bb2afb18524509bbbaa5d6f047", "size": 3170, "artifact_path": "wandb-client-artifact://5ogurhyvvjxmpz741wnu22o3k7mohjf8w1f8ptxdgxyvk0v8u94m92e2xycqiekt8f16mtmn73zuv18wk3vi7zrxi0o85xditsrgfm6hthsr9rut77122annoylay0rt:latest/confusion_matrix_table.table.json", "_latest_artifact_path": "wandb-client-artifact://5ogurhyvvjxmpz741wnu22o3k7mohjf8w1f8ptxdgxyvk0v8u94m92e2xycqiekt8f16mtmn73zuv18wk3vi7zrxi0o85xditsrgfm6hthsr9rut77122annoylay0rt:latest/confusion_matrix_table.table.json", "path": "media/table/confusion_matrix_table_9_6660b7665735d99bccdf.table.json", "ncols": 3, "nrows": 100}, "_wandb": {"runtime": 47}}