{"Epoch ": 19, "Training loss ": 0.20976524181626932, "Training accuracy ": 0.9237222222222222, "Validation loss ": 0.327418163913255, "Validation accuracy ": 0.8891666666666667, "Testing loss ": 0.3314893497840298, "Testing accuracy ": 0.8852, "_timestamp": 1709291124.0159447, "_runtime": 75.34394478797913, "_step": 39, "confusion_matrix_table": {"_type": "table-file", "sha256": "69b76fcb6b1e1855ea8a86e259c1b4bbb70ba9470b54c4bbb2c547c9981160af", "size": 3170, "artifact_path": "wandb-client-artifact://sg99rt090ojqmtax5wwtzm13meufmztx3h9i521xg8njtuuq2jrbacki91e9cconsbjbm93jltvd5g9n8l5zpvx6pcmgtlhi004fli2dkreaol9ugkbzhjc7r701pbln:latest/confusion_matrix_table.table.json", "_latest_artifact_path": "wandb-client-artifact://sg99rt090ojqmtax5wwtzm13meufmztx3h9i521xg8njtuuq2jrbacki91e9cconsbjbm93jltvd5g9n8l5zpvx6pcmgtlhi004fli2dkreaol9ugkbzhjc7r701pbln:latest/confusion_matrix_table.table.json", "path": "media/table/confusion_matrix_table_39_69b76fcb6b1e1855ea8a.table.json", "ncols": 3, "nrows": 100}, "_wandb": {"runtime": 74}}