{"Epoch ": 4, "Training loss ": 0.41506447704953203, "Training accuracy ": 0.8532407407407407, "Validation loss ": 0.4276259384817707, "Validation accuracy ": 0.8483333333333334, "Testing loss ": 0.4526823594506458, "Testing accuracy ": 0.8371, "_timestamp": 1709448298.3074908, "_runtime": 18.98477792739868, "_step": 9, "confusion_matrix_table": {"_type": "table-file", "sha256": "4f54bd853a13fe0c0fb1825f9b5acc8aa17b4d05161b7346c8bda9e2dcd91a1c", "size": 3174, "artifact_path": "wandb-client-artifact://3tl7e526twdx51w5av9ot15ldb549lu0650iig454v5jp5wjsxns8m5jnymdjhv837dxghkkm665dnh6rmzkb53upufa63jlpe94oyifjd3okbs2ys6yl3v866qe7j78:latest/confusion_matrix_table.table.json", "_latest_artifact_path": "wandb-client-artifact://3tl7e526twdx51w5av9ot15ldb549lu0650iig454v5jp5wjsxns8m5jnymdjhv837dxghkkm665dnh6rmzkb53upufa63jlpe94oyifjd3okbs2ys6yl3v866qe7j78:latest/confusion_matrix_table.table.json", "path": "media/table/confusion_matrix_table_9_4f54bd853a13fe0c0fb1.table.json", "ncols": 3, "nrows": 100}, "_wandb": {"runtime": 18}}