{"Epoch ": 14, "Training loss ": 0.6711132075497065, "Training accuracy ": 0.6738148148148149, "Validation loss ": 0.6701974575615799, "Validation accuracy ": 0.6758333333333333, "Testing loss ": 0.673325657005948, "Testing accuracy ": 0.6661, "_timestamp": 1709310951.5399427, "_runtime": 55.45668268203735, "_step": 29, "confusion_matrix_table": {"_type": "table-file", "sha256": "0ce4ba5eae0cc59cc6e4def2f30cfd15be5fe56de24312afc845e0aa4926f00e", "size": 3178, "artifact_path": "wandb-client-artifact://tmtu8ev4tresw5xbhbsato0p6dzv7x8i8761dszosgejcms7d2l117t78hfl1dm47d8siavjmtpnukxkuq90c8aud5c2ebifjevn6fa1sr1l1ev8yu3j936fu5jktb9n:latest/confusion_matrix_table.table.json", "_latest_artifact_path": "wandb-client-artifact://tmtu8ev4tresw5xbhbsato0p6dzv7x8i8761dszosgejcms7d2l117t78hfl1dm47d8siavjmtpnukxkuq90c8aud5c2ebifjevn6fa1sr1l1ev8yu3j936fu5jktb9n:latest/confusion_matrix_table.table.json", "path": "media/table/confusion_matrix_table_29_0ce4ba5eae0cc59cc6e4.table.json", "ncols": 3, "nrows": 100}, "_wandb": {"runtime": 54}}