{"Epoch ": 4, "Training loss ": 0.8999519421223579, "Training accuracy ": 0.11592592592592593, "Validation loss ": 0.8999572840854806, "Validation accuracy ": 0.11366666666666667, "Testing loss ": 0.8999507984838614, "Testing accuracy ": 0.1139, "_timestamp": 1709147801.6108432, "_runtime": 43.720402240753174, "_step": 9, "confusion_matrix_table": {"_type": "table-file", "sha256": "4e712d0093fc7c8ceda91cd069fcd84cbae7e268f0cee01421f1cb0af3ba6535", "size": 3169, "artifact_path": "wandb-client-artifact://5vehxt5c40cv29y45yfj5ndutx3zcn38uiru33ljdvchxcizjdrzttfx4xwn57qagyja554127l0twqurdn7vo2eg47j5uk63tcpjpfsh4jnfvf1zvcbus393vc59pq9:latest/confusion_matrix_table.table.json", "_latest_artifact_path": "wandb-client-artifact://5vehxt5c40cv29y45yfj5ndutx3zcn38uiru33ljdvchxcizjdrzttfx4xwn57qagyja554127l0twqurdn7vo2eg47j5uk63tcpjpfsh4jnfvf1zvcbus393vc59pq9:latest/confusion_matrix_table.table.json", "path": "media/table/confusion_matrix_table_9_4e712d0093fc7c8ceda9.table.json", "ncols": 3, "nrows": 100}, "_wandb": {"runtime": 42}}