{"Epoch ": 4, "Training loss ": 0.9000436938479854, "Training accuracy ": 0.1, "Validation loss ": 0.9000437870013446, "Validation accuracy ": 0.1, "Testing loss ": 0.9000439652828516, "Testing accuracy ": 0.1, "_timestamp": 1709143294.3387132, "_runtime": 64.9151861667633, "_step": 9, "confusion_matrix_table": {"_type": "table-file", "sha256": "08fe1c64df5b76934b26d06da88d1c97433567816ee39fc4f4fba51d2696f962", "size": 3152, "artifact_path": "wandb-client-artifact://vzv4770i50a7rwszzrvl1qw412u4axgj26qmojtin8ws1a9tvz1qnd3pa55f9g18qasx7us94dtg1ufpxwre20bszlya2x8sompxamhahmn9c1d3hlr9ndxi0j0vjfl2:latest/confusion_matrix_table.table.json", "_latest_artifact_path": "wandb-client-artifact://vzv4770i50a7rwszzrvl1qw412u4axgj26qmojtin8ws1a9tvz1qnd3pa55f9g18qasx7us94dtg1ufpxwre20bszlya2x8sompxamhahmn9c1d3hlr9ndxi0j0vjfl2:latest/confusion_matrix_table.table.json", "path": "media/table/confusion_matrix_table_9_08fe1c64df5b76934b26.table.json", "ncols": 3, "nrows": 100}, "_wandb": {"runtime": 64}}