{"Epoch ": 24, "Training loss ": 0.4054459567832416, "Training accuracy ": 0.8586111111111111, "Validation loss ": 0.4154138376170368, "Validation accuracy ": 0.8536666666666667, "Testing loss ": 0.45235949747963267, "Testing accuracy ": 0.8408, "_timestamp": 1709310206.7328832, "_runtime": 135.76381826400757, "_step": 49, "confusion_matrix_table": {"_type": "table-file", "sha256": "2c2a3ac09fc6fa2797a1ed9afc2a672096ebf31a761ef5591443c5ac291aae07", "size": 3175, "artifact_path": "wandb-client-artifact://0xz7bnkl6b1cilce0lcirdumzf2rc28uxv0b8csoibxol2tspq29h084e6x6ng93594csanjfk11wu5lvykxfscx2j0sqg252p3mit83bwrx5fxevvv63hd22cm59apq:latest/confusion_matrix_table.table.json", "_latest_artifact_path": "wandb-client-artifact://0xz7bnkl6b1cilce0lcirdumzf2rc28uxv0b8csoibxol2tspq29h084e6x6ng93594csanjfk11wu5lvykxfscx2j0sqg252p3mit83bwrx5fxevvv63hd22cm59apq:latest/confusion_matrix_table.table.json", "path": "media/table/confusion_matrix_table_49_2c2a3ac09fc6fa2797a1.table.json", "ncols": 3, "nrows": 100}, "_wandb": {"runtime": 134}}