{"Epoch ": 29, "Training loss ": 0.9000292069116258, "Training accuracy ": 0.1, "Validation loss ": 0.9000292066352507, "Validation accuracy ": 0.1, "Testing loss ": 0.9000292068962188, "Testing accuracy ": 0.1, "_timestamp": 1709300566.3457787, "_runtime": 384.7592947483063, "_step": 59, "confusion_matrix_table": {"_type": "table-file", "sha256": "6d7d5406d471dcaa7392abe06d312f6ff2245b40eb9127b1a192fa52803c93f3", "size": 3152, "artifact_path": "wandb-client-artifact://30s4jbz837b17rwlubmdaymgel72wez5il7te27h5zx6fypf9yws9n4wycbvxx5yfythd85wp56v81wjrq1fzs5nyfg4l5sde7w7sgi0456ulkj2ascbgk5z6n32uewi:latest/confusion_matrix_table.table.json", "_latest_artifact_path": "wandb-client-artifact://30s4jbz837b17rwlubmdaymgel72wez5il7te27h5zx6fypf9yws9n4wycbvxx5yfythd85wp56v81wjrq1fzs5nyfg4l5sde7w7sgi0456ulkj2ascbgk5z6n32uewi:latest/confusion_matrix_table.table.json", "path": "media/table/confusion_matrix_table_59_6d7d5406d471dcaa7392.table.json", "ncols": 3, "nrows": 100}, "_wandb": {"runtime": 383}}