{"Epoch ": 14, "Training loss ": 0.3042750026028057, "Training accuracy ": 0.7574074074074074, "Validation loss ": 0.30883867164298323, "Validation accuracy ": 0.7528333333333334, "Testing loss ": 0.32661350399765404, "Testing accuracy ": 0.7406, "_timestamp": 1709187449.4597733, "_runtime": 102.94168138504028, "_step": 29, "confusion_matrix_table": {"_type": "table-file", "sha256": "fa0bbed70901f53bc9bad4a0b7892c790e6ea8fecab5bf8dbed7c7410c13ac8e", "size": 3176, "artifact_path": "wandb-client-artifact://m6oy6wzc5o9bnz3f1wc60hkn42rucf2sj9kevx8m54zi5i2goqc1v2du0z6nbdayh1w7nv5227udh7139r1w3cl5nom38dxggv7tl4hpv25n1jht4uxicnzspn05u8f8:latest/confusion_matrix_table.table.json", "_latest_artifact_path": "wandb-client-artifact://m6oy6wzc5o9bnz3f1wc60hkn42rucf2sj9kevx8m54zi5i2goqc1v2du0z6nbdayh1w7nv5227udh7139r1w3cl5nom38dxggv7tl4hpv25n1jht4uxicnzspn05u8f8:latest/confusion_matrix_table.table.json", "path": "media/table/confusion_matrix_table_29_fa0bbed70901f53bc9ba.table.json", "ncols": 3, "nrows": 100}, "_wandb": {"runtime": 102}}