{"Epoch ": 9, "Training loss ": 0.21043975167557918, "Training accuracy ": 0.8601851851851852, "Validation loss ": 0.21445778965560092, "Validation accuracy ": 0.8593333333333333, "Testing loss ": 0.23171674156056643, "Testing accuracy ": 0.8435, "_timestamp": 1709180465.091526, "_runtime": 31.51838994026184, "_step": 19, "confusion_matrix_table": {"_type": "table-file", "sha256": "1651c3a1ae64ac4cb4955fd7a6bf16ad550b694a4ccd2a743bb2ccf553554866", "size": 3175, "artifact_path": "wandb-client-artifact://kb2or5foox9avaoysn3h052w5uvpiox2p9vz81u470cwqt138w6ylbdo4vbpnohgj3opq2ejxs6ntvwvd21oxbqg3499z8os027i2kp14b6hw3rtuufe16jhicg6l9lb:latest/confusion_matrix_table.table.json", "_latest_artifact_path": "wandb-client-artifact://kb2or5foox9avaoysn3h052w5uvpiox2p9vz81u470cwqt138w6ylbdo4vbpnohgj3opq2ejxs6ntvwvd21oxbqg3499z8os027i2kp14b6hw3rtuufe16jhicg6l9lb:latest/confusion_matrix_table.table.json", "path": "media/table/confusion_matrix_table_19_1651c3a1ae64ac4cb495.table.json", "ncols": 3, "nrows": 100}, "_wandb": {"runtime": 30}}