{"Epoch ": 9, "Training loss ": 0.19376563926011187, "Training accuracy ": 0.8602037037037037, "Validation loss ": 0.21290869358475772, "Validation accuracy ": 0.8448333333333333, "Testing loss ": 0.22890848135875372, "Testing accuracy ": 0.8377, "_timestamp": 1709186084.0622096, "_runtime": 161.47673654556274, "_step": 19, "confusion_matrix_table": {"_type": "table-file", "sha256": "031557facad7d88305ac3121c5fd616e805bb3394f9bde10c4c0c1ba71da36eb", "size": 3173, "artifact_path": "wandb-client-artifact://9y0clacvq5jjzlp6hnq0wre35rvq4s1n6p933pr81urv2t3wdd8mqswdbcvyg4kqn5cg8yqexlquuylvj105ne0f9rcmjx185v6ol0vny16l574xqnsn5i304c05hw1s:latest/confusion_matrix_table.table.json", "_latest_artifact_path": "wandb-client-artifact://9y0clacvq5jjzlp6hnq0wre35rvq4s1n6p933pr81urv2t3wdd8mqswdbcvyg4kqn5cg8yqexlquuylvj105ne0f9rcmjx185v6ol0vny16l574xqnsn5i304c05hw1s:latest/confusion_matrix_table.table.json", "path": "media/table/confusion_matrix_table_19_031557facad7d88305ac.table.json", "ncols": 3, "nrows": 100}, "_wandb": {"runtime": 160}}