{"Epoch ": 4, "Training loss ": 0.01794873078040749, "Training accuracy ": 0.9945185185185185, "Validation loss ": 0.093577891116151, "Validation accuracy ": 0.9766666666666667, "Testing loss ": 0.08978127503554559, "Testing accuracy ": 0.9774, "_timestamp": 1709502208.1789238, "_runtime": 110.8374719619751, "_step": 9, "confusion_matrix_table": {"_type": "table-file", "sha256": "abe79239ef7bd42bebb1e457ee216c40371a3479c1b519ffc7bcfee3b321d4c9", "size": 3149, "artifact_path": "wandb-client-artifact://sn9w7qwk469te1jvg8yak98b54hw9ge63d6mi6gy5699lbs2qq60bh34xel38idw2m6idc8d4kgrducuwm0kasx2mlyrac9c93xeqs7vw730f804r103j0jhsixgeljv:latest/confusion_matrix_table.table.json", "_latest_artifact_path": "wandb-client-artifact://sn9w7qwk469te1jvg8yak98b54hw9ge63d6mi6gy5699lbs2qq60bh34xel38idw2m6idc8d4kgrducuwm0kasx2mlyrac9c93xeqs7vw730f804r103j0jhsixgeljv:latest/confusion_matrix_table.table.json", "path": "media/table/confusion_matrix_table_9_abe79239ef7bd42bebb1.table.json", "ncols": 3, "nrows": 100}, "_wandb": {"runtime": 109}}