{"Epoch ": 19, "Training loss ": 0.5092056241815583, "Training accuracy ": 0.8198703703703704, "Validation loss ": 0.5017228992813667, "Validation accuracy ": 0.8226666666666667, "Testing loss ": 0.5360991636958327, "Testing accuracy ": 0.807, "_timestamp": 1709128654.2966735, "_runtime": 198.64476561546326, "_step": 39, "confusion_matrix_table": {"_type": "table-file", "sha256": "621368718bf7732417217e3a6794852ae47f7e4bf614c322e5da0b70e94276f9", "size": 3179, "artifact_path": "wandb-client-artifact://dno94186sxm86qk2vyza9xn18kbq2a3p5eb94e5wj8azsn9qzsgsef67rlgr5hlx1l3p4vonygamzc8akwist2ylfvggh0pszm7d2kr1dnu2ex5vkexhmmktffn5ruk9:latest/confusion_matrix_table.table.json", "_latest_artifact_path": "wandb-client-artifact://dno94186sxm86qk2vyza9xn18kbq2a3p5eb94e5wj8azsn9qzsgsef67rlgr5hlx1l3p4vonygamzc8akwist2ylfvggh0pszm7d2kr1dnu2ex5vkexhmmktffn5ruk9:latest/confusion_matrix_table.table.json", "path": "media/table/confusion_matrix_table_39_621368718bf773241721.table.json", "ncols": 3, "nrows": 100}, "_wandb": {"runtime": 197}}