{"Epoch ": 29, "Training loss ": 0.2616321508184041, "Training accuracy ": 0.9065925925925926, "Validation loss ": 0.39606246542566753, "Validation accuracy ": 0.8688333333333333, "Testing loss ": 0.42100746422708624, "Testing accuracy ": 0.8655, "_timestamp": 1709478636.239752, "_runtime": 133.51273393630981, "_step": 59, "confusion_matrix_table": {"_type": "table-file", "sha256": "db82e1d92e770f877d88a769b42053b469171e8ca96b56e65f0c3b0457098a1d", "size": 3173, "artifact_path": "wandb-client-artifact://r31jwfa8325v6d5aivp0d3g7f86q95olf9wxy9d9y5uzihzqm7v2tny7insggf5an6rsz4b7u0qea8tuw49qrkbcm0zl1x4xizkct0fwmt56ca388x60jsyjxpv8g79x:latest/confusion_matrix_table.table.json", "_latest_artifact_path": "wandb-client-artifact://r31jwfa8325v6d5aivp0d3g7f86q95olf9wxy9d9y5uzihzqm7v2tny7insggf5an6rsz4b7u0qea8tuw49qrkbcm0zl1x4xizkct0fwmt56ca388x60jsyjxpv8g79x:latest/confusion_matrix_table.table.json", "path": "media/table/confusion_matrix_table_59_db82e1d92e770f877d88.table.json", "ncols": 3, "nrows": 100}, "_wandb": {"runtime": 132}}