{"Epoch ": 29, "Training loss ": 1.2975703743876323, "Training accuracy ": 0.23864814814814814, "Validation loss ": 1.2973195203230858, "Validation accuracy ": 0.24066666666666667, "Testing loss ": 1.3025759528079797, "Testing accuracy ": 0.2359, "_timestamp": 1709535667.9881458, "_runtime": 197.64886379241943, "_step": 59, "confusion_matrix_table": {"_type": "table-file", "sha256": "0240c3c5927115a82a829995274c688ab761a4af7c80ee93429c289d6a0ab73b", "size": 3152, "artifact_path": "wandb-client-artifact://4bln4feuzcslbcvufqa3x5la9pmtp117klekiad5fl9xu2k076l77zdsyhr8s19vkwfg3oibeeiuizjb5raajw182zrpgmlrvbs225qj967yju649o8wkt7whlll26ob:latest/confusion_matrix_table.table.json", "_latest_artifact_path": "wandb-client-artifact://4bln4feuzcslbcvufqa3x5la9pmtp117klekiad5fl9xu2k076l77zdsyhr8s19vkwfg3oibeeiuizjb5raajw182zrpgmlrvbs225qj967yju649o8wkt7whlll26ob:latest/confusion_matrix_table.table.json", "path": "media/table/confusion_matrix_table_59_0240c3c5927115a82a82.table.json", "ncols": 3, "nrows": 100}, "_wandb": {"runtime": 196}}