{"Epoch ": 14, "Training loss ": 0.33214812595792637, "Training accuracy ": 0.8816296296296297, "Validation loss ": 0.3532070754219672, "Validation accuracy ": 0.8745, "Testing loss ": 0.3871197730406152, "Testing accuracy ": 0.8637, "_timestamp": 1709449218.5253527, "_runtime": 48.01551270484924, "_step": 29, "confusion_matrix_table": {"_type": "table-file", "sha256": "c777ffc691c9756a81b4ac3817349e0977654985d973bf99a388ea990811f1b7", "size": 3173, "artifact_path": "wandb-client-artifact://7ohyros4wu0wa0ccdx94a88uurkjrws5j39ipdde8d4mvt9nci5984crlwc491h7vzevkm8iyafqzbmrnzseqh0wld3jebwzr7u0zf951r8rrxa5ktjdouy84lo9f1aj:latest/confusion_matrix_table.table.json", "_latest_artifact_path": "wandb-client-artifact://7ohyros4wu0wa0ccdx94a88uurkjrws5j39ipdde8d4mvt9nci5984crlwc491h7vzevkm8iyafqzbmrnzseqh0wld3jebwzr7u0zf951r8rrxa5ktjdouy84lo9f1aj:latest/confusion_matrix_table.table.json", "path": "media/table/confusion_matrix_table_29_c777ffc691c9756a81b4.table.json", "ncols": 3, "nrows": 100}, "_wandb": {"runtime": 47}}