{"Epoch ": 4, "Training loss ": 2.302415436562347, "Training accuracy ": 0.1417962962962963, "Validation loss ": 2.3024149344369884, "Validation accuracy ": 0.14166666666666666, "Testing loss ": 2.302425565220887, "Testing accuracy ": 0.1425, "_timestamp": 1709627538.4005198, "_runtime": 76.4072859287262, "_step": 9, "confusion_matrix_table": {"_type": "table-file", "sha256": "fd85b1dd238ed2cd9945bd9afa5c009319f95ff7e1aaff0bb188eb2f6d32287c", "size": 3166, "artifact_path": "wandb-client-artifact://r41prrlw7w98h2qne6owgcpxhvbw7qdwqr37vy036wur67y9lglzx1noin3tr88qd2r237dyy7ltxy1zypd3u65v0ludnmxi2ptnqdwap0zv4cys604fahiz2tfe3ejk:latest/confusion_matrix_table.table.json", "_latest_artifact_path": "wandb-client-artifact://r41prrlw7w98h2qne6owgcpxhvbw7qdwqr37vy036wur67y9lglzx1noin3tr88qd2r237dyy7ltxy1zypd3u65v0ludnmxi2ptnqdwap0zv4cys604fahiz2tfe3ejk:latest/confusion_matrix_table.table.json", "path": "media/table/confusion_matrix_table_9_fd85b1dd238ed2cd9945.table.json", "ncols": 3, "nrows": 100}, "_wandb": {"runtime": 75}}