{"Epoch ": 0, "Training loss ": 0.8999999726328571, "Training accuracy ": 0.1, "Validation loss ": 0.8999999787847903, "Validation accuracy ": 0.1, "Testing loss ": 0.8999999837548452, "Testing accuracy ": 0.1, "_timestamp": 1709043459.4210281, "_runtime": 9.247819185256958, "_step": 0, "_wandb": {"runtime": 8}}