{"Epoch ": 9, "Training loss ": 0.8979920164377664, "Training accuracy ": 0.22755555555555557, "Validation loss ": 0.8979901660203715, "Validation accuracy ": 0.22716666666666666, "Testing loss ": 0.8979936230839254, "Testing accuracy ": 0.2277, "_timestamp": 1709147933.3306954, "_runtime": 43.672147274017334, "_step": 19, "confusion_matrix_table": {"_type": "table-file", "sha256": "44e024162c0d3bf036c9c013bfeace686738a4cdc659cd6eaaaa92b775aa307f", "size": 3172, "artifact_path": "wandb-client-artifact://m3a13dp3nk3gvy16ymllhp8r29q3sz0j1s6ozauo97cjyiifjx20wsycrvdt8fabxwn54vx1zek1kw6hptqxuxeg22hbmv9m8rp4b6lagkgdcv7xknlpelpel9gbcu6q:latest/confusion_matrix_table.table.json", "_latest_artifact_path": "wandb-client-artifact://m3a13dp3nk3gvy16ymllhp8r29q3sz0j1s6ozauo97cjyiifjx20wsycrvdt8fabxwn54vx1zek1kw6hptqxuxeg22hbmv9m8rp4b6lagkgdcv7xknlpelpel9gbcu6q:latest/confusion_matrix_table.table.json", "path": "media/table/confusion_matrix_table_19_44e024162c0d3bf036c9.table.json", "ncols": 3, "nrows": 100}, "_wandb": {"runtime": 42}}