{"Epoch": 9, "Training loss": 0.473372524432305, "Training accuracy": 0.8453148148148149, "Validation loss": 0.49155600654791254, "Validation accuracy": 0.8386666666666667, "Testing loss": 0.5234449966958648, "Testing accuracy": 0.8265, "_timestamp": 1709122526.7023678, "_runtime": 37.75846076011658, "_step": 19, "confusion_matrix_table": {"_type": "table-file", "sha256": "e84c64565bcc13020b0c27d9adcc6d891e057eb149ebc3e0f993a282d446a7ce", "size": 3179, "artifact_path": "wandb-client-artifact://9e17kwymljbbol4bk3teniw5tyy2em3zqi0v9v9fqwbc99kovk67irhu7o6fvyvx1lyth06pwsszuvrptqoxvocrxn26il7l40b5bsd848yrd9518bds5e10l6clagyf:latest/confusion_matrix_table.table.json", "_latest_artifact_path": "wandb-client-artifact://9e17kwymljbbol4bk3teniw5tyy2em3zqi0v9v9fqwbc99kovk67irhu7o6fvyvx1lyth06pwsszuvrptqoxvocrxn26il7l40b5bsd848yrd9518bds5e10l6clagyf:latest/confusion_matrix_table.table.json", "path": "media/table/confusion_matrix_table_19_e84c64565bcc13020b0c.table.json", "ncols": 3, "nrows": 100}, "_wandb": {"runtime": 37}}