{"Epoch ": 24, "Training loss ": 0.17372250414617493, "Training accuracy ": 0.8798148148148148, "Validation loss ": 0.18236187673732382, "Validation accuracy ": 0.8708333333333333, "Testing loss ": 0.19786807151218616, "Testing accuracy ": 0.8625, "_timestamp": 1709537445.138068, "_runtime": 256.3098258972168, "_step": 49, "confusion_matrix_table": {"_type": "table-file", "sha256": "86565f499a8a146f327b3bbd6b4060d8bbd1416324468455ccb45dc43ab88769", "size": 3172, "artifact_path": "wandb-client-artifact://6efi328o50rct1k1dvmbt5r3v94t9pd8zrmtn6xpftsodxlh7pzdv6h9wk5rsq4ldvshewe558igkozz21s8b96utfzfvjukdislbkjabcp4tjwtpvkxj27u7dgwbxhn:latest/confusion_matrix_table.table.json", "_latest_artifact_path": "wandb-client-artifact://6efi328o50rct1k1dvmbt5r3v94t9pd8zrmtn6xpftsodxlh7pzdv6h9wk5rsq4ldvshewe558igkozz21s8b96utfzfvjukdislbkjabcp4tjwtpvkxj27u7dgwbxhn:latest/confusion_matrix_table.table.json", "path": "media/table/confusion_matrix_table_49_86565f499a8a146f327b.table.json", "ncols": 3, "nrows": 100}, "_wandb": {"runtime": 255}}