{"Epoch ": 29, "Training loss ": 0.1369961075513293, "Training accuracy ": 0.9492592592592592, "Validation loss ": 0.4171540531371311, "Validation accuracy ": 0.8903333333333333, "Testing loss ": 0.46355377461458713, "Testing accuracy ": 0.8796, "_timestamp": 1709498165.9805493, "_runtime": 672.177145242691, "_step": 59, "confusion_matrix_table": {"_type": "table-file", "sha256": "c2b9a94e64986cff0a966acdb98ff2bb3ec2af3461d2bee9497828abdce502c7", "size": 3168, "artifact_path": "wandb-client-artifact://n6g0llbrho0imepyf86q0bcobktp5m9k1whzkcrzkgabz5tiu68f18m4luc5oow80lyxnbq7xdohe7de7mjlsks5n7wix46egygspd1mzwvzildhmcwny55rq8znw5pv:latest/confusion_matrix_table.table.json", "_latest_artifact_path": "wandb-client-artifact://n6g0llbrho0imepyf86q0bcobktp5m9k1whzkcrzkgabz5tiu68f18m4luc5oow80lyxnbq7xdohe7de7mjlsks5n7wix46egygspd1mzwvzildhmcwny55rq8znw5pv:latest/confusion_matrix_table.table.json", "path": "media/table/confusion_matrix_table_59_c2b9a94e64986cff0a96.table.json", "ncols": 3, "nrows": 100}, "_wandb": {"runtime": 671}}