{"Epoch ": 19, "Training loss ": 0.21172712596146753, "Training accuracy ": 0.9218703703703703, "Validation loss ": 0.3216379464572496, "Validation accuracy ": 0.8873333333333333, "Testing loss ": 0.340486917180614, "Testing accuracy ": 0.883, "_timestamp": 1709636016.3514807, "_runtime": 439.74387669563293, "_step": 39, "confusion_matrix_table": {"_type": "table-file", "sha256": "f4081576305e8a9b7da0173d101cd894db9ebe88b16254d50f6d7a863a799101", "size": 3165, "artifact_path": "wandb-client-artifact://0m4q0pnr8fiuveh0av961w99vjgnqdt4r0x1jrth14r0llb9c5kts6pc48cemrf7c801sa2l67b71jbqdeyxfbchflkqyza7ey9yzdd5vgdjmjci0xpdhaeu1pjpoh8d:latest/confusion_matrix_table.table.json", "_latest_artifact_path": "wandb-client-artifact://0m4q0pnr8fiuveh0av961w99vjgnqdt4r0x1jrth14r0llb9c5kts6pc48cemrf7c801sa2l67b71jbqdeyxfbchflkqyza7ey9yzdd5vgdjmjci0xpdhaeu1pjpoh8d:latest/confusion_matrix_table.table.json", "path": "media/table/confusion_matrix_table_39_f4081576305e8a9b7da0.table.json", "ncols": 3, "nrows": 100}, "_wandb": {"runtime": 439}}