{"Epoch ": 4, "Training loss ": 2.3025931190308433, "Training accuracy ": 0.1, "Validation loss ": 2.3025931206162173, "Validation accuracy ": 0.1, "Testing loss ": 2.3025931248268936, "Testing accuracy ": 0.1, "_timestamp": 1709095528.577914, "_runtime": 14.81190800666809, "_step": 4, "_wandb": {"runtime": 14}}