{"Epoch ": 24, "Training loss ": 0.5535804740401932, "Training accuracy ": 0.7951851851851852, "Validation loss ": 0.5970470297741515, "Validation accuracy ": 0.7765, "Testing loss ": 0.6241374793896123, "Testing accuracy ": 0.7709, "_timestamp": 1709288135.6199737, "_runtime": 137.38502764701843, "_step": 49, "confusion_matrix_table": {"_type": "table-file", "sha256": "bc85a92124321ad6a95e5f3d96d2434169f0b810a8f37afbdef0e6a60e2b4b98", "size": 3181, "artifact_path": "wandb-client-artifact://4izw64itqrha1qijh5yj8c7w5dg0jrewvdzwigqwjf25g09grv5smagm4yngq7r410tm1d9o98zx6o878bcn9h5aevlf97vduwxjure23yqfl51dfejdyw70g5eabcqg:latest/confusion_matrix_table.table.json", "_latest_artifact_path": "wandb-client-artifact://4izw64itqrha1qijh5yj8c7w5dg0jrewvdzwigqwjf25g09grv5smagm4yngq7r410tm1d9o98zx6o878bcn9h5aevlf97vduwxjure23yqfl51dfejdyw70g5eabcqg:latest/confusion_matrix_table.table.json", "path": "media/table/confusion_matrix_table_49_bc85a92124321ad6a95e.table.json", "ncols": 3, "nrows": 100}, "_wandb": {"runtime": 136}}