{"Epoch ": 9, "Training loss ": 0.36063600230682546, "Training accuracy ": 0.8719444444444444, "Validation loss ": 0.3831828112069027, "Validation accuracy ": 0.8645, "Testing loss ": 0.41269671385086365, "Testing accuracy ": 0.8508, "_timestamp": 1709130061.9123309, "_runtime": 63.58671689033508, "_step": 19, "confusion_matrix_table": {"_type": "table-file", "sha256": "d381e93d71c9ee454043c6d724c05eaef1ef4cc210bc7e5a9963d38708b803dd", "size": 3175, "artifact_path": "wandb-client-artifact://rlql6902ztj85wy56rseqapv4a1pyl8hw84bty91tknq042zmum8qfequycugodfj1sih66fgcp07p18ng2h3qw9nis9cmr89x8lbqhc2jnwdx3kwkgksxuxz2t11z2z:latest/confusion_matrix_table.table.json", "_latest_artifact_path": "wandb-client-artifact://rlql6902ztj85wy56rseqapv4a1pyl8hw84bty91tknq042zmum8qfequycugodfj1sih66fgcp07p18ng2h3qw9nis9cmr89x8lbqhc2jnwdx3kwkgksxuxz2t11z2z:latest/confusion_matrix_table.table.json", "path": "media/table/confusion_matrix_table_19_d381e93d71c9ee454043.table.json", "ncols": 3, "nrows": 100}, "_wandb": {"runtime": 62}}