{"Epoch ": 14, "Training loss ": 0.19002800016250482, "Training accuracy ": 0.8703148148148148, "Validation loss ": 0.19649411257775917, "Validation accuracy ": 0.866, "Testing loss ": 0.21089163962355278, "Testing accuracy ": 0.8534, "_timestamp": 1709151352.6198397, "_runtime": 24.06478476524353, "_step": 29, "confusion_matrix_table": {"_type": "table-file", "sha256": "4558b354d1a45f7efdc4199f8ba5035e8f083b5b92aef5bf0c2feab8537ce99f", "size": 3173, "artifact_path": "wandb-client-artifact://sfs7sw86c0ufqq07gwn93l9b649txrtweg8jm1i68h1js5qbcabwmvp3c08fwwx9hgadcnbx34waa6j2ddoe1gknxu4f3xs52ukdhd02vjp0leffcz7gfcl2csi5wfv1:latest/confusion_matrix_table.table.json", "_latest_artifact_path": "wandb-client-artifact://sfs7sw86c0ufqq07gwn93l9b649txrtweg8jm1i68h1js5qbcabwmvp3c08fwwx9hgadcnbx34waa6j2ddoe1gknxu4f3xs52ukdhd02vjp0leffcz7gfcl2csi5wfv1:latest/confusion_matrix_table.table.json", "path": "media/table/confusion_matrix_table_29_4558b354d1a45f7efdc4.table.json", "ncols": 3, "nrows": 100}, "_wandb": {"runtime": 23}}