{"Epoch ": 24, "Training loss ": 0.2078543515368871, "Training accuracy ": 0.9239259259259259, "Validation loss ": 0.3015089482767437, "Validation accuracy ": 0.892, "Testing loss ": 0.33202555406628936, "Testing accuracy ": 0.8827, "_timestamp": 1709301583.6167455, "_runtime": 606.7870554924011, "_step": 49, "confusion_matrix_table": {"_type": "table-file", "sha256": "649bbe6b032a32923f1fe0c867cff19eb7c7e589274ef20772951d92b2506930", "size": 3170, "artifact_path": "wandb-client-artifact://jsm7fig068tv2fwf3cu7yasw0r1hvcvr4dy7y1irdr3kcxricbcvg0nesxc7jhib2nto79cb14ylfgo4ugaycdjo327lbhku993u0igwu6mrjm5pmga49izeqiamksgb:latest/confusion_matrix_table.table.json", "_latest_artifact_path": "wandb-client-artifact://jsm7fig068tv2fwf3cu7yasw0r1hvcvr4dy7y1irdr3kcxricbcvg0nesxc7jhib2nto79cb14ylfgo4ugaycdjo327lbhku993u0igwu6mrjm5pmga49izeqiamksgb:latest/confusion_matrix_table.table.json", "path": "media/table/confusion_matrix_table_49_649bbe6b032a32923f1f.table.json", "ncols": 3, "nrows": 100}, "_wandb": {"runtime": 605}}