{"Epoch ": 24, "Training loss ": 0.31231731084871184, "Training accuracy ": 0.8068703703703703, "Validation loss ": 0.3101633095280443, "Validation accuracy ": 0.8111666666666667, "Testing loss ": 0.3220155283876295, "Testing accuracy ": 0.7933, "_timestamp": 1709185898.3786635, "_runtime": 50.12086248397827, "_step": 49, "confusion_matrix_table": {"_type": "table-file", "sha256": "cf4512aec5e5c81d762010928b89fd1e1e790bae8c44f286209a36fec4b82fd3", "size": 3179, "artifact_path": "wandb-client-artifact://ris2p922ladhaaujg4ru8n1wmoy1zgv5rdjk049h801l73ucap08jvc9hqe6pp0jps76ncn9v8y0tb22nu17mmfs14otlwa1smp81qoveubj313uxperw9n492c7xfh4:latest/confusion_matrix_table.table.json", "_latest_artifact_path": "wandb-client-artifact://ris2p922ladhaaujg4ru8n1wmoy1zgv5rdjk049h801l73ucap08jvc9hqe6pp0jps76ncn9v8y0tb22nu17mmfs14otlwa1smp81qoveubj313uxperw9n492c7xfh4:latest/confusion_matrix_table.table.json", "path": "media/table/confusion_matrix_table_49_cf4512aec5e5c81d7620.table.json", "ncols": 3, "nrows": 100}, "_wandb": {"runtime": 49}}