{"Epoch ": 29, "Training loss ": 0.2889883505098173, "Training accuracy ": 0.8907777777777778, "Validation loss ": 0.3749018776623359, "Validation accuracy ": 0.8721666666666666, "Testing loss ": 0.43018821941664337, "Testing accuracy ": 0.8546, "_timestamp": 1709405827.6632845, "_runtime": 411.1875624656677, "_step": 59, "confusion_matrix_table": {"_type": "table-file", "sha256": "f69e0b1702f0e4baa7baa3097a9d2b267534324e537b07700cb046490004b117", "size": 3170, "artifact_path": "wandb-client-artifact://2jophlimyq2ei0mgtrv00kquwqptuxs5a3w6k204000zuvmso06rq1vxemb9vx65d3st8kimqrxnzaaoery89pbabajjvb77er573bmui5yf41lwo3zxn5fbpo8z24sn:latest/confusion_matrix_table.table.json", "_latest_artifact_path": "wandb-client-artifact://2jophlimyq2ei0mgtrv00kquwqptuxs5a3w6k204000zuvmso06rq1vxemb9vx65d3st8kimqrxnzaaoery89pbabajjvb77er573bmui5yf41lwo3zxn5fbpo8z24sn:latest/confusion_matrix_table.table.json", "path": "media/table/confusion_matrix_table_59_f69e0b1702f0e4baa7ba.table.json", "ncols": 3, "nrows": 100}, "_wandb": {"runtime": 410}}