{"Epoch ": 14, "Training loss ": 0.1576971566341054, "Training accuracy ": 0.9112962962962963, "Validation loss ": 0.16140033560868713, "Validation accuracy ": 0.9125, "Testing loss ": 0.15566133194163612, "Testing accuracy ": 0.9105, "_timestamp": 1709533042.4125352, "_runtime": 45.14719915390015, "_step": 29, "confusion_matrix_table": {"_type": "table-file", "sha256": "93778773e345e923e30aac359bae3222c4a183830bf78e3a554c6d6d773e54ae", "size": 3179, "artifact_path": "wandb-client-artifact://usm2e99bojnc4jgqxpz47b0p63c2mizyt3kwqk6cm1q5laz188kq0spy3w6834owfvlsiiqs0hkz87tn4zq0ce1syd1nswhf9evkesva7j8zrm3x5qf758iqkb9q1gay:latest/confusion_matrix_table.table.json", "_latest_artifact_path": "wandb-client-artifact://usm2e99bojnc4jgqxpz47b0p63c2mizyt3kwqk6cm1q5laz188kq0spy3w6834owfvlsiiqs0hkz87tn4zq0ce1syd1nswhf9evkesva7j8zrm3x5qf758iqkb9q1gay:latest/confusion_matrix_table.table.json", "path": "media/table/confusion_matrix_table_29_93778773e345e923e30a.table.json", "ncols": 3, "nrows": 100}, "_wandb": {"runtime": 44}}