{"Epoch ": 19, "Training loss ": 0.3162612753829833, "Training accuracy ": 0.8861666666666667, "Validation loss ": 0.36295961324724135, "Validation accuracy ": 0.8656666666666667, "Testing loss ": 0.3816792121766141, "Testing accuracy ": 0.8638, "_timestamp": 1709449406.2759936, "_runtime": 33.09799265861511, "_step": 39, "confusion_matrix_table": {"_type": "table-file", "sha256": "1aaf9a5f0819d057416851b4cee399b292e25f6ddec7a03e1709e9fe74ae9abc", "size": 3175, "artifact_path": "wandb-client-artifact://k9o7o7e9l98j2w0rfh9msinjjghkx5tnqb1iis8t76axa4biu2ere159dx49ci8lsc7n1giqu7jg1jx0ucwi972jnghla3r5kmusjxuysau2fbtirvlxsml2xj479mnk:latest/confusion_matrix_table.table.json", "_latest_artifact_path": "wandb-client-artifact://k9o7o7e9l98j2w0rfh9msinjjghkx5tnqb1iis8t76axa4biu2ere159dx49ci8lsc7n1giqu7jg1jx0ucwi972jnghla3r5kmusjxuysau2fbtirvlxsml2xj479mnk:latest/confusion_matrix_table.table.json", "path": "media/table/confusion_matrix_table_39_1aaf9a5f0819d0574168.table.json", "ncols": 3, "nrows": 100}, "_wandb": {"runtime": 32}}