{"Epoch ": 19, "Training loss ": 0.47210038318061404, "Training accuracy ": 0.838462962962963, "Validation loss ": 0.4814014873298875, "Validation accuracy ": 0.831, "Testing loss ": 0.5029509190178203, "Testing accuracy ": 0.8264, "_timestamp": 1709481814.705964, "_runtime": 311.6356101036072, "_step": 39, "confusion_matrix_table": {"_type": "table-file", "sha256": "d47ba14d302d33405f6049c0cec5a3afcd4571543fb5fa88504842491883ecc5", "size": 3176, "artifact_path": "wandb-client-artifact://vzzlyv9dl92elddnq2ld7rxd76o3qscj81t56e0plorjy1u6xpn4knwbareqdm800udst0f17fmgqgwxd3d0x3b41l8xok6z4cui4fy7dq0rn2w9v7f804wk74gj2ne1:latest/confusion_matrix_table.table.json", "_latest_artifact_path": "wandb-client-artifact://vzzlyv9dl92elddnq2ld7rxd76o3qscj81t56e0plorjy1u6xpn4knwbareqdm800udst0f17fmgqgwxd3d0x3b41l8xok6z4cui4fy7dq0rn2w9v7f804wk74gj2ne1:latest/confusion_matrix_table.table.json", "path": "media/table/confusion_matrix_table_39_d47ba14d302d33405f60.table.json", "ncols": 3, "nrows": 100}, "_wandb": {"runtime": 310}}