{"Epoch ": 19, "Training loss ": 0.3303490611013843, "Training accuracy ": 0.7348333333333333, "Validation loss ": 0.3327673780435224, "Validation accuracy ": 0.7346666666666667, "Testing loss ": 0.34428478108757415, "Testing accuracy ": 0.7273, "_timestamp": 1709189612.586359, "_runtime": 109.53773403167725, "_step": 39, "confusion_matrix_table": {"_type": "table-file", "sha256": "ef63ba8b38de0869645b646c57c5691351c62cc4c6034eb322fa6a3d4fb42792", "size": 3174, "artifact_path": "wandb-client-artifact://bcrngkb4c61yruh7k3knmt48b52cjmj4kr6n3rd6npymjcpzzbv8hvlqel14js8e82op0t9v0r1rlz9yxe31pyuq73b7r3p6e6bdka80qbxm3l9qzq931mz3dtevitv8:latest/confusion_matrix_table.table.json", "_latest_artifact_path": "wandb-client-artifact://bcrngkb4c61yruh7k3knmt48b52cjmj4kr6n3rd6npymjcpzzbv8hvlqel14js8e82op0t9v0r1rlz9yxe31pyuq73b7r3p6e6bdka80qbxm3l9qzq931mz3dtevitv8:latest/confusion_matrix_table.table.json", "path": "media/table/confusion_matrix_table_39_ef63ba8b38de0869645b.table.json", "ncols": 3, "nrows": 100}, "_wandb": {"runtime": 108}}