{"Epoch ": 4, "Training loss ": 2.350225376265568, "Training accuracy ": 0.1, "Validation loss ": 2.350218028165093, "Validation accuracy ": 0.1, "Testing loss ": 2.350222612442754, "Testing accuracy ": 0.1, "_timestamp": 1709105674.6286898, "_runtime": 16.196897745132446, "_step": 9, "confusion_matrix_table": {"_type": "table-file", "sha256": "55eee3b7305609123e924c23d30348cad7f8b514d55bab85b59e8986656f1b6b", "size": 3152, "artifact_path": "wandb-client-artifact://y921ymqr2u9ftvbz99pb7asiprd2c94q510f9lesypq045t2ujazwam2p9882yfqc0a3czg89yx1ujkqw2pm64x9hryx86ujw4v2myyohhj4muksv9xm6afhjq7weiko:latest/confusion_matrix_table.table.json", "_latest_artifact_path": "wandb-client-artifact://y921ymqr2u9ftvbz99pb7asiprd2c94q510f9lesypq045t2ujazwam2p9882yfqc0a3czg89yx1ujkqw2pm64x9hryx86ujw4v2myyohhj4muksv9xm6afhjq7weiko:latest/confusion_matrix_table.table.json", "path": "media/table/confusion_matrix_table_9_55eee3b7305609123e92.table.json", "ncols": 3, "nrows": 100}, "_wandb": {"runtime": 15}}