{"Epoch ": 9, "Training loss ": 2.302371363226007, "Training accuracy ": 0.08337037037037037, "Validation loss ": 2.3023549906635634, "Validation accuracy ": 0.08216666666666667, "Testing loss ": 2.3023866702005145, "Testing accuracy ": 0.0814, "_timestamp": 1709106177.5761085, "_runtime": 23.628442525863647, "_step": 19, "confusion_matrix_table": {"_type": "table-file", "sha256": "db4ffa56deaf8c3cb5243db1ed9a2cc0e69df1d2beed2365d0551ee1e45f17ed", "size": 3169, "artifact_path": "wandb-client-artifact://lgq57khue10e9vrj74zabu22av7kkii8djuagkgi71seo1n50csvqz2nals7xj07wsipyeu5m6xn3l5tfbk745woq80vqdag99skyei6fhsqmknu6oq32b8jgbtle2ru:latest/confusion_matrix_table.table.json", "_latest_artifact_path": "wandb-client-artifact://lgq57khue10e9vrj74zabu22av7kkii8djuagkgi71seo1n50csvqz2nals7xj07wsipyeu5m6xn3l5tfbk745woq80vqdag99skyei6fhsqmknu6oq32b8jgbtle2ru:latest/confusion_matrix_table.table.json", "path": "media/table/confusion_matrix_table_19_db4ffa56deaf8c3cb524.table.json", "ncols": 3, "nrows": 100}, "_wandb": {"runtime": 22}}