{"Epoch ": 4, "Training loss ": 1.1238119557012978, "Training accuracy ": 0.6945740740740741, "Validation loss ": 1.0954360815510291, "Validation accuracy ": 0.7006666666666667, "Testing loss ": 1.1446388913611338, "Testing accuracy ": 0.6814, "_timestamp": 1709402632.1149824, "_runtime": 25.85048532485962, "_step": 9, "confusion_matrix_table": {"_type": "table-file", "sha256": "2fb60a9386c89f27931671f79f0ede0fc8ec40bcd86b02af024e546ff76f6fd8", "size": 3178, "artifact_path": "wandb-client-artifact://s6qb3bb0fo6aq21iuue66hcq6rgf02wb03n80azk2n5q5ylgy8x1klhg8gveuc9kruthq6xr4tor6jus23uadreta0dlk3uqi9h3p5vnl7vqtgbw4weh7p6zkx6cls33:latest/confusion_matrix_table.table.json", "_latest_artifact_path": "wandb-client-artifact://s6qb3bb0fo6aq21iuue66hcq6rgf02wb03n80azk2n5q5ylgy8x1klhg8gveuc9kruthq6xr4tor6jus23uadreta0dlk3uqi9h3p5vnl7vqtgbw4weh7p6zkx6cls33:latest/confusion_matrix_table.table.json", "path": "media/table/confusion_matrix_table_9_2fb60a9386c89f279316.table.json", "ncols": 3, "nrows": 100}, "_wandb": {"runtime": 25}}