{"Epoch ": 4, "Training loss ": 2.300896321794075, "Training accuracy ": 0.11374074074074074, "Validation loss ": 2.303770473300186, "Validation accuracy ": 0.1, "Testing loss ": 2.3010498571001605, "Testing accuracy ": 0.1135, "_timestamp": 1709493306.1032107, "_runtime": 26.21405577659607, "_step": 9, "confusion_matrix_table": {"_type": "table-file", "sha256": "d1569761db429b76055faeaf2e107bee2147105aec334a738d9337d7991aa86c", "size": 3147, "artifact_path": "wandb-client-artifact://50k18jqt2iauyr71jzy0cnmy4khgtcxm812kj54s6nlss1tl7ynoarexz5ngvu0dwmpu8tx6osb053wxuf8ffhe60ppcvixcth53dpcq050h3bh9apkxp44hxixcouje:latest/confusion_matrix_table.table.json", "_latest_artifact_path": "wandb-client-artifact://50k18jqt2iauyr71jzy0cnmy4khgtcxm812kj54s6nlss1tl7ynoarexz5ngvu0dwmpu8tx6osb053wxuf8ffhe60ppcvixcth53dpcq050h3bh9apkxp44hxixcouje:latest/confusion_matrix_table.table.json", "path": "media/table/confusion_matrix_table_9_d1569761db429b76055f.table.json", "ncols": 3, "nrows": 100}, "_wandb": {"runtime": 25}}