{"Epoch ": 14, "Training loss ": 2.2982655975200887, "Training accuracy ": 0.24592592592592594, "Validation loss ": 2.298189226300704, "Validation accuracy ": 0.25116666666666665, "Testing loss ": 2.2982795337324378, "Testing accuracy ": 0.247, "_timestamp": 1709115330.4298651, "_runtime": 56.31563210487366, "_step": 29, "confusion_matrix_table": {"_type": "table-file", "sha256": "4779e2a29f6ee0974ebb27279b31fa5af01c7237b140143db5790e37cbfd5ed2", "size": 3185, "artifact_path": "wandb-client-artifact://vm7jyqjoz640tazxwr9a9cp10k2cz443c5kvrjd5a0021upldxqfrqm2mqvmmjajj7dgbto1wi1spoq1hushfj3xqczlgs5eb6kmaghqkc5udvk7ijp10lycwobu4ta9:latest/confusion_matrix_table.table.json", "_latest_artifact_path": "wandb-client-artifact://vm7jyqjoz640tazxwr9a9cp10k2cz443c5kvrjd5a0021upldxqfrqm2mqvmmjajj7dgbto1wi1spoq1hushfj3xqczlgs5eb6kmaghqkc5udvk7ijp10lycwobu4ta9:latest/confusion_matrix_table.table.json", "path": "media/table/confusion_matrix_table_29_4779e2a29f6ee0974ebb.table.json", "ncols": 3, "nrows": 100}, "_wandb": {"runtime": 55}}