{"Epoch ": 9, "Training loss ": 2.30258938663378, "Training accuracy ": 0.1, "Validation loss ": 2.302589386400675, "Validation accuracy ": 0.1, "Testing loss ": 2.302589386570036, "Testing accuracy ": 0.1, "_timestamp": 1709098002.7347887, "_runtime": 69.49078273773193, "_step": 9, "_wandb": {"runtime": 68}}