{"Epoch ": 14, "Training loss ": 0.18727881047875003, "Training accuracy ": 0.9558888888888889, "Validation loss ": 0.27597793083756633, "Validation accuracy ": 0.9461666666666667, "Testing loss ": 0.2498547010633717, "Testing accuracy ": 0.9485, "_timestamp": 1709493356.3268068, "_runtime": 39.380117893218994, "_step": 29, "confusion_matrix_table": {"_type": "table-file", "sha256": "2397ba82a955dd3d7d827d2e5296f9b4dc76786e11d2795415af0aca1e29bb5f", "size": 3163, "artifact_path": "wandb-client-artifact://gyef18n7s8ar26x6ystclltg2e91rmctmha3vy8xgqbnqbeln70cqle52yeiojbdlk1zaqanojp0phwredssknwi5254p5xv3b786lw6iym017egig38nlisvtsorz8e:latest/confusion_matrix_table.table.json", "_latest_artifact_path": "wandb-client-artifact://gyef18n7s8ar26x6ystclltg2e91rmctmha3vy8xgqbnqbeln70cqle52yeiojbdlk1zaqanojp0phwredssknwi5254p5xv3b786lw6iym017egig38nlisvtsorz8e:latest/confusion_matrix_table.table.json", "path": "media/table/confusion_matrix_table_29_2397ba82a955dd3d7d82.table.json", "ncols": 3, "nrows": 100}, "_wandb": {"runtime": 38}}