{"Epoch ": 29, "Training loss ": 0.15556019284392467, "Training accuracy ": 0.9418518518518518, "Validation loss ": 0.3590456791354586, "Validation accuracy ": 0.885, "Testing loss ": 0.3782480008963264, "Testing accuracy ": 0.8835, "_timestamp": 1709405119.3718848, "_runtime": 148.13356184959412, "_step": 59, "confusion_matrix_table": {"_type": "table-file", "sha256": "b3840194c642596d184f6ed2d3560b131692271e2c97a71ae05b199592e6623c", "size": 3170, "artifact_path": "wandb-client-artifact://jk6vs8pmh44xkqt6m2et860q33rve6dpv4ki4j6vw5x0aw18ip1iok70m1jkghr5edr7uqj6mrxgaoz9gjc5jr5skpvycesetpgsbjll7nang4v4uku61cini34r8wmw:latest/confusion_matrix_table.table.json", "_latest_artifact_path": "wandb-client-artifact://jk6vs8pmh44xkqt6m2et860q33rve6dpv4ki4j6vw5x0aw18ip1iok70m1jkghr5edr7uqj6mrxgaoz9gjc5jr5skpvycesetpgsbjll7nang4v4uku61cini34r8wmw:latest/confusion_matrix_table.table.json", "path": "media/table/confusion_matrix_table_59_b3840194c642596d184f.table.json", "ncols": 3, "nrows": 100}, "_wandb": {"runtime": 147}}