{"Epoch ": 4, "Training loss ": 0.5536632097686215, "Training accuracy ": 0.6182592592592593, "Validation loss ": 0.5636399082932028, "Validation accuracy ": 0.6101666666666666, "Testing loss ": 0.5630780294226125, "Testing accuracy ": 0.6107, "_timestamp": 1709145572.555097, "_runtime": 13.414717197418213, "_step": 9, "confusion_matrix_table": {"_type": "table-file", "sha256": "597cc477171eaaa2d9e524e7694857036c1767f25c47327a2caaa9f36a551ef5", "size": 3177, "artifact_path": "wandb-client-artifact://g9swunqqq40vl42immsvnerxvyv8mblbgct5why5nx9tzb70d3yyw8lrjwuvescw00dqfgcy0yi5et7toza4rxs0xbxc07we2mww8ir3zjaw1nbpu8urvxc3uxtgqhlf:latest/confusion_matrix_table.table.json", "_latest_artifact_path": "wandb-client-artifact://g9swunqqq40vl42immsvnerxvyv8mblbgct5why5nx9tzb70d3yyw8lrjwuvescw00dqfgcy0yi5et7toza4rxs0xbxc07we2mww8ir3zjaw1nbpu8urvxc3uxtgqhlf:latest/confusion_matrix_table.table.json", "path": "media/table/confusion_matrix_table_9_597cc477171eaaa2d9e5.table.json", "ncols": 3, "nrows": 100}, "_wandb": {"runtime": 12}}