{"Epoch ": 4, "Training loss ": 2.205894026051165, "Training accuracy ": 0.2814259259259259, "Validation loss ": 2.206493388968545, "Validation accuracy ": 0.2801666666666667, "Testing loss ": 2.2058917989634717, "Testing accuracy ": 0.2777, "_timestamp": 1709096691.302351, "_runtime": 17.585412979125977, "_step": 4, "_wandb": {"runtime": 16}}