{"Epoch ": 29, "Training loss ": 0.23437595457042415, "Training accuracy ": 0.9126666666666666, "Validation loss ": 0.33418795232745396, "Validation accuracy ": 0.8845, "Testing loss ": 0.37180148304690536, "Testing accuracy ": 0.8712, "_timestamp": 1709293964.767588, "_runtime": 59.693869829177856, "_step": 59, "confusion_matrix_table": {"_type": "table-file", "sha256": "1f4109cd4e80b6262ba4f7f458b1e426520343937441875a6cff632c05d75384", "size": 3172, "artifact_path": "wandb-client-artifact://msjqmuppwexltvjngxsknh7dk40e5yuxchmtehnw6o69nw9alhaw51s0ds6coyc80aefvlf5v385dhg8e064rlp67c9vmbmlvi6ml54459j2xabkj561k1twgcws2whp:latest/confusion_matrix_table.table.json", "_latest_artifact_path": "wandb-client-artifact://msjqmuppwexltvjngxsknh7dk40e5yuxchmtehnw6o69nw9alhaw51s0ds6coyc80aefvlf5v385dhg8e064rlp67c9vmbmlvi6ml54459j2xabkj561k1twgcws2whp:latest/confusion_matrix_table.table.json", "path": "media/table/confusion_matrix_table_59_1f4109cd4e80b6262ba4.table.json", "ncols": 3, "nrows": 100}, "_wandb": {"runtime": 58}}