{"Epoch ": 19, "Training loss ": 0.34016121568087593, "Training accuracy ": 0.8778148148148148, "Validation loss ": 0.3552243478464613, "Validation accuracy ": 0.8726666666666667, "Testing loss ": 0.3873849342039849, "Testing accuracy ": 0.8592, "_timestamp": 1709448266.7767954, "_runtime": 252.72269248962402, "_step": 39, "confusion_matrix_table": {"_type": "table-file", "sha256": "fe572a9d103540ff8c8056af9e2b78c5a791b930ce72bdfc298c0fd50bb2ae07", "size": 3172, "artifact_path": "wandb-client-artifact://spl7so0a6vt76hfkkw269rr1wanx1h7dnywsav2sm49db7uy04kwgz3sjn5nyh04p5gfeaiy7jwzxstjn22ojdy4avcefdj96a9srp8tea025j64ab0o025o5c0onwzv:latest/confusion_matrix_table.table.json", "_latest_artifact_path": "wandb-client-artifact://spl7so0a6vt76hfkkw269rr1wanx1h7dnywsav2sm49db7uy04kwgz3sjn5nyh04p5gfeaiy7jwzxstjn22ojdy4avcefdj96a9srp8tea025j64ab0o025o5c0onwzv:latest/confusion_matrix_table.table.json", "path": "media/table/confusion_matrix_table_39_fe572a9d103540ff8c80.table.json", "ncols": 3, "nrows": 100}, "_wandb": {"runtime": 251}}