{"Epoch ": 4, "Training loss ": 0.3394825544273242, "Training accuracy ": 0.8739444444444444, "Validation loss ": 0.345292425409433, "Validation accuracy ": 0.8766666666666667, "Testing loss ": 0.3337344415027977, "Testing accuracy ": 0.8815, "_timestamp": 1709530344.1034248, "_runtime": 18.565380811691284, "_step": 9, "confusion_matrix_table": {"_type": "table-file", "sha256": "4f2358ccf9c4437df5e09e884e5893d8a2074ebdda62eff63ae8970f0cc508dc", "size": 3184, "artifact_path": "wandb-client-artifact://cvjs0d2fu77ggu5jw4t9m62190oefvs8gu01t2kr7p62bx02s3rcsm7xx0jynss2szrkpcxqvvqjb2z0cokw2hitd9xx6yejqsjin1dsac7xzyqdjelswlfu4nszdsne:latest/confusion_matrix_table.table.json", "_latest_artifact_path": "wandb-client-artifact://cvjs0d2fu77ggu5jw4t9m62190oefvs8gu01t2kr7p62bx02s3rcsm7xx0jynss2szrkpcxqvvqjb2z0cokw2hitd9xx6yejqsjin1dsac7xzyqdjelswlfu4nszdsne:latest/confusion_matrix_table.table.json", "path": "media/table/confusion_matrix_table_9_4f2358ccf9c4437df5e0.table.json", "ncols": 3, "nrows": 100}, "_wandb": {"runtime": 17}}