{"Epoch ": 29, "Training loss ": 0.5669369931221496, "Training accuracy ": 0.5708703703703704, "Validation loss ": 0.5753745531869033, "Validation accuracy ": 0.5636666666666666, "Testing loss ": 0.5804207176493935, "Testing accuracy ": 0.5621, "_timestamp": 1709567060.766609, "_runtime": 682.3856658935547, "_step": 59, "confusion_matrix_table": {"_type": "table-file", "sha256": "c935c4e1ac281ac800b09a86b9513f5b6799e71e48916edcced55f50814bb7e4", "size": 3187, "artifact_path": "wandb-client-artifact://1vqyxb0bym0uob9npjf92hxyvp1exscawxwhbhyerlja0tq00jklvj4cbycqjzw09roo0w58rtwvkxdlsyx09w6o2a5nb2leezm0elrw78cx85i51l63q0ycycvotyh8:latest/confusion_matrix_table.table.json", "_latest_artifact_path": "wandb-client-artifact://1vqyxb0bym0uob9npjf92hxyvp1exscawxwhbhyerlja0tq00jklvj4cbycqjzw09roo0w58rtwvkxdlsyx09w6o2a5nb2leezm0elrw78cx85i51l63q0ycycvotyh8:latest/confusion_matrix_table.table.json", "path": "media/table/confusion_matrix_table_59_c935c4e1ac281ac800b0.table.json", "ncols": 3, "nrows": 100}, "_wandb": {"runtime": 681}}