{"Epoch ": 9, "Training loss ": 0.07693152483558062, "Training accuracy ": 0.9781111111111112, "Validation loss ": 0.12025589851655817, "Validation accuracy ": 0.9663333333333334, "Testing loss ": 0.11138003431449292, "Testing accuracy ": 0.9655, "_timestamp": 1709495746.1890538, "_runtime": 48.06428670883179, "_step": 19, "confusion_matrix_table": {"_type": "table-file", "sha256": "b577d9364e1cbe89ee1793270c871f1ac26428db089d514a50b0f9ee0026f02f", "size": 3150, "artifact_path": "wandb-client-artifact://g9juqvgnvtb6lytzmrqdq98gh8dyzmd2yxa99eyv7nc66yv903nafd9dcfjoa3oeqhzm7qthrolin05e3qes8t80ok72gt8gnxsyw94aohvm7033b2jism27mh4y89oo:latest/confusion_matrix_table.table.json", "_latest_artifact_path": "wandb-client-artifact://g9juqvgnvtb6lytzmrqdq98gh8dyzmd2yxa99eyv7nc66yv903nafd9dcfjoa3oeqhzm7qthrolin05e3qes8t80ok72gt8gnxsyw94aohvm7033b2jism27mh4y89oo:latest/confusion_matrix_table.table.json", "path": "media/table/confusion_matrix_table_19_b577d9364e1cbe89ee17.table.json", "ncols": 3, "nrows": 100}, "_wandb": {"runtime": 47}}