{"Epoch ": 29, "Training loss ": 0.43554767570291264, "Training accuracy ": 0.8521111111111112, "Validation loss ": 0.4306540467109032, "Validation accuracy ": 0.8528333333333333, "Testing loss ": 0.4691135588075047, "Testing accuracy ": 0.8391, "_timestamp": 1709134109.7112317, "_runtime": 74.82229471206665, "_step": 59, "confusion_matrix_table": {"_type": "table-file", "sha256": "b895da75a22fa9a33568b63ec240b1f865dd6b12854aa745fdee23121191aaaa", "size": 3178, "artifact_path": "wandb-client-artifact://k0swz1lv801q0cwjwo9xp9ppfkwxlj3u57x16rkar3ygxm6wk126p6g9k7w75k5vh20irmv8hkjfzkim7fkfis481xe4ew8d0ebuw74vp8kwumdywfacvqqpejajrpho:latest/confusion_matrix_table.table.json", "_latest_artifact_path": "wandb-client-artifact://k0swz1lv801q0cwjwo9xp9ppfkwxlj3u57x16rkar3ygxm6wk126p6g9k7w75k5vh20irmv8hkjfzkim7fkfis481xe4ew8d0ebuw74vp8kwumdywfacvqqpejajrpho:latest/confusion_matrix_table.table.json", "path": "media/table/confusion_matrix_table_59_b895da75a22fa9a33568.table.json", "ncols": 3, "nrows": 100}, "_wandb": {"runtime": 72}}