{"Epoch ": 4, "Training loss ": 0.4896983764821205, "Training accuracy ": 0.6049814814814815, "Validation loss ": 0.49328506913318265, "Validation accuracy ": 0.601, "Testing loss ": 0.5019936950336896, "Testing accuracy ": 0.5939, "_timestamp": 1709399509.1163678, "_runtime": 20.01750874519348, "_step": 9, "confusion_matrix_table": {"_type": "table-file", "sha256": "0fdcc8ce39b1cfd3a19fc0612ed0e67e8cffc8715444d5cb3b5b748d221f02da", "size": 3190, "artifact_path": "wandb-client-artifact://dzxlenb01s2999p7jtph9z1lgy7ljy2ucg3wwbke1scrshzoziyrhinfc34u1o2fejkp0swys5rgs0pfu3k6g2fv3o45er7l747tkepi331c7ff9gzhom8uh31h7ym71:latest/confusion_matrix_table.table.json", "_latest_artifact_path": "wandb-client-artifact://dzxlenb01s2999p7jtph9z1lgy7ljy2ucg3wwbke1scrshzoziyrhinfc34u1o2fejkp0swys5rgs0pfu3k6g2fv3o45er7l747tkepi331c7ff9gzhom8uh31h7ym71:latest/confusion_matrix_table.table.json", "path": "media/table/confusion_matrix_table_9_0fdcc8ce39b1cfd3a19f.table.json", "ncols": 3, "nrows": 100}, "_wandb": {"runtime": 19}}