{"Epoch ": 4, "Training loss ": 0.968043493836535, "Training accuracy ": 0.2995555555555556, "Validation loss ": 0.967814078937302, "Validation accuracy ": 0.29783333333333334, "Testing loss ": 0.972646759114166, "Testing accuracy ": 0.297, "_timestamp": 1709401364.2629259, "_runtime": 31.69319796562195, "_step": 9, "confusion_matrix_table": {"_type": "table-file", "sha256": "cad21139737904e2cdf47d035146b54ae8f2ae1e893e89149ec01f9f9d5ba3c0", "size": 3172, "artifact_path": "wandb-client-artifact://8ae708dfa0ayidsh8mdclp7zeeh9xpf5yvn6v7v4pctc6v43etdpxgyx7rryfmg3zmsv1epq9yxtzegvbtltc9o9ng46n0bnb17nqc43f82n55dnb3q50pqj1kixed0m:latest/confusion_matrix_table.table.json", "_latest_artifact_path": "wandb-client-artifact://8ae708dfa0ayidsh8mdclp7zeeh9xpf5yvn6v7v4pctc6v43etdpxgyx7rryfmg3zmsv1epq9yxtzegvbtltc9o9ng46n0bnb17nqc43f82n55dnb3q50pqj1kixed0m:latest/confusion_matrix_table.table.json", "path": "media/table/confusion_matrix_table_9_cad21139737904e2cdf4.table.json", "ncols": 3, "nrows": 100}, "_wandb": {"runtime": 30}}