{"Epoch ": 14, "Training loss ": 0.9000008171806875, "Training accuracy ": 0.1, "Validation loss ": 0.9000008171806876, "Validation accuracy ": 0.1, "Testing loss ": 0.9000008171806876, "Testing accuracy ": 0.1, "_timestamp": 1709151432.4866817, "_runtime": 47.83046770095825, "_step": 29, "confusion_matrix_table": {"_type": "table-file", "sha256": "14aba07669112483f4c4ff17d067555ba1f0fe451130bd585ffc3d5776033d9c", "size": 3152, "artifact_path": "wandb-client-artifact://8b2kdetpie05tk9vti4gltprh8kdfnj0npdg4pyx2a29ipxkh17xhe30khlb2s41u06crmrgkbz90r0mtswrp01aiom3xb3c70ly6rirkrdl1a75lw7niwezyjkeov9a:latest/confusion_matrix_table.table.json", "_latest_artifact_path": "wandb-client-artifact://8b2kdetpie05tk9vti4gltprh8kdfnj0npdg4pyx2a29ipxkh17xhe30khlb2s41u06crmrgkbz90r0mtswrp01aiom3xb3c70ly6rirkrdl1a75lw7niwezyjkeov9a:latest/confusion_matrix_table.table.json", "path": "media/table/confusion_matrix_table_29_14aba07669112483f4c4.table.json", "ncols": 3, "nrows": 100}, "_wandb": {"runtime": 47}}