{"Epoch ": 19, "Training loss ": 0.2213945795731511, "Training accuracy ": 0.9191666666666667, "Validation loss ": 0.3055062779301788, "Validation accuracy ": 0.89, "Testing loss ": 0.337539407418575, "Testing accuracy ": 0.8823, "_timestamp": 1709456734.2835107, "_runtime": 37.53737163543701, "_step": 39, "confusion_matrix_table": {"_type": "table-file", "sha256": "991f1ac4fb148b8f333d7c8731222e1ccb6f5efd482881161c276a1211e320c8", "size": 3171, "artifact_path": "wandb-client-artifact://aqzg4t3wgiyki2jvq26nwm5qbju5xbb4lwt8727lmuzp9ii0848gbg93j8abjujw4hi2y8x44ya7qaqodw5ccf6szcq2yhsxbjpwep3l4s5devxtv4ln5gsgja0g2g99:latest/confusion_matrix_table.table.json", "_latest_artifact_path": "wandb-client-artifact://aqzg4t3wgiyki2jvq26nwm5qbju5xbb4lwt8727lmuzp9ii0848gbg93j8abjujw4hi2y8x44ya7qaqodw5ccf6szcq2yhsxbjpwep3l4s5devxtv4ln5gsgja0g2g99:latest/confusion_matrix_table.table.json", "path": "media/table/confusion_matrix_table_39_991f1ac4fb148b8f333d.table.json", "ncols": 3, "nrows": 100}, "_wandb": {"runtime": 36}}