{"Epoch ": 14, "Training loss ": 0.0574412921411278, "Training accuracy ": 0.9635370370370371, "Validation loss ": 0.08257044151847354, "Validation accuracy ": 0.946, "Testing loss ": 0.07537421764478941, "Testing accuracy ": 0.9494, "_timestamp": 1709532100.0869892, "_runtime": 84.65183520317078, "_step": 29, "confusion_matrix_table": {"_type": "table-file", "sha256": "9e00d473bb52ff29a409a97dc5a91e0b12b9d6f65a37714ed616f7de766f3572", "size": 3159, "artifact_path": "wandb-client-artifact://q7cg5grmmq8mh68yuvc1snep920muqqxwa0uqtupn6w53v4kia97rqxld90vppkfb0z7fjn2m3ye0zo65ktwvf0i2xmy49y3hvi8r0altgrxordd6xn19ytw00a2td0y:latest/confusion_matrix_table.table.json", "_latest_artifact_path": "wandb-client-artifact://q7cg5grmmq8mh68yuvc1snep920muqqxwa0uqtupn6w53v4kia97rqxld90vppkfb0z7fjn2m3ye0zo65ktwvf0i2xmy49y3hvi8r0altgrxordd6xn19ytw00a2td0y:latest/confusion_matrix_table.table.json", "path": "media/table/confusion_matrix_table_29_9e00d473bb52ff29a409.table.json", "ncols": 3, "nrows": 100}, "_wandb": {"runtime": 83}}