{"Epoch ": 4, "Training loss ": 0.38467699064403293, "Training accuracy ": 0.8624444444444445, "Validation loss ": 0.4045674258518943, "Validation accuracy ": 0.8496666666666667, "Testing loss ": 0.4313738296303674, "Testing accuracy ": 0.8438, "_timestamp": 1709401833.7544827, "_runtime": 23.979191780090332, "_step": 9, "confusion_matrix_table": {"_type": "table-file", "sha256": "8d79d2fc33de38607118970b5ce89f7a4e32ce066ef440c9639ef40f78075439", "size": 3176, "artifact_path": "wandb-client-artifact://umyfk2waxmi4922xxmwx3x9cboqor88cuy61l4zrlssv9nw1cpr21rqsk453zgodiyrcz3c3umepanai9o8nyi6hy3w5byzji4nym7l23c5iucjmn2wc8e8uxo0e6pfw:latest/confusion_matrix_table.table.json", "_latest_artifact_path": "wandb-client-artifact://umyfk2waxmi4922xxmwx3x9cboqor88cuy61l4zrlssv9nw1cpr21rqsk453zgodiyrcz3c3umepanai9o8nyi6hy3w5byzji4nym7l23c5iucjmn2wc8e8uxo0e6pfw:latest/confusion_matrix_table.table.json", "path": "media/table/confusion_matrix_table_9_8d79d2fc33de38607118.table.json", "ncols": 3, "nrows": 100}, "_wandb": {"runtime": 23}}