{"Epoch ": 29, "Training loss ": 0.14990875731138742, "Training accuracy ": 0.8972037037037037, "Validation loss ": 0.18030290969211174, "Validation accuracy ": 0.8741666666666666, "Testing loss ": 0.19612930614681767, "Testing accuracy ": 0.8648, "_timestamp": 1709572420.165101, "_runtime": 78.55099296569824, "_step": 59, "confusion_matrix_table": {"_type": "table-file", "sha256": "c09176cf82dcd86b0cc924a376c2c059f8aec540788cf29ae3ab867bbb069abc", "size": 3174, "artifact_path": "wandb-client-artifact://h4iuyp9lf4wh0vftep7ffoa8bbk8uadx9jpvlja9x4c2xwkb6lm9m4kgivv6xs9s8tomq0luqemoh8qp3m16nej7t2oell2s5u2qsyvkgrvfnpbt0z933te5b94v0c2s:latest/confusion_matrix_table.table.json", "_latest_artifact_path": "wandb-client-artifact://h4iuyp9lf4wh0vftep7ffoa8bbk8uadx9jpvlja9x4c2xwkb6lm9m4kgivv6xs9s8tomq0luqemoh8qp3m16nej7t2oell2s5u2qsyvkgrvfnpbt0z933te5b94v0c2s:latest/confusion_matrix_table.table.json", "path": "media/table/confusion_matrix_table_59_c09176cf82dcd86b0cc9.table.json", "ncols": 3, "nrows": 100}, "_wandb": {"runtime": 77}}