{"Epoch ": 19, "Training loss ": 0.4054933942459471, "Training accuracy ": 0.8696111111111111, "Validation loss ": 0.45222243667538903, "Validation accuracy ": 0.8655, "Testing loss ": 0.499693981001823, "Testing accuracy ": 0.8484, "_timestamp": 1709107120.1552858, "_runtime": 88.60760593414307, "_step": 39, "confusion_matrix_table": {"_type": "table-file", "sha256": "49041f52a50e2a12a47e0ff522f519c818fc3b0102016f31113030f874e44b2b", "size": 3171, "artifact_path": "wandb-client-artifact://ilx8t5gs7hfy6nga9yjjioooq49t3x1ffv57vs4euilfwixrzyotmt3ld7ym5i3zc3ft9njcouhdj253yq6ruja2ynvc8eos5a26hzpeh67z4l0zwfmfbbjz8nu2abqk:latest/confusion_matrix_table.table.json", "_latest_artifact_path": "wandb-client-artifact://ilx8t5gs7hfy6nga9yjjioooq49t3x1ffv57vs4euilfwixrzyotmt3ld7ym5i3zc3ft9njcouhdj253yq6ruja2ynvc8eos5a26hzpeh67z4l0zwfmfbbjz8nu2abqk:latest/confusion_matrix_table.table.json", "path": "media/table/confusion_matrix_table_39_49041f52a50e2a12a47e.table.json", "ncols": 3, "nrows": 100}, "_wandb": {"runtime": 87}}