{"Epoch ": 24, "Training loss ": 0.37016658433023103, "Training accuracy ": 0.8684259259259259, "Validation loss ": 0.3747457099315131, "Validation accuracy ": 0.8688333333333333, "Testing loss ": 0.41004856798478406, "Testing accuracy ": 0.8555, "_timestamp": 1709494349.689936, "_runtime": 185.28172993659973, "_step": 49, "confusion_matrix_table": {"_type": "table-file", "sha256": "a731483fc4ee110874ed33c3f67e0a428ccfffcb1a6c9d55745cd5875035870d", "size": 3174, "artifact_path": "wandb-client-artifact://8wwcg9fcosop3fmio4fsehu97gpl4wp77b10ocbrr99dyukp29ha49tooe2psqxb2jb05cx063olhcc1wis6eix0rok4ov1083y9g5iepvtcmhosccehhj8z3khufzi3:latest/confusion_matrix_table.table.json", "_latest_artifact_path": "wandb-client-artifact://8wwcg9fcosop3fmio4fsehu97gpl4wp77b10ocbrr99dyukp29ha49tooe2psqxb2jb05cx063olhcc1wis6eix0rok4ov1083y9g5iepvtcmhosccehhj8z3khufzi3:latest/confusion_matrix_table.table.json", "path": "media/table/confusion_matrix_table_49_a731483fc4ee110874ed.table.json", "ncols": 3, "nrows": 100}, "_wandb": {"runtime": 184}}