{"Epoch ": 24, "Training loss ": 0.17686209387418314, "Training accuracy ": 0.8784259259259259, "Validation loss ": 0.19027895456278948, "Validation accuracy ": 0.8695, "Testing loss ": 0.20176058532527516, "Testing accuracy ": 0.8599, "_timestamp": 1709309708.4610157, "_runtime": 138.59727478027344, "_step": 49, "confusion_matrix_table": {"_type": "table-file", "sha256": "5eca84ca6e093bed2346d56709b48c819940d7495887319eef1ec74c1facd4e3", "size": 3172, "artifact_path": "wandb-client-artifact://176rk602qxbxs04za42y7m3oad6sdw4z47q9tv7wkfhn27pzq7h1m22wlmntbwzm0ey1dujgpeuoig9cjxn5l876sj1nnw3ie3v2p5w172kqe1dgufl9jux6u86v003w:latest/confusion_matrix_table.table.json", "_latest_artifact_path": "wandb-client-artifact://176rk602qxbxs04za42y7m3oad6sdw4z47q9tv7wkfhn27pzq7h1m22wlmntbwzm0ey1dujgpeuoig9cjxn5l876sj1nnw3ie3v2p5w172kqe1dgufl9jux6u86v003w:latest/confusion_matrix_table.table.json", "path": "media/table/confusion_matrix_table_49_5eca84ca6e093bed2346.table.json", "ncols": 3, "nrows": 100}, "_wandb": {"runtime": 137}}