{"Epoch ": 29, "Training loss ": 0.19382081539848012, "Training accuracy ": 0.9298148148148148, "Validation loss ": 0.43768140235695857, "Validation accuracy ": 0.882, "Testing loss ": 0.45820014417356214, "Testing accuracy ": 0.8779, "_timestamp": 1709485875.3245332, "_runtime": 515.257009267807, "_step": 59, "confusion_matrix_table": {"_type": "table-file", "sha256": "c578588ee56ad80b248b19f29a5f50988f25d27bd0d3b86929adc8985ea48c72", "size": 3172, "artifact_path": "wandb-client-artifact://p8e8hmqmupwecuo1p2jkj5f1bcugi5mb32c0sbo6r11o79gq3d6ipi3n3yrar8o3uuuh90tlkoe8s97b6xt0ek00c7ex43om9bws6h7fpytz5m8x5ao74mfdwwelfvus:latest/confusion_matrix_table.table.json", "_latest_artifact_path": "wandb-client-artifact://p8e8hmqmupwecuo1p2jkj5f1bcugi5mb32c0sbo6r11o79gq3d6ipi3n3yrar8o3uuuh90tlkoe8s97b6xt0ek00c7ex43om9bws6h7fpytz5m8x5ao74mfdwwelfvus:latest/confusion_matrix_table.table.json", "path": "media/table/confusion_matrix_table_59_c578588ee56ad80b248b.table.json", "ncols": 3, "nrows": 100}, "_wandb": {"runtime": 514}}