{"Epoch ": 14, "Training loss ": 1.2083891485433282, "Training accuracy ": 0.6542407407407408, "Validation loss ": 1.2053310442223588, "Validation accuracy ": 0.6543333333333333, "Testing loss ": 1.2187660150555135, "Testing accuracy ": 0.6489, "_timestamp": 1709303387.8353827, "_runtime": 43.76047658920288, "_step": 29, "confusion_matrix_table": {"_type": "table-file", "sha256": "7cd663999c8fc6e8a33189a59b6a0460100b893769c84fd5d8af2e77c808e453", "size": 3183, "artifact_path": "wandb-client-artifact://ba7vsymfir12pq0ywxt065gek9mjkz5ovfroc34yafet2jw9k131r5ozzu5dbuuqzejx8qb2a29kg3lf3w8j0spgobpzc58qfcn74727p9pbrfhpxw9ze3hhdrrvz2lb:latest/confusion_matrix_table.table.json", "_latest_artifact_path": "wandb-client-artifact://ba7vsymfir12pq0ywxt065gek9mjkz5ovfroc34yafet2jw9k131r5ozzu5dbuuqzejx8qb2a29kg3lf3w8j0spgobpzc58qfcn74727p9pbrfhpxw9ze3hhdrrvz2lb:latest/confusion_matrix_table.table.json", "path": "media/table/confusion_matrix_table_29_7cd663999c8fc6e8a331.table.json", "ncols": 3, "nrows": 100}, "_wandb": {"runtime": 42}}