{"Epoch ": 4, "Training loss ": 1.5786345080730144, "Training accuracy ": 0.11203703703703703, "Validation loss ": 1.5748317694488247, "Validation accuracy ": 0.11333333333333333, "Testing loss ": 1.5776693114104707, "Testing accuracy ": 0.1121, "_timestamp": 1709401184.554154, "_runtime": 37.73134803771973, "_step": 9, "confusion_matrix_table": {"_type": "table-file", "sha256": "0007acc0e136610a4deb4a9aa0b030083b5a5d097065577ca76ed6f30b0e7240", "size": 3152, "artifact_path": "wandb-client-artifact://xn2enk0u2vehdnvbcgamr6ku8li94sl3j5p3sz8loaf5bl388sj8014o8qppdg2v4oh24l9i8zbv2z7wfz7s461zs5418in8bbwghm000bg1npeagtwq4ux2q5ppkc2j:latest/confusion_matrix_table.table.json", "_latest_artifact_path": "wandb-client-artifact://xn2enk0u2vehdnvbcgamr6ku8li94sl3j5p3sz8loaf5bl388sj8014o8qppdg2v4oh24l9i8zbv2z7wfz7s461zs5418in8bbwghm000bg1npeagtwq4ux2q5ppkc2j:latest/confusion_matrix_table.table.json", "path": "media/table/confusion_matrix_table_9_0007acc0e136610a4deb.table.json", "ncols": 3, "nrows": 100}, "_wandb": {"runtime": 36}}