{"Epoch ": 19, "Training loss ": 0.3067089203580065, "Training accuracy ": 0.8930185185185185, "Validation loss ": 0.3863963176301751, "Validation accuracy ": 0.8693333333333333, "Testing loss ": 0.4173282722381719, "Testing accuracy ": 0.8615, "_timestamp": 1709454490.1123161, "_runtime": 76.584233045578, "_step": 39, "confusion_matrix_table": {"_type": "table-file", "sha256": "530bd3543c43fc0b364c864774420a722e482e976d4f7baba54686e26243eaf0", "size": 3173, "artifact_path": "wandb-client-artifact://v7ekubt3x8pk3b29i4fik71m23b0niv06kgo6smzgb58sbje4841lhoacaorc3b3euiqb0b5jul7irgxsol5crg25kigi40lp5hquwqcmglx2f0plkxey4y5brov8inx:latest/confusion_matrix_table.table.json", "_latest_artifact_path": "wandb-client-artifact://v7ekubt3x8pk3b29i4fik71m23b0niv06kgo6smzgb58sbje4841lhoacaorc3b3euiqb0b5jul7irgxsol5crg25kigi40lp5hquwqcmglx2f0plkxey4y5brov8inx:latest/confusion_matrix_table.table.json", "path": "media/table/confusion_matrix_table_39_530bd3543c43fc0b364c.table.json", "ncols": 3, "nrows": 100}, "_wandb": {"runtime": 75}}