{"Epoch ": 14, "Training loss ": 2.3025781638512424, "Training accuracy ": 0.1, "Validation loss ": 2.3025781638512424, "Validation accuracy ": 0.1, "Testing loss ": 2.302578163851242, "Testing accuracy ": 0.1, "_timestamp": 1709474097.469198, "_runtime": 154.62327408790588, "_step": 29, "confusion_matrix_table": {"_type": "table-file", "sha256": "2f7474a661d21516977465101eafdd215990604da38f9e6f7cc0b40feda92165", "size": 3152, "artifact_path": "wandb-client-artifact://blnghegmdankqpz78xmlbr4d7jhk129c7qrsjw4jol9753urxbqrpg44lv9gvp6jyotk7n8dom2b0159avrbnzknywohh8b5htkidh3l45jrc403344nc5mi8kwv4csk:latest/confusion_matrix_table.table.json", "_latest_artifact_path": "wandb-client-artifact://blnghegmdankqpz78xmlbr4d7jhk129c7qrsjw4jol9753urxbqrpg44lv9gvp6jyotk7n8dom2b0159avrbnzknywohh8b5htkidh3l45jrc403344nc5mi8kwv4csk:latest/confusion_matrix_table.table.json", "path": "media/table/confusion_matrix_table_29_2f7474a661d215169774.table.json", "ncols": 3, "nrows": 100}, "_wandb": {"runtime": 153}}