{"Epoch ": 19, "Training loss ": 0.4075986289849818, "Training accuracy ": 0.8573888888888889, "Validation loss ": 0.4331724128797843, "Validation accuracy ": 0.843, "Testing loss ": 0.45378783840744275, "Testing accuracy ": 0.8406, "_timestamp": 1709454251.9681735, "_runtime": 128.39311742782593, "_step": 39, "confusion_matrix_table": {"_type": "table-file", "sha256": "08a8779a5f8391d5220d8ede1498e717b2b17eb675d42ccc73ac77b8f70783c9", "size": 3175, "artifact_path": "wandb-client-artifact://ywd3h6v5z14vel8dm95b972ruehc60yxkxnqfgq5269veowx1hjmgiogbrmtjba8llqhtlnrmvgsqxn2o2nhp1p7b12pgzavd541dml7koq7jdqxuh8752898w4eghyu:latest/confusion_matrix_table.table.json", "_latest_artifact_path": "wandb-client-artifact://ywd3h6v5z14vel8dm95b972ruehc60yxkxnqfgq5269veowx1hjmgiogbrmtjba8llqhtlnrmvgsqxn2o2nhp1p7b12pgzavd541dml7koq7jdqxuh8752898w4eghyu:latest/confusion_matrix_table.table.json", "path": "media/table/confusion_matrix_table_39_08a8779a5f8391d5220d.table.json", "ncols": 3, "nrows": 100}, "_wandb": {"runtime": 127}}