{"Epoch ": 29, "Training loss ": 0.9000001286081677, "Training accuracy ": 0.1, "Validation loss ": 0.9000001286081676, "Validation accuracy ": 0.1, "Testing loss ": 0.9000001286081675, "Testing accuracy ": 0.1, "_timestamp": 1709182187.2909608, "_runtime": 123.84394478797913, "_step": 59, "confusion_matrix_table": {"_type": "table-file", "sha256": "79d37d621cf296d37cde7d0d15286c56cfc42a5c1278ce330c7b2969b1f0e66f", "size": 3152, "artifact_path": "wandb-client-artifact://znzx2r5bj1ie29emuhee6837qg82jpd02ol0kv2znrya7tkw4oze121vqtfukdits9r3ylpgqr7hyxbw1i6tbwnsrk5plu8g4lprtxdtwk01224e250vod9syzor5gy8:latest/confusion_matrix_table.table.json", "_latest_artifact_path": "wandb-client-artifact://znzx2r5bj1ie29emuhee6837qg82jpd02ol0kv2znrya7tkw4oze121vqtfukdits9r3ylpgqr7hyxbw1i6tbwnsrk5plu8g4lprtxdtwk01224e250vod9syzor5gy8:latest/confusion_matrix_table.table.json", "path": "media/table/confusion_matrix_table_59_79d37d621cf296d37cde.table.json", "ncols": 3, "nrows": 100}, "_wandb": {"runtime": 123}}