{"Epoch ": 9, "Training loss ": 0.3888518941617225, "Training accuracy ": 0.6973333333333334, "Validation loss ": 0.3944276232575031, "Validation accuracy ": 0.6938333333333333, "Testing loss ": 0.40375448669200187, "Testing accuracy ": 0.6879, "_timestamp": 1709565296.5806234, "_runtime": 318.61073541641235, "_step": 19, "confusion_matrix_table": {"_type": "table-file", "sha256": "2255fd67373e34219457d5e1d0db62ee63a5a054ceefc9874750a18c1f3fe2b7", "size": 3168, "artifact_path": "wandb-client-artifact://2sp8ev54zsxj0fi23c0ctfu9wcppqvimjnpqmq67v83ondjeqhpi3091hl8dslm2dud3iqp0yc1ebwyxvyq7324vefl317jmg2yoxf8d4yfzwg8ovvisa2uy9vpdhtnu:latest/confusion_matrix_table.table.json", "_latest_artifact_path": "wandb-client-artifact://2sp8ev54zsxj0fi23c0ctfu9wcppqvimjnpqmq67v83ondjeqhpi3091hl8dslm2dud3iqp0yc1ebwyxvyq7324vefl317jmg2yoxf8d4yfzwg8ovvisa2uy9vpdhtnu:latest/confusion_matrix_table.table.json", "path": "media/table/confusion_matrix_table_19_2255fd67373e34219457.table.json", "ncols": 3, "nrows": 100}, "_wandb": {"runtime": 317}}