{"Epoch ": 29, "Training loss ": 0.07880327052929054, "Training accuracy ": 0.9504074074074074, "Validation loss ": 0.09444072036410495, "Validation accuracy ": 0.9401666666666667, "Testing loss ": 0.089554345677069, "Testing accuracy ": 0.9415, "_timestamp": 1709531837.2456298, "_runtime": 59.06108570098877, "_step": 59, "confusion_matrix_table": {"_type": "table-file", "sha256": "ba461cfb92e1f9cfd0a8db5fe75102e22a6182a33823ff2c3b1584ee39484afd", "size": 3165, "artifact_path": "wandb-client-artifact://b3zy7oy771mmtv51rte2bfj41siloqlz5x67u02naj3lb5t66g2w3fr4mlhgk3aiu1thew9b77n661ds7bwjlpgb4kw8m0fugobmxmnvg8bo131dzjiaairofsm6zzq4:latest/confusion_matrix_table.table.json", "_latest_artifact_path": "wandb-client-artifact://b3zy7oy771mmtv51rte2bfj41siloqlz5x67u02naj3lb5t66g2w3fr4mlhgk3aiu1thew9b77n661ds7bwjlpgb4kw8m0fugobmxmnvg8bo131dzjiaairofsm6zzq4:latest/confusion_matrix_table.table.json", "path": "media/table/confusion_matrix_table_59_ba461cfb92e1f9cfd0a8.table.json", "ncols": 3, "nrows": 100}, "_wandb": {"runtime": 53}}