{"Epoch ": 4, "Training loss ": 0.43853154892359514, "Training accuracy ": 0.8432222222222222, "Validation loss ": 0.46608875527342086, "Validation accuracy ": 0.831, "Testing loss ": 0.5044925229882004, "Testing accuracy ": 0.8264, "_timestamp": 1709401251.343853, "_runtime": 30.514590978622437, "_step": 9, "confusion_matrix_table": {"_type": "table-file", "sha256": "0fe552b74f185925a5445c8f2e9bd86528d9cab69511009386d23d42b5aae7eb", "size": 3176, "artifact_path": "wandb-client-artifact://jgk4ppf07yxsk14ieqyn3bvvulppiuj973podf0rp1lht5eq644092jftk91lni15ax2xhmk9x2nx44yeypa03dg19ewkh3xuz81i22lxi1pocjtxszeuvflahz9xmmc:latest/confusion_matrix_table.table.json", "_latest_artifact_path": "wandb-client-artifact://jgk4ppf07yxsk14ieqyn3bvvulppiuj973podf0rp1lht5eq644092jftk91lni15ax2xhmk9x2nx44yeypa03dg19ewkh3xuz81i22lxi1pocjtxszeuvflahz9xmmc:latest/confusion_matrix_table.table.json", "path": "media/table/confusion_matrix_table_9_0fe552b74f185925a544.table.json", "ncols": 3, "nrows": 100}, "_wandb": {"runtime": 29}}