{"Epoch ": 19, "Training loss ": 0.39210437392526987, "Training accuracy ": 0.8607777777777778, "Validation loss ": 0.40137412241153814, "Validation accuracy ": 0.8545, "Testing loss ": 0.42886604191248573, "Testing accuracy ": 0.8443, "_timestamp": 1709497021.136366, "_runtime": 196.59359693527222, "_step": 39, "confusion_matrix_table": {"_type": "table-file", "sha256": "da41baa57c2d15b8a7ebfcced54797e1acf709ca5995515bd13abd473b7293a4", "size": 3174, "artifact_path": "wandb-client-artifact://7lfrtgzfx0a4vdylkefh7uybwha69ea1yidfmjget8u8yw8wxk2biz1obbnji05eac62h9jgb1p3yybr7tqexw6o82fbq18pj76zhndu3bnvqps64yg6rui3r1vzsx0v:latest/confusion_matrix_table.table.json", "_latest_artifact_path": "wandb-client-artifact://7lfrtgzfx0a4vdylkefh7uybwha69ea1yidfmjget8u8yw8wxk2biz1obbnji05eac62h9jgb1p3yybr7tqexw6o82fbq18pj76zhndu3bnvqps64yg6rui3r1vzsx0v:latest/confusion_matrix_table.table.json", "path": "media/table/confusion_matrix_table_39_da41baa57c2d15b8a7eb.table.json", "ncols": 3, "nrows": 100}, "_wandb": {"runtime": 195}}