{"Epoch ": 9, "Training loss ": 0.29048259516650793, "Training accuracy ": 0.8931481481481481, "Validation loss ": 0.36827471494388564, "Validation accuracy ": 0.8698333333333333, "Testing loss ": 0.3867709447966886, "Testing accuracy ": 0.8665, "_timestamp": 1709479215.8425493, "_runtime": 72.14470434188843, "_step": 19, "confusion_matrix_table": {"_type": "table-file", "sha256": "d16df8ac92526d708ea66a2cb3185aaa7f982a0218c309dc79a2847122f669ce", "size": 3174, "artifact_path": "wandb-client-artifact://4vh7c7oc7iblphgm22wsieot9851yvfdakba9tczu8ocv7hg5stt50acm8raqp9foa5bstxytoclvoa0kvl9k6cm290x6dzuf7u7p1ofexuoes68wif6hs0jf1fgiis8:latest/confusion_matrix_table.table.json", "_latest_artifact_path": "wandb-client-artifact://4vh7c7oc7iblphgm22wsieot9851yvfdakba9tczu8ocv7hg5stt50acm8raqp9foa5bstxytoclvoa0kvl9k6cm290x6dzuf7u7p1ofexuoes68wif6hs0jf1fgiis8:latest/confusion_matrix_table.table.json", "path": "media/table/confusion_matrix_table_19_d16df8ac92526d708ea6.table.json", "ncols": 3, "nrows": 100}, "_wandb": {"runtime": 71}}