{"Epoch ": 24, "Training loss ": 0.18285644533870282, "Training accuracy ": 0.8697222222222222, "Validation loss ": 0.20312279368956684, "Validation accuracy ": 0.856, "Testing loss ": 0.22521675261218344, "Testing accuracy ": 0.8427, "_timestamp": 1709579820.7127283, "_runtime": 117.59055018424988, "_step": 49, "confusion_matrix_table": {"_type": "table-file", "sha256": "716e51cdb8a0ab399ff079acf2a235e589c052d8216267d0b5bc1ece6a6b9eb7", "size": 3171, "artifact_path": "wandb-client-artifact://u3ne0ykp739yq672vyisopr0u71ftnrkoht2fzb1lz1pj1g1er80td0yifdqf35fmdemuonx06cj1z9m67wdxvb7nvw9o5kxatw4106cjuoka1vnpa5vsrq7mw5qvatc:latest/confusion_matrix_table.table.json", "_latest_artifact_path": "wandb-client-artifact://u3ne0ykp739yq672vyisopr0u71ftnrkoht2fzb1lz1pj1g1er80td0yifdqf35fmdemuonx06cj1z9m67wdxvb7nvw9o5kxatw4106cjuoka1vnpa5vsrq7mw5qvatc:latest/confusion_matrix_table.table.json", "path": "media/table/confusion_matrix_table_49_716e51cdb8a0ab399ff0.table.json", "ncols": 3, "nrows": 100}, "_wandb": {"runtime": 116}}