{"Epoch ": 24, "Training loss ": 0.2975786243897859, "Training accuracy ": 0.894962962962963, "Validation loss ": 0.34281428358680177, "Validation accuracy ": 0.878, "Testing loss ": 0.3698166369257535, "Testing accuracy ": 0.868, "_timestamp": 1709293224.054331, "_runtime": 158.4576699733734, "_step": 49, "confusion_matrix_table": {"_type": "table-file", "sha256": "85af96408ee84e1e7d07e872d106c902727109f3cdccc8e75d95e651fa49cd28", "size": 3173, "artifact_path": "wandb-client-artifact://z85hq9nx7mextot05w1cu7pcqbi8auoe8c9ifui53q7q8iu3c2zdxvrdjqod9pbjo1m4wmwis12cuifvqrqqilw8rzexi538y7w3or2kolwbepzjqm38muc4sj1v9umw:latest/confusion_matrix_table.table.json", "_latest_artifact_path": "wandb-client-artifact://z85hq9nx7mextot05w1cu7pcqbi8auoe8c9ifui53q7q8iu3c2zdxvrdjqod9pbjo1m4wmwis12cuifvqrqqilw8rzexi538y7w3or2kolwbepzjqm38muc4sj1v9umw:latest/confusion_matrix_table.table.json", "path": "media/table/confusion_matrix_table_49_85af96408ee84e1e7d07.table.json", "ncols": 3, "nrows": 100}, "_wandb": {"runtime": 157}}