{"Epoch ": 4, "Training loss ": 0.40434422166040557, "Training accuracy ": 0.8588518518518519, "Validation loss ": 0.4299365838356722, "Validation accuracy ": 0.851, "Testing loss ": 0.4533592109295663, "Testing accuracy ": 0.8421, "_timestamp": 1709399719.7507243, "_runtime": 14.57413935661316, "_step": 9, "confusion_matrix_table": {"_type": "table-file", "sha256": "46ba1841dcf8ef8673c1d7b9f56bd87ec973d95471535ba13a8d45c4afec819c", "size": 3175, "artifact_path": "wandb-client-artifact://6px5dpa7jg54f1sdmarfvcp42skr5zy60i0e6ja3i2ocq1cbpixfc7ztr8rz8dc8cxkaxfiu7mhkydlguxy3vsmaaa6e7tobihmlfhmcs410nk29axw9u39m9htthwzx:latest/confusion_matrix_table.table.json", "_latest_artifact_path": "wandb-client-artifact://6px5dpa7jg54f1sdmarfvcp42skr5zy60i0e6ja3i2ocq1cbpixfc7ztr8rz8dc8cxkaxfiu7mhkydlguxy3vsmaaa6e7tobihmlfhmcs410nk29axw9u39m9htthwzx:latest/confusion_matrix_table.table.json", "path": "media/table/confusion_matrix_table_9_46ba1841dcf8ef8673c1.table.json", "ncols": 3, "nrows": 100}, "_wandb": {"runtime": 13}}