{"Epoch ": 24, "Training loss ": 2.300825061932192, "Training accuracy ": 0.11374074074074074, "Validation loss ": 2.3042181364443146, "Validation accuracy ": 0.1, "Testing loss ": 2.3009920843438687, "Testing accuracy ": 0.1135, "_timestamp": 1709501147.8880498, "_runtime": 41.804823875427246, "_step": 49, "confusion_matrix_table": {"_type": "table-file", "sha256": "d1569761db429b76055faeaf2e107bee2147105aec334a738d9337d7991aa86c", "size": 3147, "artifact_path": "wandb-client-artifact://wk19lhpndf9lglp6ka75yi7jw2uqmno603npedatl0gpgumi7d3iu2mb1u1uv9b5h07tenbnc1di862frdu16em9qjqwy9p450ltn7jkbxckfuwaa2le30i2trcx5tic:latest/confusion_matrix_table.table.json", "_latest_artifact_path": "wandb-client-artifact://wk19lhpndf9lglp6ka75yi7jw2uqmno603npedatl0gpgumi7d3iu2mb1u1uv9b5h07tenbnc1di862frdu16em9qjqwy9p450ltn7jkbxckfuwaa2le30i2trcx5tic:latest/confusion_matrix_table.table.json", "path": "media/table/confusion_matrix_table_49_d1569761db429b76055f.table.json", "ncols": 3, "nrows": 100}, "_wandb": {"runtime": 41}}