{"Epoch ": 29, "Training loss ": 0.23447962869675848, "Training accuracy ": 0.9146666666666666, "Validation loss ": 0.32131480885015107, "Validation accuracy ": 0.8808333333333334, "Testing loss ": 0.3423656597576249, "Testing accuracy ": 0.8773, "_timestamp": 1709299332.6599963, "_runtime": 47.51484417915344, "_step": 59, "confusion_matrix_table": {"_type": "table-file", "sha256": "cd038c2f005cc829947c333212f8430fb4081aab426542e8e7920beb9229026a", "size": 3171, "artifact_path": "wandb-client-artifact://ib64p42ulobe6gyoxjt20zu9dew2v1b41glbighw0ok33q5kh9b982jrq1kx28j8ncxzslrnp5hnz4k35xg920ga8fudwaewvusszwsceny4ltilrtp1hwviahj72njt:latest/confusion_matrix_table.table.json", "_latest_artifact_path": "wandb-client-artifact://ib64p42ulobe6gyoxjt20zu9dew2v1b41glbighw0ok33q5kh9b982jrq1kx28j8ncxzslrnp5hnz4k35xg920ga8fudwaewvusszwsceny4ltilrtp1hwviahj72njt:latest/confusion_matrix_table.table.json", "path": "media/table/confusion_matrix_table_59_cd038c2f005cc829947c.table.json", "ncols": 3, "nrows": 100}, "_wandb": {"runtime": 46}}