{"Epoch ": 29, "Training loss ": 0.3606574290014338, "Training accuracy ": 0.8782777777777778, "Validation loss ": 0.4382307680490759, "Validation accuracy ": 0.8603333333333333, "Testing loss ": 0.4678899826822846, "Testing accuracy ": 0.8507, "_timestamp": 1709483954.2685447, "_runtime": 1435.2245535850525, "_step": 59, "confusion_matrix_table": {"_type": "table-file", "sha256": "383813d7d9caca4a65b60be70758b8246f5f499c25f64858426b9cd6ca75cc1a", "size": 3175, "artifact_path": "wandb-client-artifact://olw7yjzii473g64yuemq1bc3zfzsnw9zp9doc6k0ed62d4bmmd0m8k9h2ficmp8do7vb2mqsxu6ojm5u1wuoxf53oda7wfectn5hnvawzfq592enoqb1d9zsmo6oi4ww:latest/confusion_matrix_table.table.json", "_latest_artifact_path": "wandb-client-artifact://olw7yjzii473g64yuemq1bc3zfzsnw9zp9doc6k0ed62d4bmmd0m8k9h2ficmp8do7vb2mqsxu6ojm5u1wuoxf53oda7wfectn5hnvawzfq592enoqb1d9zsmo6oi4ww:latest/confusion_matrix_table.table.json", "path": "media/table/confusion_matrix_table_59_383813d7d9caca4a65b6.table.json", "ncols": 3, "nrows": 100}, "_wandb": {"runtime": 1434}}