{"Epoch ": 4, "Training loss ": 0.40443004704842966, "Training accuracy ": 0.8577962962962963, "Validation loss ": 0.44044021345187667, "Validation accuracy ": 0.8483333333333334, "Testing loss ": 0.45499854172106907, "Testing accuracy ": 0.8428, "_timestamp": 1709401515.931569, "_runtime": 23.06916308403015, "_step": 9, "confusion_matrix_table": {"_type": "table-file", "sha256": "b62ebb3315dd29f89f0d70862c4251ff9b19ab6cb85483a54b5f00c3f838cf3e", "size": 3174, "artifact_path": "wandb-client-artifact://r22669m6f35pmvn874yqcpt767rvk6cpt37n0rgc86rzimnjmkhjkxe9toca5bnylqvihd7bezgfbw8afxpel580rcsjlzam80i1dxxv6yyeuxrd8qc4ymzxvjqcc251:latest/confusion_matrix_table.table.json", "_latest_artifact_path": "wandb-client-artifact://r22669m6f35pmvn874yqcpt767rvk6cpt37n0rgc86rzimnjmkhjkxe9toca5bnylqvihd7bezgfbw8afxpel580rcsjlzam80i1dxxv6yyeuxrd8qc4ymzxvjqcc251:latest/confusion_matrix_table.table.json", "path": "media/table/confusion_matrix_table_9_b62ebb3315dd29f89f0d.table.json", "ncols": 3, "nrows": 100}, "_wandb": {"runtime": 22}}