{"Epoch ": 9, "Training loss ": 0.15987874080902303, "Training accuracy ": 0.8887962962962963, "Validation loss ": 0.17926927327816644, "Validation accuracy ": 0.8728333333333333, "Testing loss ": 0.19229446878953402, "Testing accuracy ": 0.8647, "_timestamp": 1709527515.4395413, "_runtime": 35.06303930282593, "_step": 19, "confusion_matrix_table": {"_type": "table-file", "sha256": "08f4c05d01c805a2d338ec2fe704843f58415f38c761025c24fc35261f60f29d", "size": 3173, "artifact_path": "wandb-client-artifact://ouvfccceifejpio5aqkcfifprrp913bbu9tkvaubfugptuy8o6v6hzw37213tb3lwkobosc6ofsd5dpp4c34yjz2osb0r9x0dyot9dn8lm52328ff8lvgp6uuig09fgg:latest/confusion_matrix_table.table.json", "_latest_artifact_path": "wandb-client-artifact://ouvfccceifejpio5aqkcfifprrp913bbu9tkvaubfugptuy8o6v6hzw37213tb3lwkobosc6ofsd5dpp4c34yjz2osb0r9x0dyot9dn8lm52328ff8lvgp6uuig09fgg:latest/confusion_matrix_table.table.json", "path": "media/table/confusion_matrix_table_19_08f4c05d01c805a2d338.table.json", "ncols": 3, "nrows": 100}, "_wandb": {"runtime": 34}}