{"Epoch ": 4, "Training loss ": 0.42271452753788535, "Training accuracy ": 0.8527592592592592, "Validation loss ": 0.4316640883435341, "Validation accuracy ": 0.852, "Testing loss ": 0.46332922075317445, "Testing accuracy ": 0.8347, "_timestamp": 1709102717.5220525, "_runtime": 56.92086052894592, "_step": 4, "_wandb": {"runtime": 56}}