{"Epoch ": 24, "Training loss ": 0.00017832775975239456, "Training accuracy ": 1.0, "Validation loss ": 0.08749109365808282, "Validation accuracy ": 0.981, "Testing loss ": 0.07999545190205294, "Testing accuracy ": 0.9827, "_timestamp": 1709734079.618609, "_runtime": 89.72302293777466, "_step": 49, "confusion_matrix_table": {"_type": "table-file", "sha256": "a7d2ae2c8986920e62d477dd860d9dc5195677455ad79fc167c5cc43c161a17e", "size": 3147, "artifact_path": "wandb-client-artifact://c10hiu6fmcysv1p14bk8z1a64syg16ihj81p1e6e8fa12fgamh46y8772uh1gli4i0sqexdhgfzprqyvg4ul00vpilw9rs7dtckvprshk4gnlne5xwuvb36ew7o2lhts:latest/confusion_matrix_table.table.json", "_latest_artifact_path": "wandb-client-artifact://c10hiu6fmcysv1p14bk8z1a64syg16ihj81p1e6e8fa12fgamh46y8772uh1gli4i0sqexdhgfzprqyvg4ul00vpilw9rs7dtckvprshk4gnlne5xwuvb36ew7o2lhts:latest/confusion_matrix_table.table.json", "path": "media/table/confusion_matrix_table_49_a7d2ae2c8986920e62d4.table.json", "ncols": 3, "nrows": 100}, "_wandb": {"runtime": 88}}