{"Epoch ": 29, "Training loss ": 0.3249745224540133, "Training accuracy ": 0.8848333333333334, "Validation loss ": 0.359188825396387, "Validation accuracy ": 0.8726666666666667, "Testing loss ": 0.3835829574502981, "Testing accuracy ": 0.8622, "_timestamp": 1709453909.7980826, "_runtime": 50.73990869522095, "_step": 59, "confusion_matrix_table": {"_type": "table-file", "sha256": "83697704c13f4f0ab8588acc3478573904bd97581f0dca536d289eda1d24af39", "size": 3174, "artifact_path": "wandb-client-artifact://ih0g49th28lm3mrya5tfewaa2y4zhqh31pfxlm7b1q77s7qg3zcuhavn9p1q79r5vjj4gaowqf9i2b3tlrct7quy68y6owot8lihkqw5bmrgi1bh8sbzcg7j3bh3eo9d:latest/confusion_matrix_table.table.json", "_latest_artifact_path": "wandb-client-artifact://ih0g49th28lm3mrya5tfewaa2y4zhqh31pfxlm7b1q77s7qg3zcuhavn9p1q79r5vjj4gaowqf9i2b3tlrct7quy68y6owot8lihkqw5bmrgi1bh8sbzcg7j3bh3eo9d:latest/confusion_matrix_table.table.json", "path": "media/table/confusion_matrix_table_59_83697704c13f4f0ab858.table.json", "ncols": 3, "nrows": 100}, "_wandb": {"runtime": 50}}