{"Epoch ": 19, "Training loss ": 0.3948215696167376, "Training accuracy ": 0.7180185185185185, "Validation loss ": 0.4021720541187078, "Validation accuracy ": 0.7121666666666666, "Testing loss ": 0.4088595735168, "Testing accuracy ": 0.7087, "_timestamp": 1709311051.7695782, "_runtime": 67.77665328979492, "_step": 39, "confusion_matrix_table": {"_type": "table-file", "sha256": "8b92fd03bad933b69965d1880c28fbd5c7cf5f54c8ea85dfc6cad8280e84c6f4", "size": 3180, "artifact_path": "wandb-client-artifact://jw58jgvp24deuzbiynpm6vk80j4uzv41mw0d1cyru6m5ybxiem4gffl80exjapzr1qc5huk5jf2utlml80qdayedu08bp9jkvnkx9xpio4tie60zadbgv4alyzxnic3d:latest/confusion_matrix_table.table.json", "_latest_artifact_path": "wandb-client-artifact://jw58jgvp24deuzbiynpm6vk80j4uzv41mw0d1cyru6m5ybxiem4gffl80exjapzr1qc5huk5jf2utlml80qdayedu08bp9jkvnkx9xpio4tie60zadbgv4alyzxnic3d:latest/confusion_matrix_table.table.json", "path": "media/table/confusion_matrix_table_39_8b92fd03bad933b69965.table.json", "ncols": 3, "nrows": 100}, "_wandb": {"runtime": 67}}