{"Epoch ": 29, "Training loss ": 0.29454149772540605, "Training accuracy ": 0.8947407407407407, "Validation loss ": 0.39641041530487736, "Validation accuracy ": 0.8665, "Testing loss ": 0.41888936420051004, "Testing accuracy ": 0.8528, "_timestamp": 1709129263.5333216, "_runtime": 117.82349061965942, "_step": 59, "confusion_matrix_table": {"_type": "table-file", "sha256": "0de8752aca0e821d5fd779502b12202527d56bae79fd7bcc1ad26ae0b7d34a29", "size": 3173, "artifact_path": "wandb-client-artifact://fgpglmflmen75qsct0oao7202deg3axz18m6xk8yhf80vyhe8j8q216wblzd23fi2aj87k2u95f1k153l2k1vzf6y1fbuuni1x9t6m9dr0cm4yu1rwsmoxyhxvxqnhxi:latest/confusion_matrix_table.table.json", "_latest_artifact_path": "wandb-client-artifact://fgpglmflmen75qsct0oao7202deg3axz18m6xk8yhf80vyhe8j8q216wblzd23fi2aj87k2u95f1k153l2k1vzf6y1fbuuni1x9t6m9dr0cm4yu1rwsmoxyhxvxqnhxi:latest/confusion_matrix_table.table.json", "path": "media/table/confusion_matrix_table_59_0de8752aca0e821d5fd7.table.json", "ncols": 3, "nrows": 100}, "_wandb": {"runtime": 116}}