{"Epoch ": 14, "Training loss ": 0.377274296117697, "Training accuracy ": 0.9080925925925926, "Validation loss ": 0.3672564172335826, "Validation accuracy ": 0.9096666666666666, "Testing loss ": 0.3686234206422122, "Testing accuracy ": 0.9108, "_timestamp": 1709495677.5762463, "_runtime": 102.89439415931702, "_step": 29, "confusion_matrix_table": {"_type": "table-file", "sha256": "dc8854e0acd394102a1a34edfc26084678eeb285490a53eab1918c9d7236e023", "size": 3178, "artifact_path": "wandb-client-artifact://4z5s4kik7kfq4yuxq2wjmv0cwkvkgy5q68rj2vzc2igafil33gkcojgrioxfue5z7jspfr1vxr6tki86sp68bwcjitw7wcgb77r5olahbkyyarb72c636tjfhgunf4ie:latest/confusion_matrix_table.table.json", "_latest_artifact_path": "wandb-client-artifact://4z5s4kik7kfq4yuxq2wjmv0cwkvkgy5q68rj2vzc2igafil33gkcojgrioxfue5z7jspfr1vxr6tki86sp68bwcjitw7wcgb77r5olahbkyyarb72c636tjfhgunf4ie:latest/confusion_matrix_table.table.json", "path": "media/table/confusion_matrix_table_29_dc8854e0acd394102a1a.table.json", "ncols": 3, "nrows": 100}, "_wandb": {"runtime": 102}}