{"Epoch ": 14, "Training loss ": 0.27714860751609693, "Training accuracy ": 0.930537037037037, "Validation loss ": 0.2914531278641649, "Validation accuracy ": 0.9251666666666667, "Testing loss ": 0.27359934654443435, "Testing accuracy ": 0.9278, "_timestamp": 1709500886.4016356, "_runtime": 43.9793176651001, "_step": 29, "confusion_matrix_table": {"_type": "table-file", "sha256": "e438fb585868c87597e190ed2753139e8234aa5a538923c58c79e79ba276aedf", "size": 3172, "artifact_path": "wandb-client-artifact://ej9xheq9hqqmwopjwwarlhzm2eeec6hccj1rj4vj543ky5bukoorf7mnedlchieq1zt7zxxq7289px4nsw6zkvy1kg2aaj75trdww4d5lwd6oj7xjecszay306a7ekvj:latest/confusion_matrix_table.table.json", "_latest_artifact_path": "wandb-client-artifact://ej9xheq9hqqmwopjwwarlhzm2eeec6hccj1rj4vj543ky5bukoorf7mnedlchieq1zt7zxxq7289px4nsw6zkvy1kg2aaj75trdww4d5lwd6oj7xjecszay306a7ekvj:latest/confusion_matrix_table.table.json", "path": "media/table/confusion_matrix_table_29_e438fb585868c87597e1.table.json", "ncols": 3, "nrows": 100}, "_wandb": {"runtime": 43}}