{"Epoch ": 14, "Training loss ": 0.78177351651729, "Training accuracy ": 0.5394444444444444, "Validation loss ": 0.7829148420927912, "Validation accuracy ": 0.5356666666666666, "Testing loss ": 0.7836126232371199, "Testing accuracy ": 0.5295, "_timestamp": 1709306789.2393012, "_runtime": 24.3041512966156, "_step": 29, "confusion_matrix_table": {"_type": "table-file", "sha256": "784ecc48db17076fee7f81285ecada605509a657c2f21f28233e3787f0845320", "size": 3199, "artifact_path": "wandb-client-artifact://05oxj5vipmrzd0xd2cv65rvbiet7wbo3weac8pme1o4pqw8qljbzkulnab2gker90byjaewnd6qaeqgtsy20e00dznwbbgcm27lcxjde9qiinzwlj7fpucfsz74l0fsp:latest/confusion_matrix_table.table.json", "_latest_artifact_path": "wandb-client-artifact://05oxj5vipmrzd0xd2cv65rvbiet7wbo3weac8pme1o4pqw8qljbzkulnab2gker90byjaewnd6qaeqgtsy20e00dznwbbgcm27lcxjde9qiinzwlj7fpucfsz74l0fsp:latest/confusion_matrix_table.table.json", "path": "media/table/confusion_matrix_table_29_784ecc48db17076fee7f.table.json", "ncols": 3, "nrows": 100}, "_wandb": {"runtime": 23}}