{"Epoch ": 14, "Training loss ": 0.37196203631173774, "Training accuracy ": 0.8673333333333333, "Validation loss ": 0.3951082458692117, "Validation accuracy ": 0.8588333333333333, "Testing loss ": 0.41910277263662693, "Testing accuracy ": 0.8489, "_timestamp": 1709476105.4391735, "_runtime": 209.02601742744446, "_step": 29, "confusion_matrix_table": {"_type": "table-file", "sha256": "bc137f361c0e9eea10dacde92b014e92ac7899ea066188ba15deaba7bfe72e9d", "size": 3175, "artifact_path": "wandb-client-artifact://1vrr31gmzv7vqcs9pqw5vxilypdineyqbnx5xts697lg9qvsufdtr5r2warlwsc8ojz7w2xam6d6wm9w393pusyilm2k2uquu6dk11zv9cb14i9f2n7yudjm2ptkmvdx:latest/confusion_matrix_table.table.json", "_latest_artifact_path": "wandb-client-artifact://1vrr31gmzv7vqcs9pqw5vxilypdineyqbnx5xts697lg9qvsufdtr5r2warlwsc8ojz7w2xam6d6wm9w393pusyilm2k2uquu6dk11zv9cb14i9f2n7yudjm2ptkmvdx:latest/confusion_matrix_table.table.json", "path": "media/table/confusion_matrix_table_29_bc137f361c0e9eea10da.table.json", "ncols": 3, "nrows": 100}, "_wandb": {"runtime": 208}}