{"Epoch ": 14, "Training loss ": 0.04166851837078607, "Training accuracy ": 0.9895185185185185, "Validation loss ": 0.0941262224905026, "Validation accuracy ": 0.9713333333333334, "Testing loss ": 0.08184404198760796, "Testing accuracy ": 0.9757, "_timestamp": 1709502805.5775747, "_runtime": 237.80372262001038, "_step": 29, "confusion_matrix_table": {"_type": "table-file", "sha256": "7b02201074685d6452bc0144e68b8a2a86497a205c4cb24d429b9cda4eb63ec2", "size": 3146, "artifact_path": "wandb-client-artifact://48mrcgx5cw0dltb1klun8gub3jnp94yl0en6qdl3ne8pfh0d94xtjeekaqry3pq615jd66llmztl5mun0thq9nkhawt7d3uqt9lhpfblyu6cwnrkqtkjl8ap6ff89uc5:latest/confusion_matrix_table.table.json", "_latest_artifact_path": "wandb-client-artifact://48mrcgx5cw0dltb1klun8gub3jnp94yl0en6qdl3ne8pfh0d94xtjeekaqry3pq615jd66llmztl5mun0thq9nkhawt7d3uqt9lhpfblyu6cwnrkqtkjl8ap6ff89uc5:latest/confusion_matrix_table.table.json", "path": "media/table/confusion_matrix_table_29_7b02201074685d6452bc.table.json", "ncols": 3, "nrows": 100}, "_wandb": {"runtime": 237}}