{"Epoch ": 24, "Training loss ": 0.12188597148518907, "Training accuracy ": 0.9165740740740741, "Validation loss ": 0.17867969586590454, "Validation accuracy ": 0.8806666666666667, "Testing loss ": 0.19442434439468892, "Testing accuracy ": 0.873, "_timestamp": 1709579690.1206582, "_runtime": 288.16267013549805, "_step": 49, "confusion_matrix_table": {"_type": "table-file", "sha256": "d8bfc705308c6eb40596b4ac313e5c5f78f56e5547312e30c3cd6087863df521", "size": 3173, "artifact_path": "wandb-client-artifact://9vdvidj4ag44kam73tr8rjp7n9vym7j2zet32b30sorrvvh87bji7rb68hth6gvu7b1ftly8hpidz4pojaix6kvxzbuscbqwofb6jwxaaol2eocoehdnhxyjo1ndsnmq:latest/confusion_matrix_table.table.json", "_latest_artifact_path": "wandb-client-artifact://9vdvidj4ag44kam73tr8rjp7n9vym7j2zet32b30sorrvvh87bji7rb68hth6gvu7b1ftly8hpidz4pojaix6kvxzbuscbqwofb6jwxaaol2eocoehdnhxyjo1ndsnmq:latest/confusion_matrix_table.table.json", "path": "media/table/confusion_matrix_table_49_d8bfc705308c6eb40596.table.json", "ncols": 3, "nrows": 100}, "_wandb": {"runtime": 287}}