{"Epoch ": 4, "Training loss ": 0.3911454264329899, "Training accuracy ": 0.8607407407407407, "Validation loss ": 0.38787756287348424, "Validation accuracy ": 0.8608333333333333, "Testing loss ": 0.4376720942606408, "Testing accuracy ": 0.8426, "_timestamp": 1709401446.3198564, "_runtime": 22.30715537071228, "_step": 9, "confusion_matrix_table": {"_type": "table-file", "sha256": "dd3c3b1023634479bf66c14f69da21b18bb41e690722e0bf42ed0bf695e9a6e8", "size": 3174, "artifact_path": "wandb-client-artifact://e5yatupci323oa9scrah520ki0gh433y9rregmjonv2qmfybkboqao00bs5w50lmpqgqpjduzoqpv9nj4fse4a3gee1xwyi18j08yr263i6f83wexczpt9avoqnr5r1v:latest/confusion_matrix_table.table.json", "_latest_artifact_path": "wandb-client-artifact://e5yatupci323oa9scrah520ki0gh433y9rregmjonv2qmfybkboqao00bs5w50lmpqgqpjduzoqpv9nj4fse4a3gee1xwyi18j08yr263i6f83wexczpt9avoqnr5r1v:latest/confusion_matrix_table.table.json", "path": "media/table/confusion_matrix_table_9_dd3c3b1023634479bf66.table.json", "ncols": 3, "nrows": 100}, "_wandb": {"runtime": 21}}