{"Epoch ": 9, "Training loss ": 0.9153544966767132, "Training accuracy ": 0.7020740740740741, "Validation loss ": 0.9199975858457204, "Validation accuracy ": 0.703, "Testing loss ": 0.9297172243773737, "Testing accuracy ": 0.6858, "_timestamp": 1709096382.0273767, "_runtime": 45.03800368309021, "_step": 9, "_wandb": {"runtime": 44}}