{"Epoch ": 29, "Training loss ": 1.0022521441271177, "Training accuracy ": 0.5941666666666666, "Validation loss ": 1.0037057471839765, "Validation accuracy ": 0.5895, "Testing loss ": 1.0207491160752997, "Testing accuracy ": 0.5856, "_timestamp": 1709410913.7508883, "_runtime": 187.8305742740631, "_step": 59, "confusion_matrix_table": {"_type": "table-file", "sha256": "7ad959a4cfd72ec9fc68a540fd2609680f2fa6375870916b289383f6bab5bf45", "size": 3186, "artifact_path": "wandb-client-artifact://ywf31atse5qw3x6nr1ibrxdm0s0wf8kiojznmuhyqol85pmh7v6wqrhb79esqf2njl1e7vnrfc5j7h6bv27rkosgq6tk3mjsiw5h3uqwwj9wqy9407u9ycebtjngjvnc:latest/confusion_matrix_table.table.json", "_latest_artifact_path": "wandb-client-artifact://ywf31atse5qw3x6nr1ibrxdm0s0wf8kiojznmuhyqol85pmh7v6wqrhb79esqf2njl1e7vnrfc5j7h6bv27rkosgq6tk3mjsiw5h3uqwwj9wqy9407u9ycebtjngjvnc:latest/confusion_matrix_table.table.json", "path": "media/table/confusion_matrix_table_59_7ad959a4cfd72ec9fc68.table.json", "ncols": 3, "nrows": 100}, "_wandb": {"runtime": 187}}