{"Epoch ": 14, "Training loss ": 0.16909683092909966, "Training accuracy ": 0.8831111111111111, "Validation loss ": 0.19966757388404668, "Validation accuracy ": 0.8571666666666666, "Testing loss ": 0.19875565018598337, "Testing accuracy ": 0.8606, "_timestamp": 1709180223.9744387, "_runtime": 28.63496470451355, "_step": 29, "confusion_matrix_table": {"_type": "table-file", "sha256": "34984f6dfe437bd1570bed30d25596251c102cb6789864bd8254e92f0b07e82a", "size": 3171, "artifact_path": "wandb-client-artifact://ijarwwd82rr27ucn5hp7ygkt41phfewgyn9wp06bn2ou7ofsr62slymusfjfnul378znw0dbvs3idi2y3nhptz2zf330sr92dv9kihzrjpe1b5dgtb0grpxmh4flk1a5:latest/confusion_matrix_table.table.json", "_latest_artifact_path": "wandb-client-artifact://ijarwwd82rr27ucn5hp7ygkt41phfewgyn9wp06bn2ou7ofsr62slymusfjfnul378znw0dbvs3idi2y3nhptz2zf330sr92dv9kihzrjpe1b5dgtb0grpxmh4flk1a5:latest/confusion_matrix_table.table.json", "path": "media/table/confusion_matrix_table_29_34984f6dfe437bd1570b.table.json", "ncols": 3, "nrows": 100}, "_wandb": {"runtime": 27}}