{"Epoch ": 24, "Training loss ": 0.010983401159671845, "Training accuracy ": 0.9978333333333333, "Validation loss ": 0.08523382821933208, "Validation accuracy ": 0.9753333333333334, "Testing loss ": 0.07401913280168564, "Testing accuracy ": 0.9789, "_timestamp": 1709502753.2532141, "_runtime": 180.27985620498657, "_step": 49, "confusion_matrix_table": {"_type": "table-file", "sha256": "6da705bd38151374de3a49d00a2d768309a760bbdb0fabde88bc04f5fd8f649a", "size": 3145, "artifact_path": "wandb-client-artifact://bqw2h3v2h325t0n21rrreu61vsncxgpegdx0a5ecslkrgrt58gy1j51xzo2fyr2ai4ubnz205y0mdo34kje2w5cj68wkpriktwzftard3fh0wrwpfpifl1qvohfiek35:latest/confusion_matrix_table.table.json", "_latest_artifact_path": "wandb-client-artifact://bqw2h3v2h325t0n21rrreu61vsncxgpegdx0a5ecslkrgrt58gy1j51xzo2fyr2ai4ubnz205y0mdo34kje2w5cj68wkpriktwzftard3fh0wrwpfpifl1qvohfiek35:latest/confusion_matrix_table.table.json", "path": "media/table/confusion_matrix_table_49_6da705bd38151374de3a.table.json", "ncols": 3, "nrows": 100}, "_wandb": {"runtime": 179}}