{"Epoch ": 14, "Training loss ": 0.4157472225945173, "Training accuracy ": 0.6983333333333334, "Validation loss ": 0.41581893047479995, "Validation accuracy ": 0.6973333333333334, "Testing loss ": 0.4229627646603455, "Testing accuracy ": 0.6921, "_timestamp": 1709150557.83142, "_runtime": 42.49865698814392, "_step": 29, "confusion_matrix_table": {"_type": "table-file", "sha256": "053aa4a686dd037625db71ee3e3505e55db1f71e4687fe745607f741f927ece5", "size": 3179, "artifact_path": "wandb-client-artifact://ykk8ildmc88oy0dn0fznrkhvvu2vn8trqo3ax0rmyqqtnpiqh4dpxlfsypt4m2i0s3hn1p0bqjbdijb2y3ve0pm7i71stxczz38x014e38s695jf48cvsuu4fgr3mhu3:latest/confusion_matrix_table.table.json", "_latest_artifact_path": "wandb-client-artifact://ykk8ildmc88oy0dn0fznrkhvvu2vn8trqo3ax0rmyqqtnpiqh4dpxlfsypt4m2i0s3hn1p0bqjbdijb2y3ve0pm7i71stxczz38x014e38s695jf48cvsuu4fgr3mhu3:latest/confusion_matrix_table.table.json", "path": "media/table/confusion_matrix_table_29_053aa4a686dd037625db.table.json", "ncols": 3, "nrows": 100}, "_wandb": {"runtime": 41}}