{"Epoch ": 24, "Training loss ": 0.1216007105743399, "Training accuracy ": 0.9165, "Validation loss ": 0.17440589158299277, "Validation accuracy ": 0.8815, "Testing loss ": 0.17917915807049845, "Testing accuracy ": 0.8774, "_timestamp": 1709581852.8933113, "_runtime": 117.63515329360962, "_step": 49, "confusion_matrix_table": {"_type": "table-file", "sha256": "d36e948224d2109aa3057930f00db0dc4461ce9a70ada5475ee0c2822dcf0cb5", "size": 3171, "artifact_path": "wandb-client-artifact://uwgzaqjz64apim6nus34fhdusmng2edncasl17m6j00dn8kjldexr1fv32vyhfy4qm0twgko46spqgzm91z8x3pbw8egyrjiz5rpk3y6hz2tphxz7eaowhyia54ka6rq:latest/confusion_matrix_table.table.json", "_latest_artifact_path": "wandb-client-artifact://uwgzaqjz64apim6nus34fhdusmng2edncasl17m6j00dn8kjldexr1fv32vyhfy4qm0twgko46spqgzm91z8x3pbw8egyrjiz5rpk3y6hz2tphxz7eaowhyia54ka6rq:latest/confusion_matrix_table.table.json", "path": "media/table/confusion_matrix_table_49_d36e948224d2109aa305.table.json", "ncols": 3, "nrows": 100}, "_wandb": {"runtime": 116}}