{"Epoch ": 19, "Training loss ": 0.271199806260958, "Training accuracy ": 0.9022777777777777, "Validation loss ": 0.31996474890220816, "Validation accuracy ": 0.887, "Testing loss ": 0.35404923939581956, "Testing accuracy ": 0.8729, "_timestamp": 1709454411.059932, "_runtime": 53.03402400016785, "_step": 39, "confusion_matrix_table": {"_type": "table-file", "sha256": "897d7e1b879e74f789debc3c89ddd87ed42473714a592dd03503933e5ec0a5b6", "size": 3170, "artifact_path": "wandb-client-artifact://077ewac0yr16y6lbvas85bw5mdfsz21haxflf7id3iwltdzq5gupake77fwmloc95thvufqtq8g8yufqstt8v18f8z4esiqxj7v3ejoa4mfdf5uy35viydsjbkfaplfd:latest/confusion_matrix_table.table.json", "_latest_artifact_path": "wandb-client-artifact://077ewac0yr16y6lbvas85bw5mdfsz21haxflf7id3iwltdzq5gupake77fwmloc95thvufqtq8g8yufqstt8v18f8z4esiqxj7v3ejoa4mfdf5uy35viydsjbkfaplfd:latest/confusion_matrix_table.table.json", "path": "media/table/confusion_matrix_table_39_897d7e1b879e74f789de.table.json", "ncols": 3, "nrows": 100}, "_wandb": {"runtime": 52}}