{"Epoch ": 19, "Training loss ": 0.1287631173761577, "Training accuracy ": 0.9127037037037037, "Validation loss ": 0.15247186682317038, "Validation accuracy ": 0.8915, "Testing loss ": 0.16932838313502024, "Testing accuracy ": 0.8816, "_timestamp": 1709539758.3312287, "_runtime": 77.38595676422119, "_step": 39, "confusion_matrix_table": {"_type": "table-file", "sha256": "44cf4525f3d477276c87b8fe376360315da589710fafc7e546d2f3d0e0f73b7b", "size": 3171, "artifact_path": "wandb-client-artifact://nmeihq02qa28dwhb7r1ymwa7w8s2rtf02lno4dxz5knis1oe8z9l8ajqzdhdih0si44paooaj2skp37slt0p5cxe7g2emjle93ilrru901g4awbskz3tu9jhx358z0e7:latest/confusion_matrix_table.table.json", "_latest_artifact_path": "wandb-client-artifact://nmeihq02qa28dwhb7r1ymwa7w8s2rtf02lno4dxz5knis1oe8z9l8ajqzdhdih0si44paooaj2skp37slt0p5cxe7g2emjle93ilrru901g4awbskz3tu9jhx358z0e7:latest/confusion_matrix_table.table.json", "path": "media/table/confusion_matrix_table_39_44cf4525f3d477276c87.table.json", "ncols": 3, "nrows": 100}, "_wandb": {"runtime": 76}}