{"Epoch ": 14, "Training loss ": 0.22345575571100548, "Training accuracy ": 0.9180555555555555, "Validation loss ": 0.28934385347572544, "Validation accuracy ": 0.8945, "Testing loss ": 0.33564800068531897, "Testing accuracy ": 0.882, "_timestamp": 1709295253.441619, "_runtime": 182.95157980918884, "_step": 29, "confusion_matrix_table": {"_type": "table-file", "sha256": "360830452f514a6d0ffd04b5181453f192da82bd1656aaf3bde1a884ec2c21d1", "size": 3171, "artifact_path": "wandb-client-artifact://g1j2pweoehlb6ag1t3pylce2z4fzhd267812lv3u87d2qadvwl1qjee8z6owx4iatyzux8ckf0nkhd5zt6q5nfwqfl69aoreyr7glg01qpbkf2trv13hur4eahe1mk7s:latest/confusion_matrix_table.table.json", "_latest_artifact_path": "wandb-client-artifact://g1j2pweoehlb6ag1t3pylce2z4fzhd267812lv3u87d2qadvwl1qjee8z6owx4iatyzux8ckf0nkhd5zt6q5nfwqfl69aoreyr7glg01qpbkf2trv13hur4eahe1mk7s:latest/confusion_matrix_table.table.json", "path": "media/table/confusion_matrix_table_29_360830452f514a6d0ffd.table.json", "ncols": 3, "nrows": 100}, "_wandb": {"runtime": 182}}