{"Epoch ": 14, "Training loss ": 1.833146337666215, "Training accuracy ": 0.23757407407407408, "Validation loss ": 1.8371559570491602, "Validation accuracy ": 0.24116666666666667, "Testing loss ": 1.834993140646497, "Testing accuracy ": 0.2407, "_timestamp": 1709628024.3632424, "_runtime": 207.26133346557617, "_step": 29, "confusion_matrix_table": {"_type": "table-file", "sha256": "aa790c583f03c9fd923d97a2f6089b8234ecdf2413f6950cdda592c0b7bd5fe7", "size": 3185, "artifact_path": "wandb-client-artifact://tziu4mac79f1ei6cbe1f5n5rn2qa8a5699jaw0vadimjjvyf2p45wzpldottfc6kx61hfg9slnwi4efejdbt4kqhoyqzzdseeu1hsvl6uma2sefve8diuc6y1potecxs:latest/confusion_matrix_table.table.json", "_latest_artifact_path": "wandb-client-artifact://tziu4mac79f1ei6cbe1f5n5rn2qa8a5699jaw0vadimjjvyf2p45wzpldottfc6kx61hfg9slnwi4efejdbt4kqhoyqzzdseeu1hsvl6uma2sefve8diuc6y1potecxs:latest/confusion_matrix_table.table.json", "path": "media/table/confusion_matrix_table_29_aa790c583f03c9fd923d.table.json", "ncols": 3, "nrows": 100}, "_wandb": {"runtime": 206}}