{"Epoch ": 19, "Training loss ": 0.2492438626652335, "Training accuracy ": 0.9092962962962963, "Validation loss ": 0.3308567937914702, "Validation accuracy ": 0.8871666666666667, "Testing loss ": 0.36348702340620487, "Testing accuracy ": 0.8737, "_timestamp": 1709293885.7463899, "_runtime": 44.88123178482056, "_step": 39, "confusion_matrix_table": {"_type": "table-file", "sha256": "57f660fa21d2001e99df8c72b8c59c229432ffcfb6e7ab761eb59af8f5844007", "size": 3172, "artifact_path": "wandb-client-artifact://m4q57u22nhusirwoyhxgifwvyc3n8pnfvv2sadcsx5ozn1b08wrm9waiboo2bjuesli904xgf5f2g2pv8qrc1z5v0wjmp37beje31hsn46ip2lpwd0iw26i2g42w4ims:latest/confusion_matrix_table.table.json", "_latest_artifact_path": "wandb-client-artifact://m4q57u22nhusirwoyhxgifwvyc3n8pnfvv2sadcsx5ozn1b08wrm9waiboo2bjuesli904xgf5f2g2pv8qrc1z5v0wjmp37beje31hsn46ip2lpwd0iw26i2g42w4ims:latest/confusion_matrix_table.table.json", "path": "media/table/confusion_matrix_table_39_57f660fa21d2001e99df.table.json", "ncols": 3, "nrows": 100}, "_wandb": {"runtime": 44}}