{"Epoch ": 29, "Training loss ": 0.1039133190517139, "Training accuracy ": 0.9286481481481481, "Validation loss ": 0.16125949230918554, "Validation accuracy ": 0.8883333333333333, "Testing loss ": 0.17739439400805898, "Testing accuracy ": 0.8816, "_timestamp": 1709184892.51111, "_runtime": 274.7181980609894, "_step": 59, "confusion_matrix_table": {"_type": "table-file", "sha256": "30436a50bd6aa324d8adc614bc305e9dab203e48ebc24a52119311e803bdc174", "size": 3166, "artifact_path": "wandb-client-artifact://izbmxyzyl025z5564j6f8ez2j6nnx4pka6swk6ihmoskdxuoth0z3ribqw2cn5f37z2rjvojf80nekflsopb31aom0w85mdjv4i1t13x6keqyvfzmiyxpb0x2ev3kk5z:latest/confusion_matrix_table.table.json", "_latest_artifact_path": "wandb-client-artifact://izbmxyzyl025z5564j6f8ez2j6nnx4pka6swk6ihmoskdxuoth0z3ribqw2cn5f37z2rjvojf80nekflsopb31aom0w85mdjv4i1t13x6keqyvfzmiyxpb0x2ev3kk5z:latest/confusion_matrix_table.table.json", "path": "media/table/confusion_matrix_table_59_30436a50bd6aa324d8ad.table.json", "ncols": 3, "nrows": 100}, "_wandb": {"runtime": 273}}