{"Epoch ": 9, "Training loss ": 0.3933403513174725, "Training accuracy ": 0.8637777777777778, "Validation loss ": 0.4220323978943193, "Validation accuracy ": 0.8566666666666667, "Testing loss ": 0.46613806272184, "Testing accuracy ": 0.8395, "_timestamp": 1709482010.6158874, "_runtime": 165.57404446601868, "_step": 19, "confusion_matrix_table": {"_type": "table-file", "sha256": "088cbb202bbf27cc7fe1d42c6803f4ac5ca396b96cfe1304668c7a5578c03ba7", "size": 3173, "artifact_path": "wandb-client-artifact://0b31i3cnm5fdobrs740n66vq1itrzgn4pfl8ajiu6ajntr6q5j97rvhifskdn6fpcp6576ajmrqtfv2uh93rmqx7egz08bxtnikbhuq7tc1pgpdzc681z4w9b79d7use:latest/confusion_matrix_table.table.json", "_latest_artifact_path": "wandb-client-artifact://0b31i3cnm5fdobrs740n66vq1itrzgn4pfl8ajiu6ajntr6q5j97rvhifskdn6fpcp6576ajmrqtfv2uh93rmqx7egz08bxtnikbhuq7tc1pgpdzc681z4w9b79d7use:latest/confusion_matrix_table.table.json", "path": "media/table/confusion_matrix_table_19_088cbb202bbf27cc7fe1.table.json", "ncols": 3, "nrows": 100}, "_wandb": {"runtime": 164}}