{"Epoch ": 29, "Training loss ": 0.29417374861883516, "Training accuracy ": 0.7626851851851851, "Validation loss ": 0.30459712019319013, "Validation accuracy ": 0.755, "Testing loss ": 0.31381618145470985, "Testing accuracy ": 0.7471, "_timestamp": 1709147291.719909, "_runtime": 91.77216601371765, "_step": 59, "confusion_matrix_table": {"_type": "table-file", "sha256": "e7ffd260b1ce06d335bd126a6c5672ca2b4cd528156ec04b430bab79d071a17a", "size": 3183, "artifact_path": "wandb-client-artifact://uv9fdaifrcrgc0lyjimaqoobablzu1qr52j9smmihx7ll0awxixbla6nhilui7l3292e53b05uar1f6nzpxkddwyf6kgqzo9k6cqq34tznt1o54zatn37gzdxqglf13s:latest/confusion_matrix_table.table.json", "_latest_artifact_path": "wandb-client-artifact://uv9fdaifrcrgc0lyjimaqoobablzu1qr52j9smmihx7ll0awxixbla6nhilui7l3292e53b05uar1f6nzpxkddwyf6kgqzo9k6cqq34tznt1o54zatn37gzdxqglf13s:latest/confusion_matrix_table.table.json", "path": "media/table/confusion_matrix_table_59_e7ffd260b1ce06d335bd.table.json", "ncols": 3, "nrows": 100}, "_wandb": {"runtime": 90}}