{"Epoch ": 29, "Training loss ": 0.3099944011429316, "Training accuracy ": 0.8944814814814814, "Validation loss ": 0.43030704695670285, "Validation accuracy ": 0.8673333333333333, "Testing loss ": 0.46260729679787926, "Testing accuracy ": 0.8559, "_timestamp": 1709308467.0779393, "_runtime": 101.09909725189209, "_step": 59, "confusion_matrix_table": {"_type": "table-file", "sha256": "3b71ec9abe7ce0087a08814c6472468091b893bd8806b03d2f73a5d1ae0dc225", "size": 3175, "artifact_path": "wandb-client-artifact://617eprlrcvkkur6vk9kj4xfg7g6i3021rxavs8svbo3e879j74dkjynxkq1c04hj1syli5lay17y59am8qvfcz5x166pb9gi2cp28pawkm44sl2zvvpj7dqna5orxyd0:latest/confusion_matrix_table.table.json", "_latest_artifact_path": "wandb-client-artifact://617eprlrcvkkur6vk9kj4xfg7g6i3021rxavs8svbo3e879j74dkjynxkq1c04hj1syli5lay17y59am8qvfcz5x166pb9gi2cp28pawkm44sl2zvvpj7dqna5orxyd0:latest/confusion_matrix_table.table.json", "path": "media/table/confusion_matrix_table_59_3b71ec9abe7ce0087a08.table.json", "ncols": 3, "nrows": 100}, "_wandb": {"runtime": 100}}