{"Epoch ": 9, "Training loss ": 0.18817709683850165, "Training accuracy ": 0.8698333333333333, "Validation loss ": 0.19295385528351786, "Validation accuracy ": 0.8663333333333333, "Testing loss ": 0.20996877180649995, "Testing accuracy ": 0.8527, "_timestamp": 1709632931.286203, "_runtime": 34.43294382095337, "_step": 19, "confusion_matrix_table": {"_type": "table-file", "sha256": "25b0facc1e99de3ed81ec9257722f6582a30cd731127452a983fe230b7b6ab0f", "size": 3174, "artifact_path": "wandb-client-artifact://n3bfikhaaykzatp3fmg3k6tfe4r7c07nfjzaackimv2pesh6owlak6mvfco5mfm7r5li7kot3etvrfvdlm123intrdim80xrl4032ckrl4airjc8qbw0wo93afbd2tk7:latest/confusion_matrix_table.table.json", "_latest_artifact_path": "wandb-client-artifact://n3bfikhaaykzatp3fmg3k6tfe4r7c07nfjzaackimv2pesh6owlak6mvfco5mfm7r5li7kot3etvrfvdlm123intrdim80xrl4032ckrl4airjc8qbw0wo93afbd2tk7:latest/confusion_matrix_table.table.json", "path": "media/table/confusion_matrix_table_19_25b0facc1e99de3ed81e.table.json", "ncols": 3, "nrows": 100}, "_wandb": {"runtime": 33}}