{"Epoch ": 4, "Training loss ": 0.3996037407970133, "Training accuracy ": 0.859574074074074, "Validation loss ": 0.41536163152725636, "Validation accuracy ": 0.8516666666666667, "Testing loss ": 0.44473677119355154, "Testing accuracy ": 0.8421, "_timestamp": 1709401471.868249, "_runtime": 15.92098593711853, "_step": 9, "confusion_matrix_table": {"_type": "table-file", "sha256": "ce7a1cc6e56424b1ba25b14bed3e20e23b7e1a955415ea42007b53ad7e54b952", "size": 3177, "artifact_path": "wandb-client-artifact://cl7d69xh390c1s6swm1ineuilat6xamqgiasye20jkcr5q5paveo5vivhbtfmh7iixeeqo4n18vhx693ugsnoe6qdzk0cttig05cbwxfsu3fzjtjdii22mlzkthby3kg:latest/confusion_matrix_table.table.json", "_latest_artifact_path": "wandb-client-artifact://cl7d69xh390c1s6swm1ineuilat6xamqgiasye20jkcr5q5paveo5vivhbtfmh7iixeeqo4n18vhx693ugsnoe6qdzk0cttig05cbwxfsu3fzjtjdii22mlzkthby3kg:latest/confusion_matrix_table.table.json", "path": "media/table/confusion_matrix_table_9_ce7a1cc6e56424b1ba25.table.json", "ncols": 3, "nrows": 100}, "_wandb": {"runtime": 15}}