{"Epoch ": 4, "Training loss ": 1.5551393534614901, "Training accuracy ": 0.5104074074074074, "Validation loss ": 1.5505497518339346, "Validation accuracy ": 0.514, "Testing loss ": 1.5599151249703889, "Testing accuracy ": 0.5093, "_timestamp": 1709103984.9746478, "_runtime": 11.557955741882324, "_step": 4, "_wandb": {"runtime": 10}}