{"Epoch ": 29, "Training loss ": 0.1448842676358678, "Training accuracy ": 0.9005925925925926, "Validation loss ": 0.1672310540670279, "Validation accuracy ": 0.8851666666666667, "Testing loss ": 0.1820514757424957, "Testing accuracy ": 0.8747, "_timestamp": 1709146707.995359, "_runtime": 136.81519198417664, "_step": 59, "confusion_matrix_table": {"_type": "table-file", "sha256": "9413b86980dce91a1787fd37192900c91087e8a5b9dab18141fe19ec3f4779df", "size": 3171, "artifact_path": "wandb-client-artifact://k7e1a1rt2e0wz6yzt9qvb4ohcf827nmkb20z7tmydfkddvbrt6plcfnq0noetc87xh6we37p5vgpa84qy2fvhweb0sxvt5aqzdh21rwftys2no4nfdt6mbilt1d7bkn1:latest/confusion_matrix_table.table.json", "_latest_artifact_path": "wandb-client-artifact://k7e1a1rt2e0wz6yzt9qvb4ohcf827nmkb20z7tmydfkddvbrt6plcfnq0noetc87xh6we37p5vgpa84qy2fvhweb0sxvt5aqzdh21rwftys2no4nfdt6mbilt1d7bkn1:latest/confusion_matrix_table.table.json", "path": "media/table/confusion_matrix_table_59_9413b86980dce91a1787.table.json", "ncols": 3, "nrows": 100}, "_wandb": {"runtime": 135}}