{"Epoch ": 4, "Training loss ": 2.3025360799305514, "Training accuracy ": 0.11688888888888889, "Validation loss ": 2.3025362920057786, "Validation accuracy ": 0.11533333333333333, "Testing loss ": 2.3025363108944146, "Testing accuracy ": 0.1185, "_timestamp": 1709097921.7822835, "_runtime": 15.878389596939087, "_step": 4, "_wandb": {"runtime": 15}}