{"Epoch ": 29, "Training loss ": 0.29514225663106564, "Training accuracy ": 0.891962962962963, "Validation loss ": 0.3859486590214705, "Validation accuracy ": 0.8726666666666667, "Testing loss ": 0.4292348564525969, "Testing accuracy ": 0.8604, "_timestamp": 1709295428.8895876, "_runtime": 76.91367959976196, "_step": 59, "confusion_matrix_table": {"_type": "table-file", "sha256": "ba99d309040508c70a39634b9f1524f3de115e36d7bf2e24928583ee94a47901", "size": 3175, "artifact_path": "wandb-client-artifact://52oth39fw1jhz1xe17m6nu5w98d0domapuedds7fl3uh2qbjtdtf3v97ksjn8dw3wobtlqnfevfakm43abbo2e2rx8qef6c3k4qh0c59v6qd5p4xkmn6m1xtq4vjmp56:latest/confusion_matrix_table.table.json", "_latest_artifact_path": "wandb-client-artifact://52oth39fw1jhz1xe17m6nu5w98d0domapuedds7fl3uh2qbjtdtf3v97ksjn8dw3wobtlqnfevfakm43abbo2e2rx8qef6c3k4qh0c59v6qd5p4xkmn6m1xtq4vjmp56:latest/confusion_matrix_table.table.json", "path": "media/table/confusion_matrix_table_59_ba99d309040508c70a39.table.json", "ncols": 3, "nrows": 100}, "_wandb": {"runtime": 75}}