{"Epoch ": 29, "Training loss ": 0.21707113254855528, "Training accuracy ": 0.8570555555555556, "Validation loss ": 0.22178285692830213, "Validation accuracy ": 0.854, "Testing loss ": 0.23601692648549993, "Testing accuracy ": 0.8384, "_timestamp": 1709581007.640271, "_runtime": 103.0498640537262, "_step": 59, "confusion_matrix_table": {"_type": "table-file", "sha256": "d3c9425b99e9a5004c084bccfbab92f17085907f51a9b6c025231f56d806943f", "size": 3180, "artifact_path": "wandb-client-artifact://3dkhs95qnjmn0bxl2jnks5zdkw91gawmnda52084s6vvw1c6z2vmag0uhdjhmc8q506han2zvj1rpgcphd2r7751ms8wk73pmoi0kv05pcza20iz9hrx0mbgn3o007so:latest/confusion_matrix_table.table.json", "_latest_artifact_path": "wandb-client-artifact://3dkhs95qnjmn0bxl2jnks5zdkw91gawmnda52084s6vvw1c6z2vmag0uhdjhmc8q506han2zvj1rpgcphd2r7751ms8wk73pmoi0kv05pcza20iz9hrx0mbgn3o007so:latest/confusion_matrix_table.table.json", "path": "media/table/confusion_matrix_table_59_d3c9425b99e9a5004c08.table.json", "ncols": 3, "nrows": 100}, "_wandb": {"runtime": 102}}