{"Epoch ": 24, "Training loss ": 0.20398636033939857, "Training accuracy ": 0.8563333333333333, "Validation loss ": 0.22505426569172512, "Validation accuracy ": 0.8426666666666667, "Testing loss ": 0.2419711810167227, "Testing accuracy ": 0.8311, "_timestamp": 1709539418.0944066, "_runtime": 36.834590673446655, "_step": 49, "confusion_matrix_table": {"_type": "table-file", "sha256": "6385474df8054812c6a502af08324f3dbcd0d941feadcb057456a07634ee3460", "size": 3174, "artifact_path": "wandb-client-artifact://nvjrk0kzivuqq0t7tdu5jx0c7urzubp3bh4kx3fd2wyog6gh39d6q0xm786b3u15wms5i341cycunsgde0e5au148ms0sz6k6ent77387eol42ca7d0kq847oqw6iwas:latest/confusion_matrix_table.table.json", "_latest_artifact_path": "wandb-client-artifact://nvjrk0kzivuqq0t7tdu5jx0c7urzubp3bh4kx3fd2wyog6gh39d6q0xm786b3u15wms5i341cycunsgde0e5au148ms0sz6k6ent77387eol42ca7d0kq847oqw6iwas:latest/confusion_matrix_table.table.json", "path": "media/table/confusion_matrix_table_49_6385474df8054812c6a5.table.json", "ncols": 3, "nrows": 100}, "_wandb": {"runtime": 36}}