{"Epoch ": 4, "Training loss ": 0.28894388128121845, "Training accuracy ": 0.8250555555555555, "Validation loss ": 0.2906615707582029, "Validation accuracy ": 0.8226666666666667, "Testing loss ": 0.2996756371075377, "Testing accuracy ": 0.8125, "_timestamp": 1709629937.6963294, "_runtime": 18.13909935951233, "_step": 9, "confusion_matrix_table": {"_type": "table-file", "sha256": "ff2fffd71043de73bc27a6b4dba2d2c88f375e870273416df66240e2559e13d5", "size": 3178, "artifact_path": "wandb-client-artifact://245dpnabcwdcvasp4a2dpk17vv4xfbgxsllq9kqoq35nte1knihj1r76sg0mdlq6pa9heaug0ircrx3qyja1w0gu7auis2yq0iy3ftq6w4zs01dbghhkhd11dasg76wu:latest/confusion_matrix_table.table.json", "_latest_artifact_path": "wandb-client-artifact://245dpnabcwdcvasp4a2dpk17vv4xfbgxsllq9kqoq35nte1knihj1r76sg0mdlq6pa9heaug0ircrx3qyja1w0gu7auis2yq0iy3ftq6w4zs01dbghhkhd11dasg76wu:latest/confusion_matrix_table.table.json", "path": "media/table/confusion_matrix_table_9_ff2fffd71043de73bc27.table.json", "ncols": 3, "nrows": 100}, "_wandb": {"runtime": 17}}