{"Epoch ": 24, "Training loss ": 0.20869779449789955, "Training accuracy ": 0.9226296296296296, "Validation loss ": 0.316144493245588, "Validation accuracy ": 0.887, "Testing loss ": 0.357312311592342, "Testing accuracy ": 0.8771, "_timestamp": 1709140129.9912705, "_runtime": 84.331458568573, "_step": 49, "confusion_matrix_table": {"_type": "table-file", "sha256": "9747b09c27dd7244d773eb37d233985a5b1912f55be2ed9eba7e516b610afb3d", "size": 3170, "artifact_path": "wandb-client-artifact://j7pan6ikxnh5nvit56h3ay9ilo1cv8u4dwlsnaogk8mi3wj33u84km2dtmkucpb46mictw910vbn9npjpmvb25soswmcvlt1dw7b17bmoaqpj2yq5t1c1g8xssi6lkjh:latest/confusion_matrix_table.table.json", "_latest_artifact_path": "wandb-client-artifact://j7pan6ikxnh5nvit56h3ay9ilo1cv8u4dwlsnaogk8mi3wj33u84km2dtmkucpb46mictw910vbn9npjpmvb25soswmcvlt1dw7b17bmoaqpj2yq5t1c1g8xssi6lkjh:latest/confusion_matrix_table.table.json", "path": "media/table/confusion_matrix_table_49_9747b09c27dd7244d773.table.json", "ncols": 3, "nrows": 100}, "_wandb": {"runtime": 83}}