{"Epoch ": 4, "Training loss ": 0.375399336891129, "Training accuracy ": 0.8666666666666667, "Validation loss ": 0.4050458518902375, "Validation accuracy ": 0.8595, "Testing loss ": 0.4427073405734791, "Testing accuracy ": 0.8431, "_timestamp": 1709299747.3935103, "_runtime": 43.5311553478241, "_step": 9, "confusion_matrix_table": {"_type": "table-file", "sha256": "81a5916a44154b5368bad2d56465262e95fd54590b3a30bd75506cfd062fd1ce", "size": 3171, "artifact_path": "wandb-client-artifact://hv38ccff179mhtody6d70v5xyd40py7cvvpaw00ygaf7sjywus32p3tluo9091j89y3saftzdxhygthac8gv2qc54u8mui4mq4r9a1syz6a8fs0gegb8k7chq9vcnprg:latest/confusion_matrix_table.table.json", "_latest_artifact_path": "wandb-client-artifact://hv38ccff179mhtody6d70v5xyd40py7cvvpaw00ygaf7sjywus32p3tluo9091j89y3saftzdxhygthac8gv2qc54u8mui4mq4r9a1syz6a8fs0gegb8k7chq9vcnprg:latest/confusion_matrix_table.table.json", "path": "media/table/confusion_matrix_table_9_81a5916a44154b5368ba.table.json", "ncols": 3, "nrows": 100}, "_wandb": {"runtime": 42}}