{"Epoch ": 4, "Training loss ": 0.3088735467186769, "Training accuracy ": 0.7656296296296297, "Validation loss ": 0.30968807566586304, "Validation accuracy ": 0.7646666666666667, "Testing loss ": 0.3303784875345793, "Testing accuracy ": 0.7478, "_timestamp": 1709399807.868981, "_runtime": 18.91987681388855, "_step": 9, "confusion_matrix_table": {"_type": "table-file", "sha256": "268d41e254d5fb4e18632e25b0b6454f61db6ec540d0a22dba11e246e36e57ee", "size": 3184, "artifact_path": "wandb-client-artifact://td1n1jqd47yvmsfxyktafaw1jfwur14iry25zwnr2hzh57f1qf5aepxa1j90iko8t2vm9hmc8awj1qr2j3l229g403hg5ermja83jgp2ft0hbtyb8loieiy9f3qwwped:latest/confusion_matrix_table.table.json", "_latest_artifact_path": "wandb-client-artifact://td1n1jqd47yvmsfxyktafaw1jfwur14iry25zwnr2hzh57f1qf5aepxa1j90iko8t2vm9hmc8awj1qr2j3l229g403hg5ermja83jgp2ft0hbtyb8loieiy9f3qwwped:latest/confusion_matrix_table.table.json", "path": "media/table/confusion_matrix_table_9_268d41e254d5fb4e1863.table.json", "ncols": 3, "nrows": 100}, "_wandb": {"runtime": 18}}